<?xml version="1.0" encoding="utf-8"?>
<gpx creator="Garmin Explore App" version="1.1" xmlns:adv="http://www.garmin.com/xmlschemas/AdventuresExtensions/v1" xmlns:gpxtpx="http://www.garmin.com/xmlschemas/TrackPointExtension/v1" xmlns:gpxtrx="http://www.garmin.com/xmlschemas/GpxExtensions/v3" xmlns:gpxx="http://www.garmin.com/xmlschemas/GpxExtensions/v3" xmlns:trp="http://www.garmin.com/xmlschemas/TripExtensions/v1" xmlns:wptx1="http://www.garmin.com/xmlschemas/WaypointExtension/v1" xmlns:xsi="http://www.w3.org/2001/XMLSchema-instance" xmlns="http://www.topografix.com/GPX/1/1" xsi:schemaLocation="http://www.topografix.com/GPX/1/1 http://www.topografix.com/GPX/1/1/gpx.xsd http://www.garmin.com/xmlschemas/WaypointExtension/v1 http://www8.garmin.com/xmlschemas/WaypointExtensionv1.xsd http://www.garmin.com/xmlschemas/TrackPointExtension/v1 http://www.garmin.com/xmlschemas/TrackPointExtensionv1.xsd http://www.garmin.com/xmlschemas/GpxExtensions/v3 http://www8.garmin.com/xmlschemas/GpxExtensionsv3.xsd http://www.garmin.com/xmlschemas/ActivityExtension/v1 http://www8.garmin.com/xmlschemas/ActivityExtensionv1.xsd http://www.garmin.com/xmlschemas/AdventuresExtensions/v1 http://www8.garmin.com/xmlschemas/AdventuresExtensionv1.xsd http://www.garmin.com/xmlschemas/PressureExtension/v1 http://www.garmin.com/xmlschemas/PressureExtensionv1.xsd">
	<metadata>
		<name>2026-08-11 Giro delle malghe</name>
		<link href="http://www.garmin.com">
			<text>Garmin International</text>
		</link>
		<time>2026-08-12T15:38:17Z</time>
	</metadata>
	<trk>
		<name>2026-08-11 Giro delle malghe</name>
		<extensions>
			<gpxx:TrackExtension>
				<gpxx:DisplayColor>DarkRed</gpxx:DisplayColor>
			</gpxx:TrackExtension>
		</extensions>
		<trkseg>
			<trkpt lat="45.73544991016388" lon="10.881927847862244">
				<ele>1113.5999755859375</ele>
				<time>2026-08-11T08:23:30Z</time>
			</trkpt>
			<trkpt lat="45.73545002937317" lon="10.881928205490112">
				<ele>1113.5999755859375</ele>
				<time>2026-08-11T08:23:31Z</time>
			</trkpt>
			<trkpt lat="45.73545706272125" lon="10.881870031356812">
				<ele>1113.0</ele>
				<time>2026-08-11T08:23:52Z</time>
			</trkpt>
			<trkpt lat="45.73546016216278" lon="10.881833910942078">
				<ele>1112.800048828125</ele>
				<time>2026-08-11T08:23:54Z</time>
			</trkpt>
			<trkpt lat="45.73546373844147" lon="10.881803154945374">
				<ele>1112.5999755859375</ele>
				<time>2026-08-11T08:23:56Z</time>
			</trkpt>
			<trkpt lat="45.73546659946442" lon="10.881786108016968">
				<ele>1112.5999755859375</ele>
				<time>2026-08-11T08:23:57Z</time>
			</trkpt>
			<trkpt lat="45.735499143600464" lon="10.88156807422638">
				<ele>1113.5999755859375</ele>
				<time>2026-08-11T08:24:11Z</time>
			</trkpt>
			<trkpt lat="45.735495805740356" lon="10.881505608558655">
				<ele>1114.199951171875</ele>
				<time>2026-08-11T08:24:15Z</time>
			</trkpt>
			<trkpt lat="45.73549175262451" lon="10.881488680839539">
				<ele>1114.199951171875</ele>
				<time>2026-08-11T08:24:16Z</time>
			</trkpt>
			<trkpt lat="45.73547327518463" lon="10.88144314289093">
				<ele>1116.199951171875</ele>
				<time>2026-08-11T08:24:29Z</time>
			</trkpt>
			<trkpt lat="45.73547375202179" lon="10.881401300430298">
				<ele>1116.4000244140625</ele>
				<time>2026-08-11T08:24:33Z</time>
			</trkpt>
			<trkpt lat="45.73546576499939" lon="10.881369709968567">
				<ele>1116.5999755859375</ele>
				<time>2026-08-11T08:24:35Z</time>
			</trkpt>
			<trkpt lat="45.7354611158371" lon="10.881356716156006">
				<ele>1116.5999755859375</ele>
				<time>2026-08-11T08:24:36Z</time>
			</trkpt>
			<trkpt lat="45.735456228256226" lon="10.881344079971313">
				<ele>1116.5999755859375</ele>
				<time>2026-08-11T08:24:37Z</time>
			</trkpt>
			<trkpt lat="45.735451459884644" lon="10.881330370903015">
				<ele>1116.800048828125</ele>
				<time>2026-08-11T08:24:38Z</time>
			</trkpt>
			<trkpt lat="45.73544692993164" lon="10.881315469741821">
				<ele>1116.800048828125</ele>
				<time>2026-08-11T08:24:39Z</time>
			</trkpt>
			<trkpt lat="45.735443353652954" lon="10.881299257278442">
				<ele>1117.0</ele>
				<time>2026-08-11T08:24:40Z</time>
			</trkpt>
			<trkpt lat="45.73543953895569" lon="10.88128137588501">
				<ele>1117.0</ele>
				<time>2026-08-11T08:24:41Z</time>
			</trkpt>
			<trkpt lat="45.73536133766174" lon="10.881095886230469">
				<ele>1118.0</ele>
				<time>2026-08-11T08:24:54Z</time>
			</trkpt>
			<trkpt lat="45.73525857925415" lon="10.88088583946228">
				<ele>1119.199951171875</ele>
				<time>2026-08-11T08:25:09Z</time>
			</trkpt>
			<trkpt lat="45.7351735830307" lon="10.88070261478424">
				<ele>1120.0</ele>
				<time>2026-08-11T08:25:22Z</time>
			</trkpt>
			<trkpt lat="45.73505079746246" lon="10.880487561225891">
				<ele>1122.0</ele>
				<time>2026-08-11T08:25:38Z</time>
			</trkpt>
			<trkpt lat="45.73504328727722" lon="10.880476474761963">
				<ele>1122.199951171875</ele>
				<time>2026-08-11T08:25:39Z</time>
			</trkpt>
			<trkpt lat="45.735034584999084" lon="10.880465388298035">
				<ele>1122.199951171875</ele>
				<time>2026-08-11T08:25:40Z</time>
			</trkpt>
			<trkpt lat="45.73491704463959" lon="10.880297422409058">
				<ele>1123.5999755859375</ele>
				<time>2026-08-11T08:25:54Z</time>
			</trkpt>
			<trkpt lat="45.73481285572052" lon="10.880147099494934">
				<ele>1125.4000244140625</ele>
				<time>2026-08-11T08:26:08Z</time>
			</trkpt>
			<trkpt lat="45.73480677604675" lon="10.880133986473083">
				<ele>1125.5999755859375</ele>
				<time>2026-08-11T08:26:09Z</time>
			</trkpt>
			<trkpt lat="45.73479986190796" lon="10.880118131637573">
				<ele>1125.800048828125</ele>
				<time>2026-08-11T08:26:10Z</time>
			</trkpt>
			<trkpt lat="45.73471772670746" lon="10.879980087280273">
				<ele>1128.0</ele>
				<time>2026-08-11T08:26:22Z</time>
			</trkpt>
			<trkpt lat="45.734657764434814" lon="10.87989056110382">
				<ele>1129.199951171875</ele>
				<time>2026-08-11T08:26:30Z</time>
			</trkpt>
			<trkpt lat="45.73465085029602" lon="10.879879355430603">
				<ele>1129.4000244140625</ele>
				<time>2026-08-11T08:26:31Z</time>
			</trkpt>
			<trkpt lat="45.73464345932007" lon="10.879869103431702">
				<ele>1129.5999755859375</ele>
				<time>2026-08-11T08:26:32Z</time>
			</trkpt>
			<trkpt lat="45.73463547229767" lon="10.879858136177063">
				<ele>1129.5999755859375</ele>
				<time>2026-08-11T08:26:33Z</time>
			</trkpt>
			<trkpt lat="45.734573006629944" lon="10.879777073860168">
				<ele>1131.0</ele>
				<time>2026-08-11T08:26:41Z</time>
			</trkpt>
			<trkpt lat="45.73456585407257" lon="10.879764914512634">
				<ele>1131.199951171875</ele>
				<time>2026-08-11T08:26:42Z</time>
			</trkpt>
			<trkpt lat="45.73455774784088" lon="10.879755139350891">
				<ele>1131.4000244140625</ele>
				<time>2026-08-11T08:26:43Z</time>
			</trkpt>
			<trkpt lat="45.734548449516296" lon="10.879745841026306">
				<ele>1131.4000244140625</ele>
				<time>2026-08-11T08:26:44Z</time>
			</trkpt>
			<trkpt lat="45.734436988830566" lon="10.87965190410614">
				<ele>1133.199951171875</ele>
				<time>2026-08-11T08:26:56Z</time>
			</trkpt>
			<trkpt lat="45.734405636787415" lon="10.87963593006134">
				<ele>1133.5999755859375</ele>
				<time>2026-08-11T08:26:59Z</time>
			</trkpt>
			<trkpt lat="45.73423898220062" lon="10.879654288291931">
				<ele>1135.0</ele>
				<time>2026-08-11T08:27:14Z</time>
			</trkpt>
			<trkpt lat="45.734131813049316" lon="10.879746437072754">
				<ele>1135.5999755859375</ele>
				<time>2026-08-11T08:27:25Z</time>
			</trkpt>
			<trkpt lat="45.734121918678284" lon="10.879754066467285">
				<ele>1135.5999755859375</ele>
				<time>2026-08-11T08:27:26Z</time>
			</trkpt>
			<trkpt lat="45.73411202430725" lon="10.87976324558258">
				<ele>1135.5999755859375</ele>
				<time>2026-08-11T08:27:27Z</time>
			</trkpt>
			<trkpt lat="45.734073638916016" lon="10.879796624183655">
				<ele>1135.800048828125</ele>
				<time>2026-08-11T08:27:31Z</time>
			</trkpt>
			<trkpt lat="45.7340624332428" lon="10.879801869392395">
				<ele>1136.0</ele>
				<time>2026-08-11T08:27:32Z</time>
			</trkpt>
			<trkpt lat="45.73405206203461" lon="10.8798086643219">
				<ele>1136.0</ele>
				<time>2026-08-11T08:27:33Z</time>
			</trkpt>
			<trkpt lat="45.7340053319931" lon="10.879840731620789">
				<ele>1136.4000244140625</ele>
				<time>2026-08-11T08:27:38Z</time>
			</trkpt>
			<trkpt lat="45.733993887901306" lon="10.879845976829529">
				<ele>1136.4000244140625</ele>
				<time>2026-08-11T08:27:39Z</time>
			</trkpt>
			<trkpt lat="45.73394215106964" lon="10.879850029945374">
				<ele>1136.800048828125</ele>
				<time>2026-08-11T08:27:44Z</time>
			</trkpt>
			<trkpt lat="45.733893513679504" lon="10.879819631576538">
				<ele>1137.199951171875</ele>
				<time>2026-08-11T08:27:49Z</time>
			</trkpt>
			<trkpt lat="45.733885288238525" lon="10.879809021949768">
				<ele>1137.199951171875</ele>
				<time>2026-08-11T08:27:50Z</time>
			</trkpt>
			<trkpt lat="45.733853578567505" lon="10.879750728607178">
				<ele>1137.5999755859375</ele>
				<time>2026-08-11T08:27:55Z</time>
			</trkpt>
			<trkpt lat="45.73385143280029" lon="10.879734635353088">
				<ele>1137.800048828125</ele>
				<time>2026-08-11T08:27:56Z</time>
			</trkpt>
			<trkpt lat="45.733848333358765" lon="10.879719734191895">
				<ele>1138.0</ele>
				<time>2026-08-11T08:27:57Z</time>
			</trkpt>
			<trkpt lat="45.73379862308502" lon="10.879520177841187">
				<ele>1139.800048828125</ele>
				<time>2026-08-11T08:28:11Z</time>
			</trkpt>
			<trkpt lat="45.73378396034241" lon="10.879392504692078">
				<ele>1141.5999755859375</ele>
				<time>2026-08-11T08:28:25Z</time>
			</trkpt>
			<trkpt lat="45.73377549648285" lon="10.879362940788269">
				<ele>1142.4000244140625</ele>
				<time>2026-08-11T08:28:32Z</time>
			</trkpt>
			<trkpt lat="45.73377346992493" lon="10.879346132278442">
				<ele>1142.5999755859375</ele>
				<time>2026-08-11T08:28:33Z</time>
			</trkpt>
			<trkpt lat="45.73377180099487" lon="10.879328727722168">
				<ele>1142.800048828125</ele>
				<time>2026-08-11T08:28:34Z</time>
			</trkpt>
			<trkpt lat="45.73376965522766" lon="10.879312753677368">
				<ele>1142.800048828125</ele>
				<time>2026-08-11T08:28:35Z</time>
			</trkpt>
			<trkpt lat="45.73373341560364" lon="10.879113912582397">
				<ele>1143.5999755859375</ele>
				<time>2026-08-11T08:28:50Z</time>
			</trkpt>
			<trkpt lat="45.73368537425995" lon="10.878900408744812">
				<ele>1145.199951171875</ele>
				<time>2026-08-11T08:29:05Z</time>
			</trkpt>
			<trkpt lat="45.73361361026764" lon="10.878740429878235">
				<ele>1146.4000244140625</ele>
				<time>2026-08-11T08:29:19Z</time>
			</trkpt>
			<trkpt lat="45.73353886604309" lon="10.878609895706177">
				<ele>1148.199951171875</ele>
				<time>2026-08-11T08:29:32Z</time>
			</trkpt>
			<trkpt lat="45.733521699905396" lon="10.878581404685974">
				<ele>1148.800048828125</ele>
				<time>2026-08-11T08:29:35Z</time>
			</trkpt>
			<trkpt lat="45.73351001739502" lon="10.878561973571777">
				<ele>1149.199951171875</ele>
				<time>2026-08-11T08:29:37Z</time>
			</trkpt>
			<trkpt lat="45.73349738121033" lon="10.878540396690369">
				<ele>1149.4000244140625</ele>
				<time>2026-08-11T08:29:39Z</time>
			</trkpt>
			<trkpt lat="45.73341405391693" lon="10.878445148468018">
				<ele>1151.4000244140625</ele>
				<time>2026-08-11T08:29:54Z</time>
			</trkpt>
			<trkpt lat="45.73337757587433" lon="10.878470659255981">
				<ele>1152.0</ele>
				<time>2026-08-11T08:30:07Z</time>
			</trkpt>
			<trkpt lat="45.733347058296204" lon="10.878503799438477">
				<ele>1152.0</ele>
				<time>2026-08-11T08:30:11Z</time>
			</trkpt>
			<trkpt lat="45.73331844806671" lon="10.878413081169128">
				<ele>1153.4000244140625</ele>
				<time>2026-08-11T08:30:23Z</time>
			</trkpt>
			<trkpt lat="45.73327028751373" lon="10.87825858592987">
				<ele>1156.4000244140625</ele>
				<time>2026-08-11T08:30:39Z</time>
			</trkpt>
			<trkpt lat="45.733198404312134" lon="10.87815237045288">
				<ele>1159.4000244140625</ele>
				<time>2026-08-11T08:30:55Z</time>
			</trkpt>
			<trkpt lat="45.73309648036957" lon="10.878053307533264">
				<ele>1162.4000244140625</ele>
				<time>2026-08-11T08:31:14Z</time>
			</trkpt>
			<trkpt lat="45.73297870159149" lon="10.878009915351868">
				<ele>1165.4000244140625</ele>
				<time>2026-08-11T08:31:31Z</time>
			</trkpt>
			<trkpt lat="45.73287343978882" lon="10.877955079078674">
				<ele>1168.5999755859375</ele>
				<time>2026-08-11T08:31:49Z</time>
			</trkpt>
			<trkpt lat="45.732781648635864" lon="10.877876996994019">
				<ele>1170.199951171875</ele>
				<time>2026-08-11T08:32:04Z</time>
			</trkpt>
			<trkpt lat="45.732712507247925" lon="10.877760529518127">
				<ele>1171.5999755859375</ele>
				<time>2026-08-11T08:32:19Z</time>
			</trkpt>
			<trkpt lat="45.73264229297638" lon="10.877734780311584">
				<ele>1173.199951171875</ele>
				<time>2026-08-11T08:32:28Z</time>
			</trkpt>
			<trkpt lat="45.73257255554199" lon="10.87765622138977">
				<ele>1175.4000244140625</ele>
				<time>2026-08-11T08:32:42Z</time>
			</trkpt>
			<trkpt lat="45.732478857040405" lon="10.877546787261963">
				<ele>1178.199951171875</ele>
				<time>2026-08-11T08:33:01Z</time>
			</trkpt>
			<trkpt lat="45.7324298620224" lon="10.877494215965271">
				<ele>1180.199951171875</ele>
				<time>2026-08-11T08:33:17Z</time>
			</trkpt>
			<trkpt lat="45.732330203056335" lon="10.87741219997406">
				<ele>1182.199951171875</ele>
				<time>2026-08-11T08:33:34Z</time>
			</trkpt>
			<trkpt lat="45.73229241371155" lon="10.877388000488281">
				<ele>1183.800048828125</ele>
				<time>2026-08-11T08:33:57Z</time>
			</trkpt>
			<trkpt lat="45.73221981525421" lon="10.877301812171936">
				<ele>1185.4000244140625</ele>
				<time>2026-08-11T08:34:11Z</time>
			</trkpt>
			<trkpt lat="45.73215198516846" lon="10.8772531747818">
				<ele>1188.0</ele>
				<time>2026-08-11T08:34:27Z</time>
			</trkpt>
			<trkpt lat="45.73207354545593" lon="10.877169728279114">
				<ele>1190.800048828125</ele>
				<time>2026-08-11T08:34:44Z</time>
			</trkpt>
			<trkpt lat="45.73202407360077" lon="10.877116322517395">
				<ele>1192.800048828125</ele>
				<time>2026-08-11T08:35:08Z</time>
			</trkpt>
			<trkpt lat="45.73192310333252" lon="10.87700366973877">
				<ele>1194.800048828125</ele>
				<time>2026-08-11T08:35:26Z</time>
			</trkpt>
			<trkpt lat="45.73187494277954" lon="10.87694227695465">
				<ele>1196.800048828125</ele>
				<time>2026-08-11T08:35:43Z</time>
			</trkpt>
			<trkpt lat="45.73184370994568" lon="10.876808047294617">
				<ele>1199.4000244140625</ele>
				<time>2026-08-11T08:36:18Z</time>
			</trkpt>
			<trkpt lat="45.73179280757904" lon="10.876587867736816">
				<ele>1200.800048828125</ele>
				<time>2026-08-11T08:36:38Z</time>
			</trkpt>
			<trkpt lat="45.731725573539734" lon="10.876471519470215">
				<ele>1203.5999755859375</ele>
				<time>2026-08-11T08:36:55Z</time>
			</trkpt>
			<trkpt lat="45.73170220851898" lon="10.876373648643494">
				<ele>1206.0</ele>
				<time>2026-08-11T08:37:11Z</time>
			</trkpt>
			<trkpt lat="45.7317156791687" lon="10.876330018043518">
				<ele>1207.0</ele>
				<time>2026-08-11T08:37:47Z</time>
			</trkpt>
			<trkpt lat="45.73167407512665" lon="10.876139283180237">
				<ele>1209.199951171875</ele>
				<time>2026-08-11T08:38:08Z</time>
			</trkpt>
			<trkpt lat="45.73165810108185" lon="10.876039505004883">
				<ele>1212.0</ele>
				<time>2026-08-11T08:38:27Z</time>
			</trkpt>
			<trkpt lat="45.731672286987305" lon="10.876051902770996">
				<ele>1214.0</ele>
				<time>2026-08-11T08:38:58Z</time>
			</trkpt>
			<trkpt lat="45.73168921470642" lon="10.876060009002686">
				<ele>1214.4000244140625</ele>
				<time>2026-08-11T08:39:30Z</time>
			</trkpt>
			<trkpt lat="45.731677293777466" lon="10.876052498817444">
				<ele>1214.5999755859375</ele>
				<time>2026-08-11T08:40:09Z</time>
			</trkpt>
			<trkpt lat="45.73169147968292" lon="10.876082420349121">
				<ele>1214.5999755859375</ele>
				<time>2026-08-11T08:40:48Z</time>
			</trkpt>
			<trkpt lat="45.73167884349823" lon="10.876015305519104">
				<ele>1214.800048828125</ele>
				<time>2026-08-11T08:41:15Z</time>
			</trkpt>
			<trkpt lat="45.731589913368225" lon="10.875807404518127">
				<ele>1217.199951171875</ele>
				<time>2026-08-11T08:41:36Z</time>
			</trkpt>
			<trkpt lat="45.73154389858246" lon="10.875677585601807">
				<ele>1219.4000244140625</ele>
				<time>2026-08-11T08:41:53Z</time>
			</trkpt>
			<trkpt lat="45.73153066635132" lon="10.875583291053772">
				<ele>1221.4000244140625</ele>
				<time>2026-08-11T08:42:10Z</time>
			</trkpt>
			<trkpt lat="45.73152756690979" lon="10.875503063201904">
				<ele>1223.800048828125</ele>
				<time>2026-08-11T08:42:30Z</time>
			</trkpt>
			<trkpt lat="45.73149359226227" lon="10.875387191772461">
				<ele>1225.199951171875</ele>
				<time>2026-08-11T08:42:56Z</time>
			</trkpt>
			<trkpt lat="45.73145318031311" lon="10.875251531600952">
				<ele>1228.199951171875</ele>
				<time>2026-08-11T08:43:15Z</time>
			</trkpt>
			<trkpt lat="45.73144614696503" lon="10.875240802764893">
				<ele>1230.4000244140625</ele>
				<time>2026-08-11T08:43:38Z</time>
			</trkpt>
			<trkpt lat="45.73140549659729" lon="10.875132083892822">
				<ele>1231.199951171875</ele>
				<time>2026-08-11T08:43:56Z</time>
			</trkpt>
			<trkpt lat="45.7313597202301" lon="10.874964833259583">
				<ele>1234.0</ele>
				<time>2026-08-11T08:44:15Z</time>
			</trkpt>
			<trkpt lat="45.73134243488312" lon="10.87490439414978">
				<ele>1237.0</ele>
				<time>2026-08-11T08:44:35Z</time>
			</trkpt>
			<trkpt lat="45.73134398460388" lon="10.87488842010498">
				<ele>1238.5999755859375</ele>
				<time>2026-08-11T08:44:55Z</time>
			</trkpt>
			<trkpt lat="45.73136031627655" lon="10.874873399734497">
				<ele>1239.5999755859375</ele>
				<time>2026-08-11T08:45:29Z</time>
			</trkpt>
			<trkpt lat="45.73134124279022" lon="10.874795794487">
				<ele>1240.199951171875</ele>
				<time>2026-08-11T08:45:52Z</time>
			</trkpt>
			<trkpt lat="45.731324195861816" lon="10.874643087387085">
				<ele>1243.4000244140625</ele>
				<time>2026-08-11T08:46:11Z</time>
			</trkpt>
			<trkpt lat="45.73134779930115" lon="10.874496579170227">
				<ele>1246.4000244140625</ele>
				<time>2026-08-11T08:46:30Z</time>
			</trkpt>
			<trkpt lat="45.73133182525635" lon="10.874440550804138">
				<ele>1248.800048828125</ele>
				<time>2026-08-11T08:46:47Z</time>
			</trkpt>
			<trkpt lat="45.73133969306946" lon="10.874337673187256">
				<ele>1250.5999755859375</ele>
				<time>2026-08-11T08:47:15Z</time>
			</trkpt>
			<trkpt lat="45.73132526874542" lon="10.874165415763855">
				<ele>1253.5999755859375</ele>
				<time>2026-08-11T08:47:34Z</time>
			</trkpt>
			<trkpt lat="45.731313705444336" lon="10.873981833457947">
				<ele>1256.800048828125</ele>
				<time>2026-08-11T08:47:55Z</time>
			</trkpt>
			<trkpt lat="45.7312912940979" lon="10.873901963233948">
				<ele>1259.0</ele>
				<time>2026-08-11T08:48:14Z</time>
			</trkpt>
			<trkpt lat="45.731290102005005" lon="10.873903155326843">
				<ele>1259.199951171875</ele>
				<time>2026-08-11T08:48:15Z</time>
			</trkpt>
			<trkpt lat="45.731295108795166" lon="10.873923897743225">
				<ele>1259.800048828125</ele>
				<time>2026-08-11T08:48:28Z</time>
			</trkpt>
			<trkpt lat="45.73130440711975" lon="10.873928666114807">
				<ele>1258.5999755859375</ele>
				<time>2026-08-11T08:48:54Z</time>
			</trkpt>
			<trkpt lat="45.73130452632904" lon="10.873927474021912">
				<ele>1258.5999755859375</ele>
				<time>2026-08-11T08:49:22Z</time>
			</trkpt>
			<trkpt lat="45.73130822181702" lon="10.873931169509888">
				<ele>1258.4000244140625</ele>
				<time>2026-08-11T08:49:55Z</time>
			</trkpt>
			<trkpt lat="45.73132359981537" lon="10.873963236808777">
				<ele>1259.0</ele>
				<time>2026-08-11T08:50:30Z</time>
			</trkpt>
			<trkpt lat="45.73132681846619" lon="10.874001264572144">
				<ele>1258.800048828125</ele>
				<time>2026-08-11T08:51:08Z</time>
			</trkpt>
			<trkpt lat="45.73133063316345" lon="10.874021291732788">
				<ele>1259.4000244140625</ele>
				<time>2026-08-11T08:51:34Z</time>
			</trkpt>
			<trkpt lat="45.731332898139954" lon="10.874006152153015">
				<ele>1260.0</ele>
				<time>2026-08-11T08:51:50Z</time>
			</trkpt>
			<trkpt lat="45.731337785720825" lon="10.874009490013123">
				<ele>1260.4000244140625</ele>
				<time>2026-08-11T08:52:13Z</time>
			</trkpt>
			<trkpt lat="45.731295108795166" lon="10.873906254768372">
				<ele>1260.800048828125</ele>
				<time>2026-08-11T08:52:33Z</time>
			</trkpt>
			<trkpt lat="45.73127090930939" lon="10.87371563911438">
				<ele>1264.0</ele>
				<time>2026-08-11T08:52:51Z</time>
			</trkpt>
			<trkpt lat="45.731302976608276" lon="10.873604536056519">
				<ele>1267.0</ele>
				<time>2026-08-11T08:53:09Z</time>
			</trkpt>
			<trkpt lat="45.731292724609375" lon="10.873581528663635">
				<ele>1268.4000244140625</ele>
				<time>2026-08-11T08:53:29Z</time>
			</trkpt>
			<trkpt lat="45.73129212856293" lon="10.873456120491028">
				<ele>1268.800048828125</ele>
				<time>2026-08-11T08:53:58Z</time>
			</trkpt>
			<trkpt lat="45.73126971721649" lon="10.873393774032593">
				<ele>1269.5999755859375</ele>
				<time>2026-08-11T08:54:20Z</time>
			</trkpt>
			<trkpt lat="45.73125231266022" lon="10.873112320899963">
				<ele>1270.0</ele>
				<time>2026-08-11T08:54:45Z</time>
			</trkpt>
			<trkpt lat="45.73125469684601" lon="10.872901201248169">
				<ele>1272.4000244140625</ele>
				<time>2026-08-11T08:55:04Z</time>
			</trkpt>
			<trkpt lat="45.73125159740448" lon="10.872832655906677">
				<ele>1273.0</ele>
				<time>2026-08-11T08:55:09Z</time>
			</trkpt>
			<trkpt lat="45.73122227191925" lon="10.87259840965271">
				<ele>1275.5999755859375</ele>
				<time>2026-08-11T08:55:29Z</time>
			</trkpt>
			<trkpt lat="45.73118841648102" lon="10.872489929199219">
				<ele>1278.4000244140625</ele>
				<time>2026-08-11T08:55:51Z</time>
			</trkpt>
			<trkpt lat="45.731188893318176" lon="10.872480750083923">
				<ele>1278.5999755859375</ele>
				<time>2026-08-11T08:56:21Z</time>
			</trkpt>
			<trkpt lat="45.731181621551514" lon="10.872401595115662">
				<ele>1278.4000244140625</ele>
				<time>2026-08-11T08:56:45Z</time>
			</trkpt>
			<trkpt lat="45.73118019104004" lon="10.872211575508118">
				<ele>1279.4000244140625</ele>
				<time>2026-08-11T08:57:02Z</time>
			</trkpt>
			<trkpt lat="45.73117792606354" lon="10.872197031974792">
				<ele>1279.4000244140625</ele>
				<time>2026-08-11T08:57:03Z</time>
			</trkpt>
			<trkpt lat="45.73116660118103" lon="10.87205696105957">
				<ele>1281.5999755859375</ele>
				<time>2026-08-11T08:57:20Z</time>
			</trkpt>
			<trkpt lat="45.731136202812195" lon="10.871974349021912">
				<ele>1284.5999755859375</ele>
				<time>2026-08-11T08:57:42Z</time>
			</trkpt>
			<trkpt lat="45.73113417625427" lon="10.871970891952515">
				<ele>1284.800048828125</ele>
				<time>2026-08-11T08:58:04Z</time>
			</trkpt>
			<trkpt lat="45.7311315536499" lon="10.871829271316528">
				<ele>1285.199951171875</ele>
				<time>2026-08-11T08:58:18Z</time>
			</trkpt>
			<trkpt lat="45.73110520839691" lon="10.871728539466858">
				<ele>1285.5999755859375</ele>
				<time>2026-08-11T08:58:27Z</time>
			</trkpt>
			<trkpt lat="45.73102009296417" lon="10.871569395065308">
				<ele>1288.4000244140625</ele>
				<time>2026-08-11T08:58:46Z</time>
			</trkpt>
			<trkpt lat="45.730979800224304" lon="10.871564269065857">
				<ele>1290.5999755859375</ele>
				<time>2026-08-11T08:59:07Z</time>
			</trkpt>
			<trkpt lat="45.730908036231995" lon="10.87154746055603">
				<ele>1291.5999755859375</ele>
				<time>2026-08-11T08:59:31Z</time>
			</trkpt>
			<trkpt lat="45.730825304985046" lon="10.871547818183899">
				<ele>1294.5999755859375</ele>
				<time>2026-08-11T08:59:52Z</time>
			</trkpt>
			<trkpt lat="45.73087465763092" lon="10.871477723121643">
				<ele>1295.5999755859375</ele>
				<time>2026-08-11T09:00:08Z</time>
			</trkpt>
			<trkpt lat="45.73089373111725" lon="10.871403813362122">
				<ele>1298.199951171875</ele>
				<time>2026-08-11T09:00:31Z</time>
			</trkpt>
			<trkpt lat="45.730915904045105" lon="10.871399760246277">
				<ele>1297.199951171875</ele>
				<time>2026-08-11T09:00:58Z</time>
			</trkpt>
			<trkpt lat="45.73092722892761" lon="10.871407508850098">
				<ele>1297.199951171875</ele>
				<time>2026-08-11T09:01:38Z</time>
			</trkpt>
			<trkpt lat="45.7309330701828" lon="10.871410727500916">
				<ele>1297.199951171875</ele>
				<time>2026-08-11T09:02:12Z</time>
			</trkpt>
			<trkpt lat="45.73094916343689" lon="10.871397614479065">
				<ele>1297.199951171875</ele>
				<time>2026-08-11T09:02:47Z</time>
			</trkpt>
			<trkpt lat="45.73096251487732" lon="10.871403813362122">
				<ele>1297.0</ele>
				<time>2026-08-11T09:03:36Z</time>
			</trkpt>
			<trkpt lat="45.73089921474457" lon="10.871409893035889">
				<ele>1297.4000244140625</ele>
				<time>2026-08-11T09:03:54Z</time>
			</trkpt>
			<trkpt lat="45.73089671134949" lon="10.87140417098999">
				<ele>1297.800048828125</ele>
				<time>2026-08-11T09:04:14Z</time>
			</trkpt>
			<trkpt lat="45.73090040683746" lon="10.871404528617859">
				<ele>1297.5999755859375</ele>
				<time>2026-08-11T09:04:48Z</time>
			</trkpt>
			<trkpt lat="45.730902433395386" lon="10.871398329734802">
				<ele>1297.5999755859375</ele>
				<time>2026-08-11T09:05:34Z</time>
			</trkpt>
			<trkpt lat="45.730897068977356" lon="10.871402263641357">
				<ele>1297.5999755859375</ele>
				<time>2026-08-11T09:06:14Z</time>
			</trkpt>
			<trkpt lat="45.73090136051178" lon="10.871402263641357">
				<ele>1297.800048828125</ele>
				<time>2026-08-11T09:06:53Z</time>
			</trkpt>
			<trkpt lat="45.73090469837189" lon="10.871400833129883">
				<ele>1298.199951171875</ele>
				<time>2026-08-11T09:07:13Z</time>
			</trkpt>
			<trkpt lat="45.73090744018555" lon="10.871400952339172">
				<ele>1298.0</ele>
				<time>2026-08-11T09:07:44Z</time>
			</trkpt>
			<trkpt lat="45.730886816978455" lon="10.87141740322113">
				<ele>1298.199951171875</ele>
				<time>2026-08-11T09:08:03Z</time>
			</trkpt>
			<trkpt lat="45.730865836143494" lon="10.871410608291626">
				<ele>1298.5999755859375</ele>
				<time>2026-08-11T09:08:22Z</time>
			</trkpt>
			<trkpt lat="45.73070418834686" lon="10.871476292610168">
				<ele>1300.800048828125</ele>
				<time>2026-08-11T09:08:41Z</time>
			</trkpt>
			<trkpt lat="45.73065447807312" lon="10.87151825428009">
				<ele>1302.0</ele>
				<time>2026-08-11T09:08:48Z</time>
			</trkpt>
			<trkpt lat="45.730634331703186" lon="10.87153422832489">
				<ele>1302.199951171875</ele>
				<time>2026-08-11T09:08:50Z</time>
			</trkpt>
			<trkpt lat="45.73056936264038" lon="10.871548533439636">
				<ele>1303.199951171875</ele>
				<time>2026-08-11T09:08:56Z</time>
			</trkpt>
			<trkpt lat="45.73047459125519" lon="10.871575236320496">
				<ele>1304.5999755859375</ele>
				<time>2026-08-11T09:09:07Z</time>
			</trkpt>
			<trkpt lat="45.730345010757446" lon="10.871559381484985">
				<ele>1304.4000244140625</ele>
				<time>2026-08-11T09:09:23Z</time>
			</trkpt>
			<trkpt lat="45.730313181877136" lon="10.871495962142944">
				<ele>1302.199951171875</ele>
				<time>2026-08-11T09:09:44Z</time>
			</trkpt>
			<trkpt lat="45.73026967048645" lon="10.871442437171936">
				<ele>1301.199951171875</ele>
				<time>2026-08-11T09:10:05Z</time>
			</trkpt>
			<trkpt lat="45.73022902011871" lon="10.87129807472229">
				<ele>1298.199951171875</ele>
				<time>2026-08-11T09:10:26Z</time>
			</trkpt>
			<trkpt lat="45.73021101951599" lon="10.871222019195557">
				<ele>1297.199951171875</ele>
				<time>2026-08-11T09:10:34Z</time>
			</trkpt>
			<trkpt lat="45.73020613193512" lon="10.871109366416931">
				<ele>1295.4000244140625</ele>
				<time>2026-08-11T09:10:50Z</time>
			</trkpt>
			<trkpt lat="45.73009121417999" lon="10.870972275733948">
				<ele>1292.4000244140625</ele>
				<time>2026-08-11T09:11:13Z</time>
			</trkpt>
			<trkpt lat="45.73001158237457" lon="10.870827317237854">
				<ele>1290.0</ele>
				<time>2026-08-11T09:11:27Z</time>
			</trkpt>
			<trkpt lat="45.72989583015442" lon="10.870718598365784">
				<ele>1288.199951171875</ele>
				<time>2026-08-11T09:11:45Z</time>
			</trkpt>
			<trkpt lat="45.729806423187256" lon="10.870548963546753">
				<ele>1285.5999755859375</ele>
				<time>2026-08-11T09:12:06Z</time>
			</trkpt>
			<trkpt lat="45.729740619659424" lon="10.870356321334839">
				<ele>1283.4000244140625</ele>
				<time>2026-08-11T09:12:24Z</time>
			</trkpt>
			<trkpt lat="45.729724168777466" lon="10.8703031539917">
				<ele>1283.0</ele>
				<time>2026-08-11T09:12:28Z</time>
			</trkpt>
			<trkpt lat="45.72964537143707" lon="10.87019944190979">
				<ele>1281.5999755859375</ele>
				<time>2026-08-11T09:12:45Z</time>
			</trkpt>
			<trkpt lat="45.72959053516388" lon="10.870072364807129">
				<ele>1281.0</ele>
				<time>2026-08-11T09:13:06Z</time>
			</trkpt>
			<trkpt lat="45.7295982837677" lon="10.869921565055847">
				<ele>1279.800048828125</ele>
				<time>2026-08-11T09:13:26Z</time>
			</trkpt>
			<trkpt lat="45.729517459869385" lon="10.869771718978882">
				<ele>1276.5999755859375</ele>
				<time>2026-08-11T09:13:42Z</time>
			</trkpt>
			<trkpt lat="45.72938406467438" lon="10.8698011636734">
				<ele>1276.0</ele>
				<time>2026-08-11T09:14:00Z</time>
			</trkpt>
			<trkpt lat="45.7293598651886" lon="10.86979615688324">
				<ele>1276.199951171875</ele>
				<time>2026-08-11T09:14:02Z</time>
			</trkpt>
			<trkpt lat="45.729349851608276" lon="10.869789719581604">
				<ele>1276.199951171875</ele>
				<time>2026-08-11T09:14:03Z</time>
			</trkpt>
			<trkpt lat="45.72918999195099" lon="10.869806170463562">
				<ele>1277.199951171875</ele>
				<time>2026-08-11T09:14:19Z</time>
			</trkpt>
			<trkpt lat="45.729180693626404" lon="10.869816780090332">
				<ele>1277.199951171875</ele>
				<time>2026-08-11T09:14:20Z</time>
			</trkpt>
			<trkpt lat="45.729079842567444" lon="10.869978785514832">
				<ele>1278.4000244140625</ele>
				<time>2026-08-11T09:14:34Z</time>
			</trkpt>
			<trkpt lat="45.72901141643524" lon="10.870092391967773">
				<ele>1279.0</ele>
				<time>2026-08-11T09:14:45Z</time>
			</trkpt>
			<trkpt lat="45.72888004779816" lon="10.870181798934937">
				<ele>1279.800048828125</ele>
				<time>2026-08-11T09:15:00Z</time>
			</trkpt>
			<trkpt lat="45.72885727882385" lon="10.870177745819092">
				<ele>1279.800048828125</ele>
				<time>2026-08-11T09:15:02Z</time>
			</trkpt>
			<trkpt lat="45.72869634628296" lon="10.870145440101624">
				<ele>1279.800048828125</ele>
				<time>2026-08-11T09:15:16Z</time>
			</trkpt>
			<trkpt lat="45.72868514060974" lon="10.870148301124573">
				<ele>1279.800048828125</ele>
				<time>2026-08-11T09:15:17Z</time>
			</trkpt>
			<trkpt lat="45.72853124141693" lon="10.870204091072083">
				<ele>1280.5999755859375</ele>
				<time>2026-08-11T09:15:34Z</time>
			</trkpt>
			<trkpt lat="45.72849118709564" lon="10.870243906974792">
				<ele>1281.0</ele>
				<time>2026-08-11T09:15:38Z</time>
			</trkpt>
			<trkpt lat="45.72837293148041" lon="10.870358943939209">
				<ele>1280.4000244140625</ele>
				<time>2026-08-11T09:15:50Z</time>
			</trkpt>
			<trkpt lat="45.72825241088867" lon="10.870445966720581">
				<ele>1279.800048828125</ele>
				<time>2026-08-11T09:16:04Z</time>
			</trkpt>
			<trkpt lat="45.72820460796356" lon="10.87041425704956">
				<ele>1279.199951171875</ele>
				<time>2026-08-11T09:16:31Z</time>
			</trkpt>
			<trkpt lat="45.72811460494995" lon="10.87028193473816">
				<ele>1277.4000244140625</ele>
				<time>2026-08-11T09:16:46Z</time>
			</trkpt>
			<trkpt lat="45.72802710533142" lon="10.870182275772095">
				<ele>1275.5999755859375</ele>
				<time>2026-08-11T09:16:58Z</time>
			</trkpt>
			<trkpt lat="45.727863073349" lon="10.870035290718079">
				<ele>1272.5999755859375</ele>
				<time>2026-08-11T09:17:17Z</time>
			</trkpt>
			<trkpt lat="45.72782802581787" lon="10.870014905929565">
				<ele>1272.199951171875</ele>
				<time>2026-08-11T09:17:20Z</time>
			</trkpt>
			<trkpt lat="45.727739572525024" lon="10.86988353729248">
				<ele>1269.199951171875</ele>
				<time>2026-08-11T09:17:36Z</time>
			</trkpt>
			<trkpt lat="45.72769248485565" lon="10.869850277900696">
				<ele>1266.4000244140625</ele>
				<time>2026-08-11T09:17:58Z</time>
			</trkpt>
			<trkpt lat="45.727559089660645" lon="10.869598269462585">
				<ele>1266.0</ele>
				<time>2026-08-11T09:18:20Z</time>
			</trkpt>
			<trkpt lat="45.72755038738251" lon="10.869595289230347">
				<ele>1266.0</ele>
				<time>2026-08-11T09:18:21Z</time>
			</trkpt>
			<trkpt lat="45.727540254592896" lon="10.86958920955658">
				<ele>1266.0</ele>
				<time>2026-08-11T09:18:22Z</time>
			</trkpt>
			<trkpt lat="45.72753095626831" lon="10.869582295417786">
				<ele>1266.0</ele>
				<time>2026-08-11T09:18:23Z</time>
			</trkpt>
			<trkpt lat="45.727452516555786" lon="10.869518399238586">
				<ele>1265.0</ele>
				<time>2026-08-11T09:18:33Z</time>
			</trkpt>
			<trkpt lat="45.72741711139679" lon="10.869416117668152">
				<ele>1263.4000244140625</ele>
				<time>2026-08-11T09:18:43Z</time>
			</trkpt>
			<trkpt lat="45.72741508483887" lon="10.869399666786194">
				<ele>1263.199951171875</ele>
				<time>2026-08-11T09:18:44Z</time>
			</trkpt>
			<trkpt lat="45.7274090051651" lon="10.869387149810791">
				<ele>1263.199951171875</ele>
				<time>2026-08-11T09:18:45Z</time>
			</trkpt>
			<trkpt lat="45.727404832839966" lon="10.869373202323914">
				<ele>1263.0</ele>
				<time>2026-08-11T09:18:46Z</time>
			</trkpt>
			<trkpt lat="45.727333784103394" lon="10.869217038154602">
				<ele>1260.199951171875</ele>
				<time>2026-08-11T09:19:01Z</time>
			</trkpt>
			<trkpt lat="45.727304458618164" lon="10.869120955467224">
				<ele>1258.199951171875</ele>
				<time>2026-08-11T09:19:17Z</time>
			</trkpt>
			<trkpt lat="45.7272824048996" lon="10.869086384773254">
				<ele>1258.0</ele>
				<time>2026-08-11T09:19:47Z</time>
			</trkpt>
			<trkpt lat="45.72727382183075" lon="10.869073867797852">
				<ele>1258.0</ele>
				<time>2026-08-11T09:19:48Z</time>
			</trkpt>
			<trkpt lat="45.72726595401764" lon="10.869065999984741">
				<ele>1258.0</ele>
				<time>2026-08-11T09:19:49Z</time>
			</trkpt>
			<trkpt lat="45.72721254825592" lon="10.868986368179321">
				<ele>1257.4000244140625</ele>
				<time>2026-08-11T09:19:57Z</time>
			</trkpt>
			<trkpt lat="45.72717785835266" lon="10.86892318725586">
				<ele>1256.5999755859375</ele>
				<time>2026-08-11T09:20:02Z</time>
			</trkpt>
			<trkpt lat="45.72711741924286" lon="10.868914723396301">
				<ele>1255.5999755859375</ele>
				<time>2026-08-11T09:20:09Z</time>
			</trkpt>
			<trkpt lat="45.72699677944183" lon="10.868986129760742">
				<ele>1255.4000244140625</ele>
				<time>2026-08-11T09:20:23Z</time>
			</trkpt>
			<trkpt lat="45.72698473930359" lon="10.868988752365112">
				<ele>1255.4000244140625</ele>
				<time>2026-08-11T09:20:24Z</time>
			</trkpt>
			<trkpt lat="45.72697389125824" lon="10.868990421295166">
				<ele>1255.4000244140625</ele>
				<time>2026-08-11T09:20:25Z</time>
			</trkpt>
			<trkpt lat="45.7269629240036" lon="10.868989944458008">
				<ele>1255.4000244140625</ele>
				<time>2026-08-11T09:20:26Z</time>
			</trkpt>
			<trkpt lat="45.7269412279129" lon="10.868972659111023">
				<ele>1254.199951171875</ele>
				<time>2026-08-11T09:20:45Z</time>
			</trkpt>
			<trkpt lat="45.72687768936157" lon="10.868903160095215">
				<ele>1253.5999755859375</ele>
				<time>2026-08-11T09:21:08Z</time>
			</trkpt>
			<trkpt lat="45.726869106292725" lon="10.86888873577118">
				<ele>1253.5999755859375</ele>
				<time>2026-08-11T09:21:09Z</time>
			</trkpt>
			<trkpt lat="45.7268522977829" lon="10.868862271308899">
				<ele>1253.199951171875</ele>
				<time>2026-08-11T09:21:11Z</time>
			</trkpt>
			<trkpt lat="45.72682321071625" lon="10.868813633918762">
				<ele>1252.5999755859375</ele>
				<time>2026-08-11T09:21:15Z</time>
			</trkpt>
			<trkpt lat="45.7268168926239" lon="10.86879813671112">
				<ele>1252.4000244140625</ele>
				<time>2026-08-11T09:21:16Z</time>
			</trkpt>
			<trkpt lat="45.72677147388458" lon="10.868656873703003">
				<ele>1250.5999755859375</ele>
				<time>2026-08-11T09:21:27Z</time>
			</trkpt>
			<trkpt lat="45.72676146030426" lon="10.868643164634705">
				<ele>1250.4000244140625</ele>
				<time>2026-08-11T09:21:28Z</time>
			</trkpt>
			<trkpt lat="45.72675287723541" lon="10.868628740310669">
				<ele>1250.4000244140625</ele>
				<time>2026-08-11T09:21:29Z</time>
			</trkpt>
			<trkpt lat="45.726686835289" lon="10.868460297584534">
				<ele>1248.800048828125</ele>
				<time>2026-08-11T09:21:42Z</time>
			</trkpt>
			<trkpt lat="45.72662329673767" lon="10.868368148803711">
				<ele>1248.199951171875</ele>
				<time>2026-08-11T09:21:49Z</time>
			</trkpt>
			<trkpt lat="45.726611375808716" lon="10.868363380432129">
				<ele>1248.199951171875</ele>
				<time>2026-08-11T09:21:50Z</time>
			</trkpt>
			<trkpt lat="45.72653424739838" lon="10.868256568908691">
				<ele>1247.4000244140625</ele>
				<time>2026-08-11T09:22:01Z</time>
			</trkpt>
			<trkpt lat="45.726418018341064" lon="10.868152141571045">
				<ele>1247.199951171875</ele>
				<time>2026-08-11T09:22:16Z</time>
			</trkpt>
			<trkpt lat="45.726407051086426" lon="10.868148684501648">
				<ele>1247.4000244140625</ele>
				<time>2026-08-11T09:22:39Z</time>
			</trkpt>
			<trkpt lat="45.726349234580994" lon="10.868160963058472">
				<ele>1247.4000244140625</ele>
				<time>2026-08-11T09:22:56Z</time>
			</trkpt>
			<trkpt lat="45.72612750530243" lon="10.868169903755188">
				<ele>1245.5999755859375</ele>
				<time>2026-08-11T09:23:16Z</time>
			</trkpt>
			<trkpt lat="45.72589647769928" lon="10.868311882019043">
				<ele>1245.199951171875</ele>
				<time>2026-08-11T09:23:38Z</time>
			</trkpt>
			<trkpt lat="45.725735783576965" lon="10.868325591087341">
				<ele>1246.4000244140625</ele>
				<time>2026-08-11T09:23:52Z</time>
			</trkpt>
			<trkpt lat="45.725624680519104" lon="10.868163108825684">
				<ele>1247.800048828125</ele>
				<time>2026-08-11T09:24:08Z</time>
			</trkpt>
			<trkpt lat="45.72545349597931" lon="10.867950201034546">
				<ele>1248.5999755859375</ele>
				<time>2026-08-11T09:24:29Z</time>
			</trkpt>
			<trkpt lat="45.72538137435913" lon="10.867847442626953">
				<ele>1248.800048828125</ele>
				<time>2026-08-11T09:24:47Z</time>
			</trkpt>
			<trkpt lat="45.72526156902313" lon="10.867830276489258">
				<ele>1248.5999755859375</ele>
				<time>2026-08-11T09:24:57Z</time>
			</trkpt>
			<trkpt lat="45.72519254684448" lon="10.8678697347641">
				<ele>1248.5999755859375</ele>
				<time>2026-08-11T09:25:03Z</time>
			</trkpt>
			<trkpt lat="45.72501063346863" lon="10.867963790893555">
				<ele>1248.4000244140625</ele>
				<time>2026-08-11T09:25:18Z</time>
			</trkpt>
			<trkpt lat="45.72490203380585" lon="10.86806344985962">
				<ele>1249.4000244140625</ele>
				<time>2026-08-11T09:25:31Z</time>
			</trkpt>
			<trkpt lat="45.724892020225525" lon="10.868068814277649">
				<ele>1249.5999755859375</ele>
				<time>2026-08-11T09:25:32Z</time>
			</trkpt>
			<trkpt lat="45.72483038902283" lon="10.868044376373291">
				<ele>1250.4000244140625</ele>
				<time>2026-08-11T09:25:40Z</time>
			</trkpt>
			<trkpt lat="45.724751591682434" lon="10.867892980575562">
				<ele>1249.800048828125</ele>
				<time>2026-08-11T09:25:53Z</time>
			</trkpt>
			<trkpt lat="45.724740862846375" lon="10.867881298065186">
				<ele>1249.5999755859375</ele>
				<time>2026-08-11T09:25:54Z</time>
			</trkpt>
			<trkpt lat="45.72461271286011" lon="10.867668986320496">
				<ele>1247.199951171875</ele>
				<time>2026-08-11T09:26:13Z</time>
			</trkpt>
			<trkpt lat="45.724512815475464" lon="10.86756706237793">
				<ele>1247.0</ele>
				<time>2026-08-11T09:26:22Z</time>
			</trkpt>
			<trkpt lat="45.72442805767059" lon="10.867480754852295">
				<ele>1247.0</ele>
				<time>2026-08-11T09:26:36Z</time>
			</trkpt>
			<trkpt lat="45.724316000938416" lon="10.867402195930481">
				<ele>1248.0</ele>
				<time>2026-08-11T09:26:58Z</time>
			</trkpt>
			<trkpt lat="45.72430503368378" lon="10.867359280586243">
				<ele>1248.5999755859375</ele>
				<time>2026-08-11T09:27:16Z</time>
			</trkpt>
			<trkpt lat="45.72428226470947" lon="10.867329359054565">
				<ele>1249.0</ele>
				<time>2026-08-11T09:27:35Z</time>
			</trkpt>
			<trkpt lat="45.724084973335266" lon="10.867226719856262">
				<ele>1252.0</ele>
				<time>2026-08-11T09:27:59Z</time>
			</trkpt>
			<trkpt lat="45.72410702705383" lon="10.867058753967285">
				<ele>1255.199951171875</ele>
				<time>2026-08-11T09:28:14Z</time>
			</trkpt>
			<trkpt lat="45.72412288188934" lon="10.867014765739441">
				<ele>1255.800048828125</ele>
				<time>2026-08-11T09:28:18Z</time>
			</trkpt>
			<trkpt lat="45.724188566207886" lon="10.866843342781067">
				<ele>1258.199951171875</ele>
				<time>2026-08-11T09:28:34Z</time>
			</trkpt>
			<trkpt lat="45.72429060935974" lon="10.866665720939636">
				<ele>1261.199951171875</ele>
				<time>2026-08-11T09:28:53Z</time>
			</trkpt>
			<trkpt lat="45.72431695461273" lon="10.866616368293762">
				<ele>1263.800048828125</ele>
				<time>2026-08-11T09:29:14Z</time>
			</trkpt>
			<trkpt lat="45.724326968193054" lon="10.866571545600891">
				<ele>1264.199951171875</ele>
				<time>2026-08-11T09:29:34Z</time>
			</trkpt>
			<trkpt lat="45.72433340549469" lon="10.866593480110168">
				<ele>1264.199951171875</ele>
				<time>2026-08-11T09:29:53Z</time>
			</trkpt>
			<trkpt lat="45.724334716796875" lon="10.86659562587738">
				<ele>1264.199951171875</ele>
				<time>2026-08-11T09:30:17Z</time>
			</trkpt>
			<trkpt lat="45.72437238693237" lon="10.866492629051208">
				<ele>1264.4000244140625</ele>
				<time>2026-08-11T09:30:40Z</time>
			</trkpt>
			<trkpt lat="45.72441065311432" lon="10.866257786750793">
				<ele>1266.0</ele>
				<time>2026-08-11T09:30:58Z</time>
			</trkpt>
			<trkpt lat="45.724427461624146" lon="10.866158843040466">
				<ele>1267.800048828125</ele>
				<time>2026-08-11T09:31:13Z</time>
			</trkpt>
			<trkpt lat="45.724472999572754" lon="10.865930914878845">
				<ele>1269.0</ele>
				<time>2026-08-11T09:31:30Z</time>
			</trkpt>
			<trkpt lat="45.72456169128418" lon="10.865644097328186">
				<ele>1271.5999755859375</ele>
				<time>2026-08-11T09:31:50Z</time>
			</trkpt>
			<trkpt lat="45.72456705570221" lon="10.865578174591064">
				<ele>1273.5999755859375</ele>
				<time>2026-08-11T09:32:09Z</time>
			</trkpt>
			<trkpt lat="45.72456407546997" lon="10.865568280220032">
				<ele>1273.4000244140625</ele>
				<time>2026-08-11T09:32:24Z</time>
			</trkpt>
			<trkpt lat="45.724562883377075" lon="10.865565180778503">
				<ele>1272.5999755859375</ele>
				<time>2026-08-11T09:32:45Z</time>
			</trkpt>
			<trkpt lat="45.724549889564514" lon="10.865573525428772">
				<ele>1272.5999755859375</ele>
				<time>2026-08-11T09:33:10Z</time>
			</trkpt>
			<trkpt lat="45.724536180496216" lon="10.86557412147522">
				<ele>1272.5999755859375</ele>
				<time>2026-08-11T09:33:39Z</time>
			</trkpt>
			<trkpt lat="45.7245227098465" lon="10.865579724311829">
				<ele>1272.5999755859375</ele>
				<time>2026-08-11T09:34:12Z</time>
			</trkpt>
			<trkpt lat="45.72451138496399" lon="10.865580916404724">
				<ele>1272.5999755859375</ele>
				<time>2026-08-11T09:34:36Z</time>
			</trkpt>
			<trkpt lat="45.72450244426727" lon="10.865591287612915">
				<ele>1272.5999755859375</ele>
				<time>2026-08-11T09:35:01Z</time>
			</trkpt>
			<trkpt lat="45.72449243068695" lon="10.86558723449707">
				<ele>1272.5999755859375</ele>
				<time>2026-08-11T09:35:30Z</time>
			</trkpt>
			<trkpt lat="45.72448945045471" lon="10.86558735370636">
				<ele>1272.5999755859375</ele>
				<time>2026-08-11T09:35:59Z</time>
			</trkpt>
			<trkpt lat="45.7244735956192" lon="10.865590691566467">
				<ele>1272.5999755859375</ele>
				<time>2026-08-11T09:36:29Z</time>
			</trkpt>
			<trkpt lat="45.72446000576019" lon="10.865594744682312">
				<ele>1272.5999755859375</ele>
				<time>2026-08-11T09:36:57Z</time>
			</trkpt>
			<trkpt lat="45.72445273399353" lon="10.86559808254242">
				<ele>1272.5999755859375</ele>
				<time>2026-08-11T09:37:24Z</time>
			</trkpt>
			<trkpt lat="45.724432945251465" lon="10.865606784820557">
				<ele>1272.5999755859375</ele>
				<time>2026-08-11T09:37:50Z</time>
			</trkpt>
			<trkpt lat="45.7244336605072" lon="10.865615487098694">
				<ele>1272.5999755859375</ele>
				<time>2026-08-11T09:38:18Z</time>
			</trkpt>
			<trkpt lat="45.72443687915802" lon="10.865613341331482">
				<ele>1272.5999755859375</ele>
				<time>2026-08-11T09:38:48Z</time>
			</trkpt>
			<trkpt lat="45.72443723678589" lon="10.865617752075195">
				<ele>1272.5999755859375</ele>
				<time>2026-08-11T09:39:24Z</time>
			</trkpt>
			<trkpt lat="45.724430441856384" lon="10.865630507469177">
				<ele>1272.4000244140625</ele>
				<time>2026-08-11T09:39:56Z</time>
			</trkpt>
			<trkpt lat="45.7244211435318" lon="10.865630030632019">
				<ele>1272.4000244140625</ele>
				<time>2026-08-11T09:40:26Z</time>
			</trkpt>
			<trkpt lat="45.72440207004547" lon="10.865634679794312">
				<ele>1272.5999755859375</ele>
				<time>2026-08-11T09:40:58Z</time>
			</trkpt>
			<trkpt lat="45.724422216415405" lon="10.865617752075195">
				<ele>1272.800048828125</ele>
				<time>2026-08-11T09:41:30Z</time>
			</trkpt>
			<trkpt lat="45.72441816329956" lon="10.865617156028748">
				<ele>1272.5999755859375</ele>
				<time>2026-08-11T09:41:51Z</time>
			</trkpt>
			<trkpt lat="45.72442388534546" lon="10.865617752075195">
				<ele>1272.4000244140625</ele>
				<time>2026-08-11T09:42:17Z</time>
			</trkpt>
			<trkpt lat="45.72442388534546" lon="10.865597486495972">
				<ele>1272.5999755859375</ele>
				<time>2026-08-11T09:42:39Z</time>
			</trkpt>
			<trkpt lat="45.72443914413452" lon="10.865596532821655">
				<ele>1272.4000244140625</ele>
				<time>2026-08-11T09:42:57Z</time>
			</trkpt>
			<trkpt lat="45.72445011138916" lon="10.865607380867004">
				<ele>1271.0</ele>
				<time>2026-08-11T09:43:25Z</time>
			</trkpt>
			<trkpt lat="45.724467277526855" lon="10.865628123283386">
				<ele>1271.800048828125</ele>
				<time>2026-08-11T09:43:51Z</time>
			</trkpt>
			<trkpt lat="45.72447407245636" lon="10.865613102912903">
				<ele>1273.4000244140625</ele>
				<time>2026-08-11T09:44:04Z</time>
			</trkpt>
			<trkpt lat="45.724488854408264" lon="10.86562180519104">
				<ele>1273.0</ele>
				<time>2026-08-11T09:44:23Z</time>
			</trkpt>
			<trkpt lat="45.724493861198425" lon="10.865609645843506">
				<ele>1273.199951171875</ele>
				<time>2026-08-11T09:44:47Z</time>
			</trkpt>
			<trkpt lat="45.72449564933777" lon="10.865436792373657">
				<ele>1272.800048828125</ele>
				<time>2026-08-11T09:45:04Z</time>
			</trkpt>
			<trkpt lat="45.72450518608093" lon="10.8654066324234">
				<ele>1272.5999755859375</ele>
				<time>2026-08-11T09:45:13Z</time>
			</trkpt>
			<trkpt lat="45.72450852394104" lon="10.865392327308655">
				<ele>1272.5999755859375</ele>
				<time>2026-08-11T09:45:14Z</time>
			</trkpt>
			<trkpt lat="45.724512815475464" lon="10.865374088287354">
				<ele>1272.4000244140625</ele>
				<time>2026-08-11T09:45:15Z</time>
			</trkpt>
			<trkpt lat="45.724515438079834" lon="10.865356922149658">
				<ele>1272.4000244140625</ele>
				<time>2026-08-11T09:45:16Z</time>
			</trkpt>
			<trkpt lat="45.72451972961426" lon="10.865341663360596">
				<ele>1272.4000244140625</ele>
				<time>2026-08-11T09:45:17Z</time>
			</trkpt>
			<trkpt lat="45.72452509403229" lon="10.865327000617981">
				<ele>1272.199951171875</ele>
				<time>2026-08-11T09:45:18Z</time>
			</trkpt>
			<trkpt lat="45.72457313537598" lon="10.865114212036133">
				<ele>1272.199951171875</ele>
				<time>2026-08-11T09:45:32Z</time>
			</trkpt>
			<trkpt lat="45.724624276161194" lon="10.864889740943909">
				<ele>1273.0</ele>
				<time>2026-08-11T09:45:46Z</time>
			</trkpt>
			<trkpt lat="45.72471904754639" lon="10.864696264266968">
				<ele>1274.199951171875</ele>
				<time>2026-08-11T09:46:00Z</time>
			</trkpt>
			<trkpt lat="45.72482526302338" lon="10.86460018157959">
				<ele>1275.199951171875</ele>
				<time>2026-08-11T09:46:13Z</time>
			</trkpt>
			<trkpt lat="45.72492527961731" lon="10.864441871643066">
				<ele>1277.4000244140625</ele>
				<time>2026-08-11T09:46:27Z</time>
			</trkpt>
			<trkpt lat="45.72496259212494" lon="10.86433720588684">
				<ele>1278.800048828125</ele>
				<time>2026-08-11T09:46:42Z</time>
			</trkpt>
			<trkpt lat="45.72497832775116" lon="10.864318013191223">
				<ele>1278.800048828125</ele>
				<time>2026-08-11T09:46:44Z</time>
			</trkpt>
			<trkpt lat="45.72498571872711" lon="10.864298939704895">
				<ele>1278.800048828125</ele>
				<time>2026-08-11T09:46:45Z</time>
			</trkpt>
			<trkpt lat="45.725003719329834" lon="10.864273309707642">
				<ele>1278.5999755859375</ele>
				<time>2026-08-11T09:46:47Z</time>
			</trkpt>
			<trkpt lat="45.72501730918884" lon="10.864269614219666">
				<ele>1278.5999755859375</ele>
				<time>2026-08-11T09:46:48Z</time>
			</trkpt>
			<trkpt lat="45.725029706954956" lon="10.864266276359558">
				<ele>1278.5999755859375</ele>
				<time>2026-08-11T09:46:49Z</time>
			</trkpt>
			<trkpt lat="45.72504460811615" lon="10.864270567893982">
				<ele>1278.5999755859375</ele>
				<time>2026-08-11T09:46:50Z</time>
			</trkpt>
			<trkpt lat="45.725059151649475" lon="10.864271521568298">
				<ele>1278.5999755859375</ele>
				<time>2026-08-11T09:46:51Z</time>
			</trkpt>
			<trkpt lat="45.72506880760193" lon="10.864259243011475">
				<ele>1278.5999755859375</ele>
				<time>2026-08-11T09:46:52Z</time>
			</trkpt>
			<trkpt lat="45.72508001327515" lon="10.864251971244812">
				<ele>1278.5999755859375</ele>
				<time>2026-08-11T09:46:53Z</time>
			</trkpt>
			<trkpt lat="45.7250874042511" lon="10.86423909664154">
				<ele>1278.5999755859375</ele>
				<time>2026-08-11T09:46:54Z</time>
			</trkpt>
			<trkpt lat="45.725141286849976" lon="10.864077925682068">
				<ele>1277.800048828125</ele>
				<time>2026-08-11T09:47:10Z</time>
			</trkpt>
			<trkpt lat="45.72512102127075" lon="10.864014029502869">
				<ele>1277.199951171875</ele>
				<time>2026-08-11T09:47:19Z</time>
			</trkpt>
			<trkpt lat="45.72511529922485" lon="10.863994240760803">
				<ele>1277.199951171875</ele>
				<time>2026-08-11T09:47:20Z</time>
			</trkpt>
			<trkpt lat="45.72510850429535" lon="10.86397397518158">
				<ele>1276.4000244140625</ele>
				<time>2026-08-11T09:47:33Z</time>
			</trkpt>
			<trkpt lat="45.72510516643524" lon="10.863980412483215">
				<ele>1276.199951171875</ele>
				<time>2026-08-11T09:47:56Z</time>
			</trkpt>
			<trkpt lat="45.72505533695221" lon="10.863948941230774">
				<ele>1276.0</ele>
				<time>2026-08-11T09:48:09Z</time>
			</trkpt>
			<trkpt lat="45.72493767738342" lon="10.863793969154358">
				<ele>1275.4000244140625</ele>
				<time>2026-08-11T09:48:23Z</time>
			</trkpt>
			<trkpt lat="45.724908113479614" lon="10.863749504089355">
				<ele>1275.5999755859375</ele>
				<time>2026-08-11T09:48:27Z</time>
			</trkpt>
			<trkpt lat="45.72485327720642" lon="10.86367404460907">
				<ele>1276.0</ele>
				<time>2026-08-11T09:48:33Z</time>
			</trkpt>
			<trkpt lat="45.72470259666443" lon="10.863596677780151">
				<ele>1276.800048828125</ele>
				<time>2026-08-11T09:48:45Z</time>
			</trkpt>
			<trkpt lat="45.724687337875366" lon="10.86355173587799">
				<ele>1277.0</ele>
				<time>2026-08-11T09:48:49Z</time>
			</trkpt>
			<trkpt lat="45.72465538978577" lon="10.86336898803711">
				<ele>1279.0</ele>
				<time>2026-08-11T09:49:03Z</time>
			</trkpt>
			<trkpt lat="45.724653124809265" lon="10.863354086875916">
				<ele>1279.199951171875</ele>
				<time>2026-08-11T09:49:04Z</time>
			</trkpt>
			<trkpt lat="45.72465264797211" lon="10.863336205482483">
				<ele>1279.4000244140625</ele>
				<time>2026-08-11T09:49:05Z</time>
			</trkpt>
			<trkpt lat="45.72466254234314" lon="10.863234043121338">
				<ele>1281.0</ele>
				<time>2026-08-11T09:49:12Z</time>
			</trkpt>
			<trkpt lat="45.72466957569122" lon="10.86322033405304">
				<ele>1281.0</ele>
				<time>2026-08-11T09:49:13Z</time>
			</trkpt>
			<trkpt lat="45.72471594810486" lon="10.86308240890503">
				<ele>1282.4000244140625</ele>
				<time>2026-08-11T09:49:25Z</time>
			</trkpt>
			<trkpt lat="45.72472596168518" lon="10.862972259521484">
				<ele>1282.199951171875</ele>
				<time>2026-08-11T09:49:31Z</time>
			</trkpt>
			<trkpt lat="45.72472393512726" lon="10.862955927848816">
				<ele>1282.199951171875</ele>
				<time>2026-08-11T09:49:32Z</time>
			</trkpt>
			<trkpt lat="45.72472310066223" lon="10.862938523292542">
				<ele>1282.0</ele>
				<time>2026-08-11T09:49:33Z</time>
			</trkpt>
			<trkpt lat="45.724725127220154" lon="10.862922072410583">
				<ele>1282.0</ele>
				<time>2026-08-11T09:49:34Z</time>
			</trkpt>
			<trkpt lat="45.72472822666168" lon="10.862905740737915">
				<ele>1281.800048828125</ele>
				<time>2026-08-11T09:49:35Z</time>
			</trkpt>
			<trkpt lat="45.72473442554474" lon="10.86288857460022">
				<ele>1281.5999755859375</ele>
				<time>2026-08-11T09:49:36Z</time>
			</trkpt>
			<trkpt lat="45.72473752498627" lon="10.862867951393127">
				<ele>1281.4000244140625</ele>
				<time>2026-08-11T09:49:37Z</time>
			</trkpt>
			<trkpt lat="45.72480022907257" lon="10.862716794013977">
				<ele>1281.199951171875</ele>
				<time>2026-08-11T09:49:49Z</time>
			</trkpt>
			<trkpt lat="45.7248649597168" lon="10.862538933753967">
				<ele>1284.0</ele>
				<time>2026-08-11T09:50:05Z</time>
			</trkpt>
			<trkpt lat="45.72486197948456" lon="10.862417221069336">
				<ele>1283.0</ele>
				<time>2026-08-11T09:50:25Z</time>
			</trkpt>
			<trkpt lat="45.72477054595947" lon="10.862358212471008">
				<ele>1280.800048828125</ele>
				<time>2026-08-11T09:50:34Z</time>
			</trkpt>
			<trkpt lat="45.724743723869324" lon="10.862374901771545">
				<ele>1280.4000244140625</ele>
				<time>2026-08-11T09:50:37Z</time>
			</trkpt>
			<trkpt lat="45.72457814216614" lon="10.862505674362183">
				<ele>1280.5999755859375</ele>
				<time>2026-08-11T09:50:53Z</time>
			</trkpt>
			<trkpt lat="45.72451889514923" lon="10.862514853477478">
				<ele>1280.4000244140625</ele>
				<time>2026-08-11T09:50:59Z</time>
			</trkpt>
			<trkpt lat="45.724509596824646" lon="10.862509965896606">
				<ele>1280.4000244140625</ele>
				<time>2026-08-11T09:51:00Z</time>
			</trkpt>
			<trkpt lat="45.72449815273285" lon="10.862507462501526">
				<ele>1280.4000244140625</ele>
				<time>2026-08-11T09:51:01Z</time>
			</trkpt>
			<trkpt lat="45.72444820404053" lon="10.862511038780212">
				<ele>1280.800048828125</ele>
				<time>2026-08-11T09:51:06Z</time>
			</trkpt>
			<trkpt lat="45.72443723678589" lon="10.862518072128296">
				<ele>1281.0</ele>
				<time>2026-08-11T09:51:07Z</time>
			</trkpt>
			<trkpt lat="45.72442543506622" lon="10.86252748966217">
				<ele>1281.0</ele>
				<time>2026-08-11T09:51:08Z</time>
			</trkpt>
			<trkpt lat="45.72427701950073" lon="10.862642526626587">
				<ele>1282.4000244140625</ele>
				<time>2026-08-11T09:51:23Z</time>
			</trkpt>
			<trkpt lat="45.72423827648163" lon="10.862656116485596">
				<ele>1282.800048828125</ele>
				<time>2026-08-11T09:51:27Z</time>
			</trkpt>
			<trkpt lat="45.72422420978546" lon="10.862666606903076">
				<ele>1283.0</ele>
				<time>2026-08-11T09:51:28Z</time>
			</trkpt>
			<trkpt lat="45.724114537239075" lon="10.862679243087769">
				<ele>1284.800048828125</ele>
				<time>2026-08-11T09:51:41Z</time>
			</trkpt>
			<trkpt lat="45.72397565841675" lon="10.86276888847351">
				<ele>1287.5999755859375</ele>
				<time>2026-08-11T09:51:57Z</time>
			</trkpt>
			<trkpt lat="45.72391855716705" lon="10.862782955169678">
				<ele>1288.800048828125</ele>
				<time>2026-08-11T09:52:04Z</time>
			</trkpt>
			<trkpt lat="45.72377872467041" lon="10.862744808197021">
				<ele>1291.4000244140625</ele>
				<time>2026-08-11T09:52:23Z</time>
			</trkpt>
			<trkpt lat="45.72366523742676" lon="10.86286449432373">
				<ele>1294.0</ele>
				<time>2026-08-11T09:52:44Z</time>
			</trkpt>
			<trkpt lat="45.72363257408142" lon="10.86290431022644">
				<ele>1296.199951171875</ele>
				<time>2026-08-11T09:53:05Z</time>
			</trkpt>
			<trkpt lat="45.723520159721375" lon="10.862926602363586">
				<ele>1297.5999755859375</ele>
				<time>2026-08-11T09:53:23Z</time>
			</trkpt>
			<trkpt lat="45.72333323955536" lon="10.86300790309906">
				<ele>1300.800048828125</ele>
				<time>2026-08-11T09:53:43Z</time>
			</trkpt>
			<trkpt lat="45.723296761512756" lon="10.863034725189209">
				<ele>1303.0</ele>
				<time>2026-08-11T09:54:08Z</time>
			</trkpt>
			<trkpt lat="45.72329807281494" lon="10.862980008125305">
				<ele>1304.199951171875</ele>
				<time>2026-08-11T09:54:30Z</time>
			</trkpt>
			<trkpt lat="45.72332203388214" lon="10.862924575805664">
				<ele>1306.4000244140625</ele>
				<time>2026-08-11T09:54:49Z</time>
			</trkpt>
			<trkpt lat="45.72330343723297" lon="10.862928032875061">
				<ele>1306.5999755859375</ele>
				<time>2026-08-11T09:55:17Z</time>
			</trkpt>
			<trkpt lat="45.72329390048981" lon="10.862943649291992">
				<ele>1306.5999755859375</ele>
				<time>2026-08-11T09:55:44Z</time>
			</trkpt>
			<trkpt lat="45.72330570220947" lon="10.862914443016052">
				<ele>1306.5999755859375</ele>
				<time>2026-08-11T09:56:11Z</time>
			</trkpt>
			<trkpt lat="45.72334170341492" lon="10.862780332565308">
				<ele>1308.5999755859375</ele>
				<time>2026-08-11T09:56:32Z</time>
			</trkpt>
			<trkpt lat="45.72329139709473" lon="10.862775325775146">
				<ele>1309.199951171875</ele>
				<time>2026-08-11T09:56:53Z</time>
			</trkpt>
			<trkpt lat="45.72316133975983" lon="10.86279284954071">
				<ele>1311.199951171875</ele>
				<time>2026-08-11T09:57:11Z</time>
			</trkpt>
			<trkpt lat="45.723055362701416" lon="10.862879514694214">
				<ele>1314.199951171875</ele>
				<time>2026-08-11T09:57:28Z</time>
			</trkpt>
			<trkpt lat="45.72293758392334" lon="10.862990975379944">
				<ele>1317.199951171875</ele>
				<time>2026-08-11T09:57:46Z</time>
			</trkpt>
			<trkpt lat="45.72281563282013" lon="10.863096833229065">
				<ele>1320.199951171875</ele>
				<time>2026-08-11T09:58:04Z</time>
			</trkpt>
			<trkpt lat="45.72279191017151" lon="10.863110184669495">
				<ele>1322.800048828125</ele>
				<time>2026-08-11T09:58:29Z</time>
			</trkpt>
			<trkpt lat="45.72278952598572" lon="10.86312198638916">
				<ele>1323.0</ele>
				<time>2026-08-11T09:59:01Z</time>
			</trkpt>
			<trkpt lat="45.72271752357483" lon="10.863142132759094">
				<ele>1323.5999755859375</ele>
				<time>2026-08-11T09:59:21Z</time>
			</trkpt>
			<trkpt lat="45.72266495227814" lon="10.86314857006073">
				<ele>1324.199951171875</ele>
				<time>2026-08-11T09:59:27Z</time>
			</trkpt>
			<trkpt lat="45.72264611721039" lon="10.863165259361267">
				<ele>1324.4000244140625</ele>
				<time>2026-08-11T09:59:29Z</time>
			</trkpt>
			<trkpt lat="45.72246181964874" lon="10.863234162330627">
				<ele>1325.0</ele>
				<time>2026-08-11T09:59:44Z</time>
			</trkpt>
			<trkpt lat="45.722269892692566" lon="10.863220930099487">
				<ele>1325.199951171875</ele>
				<time>2026-08-11T10:00:00Z</time>
			</trkpt>
			<trkpt lat="45.7221999168396" lon="10.863184690475464">
				<ele>1325.4000244140625</ele>
				<time>2026-08-11T10:00:06Z</time>
			</trkpt>
			<trkpt lat="45.722058057785034" lon="10.86303973197937">
				<ele>1327.0</ele>
				<time>2026-08-11T10:00:24Z</time>
			</trkpt>
			<trkpt lat="45.72204399108887" lon="10.863006830215454">
				<ele>1327.199951171875</ele>
				<time>2026-08-11T10:00:26Z</time>
			</trkpt>
			<trkpt lat="45.721908926963806" lon="10.862755537033081">
				<ele>1328.5999755859375</ele>
				<time>2026-08-11T10:00:47Z</time>
			</trkpt>
			<trkpt lat="45.721800327301025" lon="10.86257779598236">
				<ele>1329.5999755859375</ele>
				<time>2026-08-11T10:01:01Z</time>
			</trkpt>
			<trkpt lat="45.721715092659" lon="10.862304329872131">
				<ele>1331.0</ele>
				<time>2026-08-11T10:01:18Z</time>
			</trkpt>
			<trkpt lat="45.72168409824371" lon="10.862082362174988">
				<ele>1334.199951171875</ele>
				<time>2026-08-11T10:01:35Z</time>
			</trkpt>
			<trkpt lat="45.72169387340546" lon="10.862078189849854">
				<ele>1336.0</ele>
				<time>2026-08-11T10:02:00Z</time>
			</trkpt>
			<trkpt lat="45.72170889377594" lon="10.862075090408325">
				<ele>1336.199951171875</ele>
				<time>2026-08-11T10:02:30Z</time>
			</trkpt>
			<trkpt lat="45.72171640396118" lon="10.862048268318176">
				<ele>1336.199951171875</ele>
				<time>2026-08-11T10:02:53Z</time>
			</trkpt>
			<trkpt lat="45.721702098846436" lon="10.862034678459167">
				<ele>1335.4000244140625</ele>
				<time>2026-08-11T10:03:14Z</time>
			</trkpt>
			<trkpt lat="45.72171199321747" lon="10.86203670501709">
				<ele>1335.4000244140625</ele>
				<time>2026-08-11T10:07:13Z</time>
			</trkpt>
			<trkpt lat="45.72169506549835" lon="10.862018585205078">
				<ele>1336.0</ele>
				<time>2026-08-11T10:09:28Z</time>
			</trkpt>
			<trkpt lat="45.72169077396393" lon="10.862032055854797">
				<ele>1336.199951171875</ele>
				<time>2026-08-11T10:09:54Z</time>
			</trkpt>
			<trkpt lat="45.72162222862244" lon="10.861889243125916">
				<ele>1335.800048828125</ele>
				<time>2026-08-11T10:10:11Z</time>
			</trkpt>
			<trkpt lat="45.72155690193176" lon="10.861695647239685">
				<ele>1333.199951171875</ele>
				<time>2026-08-11T10:10:27Z</time>
			</trkpt>
			<trkpt lat="45.721515417099" lon="10.861584782600403">
				<ele>1330.4000244140625</ele>
				<time>2026-08-11T10:10:40Z</time>
			</trkpt>
			<trkpt lat="45.72150528430939" lon="10.861560463905334">
				<ele>1328.0</ele>
				<time>2026-08-11T10:10:59Z</time>
			</trkpt>
			<trkpt lat="45.72150790691376" lon="10.861416459083557">
				<ele>1327.4000244140625</ele>
				<time>2026-08-11T10:11:16Z</time>
			</trkpt>
			<trkpt lat="45.721489667892456" lon="10.861390352249146">
				<ele>1327.4000244140625</ele>
				<time>2026-08-11T10:11:18Z</time>
			</trkpt>
			<trkpt lat="45.72147619724274" lon="10.861366391181946">
				<ele>1327.199951171875</ele>
				<time>2026-08-11T10:11:20Z</time>
			</trkpt>
			<trkpt lat="45.7214138507843" lon="10.861123442649841">
				<ele>1325.4000244140625</ele>
				<time>2026-08-11T10:11:36Z</time>
			</trkpt>
			<trkpt lat="45.721404790878296" lon="10.860918879508972">
				<ele>1324.4000244140625</ele>
				<time>2026-08-11T10:11:49Z</time>
			</trkpt>
			<trkpt lat="45.72139608860016" lon="10.860912919044495">
				<ele>1324.199951171875</ele>
				<time>2026-08-11T10:11:50Z</time>
			</trkpt>
			<trkpt lat="45.721333265304565" lon="10.860915541648865">
				<ele>1323.5999755859375</ele>
				<time>2026-08-11T10:11:58Z</time>
			</trkpt>
			<trkpt lat="45.72127854824066" lon="10.86097252368927">
				<ele>1323.5999755859375</ele>
				<time>2026-08-11T10:12:04Z</time>
			</trkpt>
			<trkpt lat="45.72127187252045" lon="10.860988020896912">
				<ele>1323.5999755859375</ele>
				<time>2026-08-11T10:12:05Z</time>
			</trkpt>
			<trkpt lat="45.721160650253296" lon="10.861139416694641">
				<ele>1326.0</ele>
				<time>2026-08-11T10:12:22Z</time>
			</trkpt>
			<trkpt lat="45.72113311290741" lon="10.861166000366211">
				<ele>1326.5999755859375</ele>
				<time>2026-08-11T10:12:25Z</time>
			</trkpt>
			<trkpt lat="45.7211217880249" lon="10.861173510551453">
				<ele>1326.800048828125</ele>
				<time>2026-08-11T10:12:26Z</time>
			</trkpt>
			<trkpt lat="45.72111177444458" lon="10.861183047294617">
				<ele>1327.0</ele>
				<time>2026-08-11T10:12:27Z</time>
			</trkpt>
			<trkpt lat="45.72108745574951" lon="10.861203789710999">
				<ele>1327.4000244140625</ele>
				<time>2026-08-11T10:12:30Z</time>
			</trkpt>
			<trkpt lat="45.720945596694946" lon="10.861222863197327">
				<ele>1330.0</ele>
				<time>2026-08-11T10:12:44Z</time>
			</trkpt>
			<trkpt lat="45.720893144607544" lon="10.861203670501709">
				<ele>1330.4000244140625</ele>
				<time>2026-08-11T10:12:58Z</time>
			</trkpt>
			<trkpt lat="45.72084975242615" lon="10.861181855201721">
				<ele>1329.4000244140625</ele>
				<time>2026-08-11T10:13:27Z</time>
			</trkpt>
			<trkpt lat="45.7208389043808" lon="10.86117672920227">
				<ele>1329.199951171875</ele>
				<time>2026-08-11T10:13:28Z</time>
			</trkpt>
			<trkpt lat="45.72082579135895" lon="10.861169576644897">
				<ele>1329.199951171875</ele>
				<time>2026-08-11T10:13:29Z</time>
			</trkpt>
			<trkpt lat="45.72081387042999" lon="10.861160039901733">
				<ele>1329.199951171875</ele>
				<time>2026-08-11T10:13:30Z</time>
			</trkpt>
			<trkpt lat="45.720802903175354" lon="10.861150979995728">
				<ele>1329.199951171875</ele>
				<time>2026-08-11T10:13:31Z</time>
			</trkpt>
			<trkpt lat="45.72079300880432" lon="10.861145257949829">
				<ele>1329.0</ele>
				<time>2026-08-11T10:13:32Z</time>
			</trkpt>
			<trkpt lat="45.72078251838684" lon="10.861139416694641">
				<ele>1329.0</ele>
				<time>2026-08-11T10:13:33Z</time>
			</trkpt>
			<trkpt lat="45.72077238559723" lon="10.861132025718689">
				<ele>1328.800048828125</ele>
				<time>2026-08-11T10:13:34Z</time>
			</trkpt>
			<trkpt lat="45.72076392173767" lon="10.861122727394104">
				<ele>1328.800048828125</ele>
				<time>2026-08-11T10:13:35Z</time>
			</trkpt>
			<trkpt lat="45.72075617313385" lon="10.861111998558044">
				<ele>1328.5999755859375</ele>
				<time>2026-08-11T10:13:36Z</time>
			</trkpt>
			<trkpt lat="45.72074842453003" lon="10.8610999584198">
				<ele>1328.4000244140625</ele>
				<time>2026-08-11T10:13:37Z</time>
			</trkpt>
			<trkpt lat="45.72065532207489" lon="10.861031651496887">
				<ele>1327.5999755859375</ele>
				<time>2026-08-11T10:13:48Z</time>
			</trkpt>
			<trkpt lat="45.72064220905304" lon="10.861036777496338">
				<ele>1327.4000244140625</ele>
				<time>2026-08-11T10:13:49Z</time>
			</trkpt>
			<trkpt lat="45.72057867050171" lon="10.861120581626892">
				<ele>1326.5999755859375</ele>
				<time>2026-08-11T10:14:00Z</time>
			</trkpt>
			<trkpt lat="45.72057330608368" lon="10.861130952835083">
				<ele>1326.5999755859375</ele>
				<time>2026-08-11T10:14:01Z</time>
			</trkpt>
			<trkpt lat="45.72056341171265" lon="10.861163854598999">
				<ele>1326.5999755859375</ele>
				<time>2026-08-11T10:14:04Z</time>
			</trkpt>
			<trkpt lat="45.72056245803833" lon="10.861177206039429">
				<ele>1326.5999755859375</ele>
				<time>2026-08-11T10:14:05Z</time>
			</trkpt>
			<trkpt lat="45.72056210041046" lon="10.861190795898438">
				<ele>1326.5999755859375</ele>
				<time>2026-08-11T10:14:06Z</time>
			</trkpt>
			<trkpt lat="45.72056210041046" lon="10.861205220222473">
				<ele>1326.800048828125</ele>
				<time>2026-08-11T10:14:07Z</time>
			</trkpt>
			<trkpt lat="45.7205570936203" lon="10.86143946647644">
				<ele>1329.0</ele>
				<time>2026-08-11T10:14:22Z</time>
			</trkpt>
			<trkpt lat="45.72050428390503" lon="10.86164915561676">
				<ele>1331.199951171875</ele>
				<time>2026-08-11T10:14:37Z</time>
			</trkpt>
			<trkpt lat="45.72038698196411" lon="10.861749172210693">
				<ele>1332.5999755859375</ele>
				<time>2026-08-11T10:14:52Z</time>
			</trkpt>
			<trkpt lat="45.72038722038269" lon="10.861770868301392">
				<ele>1332.800048828125</ele>
				<time>2026-08-11T10:15:17Z</time>
			</trkpt>
			<trkpt lat="45.72037661075592" lon="10.86184298992157">
				<ele>1332.4000244140625</ele>
				<time>2026-08-11T10:15:43Z</time>
			</trkpt>
			<trkpt lat="45.720348477363586" lon="10.861846685409546">
				<ele>1332.0</ele>
				<time>2026-08-11T10:15:46Z</time>
			</trkpt>
			<trkpt lat="45.72018480300903" lon="10.861897826194763">
				<ele>1330.4000244140625</ele>
				<time>2026-08-11T10:16:02Z</time>
			</trkpt>
			<trkpt lat="45.72010040283203" lon="10.861960053443909">
				<ele>1329.4000244140625</ele>
				<time>2026-08-11T10:16:12Z</time>
			</trkpt>
			<trkpt lat="45.71995723247528" lon="10.861974835395813">
				<ele>1327.800048828125</ele>
				<time>2026-08-11T10:16:29Z</time>
			</trkpt>
			<trkpt lat="45.719865679740906" lon="10.861894845962524">
				<ele>1324.5999755859375</ele>
				<time>2026-08-11T10:16:46Z</time>
			</trkpt>
			<trkpt lat="45.71986496448517" lon="10.861894130706787">
				<ele>1323.800048828125</ele>
				<time>2026-08-11T10:16:48Z</time>
			</trkpt>
			<trkpt lat="45.719775795936584" lon="10.861888408660889">
				<ele>1324.4000244140625</ele>
				<time>2026-08-11T10:17:06Z</time>
			</trkpt>
			<trkpt lat="45.71967124938965" lon="10.861961483955383">
				<ele>1323.800048828125</ele>
				<time>2026-08-11T10:17:28Z</time>
			</trkpt>
			<trkpt lat="45.719544887542725" lon="10.862125635147095">
				<ele>1326.199951171875</ele>
				<time>2026-08-11T10:17:48Z</time>
			</trkpt>
			<trkpt lat="45.71943247318268" lon="10.862306118011475">
				<ele>1328.4000244140625</ele>
				<time>2026-08-11T10:18:07Z</time>
			</trkpt>
			<trkpt lat="45.71939706802368" lon="10.862490773200989">
				<ele>1325.5999755859375</ele>
				<time>2026-08-11T10:18:21Z</time>
			</trkpt>
			<trkpt lat="45.719326853752136" lon="10.862654447555542">
				<ele>1324.800048828125</ele>
				<time>2026-08-11T10:18:41Z</time>
			</trkpt>
			<trkpt lat="45.719310998916626" lon="10.862651944160461">
				<ele>1324.800048828125</ele>
				<time>2026-08-11T10:18:59Z</time>
			</trkpt>
			<trkpt lat="45.719263315200806" lon="10.862661838531494">
				<ele>1324.800048828125</ele>
				<time>2026-08-11T10:19:04Z</time>
			</trkpt>
			<trkpt lat="45.71925115585327" lon="10.862666487693787">
				<ele>1324.800048828125</ele>
				<time>2026-08-11T10:19:05Z</time>
			</trkpt>
			<trkpt lat="45.71924042701721" lon="10.86266815662384">
				<ele>1324.800048828125</ele>
				<time>2026-08-11T10:19:06Z</time>
			</trkpt>
			<trkpt lat="45.719138979911804" lon="10.8627290725708">
				<ele>1324.5999755859375</ele>
				<time>2026-08-11T10:19:21Z</time>
			</trkpt>
			<trkpt lat="45.71910774707794" lon="10.862775683403015">
				<ele>1325.5999755859375</ele>
				<time>2026-08-11T10:19:36Z</time>
			</trkpt>
			<trkpt lat="45.71915543079376" lon="10.862832188606262">
				<ele>1326.0</ele>
				<time>2026-08-11T10:19:59Z</time>
			</trkpt>
			<trkpt lat="45.71915829181671" lon="10.862845182418823">
				<ele>1326.199951171875</ele>
				<time>2026-08-11T10:20:00Z</time>
			</trkpt>
			<trkpt lat="45.719231724739075" lon="10.862913966178894">
				<ele>1327.800048828125</ele>
				<time>2026-08-11T10:20:10Z</time>
			</trkpt>
			<trkpt lat="45.719242453575134" lon="10.86290967464447">
				<ele>1328.0</ele>
				<time>2026-08-11T10:20:11Z</time>
			</trkpt>
			<trkpt lat="45.71935963630676" lon="10.863065242767334">
				<ele>1328.5999755859375</ele>
				<time>2026-08-11T10:20:27Z</time>
			</trkpt>
			<trkpt lat="45.719412088394165" lon="10.863207221031189">
				<ele>1329.0</ele>
				<time>2026-08-11T10:20:39Z</time>
			</trkpt>
			<trkpt lat="45.71947264671326" lon="10.863304138183594">
				<ele>1329.0</ele>
				<time>2026-08-11T10:20:46Z</time>
			</trkpt>
			<trkpt lat="45.71948552131653" lon="10.863310813903809">
				<ele>1329.0</ele>
				<time>2026-08-11T10:20:47Z</time>
			</trkpt>
			<trkpt lat="45.71954596042633" lon="10.86338186264038">
				<ele>1328.199951171875</ele>
				<time>2026-08-11T10:20:54Z</time>
			</trkpt>
			<trkpt lat="45.71968674659729" lon="10.863526821136475">
				<ele>1327.800048828125</ele>
				<time>2026-08-11T10:21:09Z</time>
			</trkpt>
			<trkpt lat="45.719870924949646" lon="10.863648176193237">
				<ele>1329.0</ele>
				<time>2026-08-11T10:21:28Z</time>
			</trkpt>
			<trkpt lat="45.71997559070587" lon="10.863754987716675">
				<ele>1326.0</ele>
				<time>2026-08-11T10:21:46Z</time>
			</trkpt>
			<trkpt lat="45.7199912071228" lon="10.863795042037964">
				<ele>1325.4000244140625</ele>
				<time>2026-08-11T10:21:49Z</time>
			</trkpt>
			<trkpt lat="45.72003877162933" lon="10.863976001739502">
				<ele>1323.199951171875</ele>
				<time>2026-08-11T10:22:01Z</time>
			</trkpt>
			<trkpt lat="45.720051884651184" lon="10.864091515541077">
				<ele>1322.4000244140625</ele>
				<time>2026-08-11T10:22:08Z</time>
			</trkpt>
			<trkpt lat="45.72005105018616" lon="10.864109873771667">
				<ele>1322.4000244140625</ele>
				<time>2026-08-11T10:22:09Z</time>
			</trkpt>
			<trkpt lat="45.72005021572113" lon="10.864126086235046">
				<ele>1322.4000244140625</ele>
				<time>2026-08-11T10:22:10Z</time>
			</trkpt>
			<trkpt lat="45.72008180618286" lon="10.864283800125122">
				<ele>1323.4000244140625</ele>
				<time>2026-08-11T10:22:22Z</time>
			</trkpt>
			<trkpt lat="45.72008740901947" lon="10.864302158355713">
				<ele>1323.5999755859375</ele>
				<time>2026-08-11T10:22:23Z</time>
			</trkpt>
			<trkpt lat="45.720107674598694" lon="10.86435067653656">
				<ele>1324.0</ele>
				<time>2026-08-11T10:22:26Z</time>
			</trkpt>
			<trkpt lat="45.72011399269104" lon="10.864364504814148">
				<ele>1324.199951171875</ele>
				<time>2026-08-11T10:22:27Z</time>
			</trkpt>
			<trkpt lat="45.72013604640961" lon="10.864444851875305">
				<ele>1324.800048828125</ele>
				<time>2026-08-11T10:22:33Z</time>
			</trkpt>
			<trkpt lat="45.720157980918884" lon="10.86456036567688">
				<ele>1326.0</ele>
				<time>2026-08-11T10:22:42Z</time>
			</trkpt>
			<trkpt lat="45.72016704082489" lon="10.86457633972168">
				<ele>1326.0</ele>
				<time>2026-08-11T10:22:43Z</time>
			</trkpt>
			<trkpt lat="45.72020065784454" lon="10.864779353141785">
				<ele>1327.0</ele>
				<time>2026-08-11T10:22:58Z</time>
			</trkpt>
			<trkpt lat="45.72017753124237" lon="10.864884972572327">
				<ele>1326.800048828125</ele>
				<time>2026-08-11T10:23:05Z</time>
			</trkpt>
			<trkpt lat="45.72020864486694" lon="10.865052342414856">
				<ele>1326.800048828125</ele>
				<time>2026-08-11T10:23:17Z</time>
			</trkpt>
			<trkpt lat="45.72021734714508" lon="10.86506724357605">
				<ele>1326.5999755859375</ele>
				<time>2026-08-11T10:23:18Z</time>
			</trkpt>
			<trkpt lat="45.72022271156311" lon="10.865084767341614">
				<ele>1326.5999755859375</ele>
				<time>2026-08-11T10:23:19Z</time>
			</trkpt>
			<trkpt lat="45.720232009887695" lon="10.86509895324707">
				<ele>1326.4000244140625</ele>
				<time>2026-08-11T10:23:20Z</time>
			</trkpt>
			<trkpt lat="45.72023868560791" lon="10.865112900733948">
				<ele>1326.199951171875</ele>
				<time>2026-08-11T10:23:21Z</time>
			</trkpt>
			<trkpt lat="45.72024488449097" lon="10.865128993988037">
				<ele>1326.199951171875</ele>
				<time>2026-08-11T10:23:22Z</time>
			</trkpt>
			<trkpt lat="45.720250725746155" lon="10.865145683288574">
				<ele>1326.0</ele>
				<time>2026-08-11T10:23:23Z</time>
			</trkpt>
			<trkpt lat="45.720253467559814" lon="10.865162134170532">
				<ele>1325.800048828125</ele>
				<time>2026-08-11T10:23:24Z</time>
			</trkpt>
			<trkpt lat="45.7202707529068" lon="10.865291714668274">
				<ele>1324.5999755859375</ele>
				<time>2026-08-11T10:23:33Z</time>
			</trkpt>
			<trkpt lat="45.72027504444122" lon="10.865445017814636">
				<ele>1324.800048828125</ele>
				<time>2026-08-11T10:23:44Z</time>
			</trkpt>
			<trkpt lat="45.7203152179718" lon="10.865630626678467">
				<ele>1324.800048828125</ele>
				<time>2026-08-11T10:23:58Z</time>
			</trkpt>
			<trkpt lat="45.720317006111145" lon="10.86573612689972">
				<ele>1323.5999755859375</ele>
				<time>2026-08-11T10:24:07Z</time>
			</trkpt>
			<trkpt lat="45.720288038253784" lon="10.865900039672852">
				<ele>1322.5999755859375</ele>
				<time>2026-08-11T10:24:19Z</time>
			</trkpt>
			<trkpt lat="45.7202935218811" lon="10.865947604179382">
				<ele>1322.800048828125</ele>
				<time>2026-08-11T10:24:22Z</time>
			</trkpt>
			<trkpt lat="45.7203004360199" lon="10.865994334220886">
				<ele>1323.0</ele>
				<time>2026-08-11T10:24:25Z</time>
			</trkpt>
			<trkpt lat="45.72029983997345" lon="10.866010785102844">
				<ele>1323.0</ele>
				<time>2026-08-11T10:24:26Z</time>
			</trkpt>
			<trkpt lat="45.72031104564667" lon="10.866271734237671">
				<ele>1323.199951171875</ele>
				<time>2026-08-11T10:24:43Z</time>
			</trkpt>
			<trkpt lat="45.72031629085541" lon="10.866348028182983">
				<ele>1323.0</ele>
				<time>2026-08-11T10:24:47Z</time>
			</trkpt>
			<trkpt lat="45.72030830383301" lon="10.866448163986206">
				<ele>1322.5999755859375</ele>
				<time>2026-08-11T10:24:54Z</time>
			</trkpt>
			<trkpt lat="45.720298290252686" lon="10.86657726764679">
				<ele>1322.199951171875</ele>
				<time>2026-08-11T10:25:02Z</time>
			</trkpt>
			<trkpt lat="45.72026348114014" lon="10.866803765296936">
				<ele>1322.199951171875</ele>
				<time>2026-08-11T10:25:17Z</time>
			</trkpt>
			<trkpt lat="45.72027814388275" lon="10.866910576820374">
				<ele>1323.199951171875</ele>
				<time>2026-08-11T10:25:23Z</time>
			</trkpt>
			<trkpt lat="45.72028911113739" lon="10.866998195648193">
				<ele>1324.0</ele>
				<time>2026-08-11T10:25:28Z</time>
			</trkpt>
			<trkpt lat="45.720290660858154" lon="10.867124080657959">
				<ele>1325.800048828125</ele>
				<time>2026-08-11T10:25:39Z</time>
			</trkpt>
			<trkpt lat="45.72031652927399" lon="10.867289900779724">
				<ele>1328.199951171875</ele>
				<time>2026-08-11T10:25:52Z</time>
			</trkpt>
			<trkpt lat="45.72034692764282" lon="10.867457032203674">
				<ele>1331.199951171875</ele>
				<time>2026-08-11T10:26:07Z</time>
			</trkpt>
			<trkpt lat="45.72037208080292" lon="10.867624521255493">
				<ele>1333.4000244140625</ele>
				<time>2026-08-11T10:26:23Z</time>
			</trkpt>
			<trkpt lat="45.720385670661926" lon="10.867650508880615">
				<ele>1335.5999755859375</ele>
				<time>2026-08-11T10:26:42Z</time>
			</trkpt>
			<trkpt lat="45.72038412094116" lon="10.867687821388245">
				<ele>1336.800048828125</ele>
				<time>2026-08-11T10:26:56Z</time>
			</trkpt>
			<trkpt lat="45.72037088871002" lon="10.86788272857666">
				<ele>1339.5999755859375</ele>
				<time>2026-08-11T10:27:11Z</time>
			</trkpt>
			<trkpt lat="45.72038221359253" lon="10.867895483970642">
				<ele>1340.800048828125</ele>
				<time>2026-08-11T10:27:29Z</time>
			</trkpt>
			<trkpt lat="45.720391511917114" lon="10.867903709411621">
				<ele>1340.800048828125</ele>
				<time>2026-08-11T10:27:50Z</time>
			</trkpt>
			<trkpt lat="45.720399141311646" lon="10.867985010147095">
				<ele>1340.800048828125</ele>
				<time>2026-08-11T10:28:17Z</time>
			</trkpt>
			<trkpt lat="45.72038412094116" lon="10.868134498596191">
				<ele>1341.199951171875</ele>
				<time>2026-08-11T10:28:31Z</time>
			</trkpt>
			<trkpt lat="45.72043442726135" lon="10.868285655975342">
				<ele>1343.0</ele>
				<time>2026-08-11T10:28:42Z</time>
			</trkpt>
			<trkpt lat="45.72044622898102" lon="10.868304133415222">
				<ele>1343.199951171875</ele>
				<time>2026-08-11T10:28:43Z</time>
			</trkpt>
			<trkpt lat="45.720452189445496" lon="10.868318676948547">
				<ele>1343.4000244140625</ele>
				<time>2026-08-11T10:28:44Z</time>
			</trkpt>
			<trkpt lat="45.72049152851105" lon="10.868473410606384">
				<ele>1344.5999755859375</ele>
				<time>2026-08-11T10:28:54Z</time>
			</trkpt>
			<trkpt lat="45.72051286697388" lon="10.868561863899231">
				<ele>1345.800048828125</ele>
				<time>2026-08-11T10:29:02Z</time>
			</trkpt>
			<trkpt lat="45.72056519985199" lon="10.868682622909546">
				<ele>1347.5999755859375</ele>
				<time>2026-08-11T10:29:13Z</time>
			</trkpt>
			<trkpt lat="45.7205970287323" lon="10.868802785873413">
				<ele>1350.199951171875</ele>
				<time>2026-08-11T10:29:35Z</time>
			</trkpt>
			<trkpt lat="45.72059190273285" lon="10.868791103363037">
				<ele>1349.199951171875</ele>
				<time>2026-08-11T10:29:55Z</time>
			</trkpt>
			<trkpt lat="45.72059345245361" lon="10.868781566619873">
				<ele>1349.199951171875</ele>
				<time>2026-08-11T10:30:17Z</time>
			</trkpt>
			<trkpt lat="45.72059679031372" lon="10.868780970573425">
				<ele>1349.199951171875</ele>
				<time>2026-08-11T10:30:50Z</time>
			</trkpt>
			<trkpt lat="45.720606088638306" lon="10.86876904964447">
				<ele>1349.199951171875</ele>
				<time>2026-08-11T10:31:35Z</time>
			</trkpt>
			<trkpt lat="45.72060942649841" lon="10.868768334388733">
				<ele>1349.199951171875</ele>
				<time>2026-08-11T10:32:00Z</time>
			</trkpt>
			<trkpt lat="45.72061228752136" lon="10.868773341178894">
				<ele>1349.199951171875</ele>
				<time>2026-08-11T10:32:24Z</time>
			</trkpt>
			<trkpt lat="45.7206004858017" lon="10.868780374526978">
				<ele>1349.4000244140625</ele>
				<time>2026-08-11T10:32:51Z</time>
			</trkpt>
			<trkpt lat="45.72058665752411" lon="10.868788480758667">
				<ele>1349.4000244140625</ele>
				<time>2026-08-11T10:33:16Z</time>
			</trkpt>
			<trkpt lat="45.72057390213013" lon="10.868788957595825">
				<ele>1349.4000244140625</ele>
				<time>2026-08-11T10:33:41Z</time>
			</trkpt>
			<trkpt lat="45.72056829929352" lon="10.868777990341187">
				<ele>1349.4000244140625</ele>
				<time>2026-08-11T10:34:12Z</time>
			</trkpt>
			<trkpt lat="45.72057223320007" lon="10.868756175041199">
				<ele>1350.0</ele>
				<time>2026-08-11T10:34:31Z</time>
			</trkpt>
			<trkpt lat="45.72057783603668" lon="10.868751764297485">
				<ele>1350.5999755859375</ele>
				<time>2026-08-11T10:34:33Z</time>
			</trkpt>
			<trkpt lat="45.720587968826294" lon="10.868736624717712">
				<ele>1349.4000244140625</ele>
				<time>2026-08-11T10:34:58Z</time>
			</trkpt>
			<trkpt lat="45.72058939933777" lon="10.868725299835205">
				<ele>1349.4000244140625</ele>
				<time>2026-08-11T10:35:19Z</time>
			</trkpt>
			<trkpt lat="45.720585227012634" lon="10.86873173713684">
				<ele>1349.5999755859375</ele>
				<time>2026-08-11T10:35:38Z</time>
			</trkpt>
			<trkpt lat="45.720600724220276" lon="10.868721604347229">
				<ele>1349.4000244140625</ele>
				<time>2026-08-11T10:36:07Z</time>
			</trkpt>
			<trkpt lat="45.72060692310333" lon="10.868715047836304">
				<ele>1349.5999755859375</ele>
				<time>2026-08-11T10:36:32Z</time>
			</trkpt>
			<trkpt lat="45.72061777114868" lon="10.86873173713684">
				<ele>1350.4000244140625</ele>
				<time>2026-08-11T10:36:52Z</time>
			</trkpt>
			<trkpt lat="45.72061288356781" lon="10.868791103363037">
				<ele>1350.4000244140625</ele>
				<time>2026-08-11T10:37:14Z</time>
			</trkpt>
			<trkpt lat="45.72059953212738" lon="10.868966698646545">
				<ele>1352.199951171875</ele>
				<time>2026-08-11T10:37:32Z</time>
			</trkpt>
			<trkpt lat="45.72063958644867" lon="10.869195938110352">
				<ele>1355.199951171875</ele>
				<time>2026-08-11T10:37:47Z</time>
			</trkpt>
			<trkpt lat="45.720656394958496" lon="10.869200706481934">
				<ele>1355.199951171875</ele>
				<time>2026-08-11T10:37:48Z</time>
			</trkpt>
			<trkpt lat="45.72068405151367" lon="10.869215369224548">
				<ele>1355.4000244140625</ele>
				<time>2026-08-11T10:37:50Z</time>
			</trkpt>
			<trkpt lat="45.72069704532623" lon="10.869228720664978">
				<ele>1355.4000244140625</ele>
				<time>2026-08-11T10:37:51Z</time>
			</trkpt>
			<trkpt lat="45.72070550918579" lon="10.869241714477539">
				<ele>1355.4000244140625</ele>
				<time>2026-08-11T10:37:52Z</time>
			</trkpt>
			<trkpt lat="45.72070837020874" lon="10.869320511817932">
				<ele>1355.199951171875</ele>
				<time>2026-08-11T10:37:57Z</time>
			</trkpt>
			<trkpt lat="45.72071182727814" lon="10.869338631629944">
				<ele>1355.0</ele>
				<time>2026-08-11T10:37:58Z</time>
			</trkpt>
			<trkpt lat="45.72071361541748" lon="10.869357466697693">
				<ele>1355.0</ele>
				<time>2026-08-11T10:37:59Z</time>
			</trkpt>
			<trkpt lat="45.720728039741516" lon="10.869595766067505">
				<ele>1356.199951171875</ele>
				<time>2026-08-11T10:38:15Z</time>
			</trkpt>
			<trkpt lat="45.72080683708191" lon="10.869850873947144">
				<ele>1357.199951171875</ele>
				<time>2026-08-11T10:38:31Z</time>
			</trkpt>
			<trkpt lat="45.72080874443054" lon="10.86986768245697">
				<ele>1357.199951171875</ele>
				<time>2026-08-11T10:38:32Z</time>
			</trkpt>
			<trkpt lat="45.72081184387207" lon="10.869884490966797">
				<ele>1357.199951171875</ele>
				<time>2026-08-11T10:38:33Z</time>
			</trkpt>
			<trkpt lat="45.720815658569336" lon="10.869903087615967">
				<ele>1357.4000244140625</ele>
				<time>2026-08-11T10:38:34Z</time>
			</trkpt>
			<trkpt lat="45.720821142196655" lon="10.869969487190247">
				<ele>1357.5999755859375</ele>
				<time>2026-08-11T10:38:38Z</time>
			</trkpt>
			<trkpt lat="45.72085165977478" lon="10.870090365409851">
				<ele>1358.0</ele>
				<time>2026-08-11T10:38:45Z</time>
			</trkpt>
			<trkpt lat="45.72084832191467" lon="10.870110750198364">
				<ele>1358.0</ele>
				<time>2026-08-11T10:38:46Z</time>
			</trkpt>
			<trkpt lat="45.720842361450195" lon="10.870145916938782">
				<ele>1358.199951171875</ele>
				<time>2026-08-11T10:38:48Z</time>
			</trkpt>
			<trkpt lat="45.72087347507477" lon="10.87030827999115">
				<ele>1358.5999755859375</ele>
				<time>2026-08-11T10:38:58Z</time>
			</trkpt>
			<trkpt lat="45.720868706703186" lon="10.870343804359436">
				<ele>1358.5999755859375</ele>
				<time>2026-08-11T10:39:00Z</time>
			</trkpt>
			<trkpt lat="45.72087574005127" lon="10.870470404624939">
				<ele>1359.0</ele>
				<time>2026-08-11T10:39:08Z</time>
			</trkpt>
			<trkpt lat="45.72087335586548" lon="10.870505213737488">
				<ele>1359.199951171875</ele>
				<time>2026-08-11T10:39:10Z</time>
			</trkpt>
			<trkpt lat="45.72088634967804" lon="10.870539546012878">
				<ele>1359.199951171875</ele>
				<time>2026-08-11T10:39:12Z</time>
			</trkpt>
			<trkpt lat="45.7208936214447" lon="10.870555877685547">
				<ele>1359.199951171875</ele>
				<time>2026-08-11T10:39:13Z</time>
			</trkpt>
			<trkpt lat="45.72092056274414" lon="10.870676875114441">
				<ele>1359.0</ele>
				<time>2026-08-11T10:39:20Z</time>
			</trkpt>
			<trkpt lat="45.72091543674469" lon="10.870762586593628">
				<ele>1358.5999755859375</ele>
				<time>2026-08-11T10:39:25Z</time>
			</trkpt>
			<trkpt lat="45.72089433670044" lon="10.87079930305481">
				<ele>1358.5999755859375</ele>
				<time>2026-08-11T10:39:28Z</time>
			</trkpt>
			<trkpt lat="45.72077751159668" lon="10.870936512947083">
				<ele>1359.199951171875</ele>
				<time>2026-08-11T10:39:40Z</time>
			</trkpt>
			<trkpt lat="45.72076153755188" lon="10.871009469032288">
				<ele>1359.199951171875</ele>
				<time>2026-08-11T10:39:47Z</time>
			</trkpt>
			<trkpt lat="45.72075581550598" lon="10.871021389961243">
				<ele>1359.199951171875</ele>
				<time>2026-08-11T10:39:48Z</time>
			</trkpt>
			<trkpt lat="45.72074782848358" lon="10.871035695075989">
				<ele>1359.199951171875</ele>
				<time>2026-08-11T10:39:49Z</time>
			</trkpt>
			<trkpt lat="45.72072780132294" lon="10.87124216556549">
				<ele>1357.5999755859375</ele>
				<time>2026-08-11T10:40:01Z</time>
			</trkpt>
			<trkpt lat="45.720757722854614" lon="10.871423482894897">
				<ele>1358.0</ele>
				<time>2026-08-11T10:40:12Z</time>
			</trkpt>
			<trkpt lat="45.720781445503235" lon="10.871511101722717">
				<ele>1358.4000244140625</ele>
				<time>2026-08-11T10:40:17Z</time>
			</trkpt>
			<trkpt lat="45.72078835964203" lon="10.871532201766968">
				<ele>1358.4000244140625</ele>
				<time>2026-08-11T10:40:18Z</time>
			</trkpt>
			<trkpt lat="45.72085654735565" lon="10.871697902679443">
				<ele>1358.800048828125</ele>
				<time>2026-08-11T10:40:29Z</time>
			</trkpt>
			<trkpt lat="45.72086274623871" lon="10.871841430664062">
				<ele>1359.800048828125</ele>
				<time>2026-08-11T10:40:42Z</time>
			</trkpt>
			<trkpt lat="45.72080194950104" lon="10.871942520141602">
				<ele>1359.800048828125</ele>
				<time>2026-08-11T10:40:57Z</time>
			</trkpt>
			<trkpt lat="45.72078561782837" lon="10.871971368789673">
				<ele>1359.4000244140625</ele>
				<time>2026-08-11T10:41:00Z</time>
			</trkpt>
			<trkpt lat="45.720779061317444" lon="10.871980905532837">
				<ele>1359.199951171875</ele>
				<time>2026-08-11T10:41:01Z</time>
			</trkpt>
			<trkpt lat="45.72069609165192" lon="10.872104525566101">
				<ele>1356.0</ele>
				<time>2026-08-11T10:41:15Z</time>
			</trkpt>
			<trkpt lat="45.72067415714264" lon="10.872135639190674">
				<ele>1355.199951171875</ele>
				<time>2026-08-11T10:41:18Z</time>
			</trkpt>
			<trkpt lat="45.72066617012024" lon="10.872148752212524">
				<ele>1355.0</ele>
				<time>2026-08-11T10:41:19Z</time>
			</trkpt>
			<trkpt lat="45.720656394958496" lon="10.872164845466614">
				<ele>1354.800048828125</ele>
				<time>2026-08-11T10:41:20Z</time>
			</trkpt>
			<trkpt lat="45.72064673900604" lon="10.872177243232727">
				<ele>1354.5999755859375</ele>
				<time>2026-08-11T10:41:21Z</time>
			</trkpt>
			<trkpt lat="45.72060585021973" lon="10.8723384141922">
				<ele>1352.0</ele>
				<time>2026-08-11T10:41:31Z</time>
			</trkpt>
			<trkpt lat="45.7205992937088" lon="10.872357964515686">
				<ele>1351.800048828125</ele>
				<time>2026-08-11T10:41:32Z</time>
			</trkpt>
			<trkpt lat="45.72059643268585" lon="10.872369408607483">
				<ele>1351.5999755859375</ele>
				<time>2026-08-11T10:41:33Z</time>
			</trkpt>
			<trkpt lat="45.72059369087219" lon="10.872573018074036">
				<ele>1350.5999755859375</ele>
				<time>2026-08-11T10:41:48Z</time>
			</trkpt>
			<trkpt lat="45.72048485279083" lon="10.872855305671692">
				<ele>1352.800048828125</ele>
				<time>2026-08-11T10:42:08Z</time>
			</trkpt>
			<trkpt lat="45.72046768665314" lon="10.872888922691345">
				<ele>1353.0</ele>
				<time>2026-08-11T10:42:10Z</time>
			</trkpt>
			<trkpt lat="45.72045838832855" lon="10.872902750968933">
				<ele>1353.0</ele>
				<time>2026-08-11T10:42:11Z</time>
			</trkpt>
			<trkpt lat="45.72045278549194" lon="10.872918128967285">
				<ele>1353.199951171875</ele>
				<time>2026-08-11T10:42:12Z</time>
			</trkpt>
			<trkpt lat="45.72044289112091" lon="10.872980952262878">
				<ele>1353.5999755859375</ele>
				<time>2026-08-11T10:42:16Z</time>
			</trkpt>
			<trkpt lat="45.72044229507446" lon="10.873003125190735">
				<ele>1353.800048828125</ele>
				<time>2026-08-11T10:42:17Z</time>
			</trkpt>
			<trkpt lat="45.72044014930725" lon="10.87302052974701">
				<ele>1353.800048828125</ele>
				<time>2026-08-11T10:42:18Z</time>
			</trkpt>
			<trkpt lat="45.72040903568268" lon="10.87311840057373">
				<ele>1353.800048828125</ele>
				<time>2026-08-11T10:42:26Z</time>
			</trkpt>
			<trkpt lat="45.72032153606415" lon="10.873238801956177">
				<ele>1354.199951171875</ele>
				<time>2026-08-11T10:42:39Z</time>
			</trkpt>
			<trkpt lat="45.72017538547516" lon="10.87348997592926">
				<ele>1355.5999755859375</ele>
				<time>2026-08-11T10:43:01Z</time>
			</trkpt>
			<trkpt lat="45.72016787528992" lon="10.873507499694824">
				<ele>1355.5999755859375</ele>
				<time>2026-08-11T10:43:02Z</time>
			</trkpt>
			<trkpt lat="45.720096468925476" lon="10.87375557422638">
				<ele>1355.5999755859375</ele>
				<time>2026-08-11T10:43:15Z</time>
			</trkpt>
			<trkpt lat="45.72009789943695" lon="10.873774886131287">
				<ele>1355.5999755859375</ele>
				<time>2026-08-11T10:43:16Z</time>
			</trkpt>
			<trkpt lat="45.720091700553894" lon="10.8738352060318">
				<ele>1356.0</ele>
				<time>2026-08-11T10:43:20Z</time>
			</trkpt>
			<trkpt lat="45.72008490562439" lon="10.873932719230652">
				<ele>1357.0</ele>
				<time>2026-08-11T10:43:28Z</time>
			</trkpt>
			<trkpt lat="45.7200882434845" lon="10.874128937721252">
				<ele>1359.0</ele>
				<time>2026-08-11T10:43:43Z</time>
			</trkpt>
			<trkpt lat="45.72006964683533" lon="10.874248623847961">
				<ele>1360.199951171875</ele>
				<time>2026-08-11T10:43:52Z</time>
			</trkpt>
			<trkpt lat="45.72007167339325" lon="10.874266147613525">
				<ele>1360.199951171875</ele>
				<time>2026-08-11T10:43:53Z</time>
			</trkpt>
			<trkpt lat="45.7201212644577" lon="10.874423146247864">
				<ele>1361.5999755859375</ele>
				<time>2026-08-11T10:44:04Z</time>
			</trkpt>
			<trkpt lat="45.72014534473419" lon="10.87450361251831">
				<ele>1362.199951171875</ele>
				<time>2026-08-11T10:44:09Z</time>
			</trkpt>
			<trkpt lat="45.72014558315277" lon="10.874524235725403">
				<ele>1362.4000244140625</ele>
				<time>2026-08-11T10:44:10Z</time>
			</trkpt>
			<trkpt lat="45.72014617919922" lon="10.874542236328125">
				<ele>1362.5999755859375</ele>
				<time>2026-08-11T10:44:11Z</time>
			</trkpt>
			<trkpt lat="45.72014141082764" lon="10.874719381332397">
				<ele>1362.800048828125</ele>
				<time>2026-08-11T10:44:24Z</time>
			</trkpt>
			<trkpt lat="45.72012531757355" lon="10.87481415271759">
				<ele>1363.0</ele>
				<time>2026-08-11T10:44:30Z</time>
			</trkpt>
			<trkpt lat="45.72013080120087" lon="10.87483263015747">
				<ele>1363.0</ele>
				<time>2026-08-11T10:44:31Z</time>
			</trkpt>
			<trkpt lat="45.720142245292664" lon="10.874884128570557">
				<ele>1363.199951171875</ele>
				<time>2026-08-11T10:44:35Z</time>
			</trkpt>
			<trkpt lat="45.72014510631561" lon="10.875059008598328">
				<ele>1363.5999755859375</ele>
				<time>2026-08-11T10:44:49Z</time>
			</trkpt>
			<trkpt lat="45.720162868499756" lon="10.875214219093323">
				<ele>1364.4000244140625</ele>
				<time>2026-08-11T10:45:00Z</time>
			</trkpt>
			<trkpt lat="45.72016453742981" lon="10.87540590763092">
				<ele>1365.4000244140625</ele>
				<time>2026-08-11T10:45:15Z</time>
			</trkpt>
			<trkpt lat="45.72024095058441" lon="10.875531911849976">
				<ele>1366.800048828125</ele>
				<time>2026-08-11T10:45:31Z</time>
			</trkpt>
			<trkpt lat="45.72024071216583" lon="10.875550627708435">
				<ele>1366.800048828125</ele>
				<time>2026-08-11T10:45:32Z</time>
			</trkpt>
			<trkpt lat="45.72022271156311" lon="10.875740885734558">
				<ele>1366.4000244140625</ele>
				<time>2026-08-11T10:45:46Z</time>
			</trkpt>
			<trkpt lat="45.72022306919098" lon="10.875978946685791">
				<ele>1367.4000244140625</ele>
				<time>2026-08-11T10:46:02Z</time>
			</trkpt>
			<trkpt lat="45.72020971775055" lon="10.876160025596619">
				<ele>1368.4000244140625</ele>
				<time>2026-08-11T10:46:16Z</time>
			</trkpt>
			<trkpt lat="45.720173835754395" lon="10.876424312591553">
				<ele>1370.5999755859375</ele>
				<time>2026-08-11T10:46:34Z</time>
			</trkpt>
			<trkpt lat="45.72017455101013" lon="10.876439213752747">
				<ele>1370.5999755859375</ele>
				<time>2026-08-11T10:46:35Z</time>
			</trkpt>
			<trkpt lat="45.720174074172974" lon="10.876454830169678">
				<ele>1370.800048828125</ele>
				<time>2026-08-11T10:46:36Z</time>
			</trkpt>
			<trkpt lat="45.72014141082764" lon="10.8766770362854">
				<ele>1372.800048828125</ele>
				<time>2026-08-11T10:46:55Z</time>
			</trkpt>
			<trkpt lat="45.72012388706207" lon="10.876725912094116">
				<ele>1374.4000244140625</ele>
				<time>2026-08-11T10:47:10Z</time>
			</trkpt>
			<trkpt lat="45.72011160850525" lon="10.876730680465698">
				<ele>1374.199951171875</ele>
				<time>2026-08-11T10:47:36Z</time>
			</trkpt>
			<trkpt lat="45.720102071762085" lon="10.876738905906677">
				<ele>1373.4000244140625</ele>
				<time>2026-08-11T10:47:59Z</time>
			</trkpt>
			<trkpt lat="45.72009789943695" lon="10.876739740371704">
				<ele>1374.0</ele>
				<time>2026-08-11T10:48:23Z</time>
			</trkpt>
			<trkpt lat="45.72008264064789" lon="10.876768827438354">
				<ele>1374.0</ele>
				<time>2026-08-11T10:48:44Z</time>
			</trkpt>
			<trkpt lat="45.7200585603714" lon="10.876823782920837">
				<ele>1373.800048828125</ele>
				<time>2026-08-11T10:48:51Z</time>
			</trkpt>
			<trkpt lat="45.720012068748474" lon="10.876946449279785">
				<ele>1372.800048828125</ele>
				<time>2026-08-11T10:49:02Z</time>
			</trkpt>
			<trkpt lat="45.720006704330444" lon="10.876963496208191">
				<ele>1372.5999755859375</ele>
				<time>2026-08-11T10:49:03Z</time>
			</trkpt>
			<trkpt lat="45.72000229358673" lon="10.876983046531677">
				<ele>1372.5999755859375</ele>
				<time>2026-08-11T10:49:04Z</time>
			</trkpt>
			<trkpt lat="45.719998836517334" lon="10.876999974250793">
				<ele>1372.4000244140625</ele>
				<time>2026-08-11T10:49:05Z</time>
			</trkpt>
			<trkpt lat="45.71996891498566" lon="10.877124190330505">
				<ele>1371.5999755859375</ele>
				<time>2026-08-11T10:49:13Z</time>
			</trkpt>
			<trkpt lat="45.71995997428894" lon="10.87714171409607">
				<ele>1371.199951171875</ele>
				<time>2026-08-11T10:49:14Z</time>
			</trkpt>
			<trkpt lat="45.71991157531738" lon="10.877275347709656">
				<ele>1369.0</ele>
				<time>2026-08-11T10:49:32Z</time>
			</trkpt>
			<trkpt lat="45.719910740852356" lon="10.877299547195435">
				<ele>1368.800048828125</ele>
				<time>2026-08-11T10:49:58Z</time>
			</trkpt>
			<trkpt lat="45.719905614852905" lon="10.877522110939026">
				<ele>1367.5999755859375</ele>
				<time>2026-08-11T10:50:13Z</time>
			</trkpt>
			<trkpt lat="45.719905614852905" lon="10.877541303634644">
				<ele>1367.5999755859375</ele>
				<time>2026-08-11T10:50:14Z</time>
			</trkpt>
			<trkpt lat="45.71984541416168" lon="10.877768516540527">
				<ele>1366.4000244140625</ele>
				<time>2026-08-11T10:50:31Z</time>
			</trkpt>
			<trkpt lat="45.7198132276535" lon="10.877878904342651">
				<ele>1365.4000244140625</ele>
				<time>2026-08-11T10:50:51Z</time>
			</trkpt>
			<trkpt lat="45.719759941101074" lon="10.878011107444763">
				<ele>1363.4000244140625</ele>
				<time>2026-08-11T10:51:01Z</time>
			</trkpt>
			<trkpt lat="45.719735622406006" lon="10.878062963485718">
				<ele>1362.800048828125</ele>
				<time>2026-08-11T10:51:04Z</time>
			</trkpt>
			<trkpt lat="45.719722628593445" lon="10.878079771995544">
				<ele>1362.5999755859375</ele>
				<time>2026-08-11T10:51:05Z</time>
			</trkpt>
			<trkpt lat="45.719632267951965" lon="10.878247380256653">
				<ele>1360.4000244140625</ele>
				<time>2026-08-11T10:51:17Z</time>
			</trkpt>
			<trkpt lat="45.71963429450989" lon="10.878270030021667">
				<ele>1360.199951171875</ele>
				<time>2026-08-11T10:51:18Z</time>
			</trkpt>
			<trkpt lat="45.719637989997864" lon="10.87828779220581">
				<ele>1360.199951171875</ele>
				<time>2026-08-11T10:51:19Z</time>
			</trkpt>
			<trkpt lat="45.71964418888092" lon="10.878317832946777">
				<ele>1359.800048828125</ele>
				<time>2026-08-11T10:51:21Z</time>
			</trkpt>
			<trkpt lat="45.719646692276" lon="10.878331303596497">
				<ele>1359.5999755859375</ele>
				<time>2026-08-11T10:51:22Z</time>
			</trkpt>
			<trkpt lat="45.71965539455414" lon="10.878355026245117">
				<ele>1359.199951171875</ele>
				<time>2026-08-11T10:51:24Z</time>
			</trkpt>
			<trkpt lat="45.71966075897217" lon="10.87837040424347">
				<ele>1359.199951171875</ele>
				<time>2026-08-11T10:51:25Z</time>
			</trkpt>
			<trkpt lat="45.7196649312973" lon="10.878384828567505">
				<ele>1358.800048828125</ele>
				<time>2026-08-11T10:51:26Z</time>
			</trkpt>
			<trkpt lat="45.71972465515137" lon="10.87847352027893">
				<ele>1357.4000244140625</ele>
				<time>2026-08-11T10:51:35Z</time>
			</trkpt>
			<trkpt lat="45.71973216533661" lon="10.878488540649414">
				<ele>1357.4000244140625</ele>
				<time>2026-08-11T10:51:36Z</time>
			</trkpt>
			<trkpt lat="45.71980655193329" lon="10.878607630729675">
				<ele>1356.0</ele>
				<time>2026-08-11T10:51:47Z</time>
			</trkpt>
			<trkpt lat="45.71989715099335" lon="10.878726482391357">
				<ele>1354.5999755859375</ele>
				<time>2026-08-11T10:51:58Z</time>
			</trkpt>
			<trkpt lat="45.71990621089935" lon="10.878740787506104">
				<ele>1354.5999755859375</ele>
				<time>2026-08-11T10:51:59Z</time>
			</trkpt>
			<trkpt lat="45.719980120658875" lon="10.878895282745361">
				<ele>1354.199951171875</ele>
				<time>2026-08-11T10:52:11Z</time>
			</trkpt>
			<trkpt lat="45.72003674507141" lon="10.879061579704285">
				<ele>1354.800048828125</ele>
				<time>2026-08-11T10:52:24Z</time>
			</trkpt>
			<trkpt lat="45.72004282474518" lon="10.879078030586243">
				<ele>1354.800048828125</ele>
				<time>2026-08-11T10:52:25Z</time>
			</trkpt>
			<trkpt lat="45.720044016838074" lon="10.87909984588623">
				<ele>1354.800048828125</ele>
				<time>2026-08-11T10:52:26Z</time>
			</trkpt>
			<trkpt lat="45.72004592418671" lon="10.879120588302612">
				<ele>1354.800048828125</ele>
				<time>2026-08-11T10:52:27Z</time>
			</trkpt>
			<trkpt lat="45.72007215023041" lon="10.879163026809692">
				<ele>1354.199951171875</ele>
				<time>2026-08-11T10:52:36Z</time>
			</trkpt>
			<trkpt lat="45.72007131576538" lon="10.879179835319519">
				<ele>1354.0</ele>
				<time>2026-08-11T10:52:37Z</time>
			</trkpt>
			<trkpt lat="45.72013449668884" lon="10.879335641860962">
				<ele>1354.0</ele>
				<time>2026-08-11T10:52:50Z</time>
			</trkpt>
			<trkpt lat="45.72016513347626" lon="10.879395723342896">
				<ele>1354.0</ele>
				<time>2026-08-11T10:52:54Z</time>
			</trkpt>
			<trkpt lat="45.72028732299805" lon="10.8795645236969">
				<ele>1353.199951171875</ele>
				<time>2026-08-11T10:53:06Z</time>
			</trkpt>
			<trkpt lat="45.720306754112244" lon="10.879616022109985">
				<ele>1353.199951171875</ele>
				<time>2026-08-11T10:53:09Z</time>
			</trkpt>
			<trkpt lat="45.720330595970154" lon="10.879701137542725">
				<ele>1352.800048828125</ele>
				<time>2026-08-11T10:53:16Z</time>
			</trkpt>
			<trkpt lat="45.720372557640076" lon="10.879825830459595">
				<ele>1352.800048828125</ele>
				<time>2026-08-11T10:53:24Z</time>
			</trkpt>
			<trkpt lat="45.72039520740509" lon="10.879932761192322">
				<ele>1353.199951171875</ele>
				<time>2026-08-11T10:53:30Z</time>
			</trkpt>
			<trkpt lat="45.72041606903076" lon="10.880066514015198">
				<ele>1353.5999755859375</ele>
				<time>2026-08-11T10:53:39Z</time>
			</trkpt>
			<trkpt lat="45.72042512893677" lon="10.880085229873657">
				<ele>1353.5999755859375</ele>
				<time>2026-08-11T10:53:40Z</time>
			</trkpt>
			<trkpt lat="45.720428228378296" lon="10.88010573387146">
				<ele>1353.5999755859375</ele>
				<time>2026-08-11T10:53:41Z</time>
			</trkpt>
			<trkpt lat="45.72043299674988" lon="10.88012409210205">
				<ele>1353.5999755859375</ele>
				<time>2026-08-11T10:53:42Z</time>
			</trkpt>
			<trkpt lat="45.72044038772583" lon="10.880144357681274">
				<ele>1353.5999755859375</ele>
				<time>2026-08-11T10:53:43Z</time>
			</trkpt>
			<trkpt lat="45.72044122219086" lon="10.880166292190552">
				<ele>1353.800048828125</ele>
				<time>2026-08-11T10:53:44Z</time>
			</trkpt>
			<trkpt lat="45.7204372882843" lon="10.880198001861572">
				<ele>1353.800048828125</ele>
				<time>2026-08-11T10:53:46Z</time>
			</trkpt>
			<trkpt lat="45.720449686050415" lon="10.880241751670837">
				<ele>1353.800048828125</ele>
				<time>2026-08-11T10:53:49Z</time>
			</trkpt>
			<trkpt lat="45.72045683860779" lon="10.880259037017822">
				<ele>1353.800048828125</ele>
				<time>2026-08-11T10:53:50Z</time>
			</trkpt>
			<trkpt lat="45.72046339511871" lon="10.880274534225464">
				<ele>1353.5999755859375</ele>
				<time>2026-08-11T10:53:51Z</time>
			</trkpt>
			<trkpt lat="45.720468640327454" lon="10.880291223526001">
				<ele>1353.5999755859375</ele>
				<time>2026-08-11T10:53:52Z</time>
			</trkpt>
			<trkpt lat="45.72046756744385" lon="10.880352854728699">
				<ele>1353.4000244140625</ele>
				<time>2026-08-11T10:53:56Z</time>
			</trkpt>
			<trkpt lat="45.72041857242584" lon="10.880546689033508">
				<ele>1352.4000244140625</ele>
				<time>2026-08-11T10:54:09Z</time>
			</trkpt>
			<trkpt lat="45.7203985452652" lon="10.880606889724731">
				<ele>1352.199951171875</ele>
				<time>2026-08-11T10:54:12Z</time>
			</trkpt>
			<trkpt lat="45.72039496898651" lon="10.880621790885925">
				<ele>1352.0</ele>
				<time>2026-08-11T10:54:13Z</time>
			</trkpt>
			<trkpt lat="45.720389008522034" lon="10.880640029907227">
				<ele>1351.800048828125</ele>
				<time>2026-08-11T10:54:14Z</time>
			</trkpt>
			<trkpt lat="45.72029221057892" lon="10.88079833984375">
				<ele>1350.0</ele>
				<time>2026-08-11T10:54:27Z</time>
			</trkpt>
			<trkpt lat="45.72020351886749" lon="10.880918264389038">
				<ele>1348.4000244140625</ele>
				<time>2026-08-11T10:54:44Z</time>
			</trkpt>
			<trkpt lat="45.7201886177063" lon="10.88097095489502">
				<ele>1348.0</ele>
				<time>2026-08-11T10:54:48Z</time>
			</trkpt>
			<trkpt lat="45.720181584358215" lon="10.880987524986267">
				<ele>1348.0</ele>
				<time>2026-08-11T10:54:49Z</time>
			</trkpt>
			<trkpt lat="45.72017443180084" lon="10.881001710891724">
				<ele>1347.800048828125</ele>
				<time>2026-08-11T10:54:50Z</time>
			</trkpt>
			<trkpt lat="45.72016954421997" lon="10.881017088890076">
				<ele>1347.5999755859375</ele>
				<time>2026-08-11T10:54:51Z</time>
			</trkpt>
			<trkpt lat="45.7201646566391" lon="10.881031155586243">
				<ele>1347.4000244140625</ele>
				<time>2026-08-11T10:54:52Z</time>
			</trkpt>
			<trkpt lat="45.72016143798828" lon="10.881040573120117">
				<ele>1347.199951171875</ele>
				<time>2026-08-11T10:54:53Z</time>
			</trkpt>
			<trkpt lat="45.720154881477356" lon="10.881054043769836">
				<ele>1347.0</ele>
				<time>2026-08-11T10:54:54Z</time>
			</trkpt>
			<trkpt lat="45.72014665603638" lon="10.881070971488953">
				<ele>1346.800048828125</ele>
				<time>2026-08-11T10:54:55Z</time>
			</trkpt>
			<trkpt lat="45.72005271911621" lon="10.881215929985046">
				<ele>1344.800048828125</ele>
				<time>2026-08-11T10:55:09Z</time>
			</trkpt>
			<trkpt lat="45.72003793716431" lon="10.881263017654419">
				<ele>1344.5999755859375</ele>
				<time>2026-08-11T10:55:12Z</time>
			</trkpt>
			<trkpt lat="45.72003185749054" lon="10.881279706954956">
				<ele>1344.4000244140625</ele>
				<time>2026-08-11T10:55:13Z</time>
			</trkpt>
			<trkpt lat="45.71998381614685" lon="10.88135313987732">
				<ele>1343.5999755859375</ele>
				<time>2026-08-11T10:55:19Z</time>
			</trkpt>
			<trkpt lat="45.71991789340973" lon="10.881391406059265">
				<ele>1342.4000244140625</ele>
				<time>2026-08-11T10:55:27Z</time>
			</trkpt>
			<trkpt lat="45.7198486328125" lon="10.881474375724792">
				<ele>1342.199951171875</ele>
				<time>2026-08-11T10:55:34Z</time>
			</trkpt>
			<trkpt lat="45.71976566314697" lon="10.881551265716553">
				<ele>1341.800048828125</ele>
				<time>2026-08-11T10:55:45Z</time>
			</trkpt>
			<trkpt lat="45.71976161003113" lon="10.881604433059692">
				<ele>1341.800048828125</ele>
				<time>2026-08-11T10:55:48Z</time>
			</trkpt>
			<trkpt lat="45.719754695892334" lon="10.881621599197388">
				<ele>1341.5999755859375</ele>
				<time>2026-08-11T10:55:49Z</time>
			</trkpt>
			<trkpt lat="45.71966731548309" lon="10.881755828857422">
				<ele>1340.199951171875</ele>
				<time>2026-08-11T10:56:00Z</time>
			</trkpt>
			<trkpt lat="45.71955609321594" lon="10.881887197494507">
				<ele>1341.4000244140625</ele>
				<time>2026-08-11T10:56:14Z</time>
			</trkpt>
			<trkpt lat="45.71954393386841" lon="10.88191020488739">
				<ele>1341.4000244140625</ele>
				<time>2026-08-11T10:56:15Z</time>
			</trkpt>
			<trkpt lat="45.71950948238373" lon="10.882147669792175">
				<ele>1342.5999755859375</ele>
				<time>2026-08-11T10:56:29Z</time>
			</trkpt>
			<trkpt lat="45.71951735019684" lon="10.882249355316162">
				<ele>1342.800048828125</ele>
				<time>2026-08-11T10:56:45Z</time>
			</trkpt>
			<trkpt lat="45.71951508522034" lon="10.8822603225708">
				<ele>1342.5999755859375</ele>
				<time>2026-08-11T10:57:02Z</time>
			</trkpt>
			<trkpt lat="45.71950423717499" lon="10.882272362709045">
				<ele>1342.199951171875</ele>
				<time>2026-08-11T10:57:27Z</time>
			</trkpt>
			<trkpt lat="45.71949005126953" lon="10.88228452205658">
				<ele>1342.199951171875</ele>
				<time>2026-08-11T10:57:54Z</time>
			</trkpt>
			<trkpt lat="45.71948492527008" lon="10.882295489311218">
				<ele>1342.4000244140625</ele>
				<time>2026-08-11T10:58:20Z</time>
			</trkpt>
			<trkpt lat="45.71947777271271" lon="10.882294416427612">
				<ele>1342.5999755859375</ele>
				<time>2026-08-11T10:58:47Z</time>
			</trkpt>
			<trkpt lat="45.71947479248047" lon="10.882287859916687">
				<ele>1342.4000244140625</ele>
				<time>2026-08-11T10:59:14Z</time>
			</trkpt>
			<trkpt lat="45.719472885131836" lon="10.88228714466095">
				<ele>1342.4000244140625</ele>
				<time>2026-08-11T10:59:40Z</time>
			</trkpt>
			<trkpt lat="45.71945834159851" lon="10.882293462753296">
				<ele>1342.199951171875</ele>
				<time>2026-08-11T11:00:06Z</time>
			</trkpt>
			<trkpt lat="45.71944046020508" lon="10.88230574131012">
				<ele>1342.4000244140625</ele>
				<time>2026-08-11T11:00:31Z</time>
			</trkpt>
			<trkpt lat="45.71944880485535" lon="10.882305979728699">
				<ele>1342.5999755859375</ele>
				<time>2026-08-11T11:01:16Z</time>
			</trkpt>
			<trkpt lat="45.719441294670105" lon="10.882318139076233">
				<ele>1342.199951171875</ele>
				<time>2026-08-11T11:01:35Z</time>
			</trkpt>
			<trkpt lat="45.719442486763" lon="10.882301807403564">
				<ele>1342.4000244140625</ele>
				<time>2026-08-11T11:01:59Z</time>
			</trkpt>
			<trkpt lat="45.71944189071655" lon="10.882283926010132">
				<ele>1341.800048828125</ele>
				<time>2026-08-11T11:02:27Z</time>
			</trkpt>
			<trkpt lat="45.71944224834442" lon="10.882259607315063">
				<ele>1342.199951171875</ele>
				<time>2026-08-11T11:02:55Z</time>
			</trkpt>
			<trkpt lat="45.719460010528564" lon="10.882236003875732">
				<ele>1343.0</ele>
				<time>2026-08-11T11:03:27Z</time>
			</trkpt>
			<trkpt lat="45.71945893764496" lon="10.882243752479553">
				<ele>1343.199951171875</ele>
				<time>2026-08-11T11:03:47Z</time>
			</trkpt>
			<trkpt lat="45.71945357322693" lon="10.882349729537964">
				<ele>1343.5999755859375</ele>
				<time>2026-08-11T11:04:12Z</time>
			</trkpt>
			<trkpt lat="45.71944987773895" lon="10.882436513900757">
				<ele>1343.199951171875</ele>
				<time>2026-08-11T11:04:19Z</time>
			</trkpt>
			<trkpt lat="45.719451785087585" lon="10.882455110549927">
				<ele>1343.199951171875</ele>
				<time>2026-08-11T11:04:20Z</time>
			</trkpt>
			<trkpt lat="45.71945297718048" lon="10.882524967193604">
				<ele>1343.0</ele>
				<time>2026-08-11T11:04:25Z</time>
			</trkpt>
			<trkpt lat="45.71945035457611" lon="10.882540345191956">
				<ele>1342.800048828125</ele>
				<time>2026-08-11T11:04:26Z</time>
			</trkpt>
			<trkpt lat="45.719444036483765" lon="10.882555603981018">
				<ele>1342.800048828125</ele>
				<time>2026-08-11T11:04:27Z</time>
			</trkpt>
			<trkpt lat="45.71937167644501" lon="10.882662892341614">
				<ele>1342.4000244140625</ele>
				<time>2026-08-11T11:04:38Z</time>
			</trkpt>
			<trkpt lat="45.71932911872864" lon="10.882733225822449">
				<ele>1342.5999755859375</ele>
				<time>2026-08-11T11:04:44Z</time>
			</trkpt>
			<trkpt lat="45.71931982040405" lon="10.882743000984192">
				<ele>1342.5999755859375</ele>
				<time>2026-08-11T11:04:45Z</time>
			</trkpt>
			<trkpt lat="45.71919560432434" lon="10.882840514183044">
				<ele>1342.5999755859375</ele>
				<time>2026-08-11T11:04:58Z</time>
			</trkpt>
			<trkpt lat="45.7190705537796" lon="10.882939338684082">
				<ele>1343.0</ele>
				<time>2026-08-11T11:05:11Z</time>
			</trkpt>
			<trkpt lat="45.719019532203674" lon="10.88301944732666">
				<ele>1343.199951171875</ele>
				<time>2026-08-11T11:05:25Z</time>
			</trkpt>
			<trkpt lat="45.71902000904083" lon="10.883028864860535">
				<ele>1343.0</ele>
				<time>2026-08-11T11:05:35Z</time>
			</trkpt>
			<trkpt lat="45.71901535987854" lon="10.883036613464355">
				<ele>1343.0</ele>
				<time>2026-08-11T11:05:36Z</time>
			</trkpt>
			<trkpt lat="45.719005942344666" lon="10.883049488067627">
				<ele>1343.0</ele>
				<time>2026-08-11T11:05:37Z</time>
			</trkpt>
			<trkpt lat="45.718998670578" lon="10.883062362670898">
				<ele>1343.0</ele>
				<time>2026-08-11T11:05:38Z</time>
			</trkpt>
			<trkpt lat="45.71899092197418" lon="10.883075714111328">
				<ele>1343.0</ele>
				<time>2026-08-11T11:05:39Z</time>
			</trkpt>
			<trkpt lat="45.71898102760315" lon="10.883086085319519">
				<ele>1343.0</ele>
				<time>2026-08-11T11:05:40Z</time>
			</trkpt>
			<trkpt lat="45.71897101402283" lon="10.883092164993286">
				<ele>1342.800048828125</ele>
				<time>2026-08-11T11:05:41Z</time>
			</trkpt>
			<trkpt lat="45.71896028518677" lon="10.883098006248474">
				<ele>1342.5999755859375</ele>
				<time>2026-08-11T11:05:42Z</time>
			</trkpt>
			<trkpt lat="45.71894824504852" lon="10.883103609085083">
				<ele>1342.5999755859375</ele>
				<time>2026-08-11T11:05:43Z</time>
			</trkpt>
			<trkpt lat="45.71893548965454" lon="10.883109092712402">
				<ele>1342.5999755859375</ele>
				<time>2026-08-11T11:05:44Z</time>
			</trkpt>
			<trkpt lat="45.718923568725586" lon="10.883114457130432">
				<ele>1342.5999755859375</ele>
				<time>2026-08-11T11:05:45Z</time>
			</trkpt>
			<trkpt lat="45.71876621246338" lon="10.883226037025452">
				<ele>1342.0</ele>
				<time>2026-08-11T11:06:00Z</time>
			</trkpt>
			<trkpt lat="45.71862077713013" lon="10.883341193199158">
				<ele>1341.4000244140625</ele>
				<time>2026-08-11T11:06:13Z</time>
			</trkpt>
			<trkpt lat="45.718459725379944" lon="10.883421063423157">
				<ele>1341.4000244140625</ele>
				<time>2026-08-11T11:06:28Z</time>
			</trkpt>
			<trkpt lat="45.71828293800354" lon="10.883484482765198">
				<ele>1343.800048828125</ele>
				<time>2026-08-11T11:06:46Z</time>
			</trkpt>
			<trkpt lat="45.718193769454956" lon="10.883500218391418">
				<ele>1347.0</ele>
				<time>2026-08-11T11:07:00Z</time>
			</trkpt>
			<trkpt lat="45.71820878982544" lon="10.883490443229675">
				<ele>1348.800048828125</ele>
				<time>2026-08-11T11:07:24Z</time>
			</trkpt>
			<trkpt lat="45.71817910671234" lon="10.883480548858643">
				<ele>1349.199951171875</ele>
				<time>2026-08-11T11:07:45Z</time>
			</trkpt>
			<trkpt lat="45.71804487705231" lon="10.883515238761902">
				<ele>1351.0</ele>
				<time>2026-08-11T11:07:58Z</time>
			</trkpt>
			<trkpt lat="45.7180153131485" lon="10.883532047271729">
				<ele>1351.4000244140625</ele>
				<time>2026-08-11T11:08:00Z</time>
			</trkpt>
			<trkpt lat="45.71775448322296" lon="10.883700728416443">
				<ele>1354.0</ele>
				<time>2026-08-11T11:08:26Z</time>
			</trkpt>
			<trkpt lat="45.717599987983704" lon="10.883864641189575">
				<ele>1355.0</ele>
				<time>2026-08-11T11:08:44Z</time>
			</trkpt>
			<trkpt lat="45.7175931930542" lon="10.883877038955688">
				<ele>1355.199951171875</ele>
				<time>2026-08-11T11:08:45Z</time>
			</trkpt>
			<trkpt lat="45.717586040496826" lon="10.883889555931091">
				<ele>1355.199951171875</ele>
				<time>2026-08-11T11:08:46Z</time>
			</trkpt>
			<trkpt lat="45.717580795288086" lon="10.883900165557861">
				<ele>1355.199951171875</ele>
				<time>2026-08-11T11:08:47Z</time>
			</trkpt>
			<trkpt lat="45.7175726890564" lon="10.883910536766052">
				<ele>1355.199951171875</ele>
				<time>2026-08-11T11:08:48Z</time>
			</trkpt>
			<trkpt lat="45.717466711997986" lon="10.88404095172882">
				<ele>1355.0</ele>
				<time>2026-08-11T11:09:03Z</time>
			</trkpt>
			<trkpt lat="45.717352747917175" lon="10.884195446968079">
				<ele>1354.4000244140625</ele>
				<time>2026-08-11T11:09:18Z</time>
			</trkpt>
			<trkpt lat="45.71733236312866" lon="10.88422155380249">
				<ele>1354.0</ele>
				<time>2026-08-11T11:09:29Z</time>
			</trkpt>
			<trkpt lat="45.71723914146423" lon="10.884325504302979">
				<ele>1353.4000244140625</ele>
				<time>2026-08-11T11:09:45Z</time>
			</trkpt>
			<trkpt lat="45.71714150905609" lon="10.884456038475037">
				<ele>1353.4000244140625</ele>
				<time>2026-08-11T11:10:02Z</time>
			</trkpt>
			<trkpt lat="45.71713447570801" lon="10.88446819782257">
				<ele>1353.4000244140625</ele>
				<time>2026-08-11T11:10:03Z</time>
			</trkpt>
			<trkpt lat="45.71712791919708" lon="10.884478449821472">
				<ele>1353.199951171875</ele>
				<time>2026-08-11T11:10:04Z</time>
			</trkpt>
			<trkpt lat="45.71703338623047" lon="10.884617924690247">
				<ele>1352.800048828125</ele>
				<time>2026-08-11T11:10:19Z</time>
			</trkpt>
			<trkpt lat="45.71702599525452" lon="10.884629726409912">
				<ele>1352.800048828125</ele>
				<time>2026-08-11T11:10:20Z</time>
			</trkpt>
			<trkpt lat="45.7170193195343" lon="10.884642243385315">
				<ele>1352.800048828125</ele>
				<time>2026-08-11T11:10:21Z</time>
			</trkpt>
			<trkpt lat="45.71691584587097" lon="10.884817957878113">
				<ele>1353.800048828125</ele>
				<time>2026-08-11T11:10:36Z</time>
			</trkpt>
			<trkpt lat="45.71677076816559" lon="10.88505232334137">
				<ele>1354.800048828125</ele>
				<time>2026-08-11T11:10:55Z</time>
			</trkpt>
			<trkpt lat="45.71663546562195" lon="10.885210514068604">
				<ele>1354.199951171875</ele>
				<time>2026-08-11T11:11:10Z</time>
			</trkpt>
			<trkpt lat="45.71657931804657" lon="10.885235667228699">
				<ele>1354.0</ele>
				<time>2026-08-11T11:11:16Z</time>
			</trkpt>
			<trkpt lat="45.71657061576843" lon="10.885242819786072">
				<ele>1354.0</ele>
				<time>2026-08-11T11:11:17Z</time>
			</trkpt>
			<trkpt lat="45.71656131744385" lon="10.88525390625">
				<ele>1354.0</ele>
				<time>2026-08-11T11:11:18Z</time>
			</trkpt>
			<trkpt lat="45.71655321121216" lon="10.885265827178955">
				<ele>1354.0</ele>
				<time>2026-08-11T11:11:19Z</time>
			</trkpt>
			<trkpt lat="45.71654665470123" lon="10.88527762889862">
				<ele>1354.0</ele>
				<time>2026-08-11T11:11:20Z</time>
			</trkpt>
			<trkpt lat="45.71654009819031" lon="10.88528859615326">
				<ele>1354.0</ele>
				<time>2026-08-11T11:11:21Z</time>
			</trkpt>
			<trkpt lat="45.71653151512146" lon="10.88529908657074">
				<ele>1354.0</ele>
				<time>2026-08-11T11:11:22Z</time>
			</trkpt>
			<trkpt lat="45.716522097587585" lon="10.885308623313904">
				<ele>1354.0</ele>
				<time>2026-08-11T11:11:23Z</time>
			</trkpt>
			<trkpt lat="45.71651208400726" lon="10.885312795639038">
				<ele>1354.0</ele>
				<time>2026-08-11T11:11:24Z</time>
			</trkpt>
			<trkpt lat="45.71650207042694" lon="10.885312795639038">
				<ele>1353.800048828125</ele>
				<time>2026-08-11T11:11:25Z</time>
			</trkpt>
			<trkpt lat="45.71648609638214" lon="10.8852778673172">
				<ele>1354.199951171875</ele>
				<time>2026-08-11T11:11:39Z</time>
			</trkpt>
			<trkpt lat="45.71647918224335" lon="10.885244131088257">
				<ele>1355.4000244140625</ele>
				<time>2026-08-11T11:11:55Z</time>
			</trkpt>
			<trkpt lat="45.71650469303131" lon="10.885313749313354">
				<ele>1355.199951171875</ele>
				<time>2026-08-11T11:12:15Z</time>
			</trkpt>
			<trkpt lat="45.71647799015045" lon="10.885348081588745">
				<ele>1354.4000244140625</ele>
				<time>2026-08-11T11:12:35Z</time>
			</trkpt>
			<trkpt lat="45.71649920940399" lon="10.88535988330841">
				<ele>1354.800048828125</ele>
				<time>2026-08-11T11:12:59Z</time>
			</trkpt>
			<trkpt lat="45.716495871543884" lon="10.885360360145569">
				<ele>1355.199951171875</ele>
				<time>2026-08-11T11:14:05Z</time>
			</trkpt>
			<trkpt lat="45.71651101112366" lon="10.8853679895401">
				<ele>1355.0</ele>
				<time>2026-08-11T11:15:17Z</time>
			</trkpt>
			<trkpt lat="45.71653759479523" lon="10.885408878326416">
				<ele>1355.0</ele>
				<time>2026-08-11T11:15:38Z</time>
			</trkpt>
			<trkpt lat="45.71655082702637" lon="10.885408282279968">
				<ele>1355.0</ele>
				<time>2026-08-11T11:15:39Z</time>
			</trkpt>
			<trkpt lat="45.71656310558319" lon="10.88541328907013">
				<ele>1355.0</ele>
				<time>2026-08-11T11:15:40Z</time>
			</trkpt>
			<trkpt lat="45.71657180786133" lon="10.885423421859741">
				<ele>1355.0</ele>
				<time>2026-08-11T11:15:41Z</time>
			</trkpt>
			<trkpt lat="45.71660387516022" lon="10.885477781295776">
				<ele>1354.5999755859375</ele>
				<time>2026-08-11T11:15:58Z</time>
			</trkpt>
			<trkpt lat="45.716620326042175" lon="10.885513544082642">
				<ele>1354.5999755859375</ele>
				<time>2026-08-11T11:16:04Z</time>
			</trkpt>
			<trkpt lat="45.71663200855255" lon="10.885537385940552">
				<ele>1354.5999755859375</ele>
				<time>2026-08-11T11:16:06Z</time>
			</trkpt>
			<trkpt lat="45.716736912727356" lon="10.885811686515808">
				<ele>1353.800048828125</ele>
				<time>2026-08-11T11:16:24Z</time>
			</trkpt>
			<trkpt lat="45.716856837272644" lon="10.886086225509644">
				<ele>1353.199951171875</ele>
				<time>2026-08-11T11:16:41Z</time>
			</trkpt>
			<trkpt lat="45.716960430145264" lon="10.886266946792603">
				<ele>1353.199951171875</ele>
				<time>2026-08-11T11:16:53Z</time>
			</trkpt>
			<trkpt lat="45.71708822250366" lon="10.886461973190308">
				<ele>1354.0</ele>
				<time>2026-08-11T11:17:08Z</time>
			</trkpt>
			<trkpt lat="45.717095613479614" lon="10.886476516723633">
				<ele>1354.0</ele>
				<time>2026-08-11T11:17:09Z</time>
			</trkpt>
			<trkpt lat="45.717103004455566" lon="10.886494994163513">
				<ele>1354.199951171875</ele>
				<time>2026-08-11T11:17:10Z</time>
			</trkpt>
			<trkpt lat="45.71711194515228" lon="10.886510848999023">
				<ele>1354.199951171875</ele>
				<time>2026-08-11T11:17:11Z</time>
			</trkpt>
			<trkpt lat="45.71713387966156" lon="10.886571764945984">
				<ele>1354.800048828125</ele>
				<time>2026-08-11T11:17:28Z</time>
			</trkpt>
			<trkpt lat="45.71714198589325" lon="10.886585116386414">
				<ele>1355.0</ele>
				<time>2026-08-11T11:17:29Z</time>
			</trkpt>
			<trkpt lat="45.71714949607849" lon="10.886597871780396">
				<ele>1355.0</ele>
				<time>2026-08-11T11:17:30Z</time>
			</trkpt>
			<trkpt lat="45.71725082397461" lon="10.886786222457886">
				<ele>1355.5999755859375</ele>
				<time>2026-08-11T11:17:45Z</time>
			</trkpt>
			<trkpt lat="45.7172611951828" lon="10.88680112361908">
				<ele>1355.5999755859375</ele>
				<time>2026-08-11T11:17:46Z</time>
			</trkpt>
			<trkpt lat="45.717283844947815" lon="10.88684368133545">
				<ele>1356.0</ele>
				<time>2026-08-11T11:17:49Z</time>
			</trkpt>
			<trkpt lat="45.71738004684448" lon="10.887052416801453">
				<ele>1357.5999755859375</ele>
				<time>2026-08-11T11:18:04Z</time>
			</trkpt>
			<trkpt lat="45.7174037694931" lon="10.887115478515625">
				<ele>1357.800048828125</ele>
				<time>2026-08-11T11:18:08Z</time>
			</trkpt>
			<trkpt lat="45.71744441986084" lon="10.88738226890564">
				<ele>1358.4000244140625</ele>
				<time>2026-08-11T11:18:24Z</time>
			</trkpt>
			<trkpt lat="45.717450737953186" lon="10.887638211250305">
				<ele>1357.800048828125</ele>
				<time>2026-08-11T11:18:38Z</time>
			</trkpt>
			<trkpt lat="45.71745681762695" lon="10.887656807899475">
				<ele>1357.800048828125</ele>
				<time>2026-08-11T11:18:39Z</time>
			</trkpt>
			<trkpt lat="45.717459201812744" lon="10.887739777565002">
				<ele>1357.800048828125</ele>
				<time>2026-08-11T11:18:43Z</time>
			</trkpt>
			<trkpt lat="45.71744978427887" lon="10.88793671131134">
				<ele>1357.800048828125</ele>
				<time>2026-08-11T11:18:53Z</time>
			</trkpt>
			<trkpt lat="45.71745431423187" lon="10.887954115867615">
				<ele>1357.800048828125</ele>
				<time>2026-08-11T11:18:54Z</time>
			</trkpt>
			<trkpt lat="45.71747672557831" lon="10.888092756271362">
				<ele>1357.4000244140625</ele>
				<time>2026-08-11T11:19:02Z</time>
			</trkpt>
			<trkpt lat="45.71749496459961" lon="10.888219594955444">
				<ele>1356.5999755859375</ele>
				<time>2026-08-11T11:19:10Z</time>
			</trkpt>
			<trkpt lat="45.717623353004456" lon="10.888497352600098">
				<ele>1354.0</ele>
				<time>2026-08-11T11:19:29Z</time>
			</trkpt>
			<trkpt lat="45.7176399230957" lon="10.888504266738892">
				<ele>1354.0</ele>
				<time>2026-08-11T11:19:30Z</time>
			</trkpt>
			<trkpt lat="45.71766686439514" lon="10.888537645339966">
				<ele>1353.800048828125</ele>
				<time>2026-08-11T11:19:33Z</time>
			</trkpt>
			<trkpt lat="45.71784198284149" lon="10.888638138771057">
				<ele>1354.0</ele>
				<time>2026-08-11T11:19:48Z</time>
			</trkpt>
			<trkpt lat="45.71785616874695" lon="10.888643860816956">
				<ele>1354.199951171875</ele>
				<time>2026-08-11T11:19:49Z</time>
			</trkpt>
			<trkpt lat="45.71808862686157" lon="10.888660907745361">
				<ele>1354.800048828125</ele>
				<time>2026-08-11T11:20:05Z</time>
			</trkpt>
			<trkpt lat="45.71819090843201" lon="10.888687372207642">
				<ele>1354.5999755859375</ele>
				<time>2026-08-11T11:20:13Z</time>
			</trkpt>
			<trkpt lat="45.71824038028717" lon="10.888688921928406">
				<ele>1354.5999755859375</ele>
				<time>2026-08-11T11:20:17Z</time>
			</trkpt>
			<trkpt lat="45.71825730800629" lon="10.888691186904907">
				<ele>1354.4000244140625</ele>
				<time>2026-08-11T11:20:18Z</time>
			</trkpt>
			<trkpt lat="45.71827268600464" lon="10.888694286346436">
				<ele>1354.4000244140625</ele>
				<time>2026-08-11T11:20:19Z</time>
			</trkpt>
			<trkpt lat="45.71832001209259" lon="10.888710618019104">
				<ele>1354.4000244140625</ele>
				<time>2026-08-11T11:20:23Z</time>
			</trkpt>
			<trkpt lat="45.71845352649689" lon="10.88881528377533">
				<ele>1354.0</ele>
				<time>2026-08-11T11:20:36Z</time>
			</trkpt>
			<trkpt lat="45.718597292900085" lon="10.888907313346863">
				<ele>1354.199951171875</ele>
				<time>2026-08-11T11:20:48Z</time>
			</trkpt>
			<trkpt lat="45.71867775917053" lon="10.888936877250671">
				<ele>1353.800048828125</ele>
				<time>2026-08-11T11:20:55Z</time>
			</trkpt>
			<trkpt lat="45.718695521354675" lon="10.888943433761597">
				<ele>1353.800048828125</ele>
				<time>2026-08-11T11:20:56Z</time>
			</trkpt>
			<trkpt lat="45.7188059091568" lon="10.888973712921143">
				<ele>1352.5999755859375</ele>
				<time>2026-08-11T11:21:06Z</time>
			</trkpt>
			<trkpt lat="45.71895134449005" lon="10.889087557792664">
				<ele>1350.199951171875</ele>
				<time>2026-08-11T11:21:22Z</time>
			</trkpt>
			<trkpt lat="45.71910202503204" lon="10.889193654060364">
				<ele>1348.4000244140625</ele>
				<time>2026-08-11T11:21:38Z</time>
			</trkpt>
			<trkpt lat="45.719268918037415" lon="10.889308094978333">
				<ele>1347.4000244140625</ele>
				<time>2026-08-11T11:21:53Z</time>
			</trkpt>
			<trkpt lat="45.71929061412811" lon="10.889322280883789">
				<ele>1347.199951171875</ele>
				<time>2026-08-11T11:21:55Z</time>
			</trkpt>
			<trkpt lat="45.719459652900696" lon="10.8893963098526">
				<ele>1345.5999755859375</ele>
				<time>2026-08-11T11:22:10Z</time>
			</trkpt>
			<trkpt lat="45.7196444272995" lon="10.889418363571167">
				<ele>1342.4000244140625</ele>
				<time>2026-08-11T11:22:26Z</time>
			</trkpt>
			<trkpt lat="45.71979522705078" lon="10.88947343826294">
				<ele>1339.4000244140625</ele>
				<time>2026-08-11T11:22:38Z</time>
			</trkpt>
			<trkpt lat="45.71992492675781" lon="10.889530420303345">
				<ele>1336.800048828125</ele>
				<time>2026-08-11T11:22:50Z</time>
			</trkpt>
			<trkpt lat="45.720091462135315" lon="10.889596223831177">
				<ele>1334.199951171875</ele>
				<time>2026-08-11T11:23:04Z</time>
			</trkpt>
			<trkpt lat="45.720250487327576" lon="10.88964331150055">
				<ele>1331.4000244140625</ele>
				<time>2026-08-11T11:23:18Z</time>
			</trkpt>
			<trkpt lat="45.720364928245544" lon="10.88967251777649">
				<ele>1330.199951171875</ele>
				<time>2026-08-11T11:23:34Z</time>
			</trkpt>
			<trkpt lat="45.720396280288696" lon="10.889675736427307">
				<ele>1330.0</ele>
				<time>2026-08-11T11:24:01Z</time>
			</trkpt>
			<trkpt lat="45.72041833400726" lon="10.889681816101074">
				<ele>1330.0</ele>
				<time>2026-08-11T11:24:03Z</time>
			</trkpt>
			<trkpt lat="45.7204293012619" lon="10.889684915542603">
				<ele>1330.0</ele>
				<time>2026-08-11T11:24:04Z</time>
			</trkpt>
			<trkpt lat="45.720441818237305" lon="10.889691829681396">
				<ele>1329.800048828125</ele>
				<time>2026-08-11T11:24:05Z</time>
			</trkpt>
			<trkpt lat="45.720486760139465" lon="10.889724373817444">
				<ele>1329.4000244140625</ele>
				<time>2026-08-11T11:24:10Z</time>
			</trkpt>
			<trkpt lat="45.72049605846405" lon="10.889735698699951">
				<ele>1329.199951171875</ele>
				<time>2026-08-11T11:24:11Z</time>
			</trkpt>
			<trkpt lat="45.72050642967224" lon="10.889748215675354">
				<ele>1329.199951171875</ele>
				<time>2026-08-11T11:24:12Z</time>
			</trkpt>
			<trkpt lat="45.72069525718689" lon="10.889933943748474">
				<ele>1328.5999755859375</ele>
				<time>2026-08-11T11:24:31Z</time>
			</trkpt>
			<trkpt lat="45.72076344490051" lon="10.889965295791626">
				<ele>1328.5999755859375</ele>
				<time>2026-08-11T11:24:46Z</time>
			</trkpt>
			<trkpt lat="45.72080457210541" lon="10.889944076538086">
				<ele>1328.5999755859375</ele>
				<time>2026-08-11T11:25:18Z</time>
			</trkpt>
			<trkpt lat="45.72083914279938" lon="10.889954209327698">
				<ele>1328.5999755859375</ele>
				<time>2026-08-11T11:25:43Z</time>
			</trkpt>
			<trkpt lat="45.720848083496094" lon="10.889966607093811">
				<ele>1328.5999755859375</ele>
				<time>2026-08-11T11:26:19Z</time>
			</trkpt>
			<trkpt lat="45.72089123725891" lon="10.89002788066864">
				<ele>1328.4000244140625</ele>
				<time>2026-08-11T11:26:40Z</time>
			</trkpt>
			<trkpt lat="45.72090005874634" lon="10.89003610610962">
				<ele>1328.4000244140625</ele>
				<time>2026-08-11T11:26:41Z</time>
			</trkpt>
			<trkpt lat="45.72090923786163" lon="10.890044808387756">
				<ele>1328.4000244140625</ele>
				<time>2026-08-11T11:26:42Z</time>
			</trkpt>
			<trkpt lat="45.72094678878784" lon="10.89007556438446">
				<ele>1328.0</ele>
				<time>2026-08-11T11:26:47Z</time>
			</trkpt>
			<trkpt lat="45.7209587097168" lon="10.890080690383911">
				<ele>1328.0</ele>
				<time>2026-08-11T11:26:48Z</time>
			</trkpt>
			<trkpt lat="45.720969796180725" lon="10.89008891582489">
				<ele>1327.800048828125</ele>
				<time>2026-08-11T11:26:49Z</time>
			</trkpt>
			<trkpt lat="45.72113764286041" lon="10.890205025672913">
				<ele>1325.5999755859375</ele>
				<time>2026-08-11T11:27:05Z</time>
			</trkpt>
			<trkpt lat="45.7211480140686" lon="10.890212774276733">
				<ele>1325.4000244140625</ele>
				<time>2026-08-11T11:27:06Z</time>
			</trkpt>
			<trkpt lat="45.72132933139801" lon="10.890339374542236">
				<ele>1323.0</ele>
				<time>2026-08-11T11:27:22Z</time>
			</trkpt>
			<trkpt lat="45.72134804725647" lon="10.890482068061829">
				<ele>1322.0</ele>
				<time>2026-08-11T11:27:34Z</time>
			</trkpt>
			<trkpt lat="45.72134041786194" lon="10.890520453453064">
				<ele>1322.0</ele>
				<time>2026-08-11T11:27:36Z</time>
			</trkpt>
			<trkpt lat="45.72125029563904" lon="10.890807151794434">
				<ele>1320.800048828125</ele>
				<time>2026-08-11T11:27:54Z</time>
			</trkpt>
			<trkpt lat="45.72109937667847" lon="10.890964388847351">
				<ele>1321.0</ele>
				<time>2026-08-11T11:28:08Z</time>
			</trkpt>
			<trkpt lat="45.72095561027527" lon="10.891125440597534">
				<ele>1321.0</ele>
				<time>2026-08-11T11:28:24Z</time>
			</trkpt>
			<trkpt lat="45.72094428539276" lon="10.891166806221008">
				<ele>1321.0</ele>
				<time>2026-08-11T11:28:27Z</time>
			</trkpt>
			<trkpt lat="45.72094523906708" lon="10.891184687614441">
				<ele>1321.0</ele>
				<time>2026-08-11T11:28:28Z</time>
			</trkpt>
			<trkpt lat="45.720996499061584" lon="10.89129388332367">
				<ele>1320.800048828125</ele>
				<time>2026-08-11T11:28:36Z</time>
			</trkpt>
			<trkpt lat="45.72100377082825" lon="10.891306042671204">
				<ele>1320.800048828125</ele>
				<time>2026-08-11T11:28:37Z</time>
			</trkpt>
			<trkpt lat="45.72101604938507" lon="10.89131486415863">
				<ele>1320.5999755859375</ele>
				<time>2026-08-11T11:28:38Z</time>
			</trkpt>
			<trkpt lat="45.72102475166321" lon="10.891479134559631">
				<ele>1320.0</ele>
				<time>2026-08-11T11:28:51Z</time>
			</trkpt>
			<trkpt lat="45.72101581096649" lon="10.891493201255798">
				<ele>1320.0</ele>
				<time>2026-08-11T11:28:52Z</time>
			</trkpt>
			<trkpt lat="45.72100865840912" lon="10.891508340835571">
				<ele>1320.0</ele>
				<time>2026-08-11T11:28:53Z</time>
			</trkpt>
			<trkpt lat="45.7210054397583" lon="10.891540765762329">
				<ele>1319.800048828125</ele>
				<time>2026-08-11T11:28:55Z</time>
			</trkpt>
			<trkpt lat="45.72099280357361" lon="10.891623377799988">
				<ele>1319.5999755859375</ele>
				<time>2026-08-11T11:28:59Z</time>
			</trkpt>
			<trkpt lat="45.72099959850311" lon="10.891639471054077">
				<ele>1319.5999755859375</ele>
				<time>2026-08-11T11:29:00Z</time>
			</trkpt>
			<trkpt lat="45.721006751060486" lon="10.891652822494507">
				<ele>1319.5999755859375</ele>
				<time>2026-08-11T11:29:01Z</time>
			</trkpt>
			<trkpt lat="45.721009612083435" lon="10.891666293144226">
				<ele>1319.5999755859375</ele>
				<time>2026-08-11T11:29:02Z</time>
			</trkpt>
			<trkpt lat="45.72102093696594" lon="10.891674399375916">
				<ele>1319.5999755859375</ele>
				<time>2026-08-11T11:29:03Z</time>
			</trkpt>
			<trkpt lat="45.72103226184845" lon="10.891682267189026">
				<ele>1319.4000244140625</ele>
				<time>2026-08-11T11:29:04Z</time>
			</trkpt>
			<trkpt lat="45.721046924591064" lon="10.89168918132782">
				<ele>1319.4000244140625</ele>
				<time>2026-08-11T11:29:05Z</time>
			</trkpt>
			<trkpt lat="45.7210590839386" lon="10.89169704914093">
				<ele>1319.4000244140625</ele>
				<time>2026-08-11T11:29:06Z</time>
			</trkpt>
			<trkpt lat="45.72106945514679" lon="10.891706585884094">
				<ele>1319.4000244140625</ele>
				<time>2026-08-11T11:29:07Z</time>
			</trkpt>
			<trkpt lat="45.72108018398285" lon="10.891716003417969">
				<ele>1319.199951171875</ele>
				<time>2026-08-11T11:29:08Z</time>
			</trkpt>
			<trkpt lat="45.721091747283936" lon="10.891723155975342">
				<ele>1319.199951171875</ele>
				<time>2026-08-11T11:29:09Z</time>
			</trkpt>
			<trkpt lat="45.72125601768494" lon="10.891850471496582">
				<ele>1318.4000244140625</ele>
				<time>2026-08-11T11:29:24Z</time>
			</trkpt>
			<trkpt lat="45.72143280506134" lon="10.891896367073059">
				<ele>1317.4000244140625</ele>
				<time>2026-08-11T11:29:40Z</time>
			</trkpt>
			<trkpt lat="45.72162139415741" lon="10.891913771629333">
				<ele>1316.0</ele>
				<time>2026-08-11T11:29:54Z</time>
			</trkpt>
			<trkpt lat="45.72179341316223" lon="10.89197862148285">
				<ele>1314.4000244140625</ele>
				<time>2026-08-11T11:30:09Z</time>
			</trkpt>
			<trkpt lat="45.72180449962616" lon="10.891988396644592">
				<ele>1314.199951171875</ele>
				<time>2026-08-11T11:30:10Z</time>
			</trkpt>
			<trkpt lat="45.72192084789276" lon="10.892128229141235">
				<ele>1313.199951171875</ele>
				<time>2026-08-11T11:30:24Z</time>
			</trkpt>
			<trkpt lat="45.72200655937195" lon="10.892218947410583">
				<ele>1312.800048828125</ele>
				<time>2026-08-11T11:30:32Z</time>
			</trkpt>
			<trkpt lat="45.72204875946045" lon="10.892295718193054">
				<ele>1312.4000244140625</ele>
				<time>2026-08-11T11:30:39Z</time>
			</trkpt>
			<trkpt lat="45.72208249568939" lon="10.892338752746582">
				<ele>1312.199951171875</ele>
				<time>2026-08-11T11:30:43Z</time>
			</trkpt>
			<trkpt lat="45.722094893455505" lon="10.892348289489746">
				<ele>1312.199951171875</ele>
				<time>2026-08-11T11:30:44Z</time>
			</trkpt>
			<trkpt lat="45.72222316265106" lon="10.892431020736694">
				<ele>1311.4000244140625</ele>
				<time>2026-08-11T11:30:56Z</time>
			</trkpt>
			<trkpt lat="45.722238540649414" lon="10.892431378364563">
				<ele>1311.4000244140625</ele>
				<time>2026-08-11T11:30:57Z</time>
			</trkpt>
			<trkpt lat="45.72225272655487" lon="10.892433643341064">
				<ele>1311.199951171875</ele>
				<time>2026-08-11T11:30:58Z</time>
			</trkpt>
			<trkpt lat="45.7222660779953" lon="10.892436504364014">
				<ele>1311.199951171875</ele>
				<time>2026-08-11T11:30:59Z</time>
			</trkpt>
			<trkpt lat="45.7223197221756" lon="10.892483115196228">
				<ele>1310.800048828125</ele>
				<time>2026-08-11T11:31:05Z</time>
			</trkpt>
			<trkpt lat="45.722490549087524" lon="10.892592072486877">
				<ele>1310.0</ele>
				<time>2026-08-11T11:31:19Z</time>
			</trkpt>
			<trkpt lat="45.722501277923584" lon="10.892600893974304">
				<ele>1309.800048828125</ele>
				<time>2026-08-11T11:31:20Z</time>
			</trkpt>
			<trkpt lat="45.72263765335083" lon="10.892723441123962">
				<ele>1309.4000244140625</ele>
				<time>2026-08-11T11:31:34Z</time>
			</trkpt>
			<trkpt lat="45.722782611846924" lon="10.892861247062683">
				<ele>1309.199951171875</ele>
				<time>2026-08-11T11:31:51Z</time>
			</trkpt>
			<trkpt lat="45.722814202308655" lon="10.89284360408783">
				<ele>1309.199951171875</ele>
				<time>2026-08-11T11:32:16Z</time>
			</trkpt>
			<trkpt lat="45.72278714179993" lon="10.892829060554504">
				<ele>1308.199951171875</ele>
				<time>2026-08-11T11:32:56Z</time>
			</trkpt>
			<trkpt lat="45.72278439998627" lon="10.892834544181824">
				<ele>1308.4000244140625</ele>
				<time>2026-08-11T11:33:38Z</time>
			</trkpt>
			<trkpt lat="45.72278344631195" lon="10.892834901809692">
				<ele>1308.0</ele>
				<time>2026-08-11T11:34:13Z</time>
			</trkpt>
			<trkpt lat="45.722766280174255" lon="10.892820596694946">
				<ele>1308.199951171875</ele>
				<time>2026-08-11T11:34:44Z</time>
			</trkpt>
			<trkpt lat="45.72277331352234" lon="10.892804980278015">
				<ele>1308.0</ele>
				<time>2026-08-11T11:35:12Z</time>
			</trkpt>
			<trkpt lat="45.72278690338135" lon="10.89277958869934">
				<ele>1308.199951171875</ele>
				<time>2026-08-11T11:35:43Z</time>
			</trkpt>
			<trkpt lat="45.7227988243103" lon="10.892765998840332">
				<ele>1308.0</ele>
				<time>2026-08-11T11:36:12Z</time>
			</trkpt>
			<trkpt lat="45.72280967235565" lon="10.892759561538696">
				<ele>1308.0</ele>
				<time>2026-08-11T11:36:46Z</time>
			</trkpt>
			<trkpt lat="45.722811698913574" lon="10.892751932144165">
				<ele>1308.0</ele>
				<time>2026-08-11T11:37:18Z</time>
			</trkpt>
			<trkpt lat="45.7228137254715" lon="10.892752528190613">
				<ele>1308.199951171875</ele>
				<time>2026-08-11T11:37:51Z</time>
			</trkpt>
			<trkpt lat="45.72281634807587" lon="10.892745971679688">
				<ele>1308.199951171875</ele>
				<time>2026-08-11T11:38:22Z</time>
			</trkpt>
			<trkpt lat="45.72282350063324" lon="10.892740964889526">
				<ele>1308.0</ele>
				<time>2026-08-11T11:38:56Z</time>
			</trkpt>
			<trkpt lat="45.72281992435455" lon="10.892740488052368">
				<ele>1307.800048828125</ele>
				<time>2026-08-11T11:39:25Z</time>
			</trkpt>
			<trkpt lat="45.72281312942505" lon="10.892752647399902">
				<ele>1308.0</ele>
				<time>2026-08-11T11:39:53Z</time>
			</trkpt>
			<trkpt lat="45.72280704975128" lon="10.892765760421753">
				<ele>1307.800048828125</ele>
				<time>2026-08-11T11:40:22Z</time>
			</trkpt>
			<trkpt lat="45.72280752658844" lon="10.892781615257263">
				<ele>1307.800048828125</ele>
				<time>2026-08-11T11:40:49Z</time>
			</trkpt>
			<trkpt lat="45.72280752658844" lon="10.892795443534851">
				<ele>1307.800048828125</ele>
				<time>2026-08-11T11:41:18Z</time>
			</trkpt>
			<trkpt lat="45.72280442714691" lon="10.892805814743042">
				<ele>1307.800048828125</ele>
				<time>2026-08-11T11:41:51Z</time>
			</trkpt>
			<trkpt lat="45.72278594970703" lon="10.892813324928284">
				<ele>1307.800048828125</ele>
				<time>2026-08-11T11:42:23Z</time>
			</trkpt>
			<trkpt lat="45.72276055812836" lon="10.892839789390564">
				<ele>1307.5999755859375</ele>
				<time>2026-08-11T11:42:56Z</time>
			</trkpt>
			<trkpt lat="45.72273874282837" lon="10.892892479896545">
				<ele>1309.4000244140625</ele>
				<time>2026-08-11T11:43:31Z</time>
			</trkpt>
			<trkpt lat="45.722742199897766" lon="10.892894983291626">
				<ele>1310.199951171875</ele>
				<time>2026-08-11T11:43:33Z</time>
			</trkpt>
			<trkpt lat="45.72296452522278" lon="10.892852663993835">
				<ele>1310.4000244140625</ele>
				<time>2026-08-11T11:45:28Z</time>
			</trkpt>
			<trkpt lat="45.72288727760315" lon="10.892860293388367">
				<ele>1311.199951171875</ele>
				<time>2026-08-11T11:46:13Z</time>
			</trkpt>
			<trkpt lat="45.722909688949585" lon="10.892889380455017">
				<ele>1311.800048828125</ele>
				<time>2026-08-11T11:46:30Z</time>
			</trkpt>
			<trkpt lat="45.72291839122772" lon="10.892900109291077">
				<ele>1312.0</ele>
				<time>2026-08-11T11:46:31Z</time>
			</trkpt>
			<trkpt lat="45.7229278087616" lon="10.892910480499268">
				<ele>1312.0</ele>
				<time>2026-08-11T11:46:32Z</time>
			</trkpt>
			<trkpt lat="45.72293698787689" lon="10.892918229103088">
				<ele>1312.0</ele>
				<time>2026-08-11T11:46:33Z</time>
			</trkpt>
			<trkpt lat="45.722946524620056" lon="10.892929315567017">
				<ele>1312.0</ele>
				<time>2026-08-11T11:46:34Z</time>
			</trkpt>
			<trkpt lat="45.722954511642456" lon="10.892942547798157">
				<ele>1312.0</ele>
				<time>2026-08-11T11:46:35Z</time>
			</trkpt>
			<trkpt lat="45.722962498664856" lon="10.892956018447876">
				<ele>1312.0</ele>
				<time>2026-08-11T11:46:36Z</time>
			</trkpt>
			<trkpt lat="45.722984313964844" lon="10.893008589744568">
				<ele>1312.199951171875</ele>
				<time>2026-08-11T11:46:40Z</time>
			</trkpt>
			<trkpt lat="45.72299110889435" lon="10.893024682998657">
				<ele>1312.199951171875</ele>
				<time>2026-08-11T11:46:41Z</time>
			</trkpt>
			<trkpt lat="45.723114371299744" lon="10.89319384098053">
				<ele>1312.5999755859375</ele>
				<time>2026-08-11T11:46:56Z</time>
			</trkpt>
			<trkpt lat="45.723124742507935" lon="10.893205881118774">
				<ele>1312.5999755859375</ele>
				<time>2026-08-11T11:46:57Z</time>
			</trkpt>
			<trkpt lat="45.723132848739624" lon="10.893218040466309">
				<ele>1312.5999755859375</ele>
				<time>2026-08-11T11:46:58Z</time>
			</trkpt>
			<trkpt lat="45.723143219947815" lon="10.893228769302368">
				<ele>1312.5999755859375</ele>
				<time>2026-08-11T11:46:59Z</time>
			</trkpt>
			<trkpt lat="45.72315239906311" lon="10.893238425254822">
				<ele>1312.5999755859375</ele>
				<time>2026-08-11T11:47:00Z</time>
			</trkpt>
			<trkpt lat="45.7231650352478" lon="10.893245935440063">
				<ele>1312.5999755859375</ele>
				<time>2026-08-11T11:47:01Z</time>
			</trkpt>
			<trkpt lat="45.72317683696747" lon="10.893253445625305">
				<ele>1312.5999755859375</ele>
				<time>2026-08-11T11:47:02Z</time>
			</trkpt>
			<trkpt lat="45.723188042640686" lon="10.893262267112732">
				<ele>1312.5999755859375</ele>
				<time>2026-08-11T11:47:03Z</time>
			</trkpt>
			<trkpt lat="45.723315715789795" lon="10.89345395565033">
				<ele>1313.0</ele>
				<time>2026-08-11T11:47:19Z</time>
			</trkpt>
			<trkpt lat="45.7233225107193" lon="10.893468499183655">
				<ele>1313.0</ele>
				<time>2026-08-11T11:47:20Z</time>
			</trkpt>
			<trkpt lat="45.72333037853241" lon="10.893481850624084">
				<ele>1313.0</ele>
				<time>2026-08-11T11:47:21Z</time>
			</trkpt>
			<trkpt lat="45.72339856624603" lon="10.893580317497253">
				<ele>1313.4000244140625</ele>
				<time>2026-08-11T11:47:29Z</time>
			</trkpt>
			<trkpt lat="45.72341167926788" lon="10.893590331077576">
				<ele>1313.4000244140625</ele>
				<time>2026-08-11T11:47:30Z</time>
			</trkpt>
			<trkpt lat="45.72345757484436" lon="10.893641591072083">
				<ele>1313.5999755859375</ele>
				<time>2026-08-11T11:47:35Z</time>
			</trkpt>
			<trkpt lat="45.72346532344818" lon="10.893654584884644">
				<ele>1313.5999755859375</ele>
				<time>2026-08-11T11:47:36Z</time>
			</trkpt>
			<trkpt lat="45.72347676753998" lon="10.893662214279175">
				<ele>1313.5999755859375</ele>
				<time>2026-08-11T11:47:37Z</time>
			</trkpt>
			<trkpt lat="45.72364854812622" lon="10.893747687339783">
				<ele>1314.0</ele>
				<time>2026-08-11T11:47:50Z</time>
			</trkpt>
			<trkpt lat="45.72378647327423" lon="10.893830060958862">
				<ele>1314.4000244140625</ele>
				<time>2026-08-11T11:48:03Z</time>
			</trkpt>
			<trkpt lat="45.723851799964905" lon="10.893888235092163">
				<ele>1314.4000244140625</ele>
				<time>2026-08-11T11:48:09Z</time>
			</trkpt>
			<trkpt lat="45.72386169433594" lon="10.89389967918396">
				<ele>1314.4000244140625</ele>
				<time>2026-08-11T11:48:10Z</time>
			</trkpt>
			<trkpt lat="45.72387218475342" lon="10.893909573554993">
				<ele>1314.5999755859375</ele>
				<time>2026-08-11T11:48:11Z</time>
			</trkpt>
			<trkpt lat="45.72403383255005" lon="10.894013404846191">
				<ele>1314.800048828125</ele>
				<time>2026-08-11T11:48:25Z</time>
			</trkpt>
			<trkpt lat="45.72412121295929" lon="10.894076704978943">
				<ele>1314.800048828125</ele>
				<time>2026-08-11T11:48:33Z</time>
			</trkpt>
			<trkpt lat="45.72413158416748" lon="10.894083738327026">
				<ele>1314.800048828125</ele>
				<time>2026-08-11T11:48:34Z</time>
			</trkpt>
			<trkpt lat="45.72428488731384" lon="10.894176959991455">
				<ele>1315.0</ele>
				<time>2026-08-11T11:48:47Z</time>
			</trkpt>
			<trkpt lat="45.72444498538971" lon="10.894280195236206">
				<ele>1315.199951171875</ele>
				<time>2026-08-11T11:49:02Z</time>
			</trkpt>
			<trkpt lat="45.724605679512024" lon="10.894396305084229">
				<ele>1315.800048828125</ele>
				<time>2026-08-11T11:49:16Z</time>
			</trkpt>
			<trkpt lat="45.72473585605621" lon="10.894498586654663">
				<ele>1316.199951171875</ele>
				<time>2026-08-11T11:49:27Z</time>
			</trkpt>
			<trkpt lat="45.724931478500366" lon="10.894637107849121">
				<ele>1316.0</ele>
				<time>2026-08-11T11:49:43Z</time>
			</trkpt>
			<trkpt lat="45.72510814666748" lon="10.894698977470398">
				<ele>1316.4000244140625</ele>
				<time>2026-08-11T11:49:56Z</time>
			</trkpt>
			<trkpt lat="45.72525227069855" lon="10.894750833511353">
				<ele>1316.4000244140625</ele>
				<time>2026-08-11T11:50:08Z</time>
			</trkpt>
			<trkpt lat="45.72526299953461" lon="10.894760251045227">
				<ele>1316.4000244140625</ele>
				<time>2026-08-11T11:50:09Z</time>
			</trkpt>
			<trkpt lat="45.72528553009033" lon="10.894771337509155">
				<ele>1316.4000244140625</ele>
				<time>2026-08-11T11:50:11Z</time>
			</trkpt>
			<trkpt lat="45.72529458999634" lon="10.894774317741394">
				<ele>1316.4000244140625</ele>
				<time>2026-08-11T11:50:12Z</time>
			</trkpt>
			<trkpt lat="45.72530698776245" lon="10.894781351089478">
				<ele>1316.4000244140625</ele>
				<time>2026-08-11T11:50:13Z</time>
			</trkpt>
			<trkpt lat="45.72532248497009" lon="10.89479148387909">
				<ele>1316.5999755859375</ele>
				<time>2026-08-11T11:50:14Z</time>
			</trkpt>
			<trkpt lat="45.72533404827118" lon="10.894800186157227">
				<ele>1316.5999755859375</ele>
				<time>2026-08-11T11:50:15Z</time>
			</trkpt>
			<trkpt lat="45.725351095199585" lon="10.894809603691101">
				<ele>1316.5999755859375</ele>
				<time>2026-08-11T11:50:16Z</time>
			</trkpt>
			<trkpt lat="45.72536373138428" lon="10.894819855690002">
				<ele>1316.5999755859375</ele>
				<time>2026-08-11T11:50:17Z</time>
			</trkpt>
			<trkpt lat="45.725374817848206" lon="10.894829273223877">
				<ele>1316.5999755859375</ele>
				<time>2026-08-11T11:50:18Z</time>
			</trkpt>
			<trkpt lat="45.72553312778473" lon="10.89494264125824">
				<ele>1316.800048828125</ele>
				<time>2026-08-11T11:50:32Z</time>
			</trkpt>
			<trkpt lat="45.72567880153656" lon="10.895058155059814">
				<ele>1317.0</ele>
				<time>2026-08-11T11:50:46Z</time>
			</trkpt>
			<trkpt lat="45.725688219070435" lon="10.895066976547241">
				<ele>1317.0</ele>
				<time>2026-08-11T11:50:47Z</time>
			</trkpt>
			<trkpt lat="45.72569668292999" lon="10.89507806301117">
				<ele>1317.0</ele>
				<time>2026-08-11T11:50:48Z</time>
			</trkpt>
			<trkpt lat="45.72584009170532" lon="10.895233392715454">
				<ele>1318.0</ele>
				<time>2026-08-11T11:51:03Z</time>
			</trkpt>
			<trkpt lat="45.726006388664246" lon="10.895395994186401">
				<ele>1319.0</ele>
				<time>2026-08-11T11:51:19Z</time>
			</trkpt>
			<trkpt lat="45.72611665725708" lon="10.895446419715881">
				<ele>1319.199951171875</ele>
				<time>2026-08-11T11:51:28Z</time>
			</trkpt>
			<trkpt lat="45.7262122631073" lon="10.895405888557434">
				<ele>1319.0</ele>
				<time>2026-08-11T11:51:36Z</time>
			</trkpt>
			<trkpt lat="45.72621953487396" lon="10.89539384841919">
				<ele>1319.0</ele>
				<time>2026-08-11T11:51:37Z</time>
			</trkpt>
			<trkpt lat="45.72622859477997" lon="10.895383477210999">
				<ele>1318.800048828125</ele>
				<time>2026-08-11T11:51:38Z</time>
			</trkpt>
			<trkpt lat="45.72623872756958" lon="10.89537262916565">
				<ele>1318.800048828125</ele>
				<time>2026-08-11T11:51:39Z</time>
			</trkpt>
			<trkpt lat="45.72624611854553" lon="10.895362138748169">
				<ele>1318.800048828125</ele>
				<time>2026-08-11T11:51:40Z</time>
			</trkpt>
			<trkpt lat="45.72625374794006" lon="10.895349979400635">
				<ele>1318.800048828125</ele>
				<time>2026-08-11T11:51:41Z</time>
			</trkpt>
			<trkpt lat="45.72626352310181" lon="10.895340085029602">
				<ele>1318.800048828125</ele>
				<time>2026-08-11T11:51:42Z</time>
			</trkpt>
			<trkpt lat="45.72627377510071" lon="10.895333766937256">
				<ele>1318.5999755859375</ele>
				<time>2026-08-11T11:51:43Z</time>
			</trkpt>
			<trkpt lat="45.72628390789032" lon="10.89532721042633">
				<ele>1318.5999755859375</ele>
				<time>2026-08-11T11:51:44Z</time>
			</trkpt>
			<trkpt lat="45.726316928863525" lon="10.895318388938904">
				<ele>1318.5999755859375</ele>
				<time>2026-08-11T11:51:47Z</time>
			</trkpt>
			<trkpt lat="45.72632896900177" lon="10.89530885219574">
				<ele>1318.5999755859375</ele>
				<time>2026-08-11T11:51:48Z</time>
			</trkpt>
			<trkpt lat="45.72634172439575" lon="10.895302057266235">
				<ele>1318.5999755859375</ele>
				<time>2026-08-11T11:51:49Z</time>
			</trkpt>
			<trkpt lat="45.72636687755585" lon="10.895297527313232">
				<ele>1318.800048828125</ele>
				<time>2026-08-11T11:51:51Z</time>
			</trkpt>
			<trkpt lat="45.726378321647644" lon="10.895302176475525">
				<ele>1318.800048828125</ele>
				<time>2026-08-11T11:51:52Z</time>
			</trkpt>
			<trkpt lat="45.7265145778656" lon="10.895381450653076">
				<ele>1318.5999755859375</ele>
				<time>2026-08-11T11:52:05Z</time>
			</trkpt>
			<trkpt lat="45.726574182510376" lon="10.895409941673279">
				<ele>1318.800048828125</ele>
				<time>2026-08-11T11:52:10Z</time>
			</trkpt>
			<trkpt lat="45.72671401500702" lon="10.895511269569397">
				<ele>1319.199951171875</ele>
				<time>2026-08-11T11:52:23Z</time>
			</trkpt>
			<trkpt lat="45.726754546165466" lon="10.895541191101074">
				<ele>1319.4000244140625</ele>
				<time>2026-08-11T11:52:27Z</time>
			</trkpt>
			<trkpt lat="45.726786494255066" lon="10.895577192306519">
				<ele>1319.4000244140625</ele>
				<time>2026-08-11T11:52:31Z</time>
			</trkpt>
			<trkpt lat="45.72689604759216" lon="10.895688772201538">
				<ele>1319.800048828125</ele>
				<time>2026-08-11T11:52:43Z</time>
			</trkpt>
			<trkpt lat="45.726906418800354" lon="10.895699143409729">
				<ele>1320.0</ele>
				<time>2026-08-11T11:52:44Z</time>
			</trkpt>
			<trkpt lat="45.72693693637848" lon="10.89572811126709">
				<ele>1320.0</ele>
				<time>2026-08-11T11:52:47Z</time>
			</trkpt>
			<trkpt lat="45.72698748111725" lon="10.89582347869873">
				<ele>1320.5999755859375</ele>
				<time>2026-08-11T11:53:00Z</time>
			</trkpt>
			<trkpt lat="45.72698748111725" lon="10.895829439163208">
				<ele>1320.5999755859375</ele>
				<time>2026-08-11T11:53:01Z</time>
			</trkpt>
			<trkpt lat="45.72699153423309" lon="10.895843267440796">
				<ele>1320.5999755859375</ele>
				<time>2026-08-11T11:53:02Z</time>
			</trkpt>
			<trkpt lat="45.7270028591156" lon="10.89586853981018">
				<ele>1320.5999755859375</ele>
				<time>2026-08-11T11:53:04Z</time>
			</trkpt>
			<trkpt lat="45.72700905799866" lon="10.8958820104599">
				<ele>1320.5999755859375</ele>
				<time>2026-08-11T11:53:05Z</time>
			</trkpt>
			<trkpt lat="45.727067828178406" lon="10.896016001701355">
				<ele>1321.0</ele>
				<time>2026-08-11T11:53:15Z</time>
			</trkpt>
			<trkpt lat="45.727080941200256" lon="10.896024703979492">
				<ele>1321.0</ele>
				<time>2026-08-11T11:53:16Z</time>
			</trkpt>
			<trkpt lat="45.72709083557129" lon="10.896035194396973">
				<ele>1321.0</ele>
				<time>2026-08-11T11:53:17Z</time>
			</trkpt>
			<trkpt lat="45.727097153663635" lon="10.896063566207886">
				<ele>1321.0</ele>
				<time>2026-08-11T11:53:19Z</time>
			</trkpt>
			<trkpt lat="45.7271009683609" lon="10.89608085155487">
				<ele>1321.199951171875</ele>
				<time>2026-08-11T11:53:20Z</time>
			</trkpt>
			<trkpt lat="45.72712457180023" lon="10.896175384521484">
				<ele>1321.4000244140625</ele>
				<time>2026-08-11T11:53:26Z</time>
			</trkpt>
			<trkpt lat="45.72713232040405" lon="10.896187424659729">
				<ele>1321.4000244140625</ele>
				<time>2026-08-11T11:53:27Z</time>
			</trkpt>
			<trkpt lat="45.72713661193848" lon="10.896202683448792">
				<ele>1321.4000244140625</ele>
				<time>2026-08-11T11:53:28Z</time>
			</trkpt>
			<trkpt lat="45.72721838951111" lon="10.896386742591858">
				<ele>1321.800048828125</ele>
				<time>2026-08-11T11:53:41Z</time>
			</trkpt>
			<trkpt lat="45.72721993923187" lon="10.896402597427368">
				<ele>1321.800048828125</ele>
				<time>2026-08-11T11:53:42Z</time>
			</trkpt>
			<trkpt lat="45.72722148895264" lon="10.896418333053589">
				<ele>1322.0</ele>
				<time>2026-08-11T11:53:43Z</time>
			</trkpt>
			<trkpt lat="45.72724628448486" lon="10.896465539932251">
				<ele>1322.199951171875</ele>
				<time>2026-08-11T11:53:47Z</time>
			</trkpt>
			<trkpt lat="45.727253556251526" lon="10.896505355834961">
				<ele>1322.4000244140625</ele>
				<time>2026-08-11T11:53:50Z</time>
			</trkpt>
			<trkpt lat="45.72726130485535" lon="10.896534085273743">
				<ele>1322.4000244140625</ele>
				<time>2026-08-11T11:53:52Z</time>
			</trkpt>
			<trkpt lat="45.72726511955261" lon="10.896548509597778">
				<ele>1322.5999755859375</ele>
				<time>2026-08-11T11:53:53Z</time>
			</trkpt>
			<trkpt lat="45.72731554508209" lon="10.896721005439758">
				<ele>1323.4000244140625</ele>
				<time>2026-08-11T11:54:06Z</time>
			</trkpt>
			<trkpt lat="45.72736299037933" lon="10.8967924118042">
				<ele>1324.199951171875</ele>
				<time>2026-08-11T11:54:21Z</time>
			</trkpt>
			<trkpt lat="45.727471232414246" lon="10.897076845169067">
				<ele>1324.5999755859375</ele>
				<time>2026-08-11T11:54:42Z</time>
			</trkpt>
			<trkpt lat="45.7275013923645" lon="10.897154688835144">
				<ele>1324.5999755859375</ele>
				<time>2026-08-11T11:54:47Z</time>
			</trkpt>
			<trkpt lat="45.72750449180603" lon="10.897191286087036">
				<ele>1324.5999755859375</ele>
				<time>2026-08-11T11:54:50Z</time>
			</trkpt>
			<trkpt lat="45.72750961780548" lon="10.897204756736755">
				<ele>1324.5999755859375</ele>
				<time>2026-08-11T11:54:51Z</time>
			</trkpt>
			<trkpt lat="45.72755408287048" lon="10.897344708442688">
				<ele>1324.5999755859375</ele>
				<time>2026-08-11T11:55:02Z</time>
			</trkpt>
			<trkpt lat="45.727559208869934" lon="10.897359609603882">
				<ele>1324.5999755859375</ele>
				<time>2026-08-11T11:55:03Z</time>
			</trkpt>
			<trkpt lat="45.72761535644531" lon="10.89753270149231">
				<ele>1325.0</ele>
				<time>2026-08-11T11:55:16Z</time>
			</trkpt>
			<trkpt lat="45.727625131607056" lon="10.897555947303772">
				<ele>1325.0</ele>
				<time>2026-08-11T11:55:18Z</time>
			</trkpt>
			<trkpt lat="45.727627635002136" lon="10.89761197566986">
				<ele>1325.199951171875</ele>
				<time>2026-08-11T11:55:22Z</time>
			</trkpt>
			<trkpt lat="45.72763550281525" lon="10.897679805755615">
				<ele>1325.5999755859375</ele>
				<time>2026-08-11T11:55:27Z</time>
			</trkpt>
			<trkpt lat="45.72765326499939" lon="10.897851347923279">
				<ele>1326.800048828125</ele>
				<time>2026-08-11T11:55:40Z</time>
			</trkpt>
			<trkpt lat="45.727654457092285" lon="10.89788281917572">
				<ele>1327.0</ele>
				<time>2026-08-11T11:55:42Z</time>
			</trkpt>
			<trkpt lat="45.727654695510864" lon="10.897898077964783">
				<ele>1327.199951171875</ele>
				<time>2026-08-11T11:55:43Z</time>
			</trkpt>
			<trkpt lat="45.72766053676605" lon="10.898111820220947">
				<ele>1328.800048828125</ele>
				<time>2026-08-11T11:55:59Z</time>
			</trkpt>
			<trkpt lat="45.727659702301025" lon="10.898268938064575">
				<ele>1330.800048828125</ele>
				<time>2026-08-11T11:56:21Z</time>
			</trkpt>
			<trkpt lat="45.72761428356171" lon="10.898532032966614">
				<ele>1332.4000244140625</ele>
				<time>2026-08-11T11:56:41Z</time>
			</trkpt>
			<trkpt lat="45.72761058807373" lon="10.898871898651123">
				<ele>1334.4000244140625</ele>
				<time>2026-08-11T11:57:05Z</time>
			</trkpt>
			<trkpt lat="45.72759664058685" lon="10.898955821990967">
				<ele>1335.5999755859375</ele>
				<time>2026-08-11T11:57:20Z</time>
			</trkpt>
			<trkpt lat="45.72759926319122" lon="10.898963332176208">
				<ele>1335.5999755859375</ele>
				<time>2026-08-11T11:57:41Z</time>
			</trkpt>
			<trkpt lat="45.72760736942291" lon="10.898988723754883">
				<ele>1335.5999755859375</ele>
				<time>2026-08-11T11:57:43Z</time>
			</trkpt>
			<trkpt lat="45.727619767189026" lon="10.899043202400208">
				<ele>1335.800048828125</ele>
				<time>2026-08-11T11:58:04Z</time>
			</trkpt>
			<trkpt lat="45.72758769989014" lon="10.8990980386734">
				<ele>1336.0</ele>
				<time>2026-08-11T11:58:19Z</time>
			</trkpt>
			<trkpt lat="45.7275949716568" lon="10.8991037607193">
				<ele>1336.199951171875</ele>
				<time>2026-08-11T11:58:41Z</time>
			</trkpt>
			<trkpt lat="45.72759139537811" lon="10.89912748336792">
				<ele>1336.199951171875</ele>
				<time>2026-08-11T11:58:45Z</time>
			</trkpt>
			<trkpt lat="45.727588415145874" lon="10.899141073226929">
				<ele>1336.199951171875</ele>
				<time>2026-08-11T11:58:46Z</time>
			</trkpt>
			<trkpt lat="45.72752368450165" lon="10.899450302124023">
				<ele>1335.800048828125</ele>
				<time>2026-08-11T11:59:04Z</time>
			</trkpt>
			<trkpt lat="45.72743117809296" lon="10.899733901023865">
				<ele>1336.4000244140625</ele>
				<time>2026-08-11T11:59:22Z</time>
			</trkpt>
			<trkpt lat="45.72732090950012" lon="10.899972915649414">
				<ele>1337.4000244140625</ele>
				<time>2026-08-11T11:59:39Z</time>
			</trkpt>
			<trkpt lat="45.72724533081055" lon="10.900233626365662">
				<ele>1338.0</ele>
				<time>2026-08-11T11:59:55Z</time>
			</trkpt>
			<trkpt lat="45.72717320919037" lon="10.900532603263855">
				<ele>1338.199951171875</ele>
				<time>2026-08-11T12:00:13Z</time>
			</trkpt>
			<trkpt lat="45.72708356380463" lon="10.900794267654419">
				<ele>1338.0</ele>
				<time>2026-08-11T12:00:29Z</time>
			</trkpt>
			<trkpt lat="45.72701120376587" lon="10.901042222976685">
				<ele>1338.4000244140625</ele>
				<time>2026-08-11T12:00:46Z</time>
			</trkpt>
			<trkpt lat="45.72701811790466" lon="10.901105403900146">
				<ele>1338.4000244140625</ele>
				<time>2026-08-11T12:00:55Z</time>
			</trkpt>
			<trkpt lat="45.72701847553253" lon="10.901119947433472">
				<ele>1338.4000244140625</ele>
				<time>2026-08-11T12:00:56Z</time>
			</trkpt>
			<trkpt lat="45.72703576087952" lon="10.901246070861816">
				<ele>1338.5999755859375</ele>
				<time>2026-08-11T12:01:04Z</time>
			</trkpt>
			<trkpt lat="45.727049708366394" lon="10.90135133266449">
				<ele>1338.5999755859375</ele>
				<time>2026-08-11T12:01:11Z</time>
			</trkpt>
			<trkpt lat="45.727057337760925" lon="10.901362538337708">
				<ele>1338.800048828125</ele>
				<time>2026-08-11T12:01:12Z</time>
			</trkpt>
			<trkpt lat="45.72706472873688" lon="10.901371717453003">
				<ele>1338.800048828125</ele>
				<time>2026-08-11T12:01:13Z</time>
			</trkpt>
			<trkpt lat="45.7271945476532" lon="10.90145206451416">
				<ele>1339.199951171875</ele>
				<time>2026-08-11T12:01:25Z</time>
			</trkpt>
			<trkpt lat="45.72722601890564" lon="10.901469707489014">
				<ele>1339.4000244140625</ele>
				<time>2026-08-11T12:01:28Z</time>
			</trkpt>
			<trkpt lat="45.72723948955536" lon="10.901472449302673">
				<ele>1339.5999755859375</ele>
				<time>2026-08-11T12:01:29Z</time>
			</trkpt>
			<trkpt lat="45.72725057601929" lon="10.901472806930542">
				<ele>1339.5999755859375</ele>
				<time>2026-08-11T12:01:30Z</time>
			</trkpt>
			<trkpt lat="45.72726249694824" lon="10.901472568511963">
				<ele>1339.5999755859375</ele>
				<time>2026-08-11T12:01:31Z</time>
			</trkpt>
			<trkpt lat="45.727274656295776" lon="10.901472926139832">
				<ele>1339.800048828125</ele>
				<time>2026-08-11T12:01:32Z</time>
			</trkpt>
			<trkpt lat="45.72736704349518" lon="10.901469826698303">
				<ele>1341.800048828125</ele>
				<time>2026-08-11T12:01:49Z</time>
			</trkpt>
			<trkpt lat="45.7275208234787" lon="10.90148150920868">
				<ele>1342.800048828125</ele>
				<time>2026-08-11T12:02:03Z</time>
			</trkpt>
			<trkpt lat="45.72757422924042" lon="10.901495933532715">
				<ele>1343.199951171875</ele>
				<time>2026-08-11T12:02:08Z</time>
			</trkpt>
			<trkpt lat="45.7275847196579" lon="10.901495456695557">
				<ele>1343.199951171875</ele>
				<time>2026-08-11T12:02:09Z</time>
			</trkpt>
			<trkpt lat="45.727720737457275" lon="10.901544690132141">
				<ele>1345.199951171875</ele>
				<time>2026-08-11T12:02:23Z</time>
			</trkpt>
			<trkpt lat="45.72774827480316" lon="10.90156614780426">
				<ele>1345.800048828125</ele>
				<time>2026-08-11T12:02:26Z</time>
			</trkpt>
			<trkpt lat="45.72783064842224" lon="10.901674389839172">
				<ele>1348.199951171875</ele>
				<time>2026-08-11T12:02:38Z</time>
			</trkpt>
			<trkpt lat="45.7278528213501" lon="10.901710391044617">
				<ele>1348.800048828125</ele>
				<time>2026-08-11T12:02:42Z</time>
			</trkpt>
			<trkpt lat="45.72788071632385" lon="10.90174674987793">
				<ele>1349.4000244140625</ele>
				<time>2026-08-11T12:02:46Z</time>
			</trkpt>
			<trkpt lat="45.72789120674133" lon="10.901750683784485">
				<ele>1349.5999755859375</ele>
				<time>2026-08-11T12:02:47Z</time>
			</trkpt>
			<trkpt lat="45.72791922092438" lon="10.901789546012878">
				<ele>1350.5999755859375</ele>
				<time>2026-08-11T12:03:04Z</time>
			</trkpt>
			<trkpt lat="45.72792112827301" lon="10.90185034275055">
				<ele>1351.4000244140625</ele>
				<time>2026-08-11T12:03:38Z</time>
			</trkpt>
			<trkpt lat="45.727904319763184" lon="10.901883482933044">
				<ele>1351.4000244140625</ele>
				<time>2026-08-11T12:03:41Z</time>
			</trkpt>
			<trkpt lat="45.727885127067566" lon="10.90192973613739">
				<ele>1351.4000244140625</ele>
				<time>2026-08-11T12:03:46Z</time>
			</trkpt>
			<trkpt lat="45.72788047790527" lon="10.901943802833557">
				<ele>1351.4000244140625</ele>
				<time>2026-08-11T12:03:47Z</time>
			</trkpt>
			<trkpt lat="45.727877140045166" lon="10.90195918083191">
				<ele>1351.5999755859375</ele>
				<time>2026-08-11T12:03:48Z</time>
			</trkpt>
			<trkpt lat="45.72782099246979" lon="10.90217649936676">
				<ele>1352.5999755859375</ele>
				<time>2026-08-11T12:04:03Z</time>
			</trkpt>
			<trkpt lat="45.727813601493835" lon="10.902187585830688">
				<ele>1352.5999755859375</ele>
				<time>2026-08-11T12:04:04Z</time>
			</trkpt>
			<trkpt lat="45.727733850479126" lon="10.902263045310974">
				<ele>1354.0</ele>
				<time>2026-08-11T12:04:18Z</time>
			</trkpt>
			<trkpt lat="45.72770965099335" lon="10.902312517166138">
				<ele>1355.0</ele>
				<time>2026-08-11T12:04:34Z</time>
			</trkpt>
			<trkpt lat="45.727673053741455" lon="10.90239155292511">
				<ele>1355.0</ele>
				<time>2026-08-11T12:04:50Z</time>
			</trkpt>
			<trkpt lat="45.72769582271576" lon="10.902385473251343">
				<ele>1355.0</ele>
				<time>2026-08-11T12:05:03Z</time>
			</trkpt>
			<trkpt lat="45.7276850938797" lon="10.902350664138794">
				<ele>1355.0</ele>
				<time>2026-08-11T12:05:17Z</time>
			</trkpt>
			<trkpt lat="45.72766733169556" lon="10.902349948883057">
				<ele>1355.0</ele>
				<time>2026-08-11T12:05:34Z</time>
			</trkpt>
			<trkpt lat="45.72768306732178" lon="10.90230929851532">
				<ele>1355.199951171875</ele>
				<time>2026-08-11T12:05:52Z</time>
			</trkpt>
			<trkpt lat="45.72768783569336" lon="10.902361154556274">
				<ele>1355.199951171875</ele>
				<time>2026-08-11T12:06:11Z</time>
			</trkpt>
			<trkpt lat="45.72770118713379" lon="10.902351260185242">
				<ele>1355.199951171875</ele>
				<time>2026-08-11T12:06:26Z</time>
			</trkpt>
			<trkpt lat="45.727694034576416" lon="10.902342081069946">
				<ele>1355.4000244140625</ele>
				<time>2026-08-11T12:06:44Z</time>
			</trkpt>
			<trkpt lat="45.727686285972595" lon="10.902327418327332">
				<ele>1355.800048828125</ele>
				<time>2026-08-11T12:07:05Z</time>
			</trkpt>
			<trkpt lat="45.72769498825073" lon="10.902294397354126">
				<ele>1355.5999755859375</ele>
				<time>2026-08-11T12:07:23Z</time>
			</trkpt>
			<trkpt lat="45.72768521308899" lon="10.902281880378723">
				<ele>1355.800048828125</ele>
				<time>2026-08-11T12:07:42Z</time>
			</trkpt>
			<trkpt lat="45.72768771648407" lon="10.902253150939941">
				<ele>1356.0</ele>
				<time>2026-08-11T12:07:57Z</time>
			</trkpt>
			<trkpt lat="45.7276930809021" lon="10.90222942829132">
				<ele>1356.0</ele>
				<time>2026-08-11T12:08:12Z</time>
			</trkpt>
			<trkpt lat="45.727704763412476" lon="10.902198433876038">
				<ele>1356.0</ele>
				<time>2026-08-11T12:08:27Z</time>
			</trkpt>
			<trkpt lat="45.727726340293884" lon="10.902189016342163">
				<ele>1356.199951171875</ele>
				<time>2026-08-11T12:08:43Z</time>
			</trkpt>
			<trkpt lat="45.727757811546326" lon="10.902183055877686">
				<ele>1356.199951171875</ele>
				<time>2026-08-11T12:09:01Z</time>
			</trkpt>
			<trkpt lat="45.72775638103485" lon="10.902204275131226">
				<ele>1356.199951171875</ele>
				<time>2026-08-11T12:09:16Z</time>
			</trkpt>
			<trkpt lat="45.727774262428284" lon="10.902172565460205">
				<ele>1356.199951171875</ele>
				<time>2026-08-11T12:09:34Z</time>
			</trkpt>
			<trkpt lat="45.727773785591125" lon="10.902185082435608">
				<ele>1356.199951171875</ele>
				<time>2026-08-11T12:09:50Z</time>
			</trkpt>
			<trkpt lat="45.72778403759003" lon="10.90217638015747">
				<ele>1356.4000244140625</ele>
				<time>2026-08-11T12:10:07Z</time>
			</trkpt>
			<trkpt lat="45.7278026342392" lon="10.902174949645996">
				<ele>1356.4000244140625</ele>
				<time>2026-08-11T12:10:23Z</time>
			</trkpt>
			<trkpt lat="45.72780895233154" lon="10.902183413505554">
				<ele>1356.4000244140625</ele>
				<time>2026-08-11T12:10:40Z</time>
			</trkpt>
			<trkpt lat="45.72783839702606" lon="10.902190804481506">
				<ele>1356.4000244140625</ele>
				<time>2026-08-11T12:10:59Z</time>
			</trkpt>
			<trkpt lat="45.727843165397644" lon="10.902201056480408">
				<ele>1356.4000244140625</ele>
				<time>2026-08-11T12:11:17Z</time>
			</trkpt>
			<trkpt lat="45.727882981300354" lon="10.902139067649841">
				<ele>1356.4000244140625</ele>
				<time>2026-08-11T12:11:36Z</time>
			</trkpt>
			<trkpt lat="45.727883100509644" lon="10.902143239974976">
				<ele>1356.4000244140625</ele>
				<time>2026-08-11T12:11:53Z</time>
			</trkpt>
			<trkpt lat="45.72789025306702" lon="10.902111887931824">
				<ele>1356.5999755859375</ele>
				<time>2026-08-11T12:12:09Z</time>
			</trkpt>
			<trkpt lat="45.72791576385498" lon="10.90207827091217">
				<ele>1356.4000244140625</ele>
				<time>2026-08-11T12:12:28Z</time>
			</trkpt>
			<trkpt lat="45.7279314994812" lon="10.902089715003967">
				<ele>1356.5999755859375</ele>
				<time>2026-08-11T12:12:43Z</time>
			</trkpt>
			<trkpt lat="45.727941155433655" lon="10.902099609375">
				<ele>1356.5999755859375</ele>
				<time>2026-08-11T12:13:01Z</time>
			</trkpt>
			<trkpt lat="45.727946043014526" lon="10.902124643325806">
				<ele>1356.5999755859375</ele>
				<time>2026-08-11T12:13:17Z</time>
			</trkpt>
			<trkpt lat="45.727946043014526" lon="10.902109265327454">
				<ele>1356.5999755859375</ele>
				<time>2026-08-11T12:13:34Z</time>
			</trkpt>
			<trkpt lat="45.72795903682709" lon="10.902095317840576">
				<ele>1356.800048828125</ele>
				<time>2026-08-11T12:13:49Z</time>
			</trkpt>
			<trkpt lat="45.72796058654785" lon="10.902101159095764">
				<ele>1356.5999755859375</ele>
				<time>2026-08-11T12:14:05Z</time>
			</trkpt>
			<trkpt lat="45.727949380874634" lon="10.902137517929077">
				<ele>1356.5999755859375</ele>
				<time>2026-08-11T12:14:23Z</time>
			</trkpt>
			<trkpt lat="45.727962136268616" lon="10.902138829231262">
				<ele>1356.800048828125</ele>
				<time>2026-08-11T12:14:40Z</time>
			</trkpt>
			<trkpt lat="45.727970242500305" lon="10.902143836021423">
				<ele>1356.5999755859375</ele>
				<time>2026-08-11T12:14:58Z</time>
			</trkpt>
			<trkpt lat="45.727964878082275" lon="10.902151823043823">
				<ele>1356.4000244140625</ele>
				<time>2026-08-11T12:15:14Z</time>
			</trkpt>
			<trkpt lat="45.72796618938446" lon="10.902150869369507">
				<ele>1356.4000244140625</ele>
				<time>2026-08-11T12:15:30Z</time>
			</trkpt>
			<trkpt lat="45.72796177864075" lon="10.902143359184265">
				<ele>1356.4000244140625</ele>
				<time>2026-08-11T12:15:46Z</time>
			</trkpt>
			<trkpt lat="45.72796547412872" lon="10.902149438858032">
				<ele>1356.4000244140625</ele>
				<time>2026-08-11T12:16:02Z</time>
			</trkpt>
			<trkpt lat="45.72797167301178" lon="10.902154803276062">
				<ele>1356.800048828125</ele>
				<time>2026-08-11T12:16:18Z</time>
			</trkpt>
			<trkpt lat="45.72796154022217" lon="10.902136087417603">
				<ele>1356.199951171875</ele>
				<time>2026-08-11T12:16:36Z</time>
			</trkpt>
			<trkpt lat="45.7279611825943" lon="10.902142763137817">
				<ele>1356.4000244140625</ele>
				<time>2026-08-11T12:16:53Z</time>
			</trkpt>
			<trkpt lat="45.72796428203583" lon="10.902134656906128">
				<ele>1356.4000244140625</ele>
				<time>2026-08-11T12:17:09Z</time>
			</trkpt>
			<trkpt lat="45.72797608375549" lon="10.902121901512146">
				<ele>1356.0</ele>
				<time>2026-08-11T12:17:28Z</time>
			</trkpt>
			<trkpt lat="45.72793984413147" lon="10.902139902114868">
				<ele>1355.800048828125</ele>
				<time>2026-08-11T12:17:52Z</time>
			</trkpt>
			<trkpt lat="45.727911591529846" lon="10.902138233184814">
				<ele>1352.800048828125</ele>
				<time>2026-08-11T12:18:10Z</time>
			</trkpt>
			<trkpt lat="45.7279109954834" lon="10.90214192867279">
				<ele>1349.199951171875</ele>
				<time>2026-08-11T12:18:13Z</time>
			</trkpt>
			<trkpt lat="45.72791266441345" lon="10.902145624160767">
				<ele>1352.5999755859375</ele>
				<time>2026-08-11T12:18:19Z</time>
			</trkpt>
			<trkpt lat="45.727920055389404" lon="10.902140855789185">
				<ele>1355.800048828125</ele>
				<time>2026-08-11T12:18:32Z</time>
			</trkpt>
			<trkpt lat="45.72791349887848" lon="10.902140736579895">
				<ele>1356.0</ele>
				<time>2026-08-11T12:18:50Z</time>
			</trkpt>
			<trkpt lat="45.72790563106537" lon="10.902130126953125">
				<ele>1356.199951171875</ele>
				<time>2026-08-11T12:19:07Z</time>
			</trkpt>
			<trkpt lat="45.7279098033905" lon="10.90214216709137">
				<ele>1356.0</ele>
				<time>2026-08-11T12:19:25Z</time>
			</trkpt>
			<trkpt lat="45.72790849208832" lon="10.902143716812134">
				<ele>1356.199951171875</ele>
				<time>2026-08-11T12:19:43Z</time>
			</trkpt>
			<trkpt lat="45.7279007434845" lon="10.902125597000122">
				<ele>1356.199951171875</ele>
				<time>2026-08-11T12:20:03Z</time>
			</trkpt>
			<trkpt lat="45.727901220321655" lon="10.902122020721436">
				<ele>1356.4000244140625</ele>
				<time>2026-08-11T12:20:26Z</time>
			</trkpt>
			<trkpt lat="45.72790169715881" lon="10.902119159698486">
				<ele>1356.4000244140625</ele>
				<time>2026-08-11T12:20:47Z</time>
			</trkpt>
			<trkpt lat="45.727896332740784" lon="10.90210485458374">
				<ele>1356.199951171875</ele>
				<time>2026-08-11T12:21:08Z</time>
			</trkpt>
			<trkpt lat="45.7278927564621" lon="10.902086019515991">
				<ele>1356.199951171875</ele>
				<time>2026-08-11T12:21:28Z</time>
			</trkpt>
			<trkpt lat="45.72789454460144" lon="10.902079820632935">
				<ele>1356.4000244140625</ele>
				<time>2026-08-11T12:21:48Z</time>
			</trkpt>
			<trkpt lat="45.727898478507996" lon="10.902067422866821">
				<ele>1356.4000244140625</ele>
				<time>2026-08-11T12:22:12Z</time>
			</trkpt>
			<trkpt lat="45.72789967060089" lon="10.90204632282257">
				<ele>1356.4000244140625</ele>
				<time>2026-08-11T12:22:33Z</time>
			</trkpt>
			<trkpt lat="45.72789537906647" lon="10.902034401893616">
				<ele>1356.199951171875</ele>
				<time>2026-08-11T12:22:56Z</time>
			</trkpt>
			<trkpt lat="45.72789764404297" lon="10.902025580406189">
				<ele>1356.4000244140625</ele>
				<time>2026-08-11T12:23:19Z</time>
			</trkpt>
			<trkpt lat="45.72789549827576" lon="10.902022242546082">
				<ele>1356.4000244140625</ele>
				<time>2026-08-11T12:23:40Z</time>
			</trkpt>
			<trkpt lat="45.727890849113464" lon="10.902015089988708">
				<ele>1356.5999755859375</ele>
				<time>2026-08-11T12:24:02Z</time>
			</trkpt>
			<trkpt lat="45.72789454460144" lon="10.902011632919312">
				<ele>1356.4000244140625</ele>
				<time>2026-08-11T12:24:21Z</time>
			</trkpt>
			<trkpt lat="45.72789716720581" lon="10.902009010314941">
				<ele>1356.199951171875</ele>
				<time>2026-08-11T12:24:42Z</time>
			</trkpt>
			<trkpt lat="45.727896094322205" lon="10.902009725570679">
				<ele>1356.199951171875</ele>
				<time>2026-08-11T12:25:08Z</time>
			</trkpt>
			<trkpt lat="45.72788906097412" lon="10.902000188827515">
				<ele>1356.199951171875</ele>
				<time>2026-08-11T12:25:33Z</time>
			</trkpt>
			<trkpt lat="45.727869391441345" lon="10.90200924873352">
				<ele>1356.4000244140625</ele>
				<time>2026-08-11T12:25:51Z</time>
			</trkpt>
			<trkpt lat="45.72787141799927" lon="10.901997089385986">
				<ele>1356.199951171875</ele>
				<time>2026-08-11T12:26:07Z</time>
			</trkpt>
			<trkpt lat="45.72787094116211" lon="10.901997447013855">
				<ele>1356.199951171875</ele>
				<time>2026-08-11T12:26:28Z</time>
			</trkpt>
			<trkpt lat="45.727863907814026" lon="10.902000546455383">
				<ele>1356.0</ele>
				<time>2026-08-11T12:26:46Z</time>
			</trkpt>
			<trkpt lat="45.72784209251404" lon="10.902010798454285">
				<ele>1356.4000244140625</ele>
				<time>2026-08-11T12:27:10Z</time>
			</trkpt>
			<trkpt lat="45.727832436561584" lon="10.902007460594177">
				<ele>1356.4000244140625</ele>
				<time>2026-08-11T12:27:29Z</time>
			</trkpt>
			<trkpt lat="45.72783184051514" lon="10.90200924873352">
				<ele>1356.4000244140625</ele>
				<time>2026-08-11T12:27:45Z</time>
			</trkpt>
			<trkpt lat="45.72782361507416" lon="10.902006387710571">
				<ele>1356.4000244140625</ele>
				<time>2026-08-11T12:28:00Z</time>
			</trkpt>
			<trkpt lat="45.72780668735504" lon="10.902014374732971">
				<ele>1356.4000244140625</ele>
				<time>2026-08-11T12:28:19Z</time>
			</trkpt>
			<trkpt lat="45.727805852890015" lon="10.902013659477234">
				<ele>1356.5999755859375</ele>
				<time>2026-08-11T12:28:33Z</time>
			</trkpt>
			<trkpt lat="45.727803111076355" lon="10.902012705802917">
				<ele>1356.5999755859375</ele>
				<time>2026-08-11T12:28:50Z</time>
			</trkpt>
			<trkpt lat="45.72780466079712" lon="10.902017593383789">
				<ele>1356.4000244140625</ele>
				<time>2026-08-11T12:29:11Z</time>
			</trkpt>
			<trkpt lat="45.72780692577362" lon="10.902030348777771">
				<ele>1356.4000244140625</ele>
				<time>2026-08-11T12:29:30Z</time>
			</trkpt>
			<trkpt lat="45.727808713912964" lon="10.902018427848816">
				<ele>1356.4000244140625</ele>
				<time>2026-08-11T12:29:47Z</time>
			</trkpt>
			<trkpt lat="45.72775948047638" lon="10.902061581611633">
				<ele>1356.199951171875</ele>
				<time>2026-08-11T12:30:08Z</time>
			</trkpt>
			<trkpt lat="45.7277193069458" lon="10.902096509933472">
				<ele>1356.199951171875</ele>
				<time>2026-08-11T12:30:33Z</time>
			</trkpt>
			<trkpt lat="45.72771906852722" lon="10.90211308002472">
				<ele>1356.0</ele>
				<time>2026-08-11T12:30:54Z</time>
			</trkpt>
			<trkpt lat="45.72770082950592" lon="10.902167916297913">
				<ele>1356.4000244140625</ele>
				<time>2026-08-11T12:31:11Z</time>
			</trkpt>
			<trkpt lat="45.72769010066986" lon="10.902183294296265">
				<ele>1356.5999755859375</ele>
				<time>2026-08-11T12:31:28Z</time>
			</trkpt>
			<trkpt lat="45.727673292160034" lon="10.902191758155823">
				<ele>1356.800048828125</ele>
				<time>2026-08-11T12:31:44Z</time>
			</trkpt>
			<trkpt lat="45.727681398391724" lon="10.902166843414307">
				<ele>1356.800048828125</ele>
				<time>2026-08-11T12:32:00Z</time>
			</trkpt>
			<trkpt lat="45.7276805639267" lon="10.90216326713562">
				<ele>1356.800048828125</ele>
				<time>2026-08-11T12:32:17Z</time>
			</trkpt>
			<trkpt lat="45.72766923904419" lon="10.902183413505554">
				<ele>1356.800048828125</ele>
				<time>2026-08-11T12:32:31Z</time>
			</trkpt>
			<trkpt lat="45.727662324905396" lon="10.902172446250916">
				<ele>1356.800048828125</ele>
				<time>2026-08-11T12:32:49Z</time>
			</trkpt>
			<trkpt lat="45.727670192718506" lon="10.902199625968933">
				<ele>1356.5999755859375</ele>
				<time>2026-08-11T12:33:06Z</time>
			</trkpt>
			<trkpt lat="45.727670192718506" lon="10.902218341827393">
				<ele>1356.5999755859375</ele>
				<time>2026-08-11T12:33:23Z</time>
			</trkpt>
			<trkpt lat="45.72766351699829" lon="10.90221917629242">
				<ele>1356.5999755859375</ele>
				<time>2026-08-11T12:33:38Z</time>
			</trkpt>
			<trkpt lat="45.72766959667206" lon="10.902232646942139">
				<ele>1356.5999755859375</ele>
				<time>2026-08-11T12:33:55Z</time>
			</trkpt>
			<trkpt lat="45.727670431137085" lon="10.902244687080383">
				<ele>1356.5999755859375</ele>
				<time>2026-08-11T12:34:09Z</time>
			</trkpt>
			<trkpt lat="45.72766292095184" lon="10.902275204658508">
				<ele>1357.199951171875</ele>
				<time>2026-08-11T12:34:27Z</time>
			</trkpt>
			<trkpt lat="45.72765243053436" lon="10.902326822280884">
				<ele>1357.0</ele>
				<time>2026-08-11T12:34:44Z</time>
			</trkpt>
			<trkpt lat="45.72765672206879" lon="10.902383923530579">
				<ele>1357.199951171875</ele>
				<time>2026-08-11T12:35:03Z</time>
			</trkpt>
			<trkpt lat="45.727658867836" lon="10.902409076690674">
				<ele>1357.199951171875</ele>
				<time>2026-08-11T12:35:26Z</time>
			</trkpt>
			<trkpt lat="45.72766029834747" lon="10.902432203292847">
				<ele>1357.199951171875</ele>
				<time>2026-08-11T12:35:44Z</time>
			</trkpt>
			<trkpt lat="45.72764050960541" lon="10.90243399143219">
				<ele>1357.4000244140625</ele>
				<time>2026-08-11T12:36:00Z</time>
			</trkpt>
			<trkpt lat="45.7276269197464" lon="10.902474641799927">
				<ele>1357.4000244140625</ele>
				<time>2026-08-11T12:36:18Z</time>
			</trkpt>
			<trkpt lat="45.727625250816345" lon="10.90246319770813">
				<ele>1357.4000244140625</ele>
				<time>2026-08-11T12:36:34Z</time>
			</trkpt>
			<trkpt lat="45.7276269197464" lon="10.902512311935425">
				<ele>1357.4000244140625</ele>
				<time>2026-08-11T12:36:50Z</time>
			</trkpt>
			<trkpt lat="45.727633237838745" lon="10.90251088142395">
				<ele>1357.4000244140625</ele>
				<time>2026-08-11T12:37:06Z</time>
			</trkpt>
			<trkpt lat="45.72763121128082" lon="10.902504563331604">
				<ele>1357.4000244140625</ele>
				<time>2026-08-11T12:37:21Z</time>
			</trkpt>
			<trkpt lat="45.727622628211975" lon="10.902514100074768">
				<ele>1357.5999755859375</ele>
				<time>2026-08-11T12:37:37Z</time>
			</trkpt>
			<trkpt lat="45.72761118412018" lon="10.902486562728882">
				<ele>1357.5999755859375</ele>
				<time>2026-08-11T12:37:53Z</time>
			</trkpt>
			<trkpt lat="45.72761106491089" lon="10.90246832370758">
				<ele>1357.5999755859375</ele>
				<time>2026-08-11T12:38:07Z</time>
			</trkpt>
			<trkpt lat="45.727641224861145" lon="10.902385830879211">
				<ele>1357.5999755859375</ele>
				<time>2026-08-11T12:38:24Z</time>
			</trkpt>
			<trkpt lat="45.727654337882996" lon="10.902389168739319">
				<ele>1357.800048828125</ele>
				<time>2026-08-11T12:38:38Z</time>
			</trkpt>
			<trkpt lat="45.727662324905396" lon="10.902339816093445">
				<ele>1357.800048828125</ele>
				<time>2026-08-11T12:38:52Z</time>
			</trkpt>
			<trkpt lat="45.72766673564911" lon="10.902345657348633">
				<ele>1358.0</ele>
				<time>2026-08-11T12:39:09Z</time>
			</trkpt>
			<trkpt lat="45.72767233848572" lon="10.902364253997803">
				<ele>1358.0</ele>
				<time>2026-08-11T12:39:25Z</time>
			</trkpt>
			<trkpt lat="45.72767412662506" lon="10.902374744415283">
				<ele>1357.800048828125</ele>
				<time>2026-08-11T12:39:42Z</time>
			</trkpt>
			<trkpt lat="45.727678298950195" lon="10.902451872825623">
				<ele>1357.5999755859375</ele>
				<time>2026-08-11T12:40:02Z</time>
			</trkpt>
			<trkpt lat="45.72768151760101" lon="10.902472257614136">
				<ele>1357.800048828125</ele>
				<time>2026-08-11T12:40:19Z</time>
			</trkpt>
			<trkpt lat="45.72767472267151" lon="10.902418851852417">
				<ele>1357.800048828125</ele>
				<time>2026-08-11T12:40:34Z</time>
			</trkpt>
			<trkpt lat="45.72767746448517" lon="10.90243923664093">
				<ele>1358.0</ele>
				<time>2026-08-11T12:40:51Z</time>
			</trkpt>
			<trkpt lat="45.72766399383545" lon="10.902411818504333">
				<ele>1358.0</ele>
				<time>2026-08-11T12:41:05Z</time>
			</trkpt>
			<trkpt lat="45.727659463882446" lon="10.902409553527832">
				<ele>1358.199951171875</ele>
				<time>2026-08-11T12:41:21Z</time>
			</trkpt>
			<trkpt lat="45.727659583091736" lon="10.902375340461731">
				<ele>1358.199951171875</ele>
				<time>2026-08-11T12:41:36Z</time>
			</trkpt>
			<trkpt lat="45.72766029834747" lon="10.902364373207092">
				<ele>1358.5999755859375</ele>
				<time>2026-08-11T12:41:52Z</time>
			</trkpt>
			<trkpt lat="45.72764778137207" lon="10.90237581729889">
				<ele>1358.199951171875</ele>
				<time>2026-08-11T12:42:07Z</time>
			</trkpt>
			<trkpt lat="45.727633118629456" lon="10.9024099111557">
				<ele>1358.199951171875</ele>
				<time>2026-08-11T12:42:24Z</time>
			</trkpt>
			<trkpt lat="45.72760581970215" lon="10.902449131011963">
				<ele>1358.199951171875</ele>
				<time>2026-08-11T12:42:41Z</time>
			</trkpt>
			<trkpt lat="45.727601766586304" lon="10.902475118637085">
				<ele>1358.4000244140625</ele>
				<time>2026-08-11T12:43:00Z</time>
			</trkpt>
			<trkpt lat="45.72757601737976" lon="10.902514815330505">
				<ele>1358.199951171875</ele>
				<time>2026-08-11T12:43:15Z</time>
			</trkpt>
			<trkpt lat="45.72753894329071" lon="10.902564883232117">
				<ele>1361.5999755859375</ele>
				<time>2026-08-11T12:43:30Z</time>
			</trkpt>
			<trkpt lat="45.727508544921875" lon="10.902577757835388">
				<ele>1358.800048828125</ele>
				<time>2026-08-11T12:43:47Z</time>
			</trkpt>
			<trkpt lat="45.72751545906067" lon="10.90265667438507">
				<ele>1360.0</ele>
				<time>2026-08-11T12:44:02Z</time>
			</trkpt>
			<trkpt lat="45.72763800621033" lon="10.902439832687378">
				<ele>1358.4000244140625</ele>
				<time>2026-08-11T12:44:16Z</time>
			</trkpt>
			<trkpt lat="45.727633237838745" lon="10.902398586273193">
				<ele>1358.4000244140625</ele>
				<time>2026-08-11T12:44:37Z</time>
			</trkpt>
			<trkpt lat="45.72761940956116" lon="10.902387261390686">
				<ele>1358.5999755859375</ele>
				<time>2026-08-11T12:44:59Z</time>
			</trkpt>
			<trkpt lat="45.727620363235474" lon="10.902384638786316">
				<ele>1358.800048828125</ele>
				<time>2026-08-11T12:45:20Z</time>
			</trkpt>
			<trkpt lat="45.72763741016388" lon="10.902398824691772">
				<ele>1358.5999755859375</ele>
				<time>2026-08-11T12:45:39Z</time>
			</trkpt>
			<trkpt lat="45.727660059928894" lon="10.902400851249695">
				<ele>1358.800048828125</ele>
				<time>2026-08-11T12:45:59Z</time>
			</trkpt>
			<trkpt lat="45.727657437324524" lon="10.902398824691772">
				<ele>1359.0</ele>
				<time>2026-08-11T12:46:20Z</time>
			</trkpt>
			<trkpt lat="45.727662563323975" lon="10.902422785758972">
				<ele>1359.5999755859375</ele>
				<time>2026-08-11T12:46:36Z</time>
			</trkpt>
			<trkpt lat="45.727672696113586" lon="10.902426362037659">
				<ele>1359.0</ele>
				<time>2026-08-11T12:46:51Z</time>
			</trkpt>
			<trkpt lat="45.727691769599915" lon="10.902393221855164">
				<ele>1359.0</ele>
				<time>2026-08-11T12:47:10Z</time>
			</trkpt>
			<trkpt lat="45.727643966674805" lon="10.902359008789062">
				<ele>1359.0</ele>
				<time>2026-08-11T12:47:15Z</time>
			</trkpt>
			<trkpt lat="45.72759819030762" lon="10.902341485023499">
				<ele>1358.199951171875</ele>
				<time>2026-08-11T12:47:35Z</time>
			</trkpt>
			<trkpt lat="45.7276006937027" lon="10.902330994606018">
				<ele>1358.5999755859375</ele>
				<time>2026-08-11T12:48:15Z</time>
			</trkpt>
			<trkpt lat="45.72762930393219" lon="10.902327418327332">
				<ele>1358.4000244140625</ele>
				<time>2026-08-11T12:48:19Z</time>
			</trkpt>
			<trkpt lat="45.727734208106995" lon="10.902239322662354">
				<ele>1357.5999755859375</ele>
				<time>2026-08-11T12:48:36Z</time>
			</trkpt>
			<trkpt lat="45.72774076461792" lon="10.902219891548157">
				<ele>1357.0</ele>
				<time>2026-08-11T12:49:03Z</time>
			</trkpt>
			<trkpt lat="45.72775709629059" lon="10.902130007743835">
				<ele>1356.199951171875</ele>
				<time>2026-08-11T12:49:16Z</time>
			</trkpt>
			<trkpt lat="45.727766156196594" lon="10.902095317840576">
				<ele>1355.5999755859375</ele>
				<time>2026-08-11T12:49:38Z</time>
			</trkpt>
			<trkpt lat="45.727776646614075" lon="10.902088165283203">
				<ele>1355.4000244140625</ele>
				<time>2026-08-11T12:49:43Z</time>
			</trkpt>
			<trkpt lat="45.727795362472534" lon="10.902078986167908">
				<ele>1355.4000244140625</ele>
				<time>2026-08-11T12:49:45Z</time>
			</trkpt>
			<trkpt lat="45.72781467437744" lon="10.902075171470642">
				<ele>1355.5999755859375</ele>
				<time>2026-08-11T12:49:47Z</time>
			</trkpt>
			<trkpt lat="45.727851152420044" lon="10.902037382125854">
				<ele>1355.4000244140625</ele>
				<time>2026-08-11T12:49:51Z</time>
			</trkpt>
			<trkpt lat="45.727973222732544" lon="10.901809930801392">
				<ele>1353.5999755859375</ele>
				<time>2026-08-11T12:50:09Z</time>
			</trkpt>
			<trkpt lat="45.72815406322479" lon="10.9018794298172">
				<ele>1350.800048828125</ele>
				<time>2026-08-11T12:50:24Z</time>
			</trkpt>
			<trkpt lat="45.72835195064545" lon="10.90211308002472">
				<ele>1348.5999755859375</ele>
				<time>2026-08-11T12:50:44Z</time>
			</trkpt>
			<trkpt lat="45.728397369384766" lon="10.902154803276062">
				<ele>1347.800048828125</ele>
				<time>2026-08-11T12:50:56Z</time>
			</trkpt>
			<trkpt lat="45.72840631008148" lon="10.902164340019226">
				<ele>1347.800048828125</ele>
				<time>2026-08-11T12:50:57Z</time>
			</trkpt>
			<trkpt lat="45.72841656208038" lon="10.902174472808838">
				<ele>1347.800048828125</ele>
				<time>2026-08-11T12:50:58Z</time>
			</trkpt>
			<trkpt lat="45.72842741012573" lon="10.90218460559845">
				<ele>1347.5999755859375</ele>
				<time>2026-08-11T12:50:59Z</time>
			</trkpt>
			<trkpt lat="45.72843837738037" lon="10.902194857597351">
				<ele>1347.5999755859375</ele>
				<time>2026-08-11T12:51:00Z</time>
			</trkpt>
			<trkpt lat="45.728450536727905" lon="10.902204513549805">
				<ele>1347.5999755859375</ele>
				<time>2026-08-11T12:51:01Z</time>
			</trkpt>
			<trkpt lat="45.72865450382233" lon="10.902331590652466">
				<ele>1346.199951171875</ele>
				<time>2026-08-11T12:51:20Z</time>
			</trkpt>
			<trkpt lat="45.72886109352112" lon="10.902349472045898">
				<ele>1344.199951171875</ele>
				<time>2026-08-11T12:51:38Z</time>
			</trkpt>
			<trkpt lat="45.72908306121826" lon="10.902393817901611">
				<ele>1342.5999755859375</ele>
				<time>2026-08-11T12:51:59Z</time>
			</trkpt>
			<trkpt lat="45.72931671142578" lon="10.902407884597778">
				<ele>1340.4000244140625</ele>
				<time>2026-08-11T12:52:19Z</time>
			</trkpt>
			<trkpt lat="45.72952926158905" lon="10.902503609657288">
				<ele>1337.800048828125</ele>
				<time>2026-08-11T12:52:38Z</time>
			</trkpt>
			<trkpt lat="45.72966241836548" lon="10.9027419090271">
				<ele>1336.4000244140625</ele>
				<time>2026-08-11T12:52:55Z</time>
			</trkpt>
			<trkpt lat="45.729857206344604" lon="10.902998924255371">
				<ele>1334.5999755859375</ele>
				<time>2026-08-11T12:53:17Z</time>
			</trkpt>
			<trkpt lat="45.73008644580841" lon="10.903029322624207">
				<ele>1332.199951171875</ele>
				<time>2026-08-11T12:53:35Z</time>
			</trkpt>
			<trkpt lat="45.73026466369629" lon="10.903132796287537">
				<ele>1330.199951171875</ele>
				<time>2026-08-11T12:53:50Z</time>
			</trkpt>
			<trkpt lat="45.7304824590683" lon="10.90324079990387">
				<ele>1328.4000244140625</ele>
				<time>2026-08-11T12:54:09Z</time>
			</trkpt>
			<trkpt lat="45.7306843996048" lon="10.903282284736633">
				<ele>1326.5999755859375</ele>
				<time>2026-08-11T12:54:26Z</time>
			</trkpt>
			<trkpt lat="45.73092520236969" lon="10.9033282995224">
				<ele>1323.5999755859375</ele>
				<time>2026-08-11T12:54:46Z</time>
			</trkpt>
			<trkpt lat="45.73112893104553" lon="10.903393507003784">
				<ele>1320.800048828125</ele>
				<time>2026-08-11T12:55:02Z</time>
			</trkpt>
			<trkpt lat="45.731361508369446" lon="10.903514742851257">
				<ele>1319.4000244140625</ele>
				<time>2026-08-11T12:55:21Z</time>
			</trkpt>
			<trkpt lat="45.7316015958786" lon="10.90356707572937">
				<ele>1318.5999755859375</ele>
				<time>2026-08-11T12:55:40Z</time>
			</trkpt>
			<trkpt lat="45.73175001144409" lon="10.903644323348999">
				<ele>1317.4000244140625</ele>
				<time>2026-08-11T12:55:55Z</time>
			</trkpt>
			<trkpt lat="45.73198974132538" lon="10.903635859489441">
				<ele>1314.5999755859375</ele>
				<time>2026-08-11T12:56:14Z</time>
			</trkpt>
			<trkpt lat="45.73220920562744" lon="10.903509855270386">
				<ele>1312.0</ele>
				<time>2026-08-11T12:56:33Z</time>
			</trkpt>
			<trkpt lat="45.73242962360382" lon="10.90341854095459">
				<ele>1308.800048828125</ele>
				<time>2026-08-11T12:56:51Z</time>
			</trkpt>
			<trkpt lat="45.73267650604248" lon="10.903318166732788">
				<ele>1306.5999755859375</ele>
				<time>2026-08-11T12:57:11Z</time>
			</trkpt>
			<trkpt lat="45.73296248912811" lon="10.903223037719727">
				<ele>1304.5999755859375</ele>
				<time>2026-08-11T12:57:33Z</time>
			</trkpt>
			<trkpt lat="45.73318958282471" lon="10.903217911720276">
				<ele>1301.800048828125</ele>
				<time>2026-08-11T12:57:50Z</time>
			</trkpt>
			<trkpt lat="45.73334789276123" lon="10.903447151184082">
				<ele>1298.800048828125</ele>
				<time>2026-08-11T12:58:07Z</time>
			</trkpt>
			<trkpt lat="45.73353815078735" lon="10.90361487865448">
				<ele>1296.4000244140625</ele>
				<time>2026-08-11T12:58:26Z</time>
			</trkpt>
			<trkpt lat="45.73374319076538" lon="10.903682231903076">
				<ele>1294.800048828125</ele>
				<time>2026-08-11T12:58:43Z</time>
			</trkpt>
			<trkpt lat="45.73395490646362" lon="10.903725385665894">
				<ele>1292.199951171875</ele>
				<time>2026-08-11T12:58:58Z</time>
			</trkpt>
			<trkpt lat="45.73395037651062" lon="10.90404987335205">
				<ele>1289.5999755859375</ele>
				<time>2026-08-11T12:59:15Z</time>
			</trkpt>
			<trkpt lat="45.73384726047516" lon="10.904193758964539">
				<ele>1286.5999755859375</ele>
				<time>2026-08-11T12:59:31Z</time>
			</trkpt>
			<trkpt lat="45.73383617401123" lon="10.90424108505249">
				<ele>1286.0</ele>
				<time>2026-08-11T12:59:37Z</time>
			</trkpt>
			<trkpt lat="45.73383677005768" lon="10.904259204864502">
				<ele>1286.0</ele>
				<time>2026-08-11T12:59:38Z</time>
			</trkpt>
			<trkpt lat="45.733837723731995" lon="10.904277443885803">
				<ele>1286.0</ele>
				<time>2026-08-11T12:59:39Z</time>
			</trkpt>
			<trkpt lat="45.733840227127075" lon="10.904297113418579">
				<ele>1286.0</ele>
				<time>2026-08-11T12:59:40Z</time>
			</trkpt>
			<trkpt lat="45.733842968940735" lon="10.90431547164917">
				<ele>1285.800048828125</ele>
				<time>2026-08-11T12:59:41Z</time>
			</trkpt>
			<trkpt lat="45.7339426279068" lon="10.90456748008728">
				<ele>1284.199951171875</ele>
				<time>2026-08-11T12:59:58Z</time>
			</trkpt>
			<trkpt lat="45.73402667045593" lon="10.904837131500244">
				<ele>1283.4000244140625</ele>
				<time>2026-08-11T13:00:14Z</time>
			</trkpt>
			<trkpt lat="45.73408401012421" lon="10.904981970787048">
				<ele>1283.800048828125</ele>
				<time>2026-08-11T13:00:29Z</time>
			</trkpt>
			<trkpt lat="45.73420596122742" lon="10.905194878578186">
				<ele>1284.800048828125</ele>
				<time>2026-08-11T13:00:46Z</time>
			</trkpt>
			<trkpt lat="45.73435568809509" lon="10.905300378799438">
				<ele>1285.800048828125</ele>
				<time>2026-08-11T13:01:00Z</time>
			</trkpt>
			<trkpt lat="45.734410881996155" lon="10.905327320098877">
				<ele>1286.5999755859375</ele>
				<time>2026-08-11T13:01:13Z</time>
			</trkpt>
			<trkpt lat="45.73442018032074" lon="10.905336022377014">
				<ele>1286.800048828125</ele>
				<time>2026-08-11T13:01:14Z</time>
			</trkpt>
			<trkpt lat="45.73443007469177" lon="10.905342698097229">
				<ele>1286.800048828125</ele>
				<time>2026-08-11T13:01:15Z</time>
			</trkpt>
			<trkpt lat="45.7344388961792" lon="10.905348539352417">
				<ele>1286.800048828125</ele>
				<time>2026-08-11T13:01:16Z</time>
			</trkpt>
			<trkpt lat="45.734447598457336" lon="10.905354738235474">
				<ele>1286.800048828125</ele>
				<time>2026-08-11T13:01:17Z</time>
			</trkpt>
			<trkpt lat="45.734681487083435" lon="10.905537247657776">
				<ele>1286.199951171875</ele>
				<time>2026-08-11T13:01:37Z</time>
			</trkpt>
			<trkpt lat="45.73485255241394" lon="10.90560233592987">
				<ele>1286.199951171875</ele>
				<time>2026-08-11T13:01:51Z</time>
			</trkpt>
			<trkpt lat="45.735060930252075" lon="10.905650615692139">
				<ele>1285.5999755859375</ele>
				<time>2026-08-11T13:02:08Z</time>
			</trkpt>
			<trkpt lat="45.735187292099" lon="10.90561306476593">
				<ele>1284.0</ele>
				<time>2026-08-11T13:02:19Z</time>
			</trkpt>
			<trkpt lat="45.7354496717453" lon="10.905510783195496">
				<ele>1281.800048828125</ele>
				<time>2026-08-11T13:02:40Z</time>
			</trkpt>
			<trkpt lat="45.73549747467041" lon="10.905503749847412">
				<ele>1280.4000244140625</ele>
				<time>2026-08-11T13:02:51Z</time>
			</trkpt>
			<trkpt lat="45.73550844192505" lon="10.905500054359436">
				<ele>1280.4000244140625</ele>
				<time>2026-08-11T13:02:52Z</time>
			</trkpt>
			<trkpt lat="45.73551893234253" lon="10.90549612045288">
				<ele>1280.199951171875</ele>
				<time>2026-08-11T13:02:53Z</time>
			</trkpt>
			<trkpt lat="45.73575448989868" lon="10.90540099143982">
				<ele>1277.4000244140625</ele>
				<time>2026-08-11T13:03:12Z</time>
			</trkpt>
			<trkpt lat="45.73590540885925" lon="10.905578017234802">
				<ele>1275.0</ele>
				<time>2026-08-11T13:03:27Z</time>
			</trkpt>
			<trkpt lat="45.73590528964996" lon="10.905790209770203">
				<ele>1272.800048828125</ele>
				<time>2026-08-11T13:03:38Z</time>
			</trkpt>
			<trkpt lat="45.73593616485596" lon="10.905905485153198">
				<ele>1271.4000244140625</ele>
				<time>2026-08-11T13:03:45Z</time>
			</trkpt>
			<trkpt lat="45.73594129085541" lon="10.905921339988708">
				<ele>1271.199951171875</ele>
				<time>2026-08-11T13:03:46Z</time>
			</trkpt>
			<trkpt lat="45.73594880104065" lon="10.905936360359192">
				<ele>1271.199951171875</ele>
				<time>2026-08-11T13:03:47Z</time>
			</trkpt>
			<trkpt lat="45.73595941066742" lon="10.905949354171753">
				<ele>1270.800048828125</ele>
				<time>2026-08-11T13:03:48Z</time>
			</trkpt>
			<trkpt lat="45.73596894741058" lon="10.905962347984314">
				<ele>1270.5999755859375</ele>
				<time>2026-08-11T13:03:49Z</time>
			</trkpt>
			<trkpt lat="45.735979437828064" lon="10.905974388122559">
				<ele>1270.4000244140625</ele>
				<time>2026-08-11T13:03:50Z</time>
			</trkpt>
			<trkpt lat="45.73599135875702" lon="10.905986309051514">
				<ele>1270.199951171875</ele>
				<time>2026-08-11T13:03:51Z</time>
			</trkpt>
			<trkpt lat="45.73600423336029" lon="10.905996441841125">
				<ele>1270.0</ele>
				<time>2026-08-11T13:03:52Z</time>
			</trkpt>
			<trkpt lat="45.73615884780884" lon="10.905988812446594">
				<ele>1267.5999755859375</ele>
				<time>2026-08-11T13:04:05Z</time>
			</trkpt>
			<trkpt lat="45.736231565475464" lon="10.90594470500946">
				<ele>1266.5999755859375</ele>
				<time>2026-08-11T13:04:12Z</time>
			</trkpt>
			<trkpt lat="45.73624527454376" lon="10.905942440032959">
				<ele>1266.4000244140625</ele>
				<time>2026-08-11T13:04:13Z</time>
			</trkpt>
			<trkpt lat="45.73645031452179" lon="10.90582811832428">
				<ele>1263.5999755859375</ele>
				<time>2026-08-11T13:04:31Z</time>
			</trkpt>
			<trkpt lat="45.73664939403534" lon="10.905731558799744">
				<ele>1262.4000244140625</ele>
				<time>2026-08-11T13:04:48Z</time>
			</trkpt>
			<trkpt lat="45.73680865764618" lon="10.905675530433655">
				<ele>1261.0</ele>
				<time>2026-08-11T13:05:01Z</time>
			</trkpt>
			<trkpt lat="45.73700249195099" lon="10.905677914619446">
				<ele>1258.0</ele>
				<time>2026-08-11T13:05:16Z</time>
			</trkpt>
			<trkpt lat="45.73723661899567" lon="10.905572056770325">
				<ele>1254.800048828125</ele>
				<time>2026-08-11T13:05:34Z</time>
			</trkpt>
			<trkpt lat="45.73740243911743" lon="10.905426383018494">
				<ele>1253.4000244140625</ele>
				<time>2026-08-11T13:05:51Z</time>
			</trkpt>
			<trkpt lat="45.73750185966492" lon="10.905298113822937">
				<ele>1252.4000244140625</ele>
				<time>2026-08-11T13:06:02Z</time>
			</trkpt>
			<trkpt lat="45.7376571893692" lon="10.905168056488037">
				<ele>1250.199951171875</ele>
				<time>2026-08-11T13:06:18Z</time>
			</trkpt>
			<trkpt lat="45.737849950790405" lon="10.90498423576355">
				<ele>1247.0</ele>
				<time>2026-08-11T13:06:36Z</time>
			</trkpt>
			<trkpt lat="45.738046765327454" lon="10.904778122901917">
				<ele>1244.0</ele>
				<time>2026-08-11T13:06:53Z</time>
			</trkpt>
			<trkpt lat="45.738227009773254" lon="10.904542803764343">
				<ele>1241.0</ele>
				<time>2026-08-11T13:07:11Z</time>
			</trkpt>
			<trkpt lat="45.73841094970703" lon="10.904374599456787">
				<ele>1238.800048828125</ele>
				<time>2026-08-11T13:07:28Z</time>
			</trkpt>
			<trkpt lat="45.73863685131073" lon="10.904188632965088">
				<ele>1235.800048828125</ele>
				<time>2026-08-11T13:07:47Z</time>
			</trkpt>
			<trkpt lat="45.73872458934784" lon="10.904070019721985">
				<ele>1234.4000244140625</ele>
				<time>2026-08-11T13:08:05Z</time>
			</trkpt>
			<trkpt lat="45.73873817920685" lon="10.904023170471191">
				<ele>1235.0</ele>
				<time>2026-08-11T13:08:33Z</time>
			</trkpt>
			<trkpt lat="45.738739252090454" lon="10.904006481170654">
				<ele>1235.800048828125</ele>
				<time>2026-08-11T13:09:07Z</time>
			</trkpt>
			<trkpt lat="45.738738894462585" lon="10.90399444103241">
				<ele>1236.4000244140625</ele>
				<time>2026-08-11T13:09:42Z</time>
			</trkpt>
			<trkpt lat="45.73874044418335" lon="10.904021143913269">
				<ele>1236.800048828125</ele>
				<time>2026-08-11T13:10:18Z</time>
			</trkpt>
			<trkpt lat="45.73872995376587" lon="10.904027938842773">
				<ele>1237.199951171875</ele>
				<time>2026-08-11T13:10:58Z</time>
			</trkpt>
			<trkpt lat="45.73873198032379" lon="10.904007315635681">
				<ele>1236.800048828125</ele>
				<time>2026-08-11T13:11:28Z</time>
			</trkpt>
			<trkpt lat="45.73872089385986" lon="10.9040025472641">
				<ele>1236.199951171875</ele>
				<time>2026-08-11T13:12:05Z</time>
			</trkpt>
			<trkpt lat="45.73870372772217" lon="10.904006361961365">
				<ele>1236.199951171875</ele>
				<time>2026-08-11T13:12:29Z</time>
			</trkpt>
			<trkpt lat="45.73870670795441" lon="10.904014348983765">
				<ele>1236.4000244140625</ele>
				<time>2026-08-11T13:13:05Z</time>
			</trkpt>
			<trkpt lat="45.73870658874512" lon="10.904009580612183">
				<ele>1236.5999755859375</ele>
				<time>2026-08-11T13:13:39Z</time>
			</trkpt>
			<trkpt lat="45.73871076107025" lon="10.903998017311096">
				<ele>1236.4000244140625</ele>
				<time>2026-08-11T13:14:10Z</time>
			</trkpt>
			<trkpt lat="45.738723397254944" lon="10.90398395061493">
				<ele>1236.0</ele>
				<time>2026-08-11T13:14:38Z</time>
			</trkpt>
			<trkpt lat="45.73873472213745" lon="10.903966665267944">
				<ele>1235.800048828125</ele>
				<time>2026-08-11T13:15:08Z</time>
			</trkpt>
			<trkpt lat="45.73875021934509" lon="10.903957962989807">
				<ele>1235.800048828125</ele>
				<time>2026-08-11T13:15:35Z</time>
			</trkpt>
			<trkpt lat="45.738749265670776" lon="10.90393590927124">
				<ele>1236.199951171875</ele>
				<time>2026-08-11T13:15:58Z</time>
			</trkpt>
			<trkpt lat="45.73875904083252" lon="10.903935194015503">
				<ele>1236.199951171875</ele>
				<time>2026-08-11T13:16:20Z</time>
			</trkpt>
			<trkpt lat="45.73875677585602" lon="10.903853297233582">
				<ele>1236.4000244140625</ele>
				<time>2026-08-11T13:16:28Z</time>
			</trkpt>
			<trkpt lat="45.73875343799591" lon="10.903838276863098">
				<ele>1236.4000244140625</ele>
				<time>2026-08-11T13:16:29Z</time>
			</trkpt>
			<trkpt lat="45.738749861717224" lon="10.903822541236877">
				<ele>1236.4000244140625</ele>
				<time>2026-08-11T13:16:30Z</time>
			</trkpt>
			<trkpt lat="45.73874509334564" lon="10.903809547424316">
				<ele>1236.4000244140625</ele>
				<time>2026-08-11T13:16:31Z</time>
			</trkpt>
			<trkpt lat="45.738739013671875" lon="10.903794646263123">
				<ele>1236.199951171875</ele>
				<time>2026-08-11T13:16:32Z</time>
			</trkpt>
			<trkpt lat="45.73873269557953" lon="10.903783202171326">
				<ele>1236.0</ele>
				<time>2026-08-11T13:16:33Z</time>
			</trkpt>
			<trkpt lat="45.73872458934784" lon="10.903777241706848">
				<ele>1236.0</ele>
				<time>2026-08-11T13:16:34Z</time>
			</trkpt>
			<trkpt lat="45.738715171813965" lon="10.903772711753845">
				<ele>1235.800048828125</ele>
				<time>2026-08-11T13:16:35Z</time>
			</trkpt>
			<trkpt lat="45.73870503902435" lon="10.903769135475159">
				<ele>1235.5999755859375</ele>
				<time>2026-08-11T13:16:36Z</time>
			</trkpt>
			<trkpt lat="45.7386953830719" lon="10.903764247894287">
				<ele>1235.5999755859375</ele>
				<time>2026-08-11T13:16:37Z</time>
			</trkpt>
			<trkpt lat="45.73868799209595" lon="10.903756618499756">
				<ele>1235.4000244140625</ele>
				<time>2026-08-11T13:16:38Z</time>
			</trkpt>
			<trkpt lat="45.738645792007446" lon="10.903761982917786">
				<ele>1234.800048828125</ele>
				<time>2026-08-11T13:16:42Z</time>
			</trkpt>
			<trkpt lat="45.738486647605896" lon="10.903807163238525">
				<ele>1233.199951171875</ele>
				<time>2026-08-11T13:16:53Z</time>
			</trkpt>
			<trkpt lat="45.73847579956055" lon="10.903801918029785">
				<ele>1233.0</ele>
				<time>2026-08-11T13:16:54Z</time>
			</trkpt>
			<trkpt lat="45.738462805747986" lon="10.903798937797546">
				<ele>1232.800048828125</ele>
				<time>2026-08-11T13:16:55Z</time>
			</trkpt>
			<trkpt lat="45.73844659328461" lon="10.903800249099731">
				<ele>1232.800048828125</ele>
				<time>2026-08-11T13:16:56Z</time>
			</trkpt>
			<trkpt lat="45.738430857658386" lon="10.9038006067276">
				<ele>1232.5999755859375</ele>
				<time>2026-08-11T13:16:57Z</time>
			</trkpt>
			<trkpt lat="45.738255739212036" lon="10.903756022453308">
				<ele>1230.5999755859375</ele>
				<time>2026-08-11T13:17:10Z</time>
			</trkpt>
			<trkpt lat="45.73802959918976" lon="10.903788805007935">
				<ele>1228.0</ele>
				<time>2026-08-11T13:17:26Z</time>
			</trkpt>
			<trkpt lat="45.737858295440674" lon="10.903813242912292">
				<ele>1226.0</ele>
				<time>2026-08-11T13:17:39Z</time>
			</trkpt>
			<trkpt lat="45.7376434803009" lon="10.903717875480652">
				<ele>1224.800048828125</ele>
				<time>2026-08-11T13:17:55Z</time>
			</trkpt>
			<trkpt lat="45.7375568151474" lon="10.903435349464417">
				<ele>1224.4000244140625</ele>
				<time>2026-08-11T13:18:14Z</time>
			</trkpt>
			<trkpt lat="45.73772084712982" lon="10.903209209442139">
				<ele>1223.4000244140625</ele>
				<time>2026-08-11T13:18:30Z</time>
			</trkpt>
			<trkpt lat="45.73787343502045" lon="10.902983784675598">
				<ele>1221.199951171875</ele>
				<time>2026-08-11T13:18:47Z</time>
			</trkpt>
			<trkpt lat="45.737871408462524" lon="10.902968287467957">
				<ele>1220.199951171875</ele>
				<time>2026-08-11T13:19:05Z</time>
			</trkpt>
			<trkpt lat="45.73790240287781" lon="10.902894616127014">
				<ele>1220.199951171875</ele>
				<time>2026-08-11T13:19:11Z</time>
			</trkpt>
			<trkpt lat="45.737903237342834" lon="10.90287709236145">
				<ele>1220.199951171875</ele>
				<time>2026-08-11T13:19:12Z</time>
			</trkpt>
			<trkpt lat="45.73790264129639" lon="10.902859330177307">
				<ele>1220.0</ele>
				<time>2026-08-11T13:19:13Z</time>
			</trkpt>
			<trkpt lat="45.73790121078491" lon="10.902842998504639">
				<ele>1220.0</ele>
				<time>2026-08-11T13:19:14Z</time>
			</trkpt>
			<trkpt lat="45.7378933429718" lon="10.90278685092926">
				<ele>1219.800048828125</ele>
				<time>2026-08-11T13:19:17Z</time>
			</trkpt>
			<trkpt lat="45.73789191246033" lon="10.90276050567627">
				<ele>1219.800048828125</ele>
				<time>2026-08-11T13:19:18Z</time>
			</trkpt>
			<trkpt lat="45.73788785934448" lon="10.902737975120544">
				<ele>1219.800048828125</ele>
				<time>2026-08-11T13:19:19Z</time>
			</trkpt>
			<trkpt lat="45.73788261413574" lon="10.902715802192688">
				<ele>1219.5999755859375</ele>
				<time>2026-08-11T13:19:20Z</time>
			</trkpt>
			<trkpt lat="45.73787569999695" lon="10.902697205543518">
				<ele>1219.5999755859375</ele>
				<time>2026-08-11T13:19:21Z</time>
			</trkpt>
			<trkpt lat="45.73785662651062" lon="10.902597308158875">
				<ele>1219.0</ele>
				<time>2026-08-11T13:19:26Z</time>
			</trkpt>
			<trkpt lat="45.73785054683685" lon="10.902580380439758">
				<ele>1218.800048828125</ele>
				<time>2026-08-11T13:19:27Z</time>
			</trkpt>
			<trkpt lat="45.737776041030884" lon="10.90243375301361">
				<ele>1217.5999755859375</ele>
				<time>2026-08-11T13:19:36Z</time>
			</trkpt>
			<trkpt lat="45.73776638507843" lon="10.90242075920105">
				<ele>1217.4000244140625</ele>
				<time>2026-08-11T13:19:37Z</time>
			</trkpt>
			<trkpt lat="45.73775279521942" lon="10.90237808227539">
				<ele>1216.800048828125</ele>
				<time>2026-08-11T13:19:40Z</time>
			</trkpt>
			<trkpt lat="45.737642765045166" lon="10.902093052864075">
				<ele>1214.0</ele>
				<time>2026-08-11T13:19:56Z</time>
			</trkpt>
			<trkpt lat="45.737586975097656" lon="10.901769042015076">
				<ele>1211.5999755859375</ele>
				<time>2026-08-11T13:20:13Z</time>
			</trkpt>
			<trkpt lat="45.73751437664032" lon="10.901466846466064">
				<ele>1209.0</ele>
				<time>2026-08-11T13:20:29Z</time>
			</trkpt>
			<trkpt lat="45.73748028278351" lon="10.90138828754425">
				<ele>1208.199951171875</ele>
				<time>2026-08-11T13:20:37Z</time>
			</trkpt>
			<trkpt lat="45.737451791763306" lon="10.901342630386353">
				<ele>1208.0</ele>
				<time>2026-08-11T13:20:40Z</time>
			</trkpt>
			<trkpt lat="45.7374085187912" lon="10.901265263557434">
				<ele>1207.5999755859375</ele>
				<time>2026-08-11T13:20:45Z</time>
			</trkpt>
			<trkpt lat="45.73724818229675" lon="10.901186108589172">
				<ele>1207.0</ele>
				<time>2026-08-11T13:20:59Z</time>
			</trkpt>
			<trkpt lat="45.73716378211975" lon="10.901148915290833">
				<ele>1206.0</ele>
				<time>2026-08-11T13:21:05Z</time>
			</trkpt>
			<trkpt lat="45.73716628551483" lon="10.900849342346191">
				<ele>1204.800048828125</ele>
				<time>2026-08-11T13:21:21Z</time>
			</trkpt>
			<trkpt lat="45.737149238586426" lon="10.900738000869751">
				<ele>1204.800048828125</ele>
				<time>2026-08-11T13:21:37Z</time>
			</trkpt>
			<trkpt lat="45.737152338027954" lon="10.900678277015686">
				<ele>1204.5999755859375</ele>
				<time>2026-08-11T13:21:41Z</time>
			</trkpt>
			<trkpt lat="45.73714792728424" lon="10.900633335113525">
				<ele>1204.4000244140625</ele>
				<time>2026-08-11T13:21:44Z</time>
			</trkpt>
			<trkpt lat="45.73714292049408" lon="10.900615572929382">
				<ele>1204.199951171875</ele>
				<time>2026-08-11T13:21:45Z</time>
			</trkpt>
			<trkpt lat="45.7371381521225" lon="10.90059232711792">
				<ele>1204.0</ele>
				<time>2026-08-11T13:21:46Z</time>
			</trkpt>
			<trkpt lat="45.737130522727966" lon="10.90054190158844">
				<ele>1203.800048828125</ele>
				<time>2026-08-11T13:21:49Z</time>
			</trkpt>
			<trkpt lat="45.737125635147095" lon="10.900524854660034">
				<ele>1203.800048828125</ele>
				<time>2026-08-11T13:21:50Z</time>
			</trkpt>
			<trkpt lat="45.73703169822693" lon="10.900258183479309">
				<ele>1202.4000244140625</ele>
				<time>2026-08-11T13:22:06Z</time>
			</trkpt>
			<trkpt lat="45.737027645111084" lon="10.900240302085876">
				<ele>1202.4000244140625</ele>
				<time>2026-08-11T13:22:07Z</time>
			</trkpt>
			<trkpt lat="45.737025141716" lon="10.900224208831787">
				<ele>1202.4000244140625</ele>
				<time>2026-08-11T13:22:08Z</time>
			</trkpt>
			<trkpt lat="45.73704469203949" lon="10.899885416030884">
				<ele>1202.199951171875</ele>
				<time>2026-08-11T13:22:27Z</time>
			</trkpt>
			<trkpt lat="45.737095952034" lon="10.899555444717407">
				<ele>1201.4000244140625</ele>
				<time>2026-08-11T13:22:47Z</time>
			</trkpt>
			<trkpt lat="45.73720979690552" lon="10.899307250976562">
				<ele>1199.0</ele>
				<time>2026-08-11T13:23:03Z</time>
			</trkpt>
			<trkpt lat="45.737367153167725" lon="10.899120569229126">
				<ele>1196.199951171875</ele>
				<time>2026-08-11T13:23:19Z</time>
			</trkpt>
			<trkpt lat="45.73748528957367" lon="10.898917317390442">
				<ele>1193.199951171875</ele>
				<time>2026-08-11T13:23:35Z</time>
			</trkpt>
			<trkpt lat="45.737547874450684" lon="10.898869276046753">
				<ele>1191.800048828125</ele>
				<time>2026-08-11T13:23:51Z</time>
			</trkpt>
			<trkpt lat="45.73755693435669" lon="10.898883581161499">
				<ele>1191.800048828125</ele>
				<time>2026-08-11T13:23:52Z</time>
			</trkpt>
			<trkpt lat="45.73756778240204" lon="10.898898243904114">
				<ele>1191.800048828125</ele>
				<time>2026-08-11T13:23:53Z</time>
			</trkpt>
			<trkpt lat="45.73757743835449" lon="10.898913145065308">
				<ele>1191.800048828125</ele>
				<time>2026-08-11T13:23:54Z</time>
			</trkpt>
			<trkpt lat="45.73758578300476" lon="10.89892864227295">
				<ele>1191.800048828125</ele>
				<time>2026-08-11T13:23:55Z</time>
			</trkpt>
			<trkpt lat="45.73759150505066" lon="10.898945569992065">
				<ele>1191.5999755859375</ele>
				<time>2026-08-11T13:23:56Z</time>
			</trkpt>
			<trkpt lat="45.73759746551514" lon="10.898964881896973">
				<ele>1191.5999755859375</ele>
				<time>2026-08-11T13:23:57Z</time>
			</trkpt>
			<trkpt lat="45.73761188983917" lon="10.89926826953888">
				<ele>1189.5999755859375</ele>
				<time>2026-08-11T13:24:15Z</time>
			</trkpt>
			<trkpt lat="45.73761010169983" lon="10.89929473400116">
				<ele>1189.0</ele>
				<time>2026-08-11T13:24:36Z</time>
			</trkpt>
			<trkpt lat="45.7376184463501" lon="10.899278283119202">
				<ele>1188.5999755859375</ele>
				<time>2026-08-11T13:24:52Z</time>
			</trkpt>
			<trkpt lat="45.73763382434845" lon="10.899249911308289">
				<ele>1188.5999755859375</ele>
				<time>2026-08-11T13:24:54Z</time>
			</trkpt>
			<trkpt lat="45.73766374588013" lon="10.899216890335083">
				<ele>1188.5999755859375</ele>
				<time>2026-08-11T13:24:58Z</time>
			</trkpt>
			<trkpt lat="45.73767340183258" lon="10.899206161499023">
				<ele>1188.5999755859375</ele>
				<time>2026-08-11T13:24:59Z</time>
			</trkpt>
			<trkpt lat="45.73768436908722" lon="10.89919900894165">
				<ele>1188.4000244140625</ele>
				<time>2026-08-11T13:25:00Z</time>
			</trkpt>
			<trkpt lat="45.737693071365356" lon="10.899190306663513">
				<ele>1188.4000244140625</ele>
				<time>2026-08-11T13:25:01Z</time>
			</trkpt>
			<trkpt lat="45.73779356479645" lon="10.899205923080444">
				<ele>1185.800048828125</ele>
				<time>2026-08-11T13:25:14Z</time>
			</trkpt>
			<trkpt lat="45.737850189208984" lon="10.899216413497925">
				<ele>1184.5999755859375</ele>
				<time>2026-08-11T13:25:19Z</time>
			</trkpt>
			<trkpt lat="45.737863302230835" lon="10.899213194847107">
				<ele>1184.4000244140625</ele>
				<time>2026-08-11T13:25:20Z</time>
			</trkpt>
			<trkpt lat="45.73798930644989" lon="10.899264931678772">
				<ele>1181.199951171875</ele>
				<time>2026-08-11T13:25:32Z</time>
			</trkpt>
			<trkpt lat="45.73800849914551" lon="10.899277091026306">
				<ele>1180.5999755859375</ele>
				<time>2026-08-11T13:25:34Z</time>
			</trkpt>
			<trkpt lat="45.7380850315094" lon="10.899328231811523">
				<ele>1177.5999755859375</ele>
				<time>2026-08-11T13:25:44Z</time>
			</trkpt>
			<trkpt lat="45.73809230327606" lon="10.89931571483612">
				<ele>1177.199951171875</ele>
				<time>2026-08-11T13:25:45Z</time>
			</trkpt>
			<trkpt lat="45.738157868385315" lon="10.899179935455322">
				<ele>1176.199951171875</ele>
				<time>2026-08-11T13:26:02Z</time>
			</trkpt>
			<trkpt lat="45.73818016052246" lon="10.899106502532959">
				<ele>1176.199951171875</ele>
				<time>2026-08-11T13:26:07Z</time>
			</trkpt>
			<trkpt lat="45.738181948661804" lon="10.899089813232422">
				<ele>1176.199951171875</ele>
				<time>2026-08-11T13:26:08Z</time>
			</trkpt>
			<trkpt lat="45.73819828033447" lon="10.898768305778503">
				<ele>1175.5999755859375</ele>
				<time>2026-08-11T13:26:26Z</time>
			</trkpt>
			<trkpt lat="45.73821258544922" lon="10.898671984672546">
				<ele>1175.199951171875</ele>
				<time>2026-08-11T13:26:31Z</time>
			</trkpt>
			<trkpt lat="45.738247990608215" lon="10.898569345474243">
				<ele>1174.5999755859375</ele>
				<time>2026-08-11T13:26:36Z</time>
			</trkpt>
			<trkpt lat="45.7382550239563" lon="10.898553371429443">
				<ele>1174.4000244140625</ele>
				<time>2026-08-11T13:26:37Z</time>
			</trkpt>
			<trkpt lat="45.73826241493225" lon="10.898534059524536">
				<ele>1174.199951171875</ele>
				<time>2026-08-11T13:26:38Z</time>
			</trkpt>
			<trkpt lat="45.738269090652466" lon="10.898513913154602">
				<ele>1174.199951171875</ele>
				<time>2026-08-11T13:26:39Z</time>
			</trkpt>
			<trkpt lat="45.738276720047" lon="10.89849328994751">
				<ele>1174.0</ele>
				<time>2026-08-11T13:26:40Z</time>
			</trkpt>
			<trkpt lat="45.73828744888306" lon="10.898474097251892">
				<ele>1173.800048828125</ele>
				<time>2026-08-11T13:26:41Z</time>
			</trkpt>
			<trkpt lat="45.73829674720764" lon="10.898452758789062">
				<ele>1173.5999755859375</ele>
				<time>2026-08-11T13:26:42Z</time>
			</trkpt>
			<trkpt lat="45.73830187320709" lon="10.898431897163391">
				<ele>1173.4000244140625</ele>
				<time>2026-08-11T13:26:43Z</time>
			</trkpt>
			<trkpt lat="45.738308906555176" lon="10.898412346839905">
				<ele>1173.199951171875</ele>
				<time>2026-08-11T13:26:44Z</time>
			</trkpt>
			<trkpt lat="45.73831355571747" lon="10.898397207260132">
				<ele>1173.199951171875</ele>
				<time>2026-08-11T13:26:45Z</time>
			</trkpt>
			<trkpt lat="45.738321185112" lon="10.898375391960144">
				<ele>1173.0</ele>
				<time>2026-08-11T13:26:46Z</time>
			</trkpt>
			<trkpt lat="45.73832857608795" lon="10.898355841636658">
				<ele>1172.800048828125</ele>
				<time>2026-08-11T13:26:47Z</time>
			</trkpt>
			<trkpt lat="45.7383348941803" lon="10.89833676815033">
				<ele>1172.5999755859375</ele>
				<time>2026-08-11T13:26:48Z</time>
			</trkpt>
			<trkpt lat="45.73834002017975" lon="10.898316740989685">
				<ele>1172.4000244140625</ele>
				<time>2026-08-11T13:26:49Z</time>
			</trkpt>
			<trkpt lat="45.73834431171417" lon="10.898294806480408">
				<ele>1172.199951171875</ele>
				<time>2026-08-11T13:26:50Z</time>
			</trkpt>
			<trkpt lat="45.738369941711426" lon="10.898064374923706">
				<ele>1170.199951171875</ele>
				<time>2026-08-11T13:27:05Z</time>
			</trkpt>
			<trkpt lat="45.73835897445679" lon="10.897809743881226">
				<ele>1169.0</ele>
				<time>2026-08-11T13:27:24Z</time>
			</trkpt>
			<trkpt lat="45.73835802078247" lon="10.897746801376343">
				<ele>1168.5999755859375</ele>
				<time>2026-08-11T13:27:31Z</time>
			</trkpt>
			<trkpt lat="45.73835492134094" lon="10.897729992866516">
				<ele>1168.5999755859375</ele>
				<time>2026-08-11T13:27:32Z</time>
			</trkpt>
			<trkpt lat="45.73821711540222" lon="10.897420406341553">
				<ele>1166.4000244140625</ele>
				<time>2026-08-11T13:27:52Z</time>
			</trkpt>
			<trkpt lat="45.73808717727661" lon="10.897238373756409">
				<ele>1163.199951171875</ele>
				<time>2026-08-11T13:28:06Z</time>
			</trkpt>
			<trkpt lat="45.73787975311279" lon="10.897234678268433">
				<ele>1160.199951171875</ele>
				<time>2026-08-11T13:28:21Z</time>
			</trkpt>
			<trkpt lat="45.737706899642944" lon="10.897363185882568">
				<ele>1158.0</ele>
				<time>2026-08-11T13:28:36Z</time>
			</trkpt>
			<trkpt lat="45.73755466938019" lon="10.897411584854126">
				<ele>1156.5999755859375</ele>
				<time>2026-08-11T13:28:49Z</time>
			</trkpt>
			<trkpt lat="45.73750436306" lon="10.897401213645935">
				<ele>1155.800048828125</ele>
				<time>2026-08-11T13:28:54Z</time>
			</trkpt>
			<trkpt lat="45.73746681213379" lon="10.897152185440063">
				<ele>1153.5999755859375</ele>
				<time>2026-08-11T13:29:08Z</time>
			</trkpt>
			<trkpt lat="45.73751950263977" lon="10.896838784217834">
				<ele>1151.199951171875</ele>
				<time>2026-08-11T13:29:25Z</time>
			</trkpt>
			<trkpt lat="45.73746633529663" lon="10.896482706069946">
				<ele>1148.800048828125</ele>
				<time>2026-08-11T13:29:45Z</time>
			</trkpt>
			<trkpt lat="45.73741841316223" lon="10.896133542060852">
				<ele>1146.800048828125</ele>
				<time>2026-08-11T13:30:04Z</time>
			</trkpt>
			<trkpt lat="45.737366914749146" lon="10.89578652381897">
				<ele>1145.5999755859375</ele>
				<time>2026-08-11T13:30:23Z</time>
			</trkpt>
			<trkpt lat="45.73716402053833" lon="10.895549893379211">
				<ele>1143.0</ele>
				<time>2026-08-11T13:30:44Z</time>
			</trkpt>
			<trkpt lat="45.737106800079346" lon="10.895519614219666">
				<ele>1142.0</ele>
				<time>2026-08-11T13:30:58Z</time>
			</trkpt>
			<trkpt lat="45.7370765209198" lon="10.895520210266113">
				<ele>1142.0</ele>
				<time>2026-08-11T13:31:12Z</time>
			</trkpt>
			<trkpt lat="45.73706519603729" lon="10.89551842212677">
				<ele>1142.0</ele>
				<time>2026-08-11T13:31:13Z</time>
			</trkpt>
			<trkpt lat="45.73684108257294" lon="10.895514726638794">
				<ele>1140.800048828125</ele>
				<time>2026-08-11T13:31:32Z</time>
			</trkpt>
			<trkpt lat="45.73660659790039" lon="10.8954017162323">
				<ele>1138.4000244140625</ele>
				<time>2026-08-11T13:31:51Z</time>
			</trkpt>
			<trkpt lat="45.73638832569122" lon="10.895362973213196">
				<ele>1135.4000244140625</ele>
				<time>2026-08-11T13:32:08Z</time>
			</trkpt>
			<trkpt lat="45.73627018928528" lon="10.895161628723145">
				<ele>1133.4000244140625</ele>
				<time>2026-08-11T13:32:22Z</time>
			</trkpt>
			<trkpt lat="45.736122846603394" lon="10.894904971122742">
				<ele>1130.800048828125</ele>
				<time>2026-08-11T13:32:40Z</time>
			</trkpt>
			<trkpt lat="45.73595654964447" lon="10.894766449928284">
				<ele>1128.800048828125</ele>
				<time>2026-08-11T13:32:55Z</time>
			</trkpt>
			<trkpt lat="45.735954999923706" lon="10.894476532936096">
				<ele>1127.199951171875</ele>
				<time>2026-08-11T13:33:12Z</time>
			</trkpt>
			<trkpt lat="45.73605763912201" lon="10.894088625907898">
				<ele>1125.800048828125</ele>
				<time>2026-08-11T13:33:33Z</time>
			</trkpt>
			<trkpt lat="45.73606193065643" lon="10.89380931854248">
				<ele>1125.0</ele>
				<time>2026-08-11T13:33:51Z</time>
			</trkpt>
			<trkpt lat="45.73587489128113" lon="10.893627166748047">
				<ele>1125.0</ele>
				<time>2026-08-11T13:34:09Z</time>
			</trkpt>
			<trkpt lat="45.73563742637634" lon="10.893592596054077">
				<ele>1123.800048828125</ele>
				<time>2026-08-11T13:34:28Z</time>
			</trkpt>
			<trkpt lat="45.73542046546936" lon="10.893672347068787">
				<ele>1122.199951171875</ele>
				<time>2026-08-11T13:34:44Z</time>
			</trkpt>
			<trkpt lat="45.735268115997314" lon="10.893731117248535">
				<ele>1120.800048828125</ele>
				<time>2026-08-11T13:34:57Z</time>
			</trkpt>
			<trkpt lat="45.73502266407013" lon="10.893792867660522">
				<ele>1118.5999755859375</ele>
				<time>2026-08-11T13:35:17Z</time>
			</trkpt>
			<trkpt lat="45.73492419719696" lon="10.893582582473755">
				<ele>1117.0</ele>
				<time>2026-08-11T13:35:32Z</time>
			</trkpt>
			<trkpt lat="45.734962463378906" lon="10.893249869346619">
				<ele>1114.5999755859375</ele>
				<time>2026-08-11T13:35:50Z</time>
			</trkpt>
			<trkpt lat="45.73486530780792" lon="10.89296019077301">
				<ele>1112.0</ele>
				<time>2026-08-11T13:36:07Z</time>
			</trkpt>
			<trkpt lat="45.734776735305786" lon="10.892922759056091">
				<ele>1110.4000244140625</ele>
				<time>2026-08-11T13:36:19Z</time>
			</trkpt>
			<trkpt lat="45.734723806381226" lon="10.892957091331482">
				<ele>1110.0</ele>
				<time>2026-08-11T13:36:52Z</time>
			</trkpt>
			<trkpt lat="45.734731912612915" lon="10.892950415611267">
				<ele>1109.4000244140625</ele>
				<time>2026-08-11T13:37:09Z</time>
			</trkpt>
			<trkpt lat="45.73474299907684" lon="10.892935395240784">
				<ele>1109.0</ele>
				<time>2026-08-11T13:37:26Z</time>
			</trkpt>
			<trkpt lat="45.734734773635864" lon="10.892923951148987">
				<ele>1109.0</ele>
				<time>2026-08-11T13:38:02Z</time>
			</trkpt>
			<trkpt lat="45.73474621772766" lon="10.892903804779053">
				<ele>1109.199951171875</ele>
				<time>2026-08-11T13:38:38Z</time>
			</trkpt>
			<trkpt lat="45.734742760658264" lon="10.892861247062683">
				<ele>1109.4000244140625</ele>
				<time>2026-08-11T13:39:25Z</time>
			</trkpt>
			<trkpt lat="45.734745025634766" lon="10.892888069152832">
				<ele>1109.199951171875</ele>
				<time>2026-08-11T13:40:00Z</time>
			</trkpt>
			<trkpt lat="45.734723806381226" lon="10.892873764038086">
				<ele>1109.5999755859375</ele>
				<time>2026-08-11T13:40:33Z</time>
			</trkpt>
			<trkpt lat="45.7347217798233" lon="10.892850875854492">
				<ele>1109.5999755859375</ele>
				<time>2026-08-11T13:41:08Z</time>
			</trkpt>
			<trkpt lat="45.7347332239151" lon="10.89281713962555">
				<ele>1109.800048828125</ele>
				<time>2026-08-11T13:41:49Z</time>
			</trkpt>
			<trkpt lat="45.734732270240784" lon="10.892791509628296">
				<ele>1109.800048828125</ele>
				<time>2026-08-11T13:42:24Z</time>
			</trkpt>
			<trkpt lat="45.73473000526428" lon="10.892788887023926">
				<ele>1109.800048828125</ele>
				<time>2026-08-11T13:42:58Z</time>
			</trkpt>
			<trkpt lat="45.73473024368286" lon="10.892787337303162">
				<ele>1110.0</ele>
				<time>2026-08-11T13:43:28Z</time>
			</trkpt>
			<trkpt lat="45.7347332239151" lon="10.89278268814087">
				<ele>1109.4000244140625</ele>
				<time>2026-08-11T13:43:48Z</time>
			</trkpt>
			<trkpt lat="45.73473596572876" lon="10.892789006233215">
				<ele>1109.5999755859375</ele>
				<time>2026-08-11T13:44:14Z</time>
			</trkpt>
			<trkpt lat="45.73475968837738" lon="10.892854452133179">
				<ele>1109.5999755859375</ele>
				<time>2026-08-11T13:45:20Z</time>
			</trkpt>
			<trkpt lat="45.73475134372711" lon="10.892884373664856">
				<ele>1110.5999755859375</ele>
				<time>2026-08-11T13:45:59Z</time>
			</trkpt>
			<trkpt lat="45.73465430736542" lon="10.89285933971405">
				<ele>1110.0</ele>
				<time>2026-08-11T13:46:16Z</time>
			</trkpt>
			<trkpt lat="45.73456370830536" lon="10.89285409450531">
				<ele>1109.4000244140625</ele>
				<time>2026-08-11T13:46:25Z</time>
			</trkpt>
			<trkpt lat="45.734447956085205" lon="10.892818212509155">
				<ele>1108.4000244140625</ele>
				<time>2026-08-11T13:46:36Z</time>
			</trkpt>
			<trkpt lat="45.7344354391098" lon="10.892805576324463">
				<ele>1108.199951171875</ele>
				<time>2026-08-11T13:46:37Z</time>
			</trkpt>
			<trkpt lat="45.73442459106445" lon="10.892791032791138">
				<ele>1108.199951171875</ele>
				<time>2026-08-11T13:46:38Z</time>
			</trkpt>
			<trkpt lat="45.734415769577026" lon="10.892775416374207">
				<ele>1108.0</ele>
				<time>2026-08-11T13:46:39Z</time>
			</trkpt>
			<trkpt lat="45.734408497810364" lon="10.892760753631592">
				<ele>1108.0</ele>
				<time>2026-08-11T13:46:40Z</time>
			</trkpt>
			<trkpt lat="45.734400510787964" lon="10.89274775981903">
				<ele>1107.800048828125</ele>
				<time>2026-08-11T13:46:41Z</time>
			</trkpt>
			<trkpt lat="45.73439300060272" lon="10.892736077308655">
				<ele>1107.800048828125</ele>
				<time>2026-08-11T13:46:42Z</time>
			</trkpt>
			<trkpt lat="45.734304785728455" lon="10.89267122745514">
				<ele>1106.800048828125</ele>
				<time>2026-08-11T13:46:50Z</time>
			</trkpt>
			<trkpt lat="45.73429298400879" lon="10.892663836479187">
				<ele>1106.5999755859375</ele>
				<time>2026-08-11T13:46:51Z</time>
			</trkpt>
			<trkpt lat="45.73412239551544" lon="10.892596125602722">
				<ele>1104.199951171875</ele>
				<time>2026-08-11T13:47:07Z</time>
			</trkpt>
			<trkpt lat="45.73410212993622" lon="10.892538666725159">
				<ele>1102.800048828125</ele>
				<time>2026-08-11T13:47:36Z</time>
			</trkpt>
			<trkpt lat="45.73407280445099" lon="10.892456293106079">
				<ele>1101.800048828125</ele>
				<time>2026-08-11T13:47:43Z</time>
			</trkpt>
			<trkpt lat="45.73406541347504" lon="10.892302632331848">
				<ele>1098.5999755859375</ele>
				<time>2026-08-11T13:47:55Z</time>
			</trkpt>
			<trkpt lat="45.73406374454498" lon="10.892286777496338">
				<ele>1098.199951171875</ele>
				<time>2026-08-11T13:47:56Z</time>
			</trkpt>
			<trkpt lat="45.73405730724335" lon="10.892257571220398">
				<ele>1097.800048828125</ele>
				<time>2026-08-11T13:47:58Z</time>
			</trkpt>
			<trkpt lat="45.73405194282532" lon="10.892242431640625">
				<ele>1097.5999755859375</ele>
				<time>2026-08-11T13:47:59Z</time>
			</trkpt>
			<trkpt lat="45.73399293422699" lon="10.891988158226013">
				<ele>1094.4000244140625</ele>
				<time>2026-08-11T13:48:14Z</time>
			</trkpt>
			<trkpt lat="45.73395526409149" lon="10.89176857471466">
				<ele>1091.4000244140625</ele>
				<time>2026-08-11T13:48:26Z</time>
			</trkpt>
			<trkpt lat="45.73388051986694" lon="10.891556739807129">
				<ele>1088.4000244140625</ele>
				<time>2026-08-11T13:48:39Z</time>
			</trkpt>
			<trkpt lat="45.733856081962585" lon="10.891483068466187">
				<ele>1087.4000244140625</ele>
				<time>2026-08-11T13:48:43Z</time>
			</trkpt>
			<trkpt lat="45.73379671573639" lon="10.891397595405579">
				<ele>1085.800048828125</ele>
				<time>2026-08-11T13:48:51Z</time>
			</trkpt>
			<trkpt lat="45.73378276824951" lon="10.891394138336182">
				<ele>1085.5999755859375</ele>
				<time>2026-08-11T13:48:52Z</time>
			</trkpt>
			<trkpt lat="45.73377180099487" lon="10.891387224197388">
				<ele>1085.4000244140625</ele>
				<time>2026-08-11T13:48:53Z</time>
			</trkpt>
			<trkpt lat="45.7337611913681" lon="10.891377568244934">
				<ele>1085.199951171875</ele>
				<time>2026-08-11T13:48:54Z</time>
			</trkpt>
			<trkpt lat="45.73375165462494" lon="10.891364216804504">
				<ele>1085.0</ele>
				<time>2026-08-11T13:48:55Z</time>
			</trkpt>
			<trkpt lat="45.73374271392822" lon="10.891348719596863">
				<ele>1084.800048828125</ele>
				<time>2026-08-11T13:48:56Z</time>
			</trkpt>
			<trkpt lat="45.733649134635925" lon="10.89116656780243">
				<ele>1082.5999755859375</ele>
				<time>2026-08-11T13:49:09Z</time>
			</trkpt>
			<trkpt lat="45.73365008831024" lon="10.891149282455444">
				<ele>1082.4000244140625</ele>
				<time>2026-08-11T13:49:10Z</time>
			</trkpt>
			<trkpt lat="45.73365116119385" lon="10.891131281852722">
				<ele>1082.4000244140625</ele>
				<time>2026-08-11T13:49:11Z</time>
			</trkpt>
			<trkpt lat="45.73365604877472" lon="10.89111065864563">
				<ele>1082.199951171875</ele>
				<time>2026-08-11T13:49:12Z</time>
			</trkpt>
			<trkpt lat="45.733662128448486" lon="10.891088366508484">
				<ele>1082.0</ele>
				<time>2026-08-11T13:49:13Z</time>
			</trkpt>
			<trkpt lat="45.73369514942169" lon="10.890897393226624">
				<ele>1080.0</ele>
				<time>2026-08-11T13:49:23Z</time>
			</trkpt>
			<trkpt lat="45.73371493816376" lon="10.890823006629944">
				<ele>1080.0</ele>
				<time>2026-08-11T13:49:32Z</time>
			</trkpt>
			<trkpt lat="45.73369836807251" lon="10.890795588493347">
				<ele>1080.199951171875</ele>
				<time>2026-08-11T13:49:35Z</time>
			</trkpt>
			<trkpt lat="45.73354732990265" lon="10.890716791152954">
				<ele>1079.800048828125</ele>
				<time>2026-08-11T13:49:47Z</time>
			</trkpt>
			<trkpt lat="45.733495593070984" lon="10.890737056732178">
				<ele>1079.5999755859375</ele>
				<time>2026-08-11T13:49:51Z</time>
			</trkpt>
			<trkpt lat="45.73342549800873" lon="10.890754699707031">
				<ele>1078.5999755859375</ele>
				<time>2026-08-11T13:49:56Z</time>
			</trkpt>
			<trkpt lat="45.733391523361206" lon="10.890658259391785">
				<ele>1077.0</ele>
				<time>2026-08-11T13:50:02Z</time>
			</trkpt>
			<trkpt lat="45.73338210582733" lon="10.890623450279236">
				<ele>1076.5999755859375</ele>
				<time>2026-08-11T13:50:04Z</time>
			</trkpt>
			<trkpt lat="45.73331356048584" lon="10.89054799079895">
				<ele>1073.800048828125</ele>
				<time>2026-08-11T13:50:23Z</time>
			</trkpt>
			<trkpt lat="45.73330080509186" lon="10.890535354614258">
				<ele>1073.5999755859375</ele>
				<time>2026-08-11T13:50:30Z</time>
			</trkpt>
			<trkpt lat="45.733232855796814" lon="10.89048457145691">
				<ele>1073.4000244140625</ele>
				<time>2026-08-11T13:50:36Z</time>
			</trkpt>
			<trkpt lat="45.733034491539" lon="10.890232801437378">
				<ele>1070.5999755859375</ele>
				<time>2026-08-11T13:50:54Z</time>
			</trkpt>
			<trkpt lat="45.732850790023804" lon="10.88999342918396">
				<ele>1068.0</ele>
				<time>2026-08-11T13:51:11Z</time>
			</trkpt>
			<trkpt lat="45.732664585113525" lon="10.889745593070984">
				<ele>1065.199951171875</ele>
				<time>2026-08-11T13:51:29Z</time>
			</trkpt>
			<trkpt lat="45.73248279094696" lon="10.889508962631226">
				<ele>1062.5999755859375</ele>
				<time>2026-08-11T13:51:46Z</time>
			</trkpt>
			<trkpt lat="45.73231375217438" lon="10.889251470565796">
				<ele>1060.0</ele>
				<time>2026-08-11T13:52:03Z</time>
			</trkpt>
			<trkpt lat="45.73215210437775" lon="10.889013767242432">
				<ele>1057.800048828125</ele>
				<time>2026-08-11T13:52:19Z</time>
			</trkpt>
			<trkpt lat="45.73206698894501" lon="10.888883113861084">
				<ele>1056.5999755859375</ele>
				<time>2026-08-11T13:52:28Z</time>
			</trkpt>
			<trkpt lat="45.7320591211319" lon="10.888867139816284">
				<ele>1056.5999755859375</ele>
				<time>2026-08-11T13:52:29Z</time>
			</trkpt>
			<trkpt lat="45.732051491737366" lon="10.888850450515747">
				<ele>1056.4000244140625</ele>
				<time>2026-08-11T13:52:30Z</time>
			</trkpt>
			<trkpt lat="45.732041239738464" lon="10.8888338804245">
				<ele>1056.4000244140625</ele>
				<time>2026-08-11T13:52:31Z</time>
			</trkpt>
			<trkpt lat="45.732032895088196" lon="10.888818979263306">
				<ele>1056.199951171875</ele>
				<time>2026-08-11T13:52:32Z</time>
			</trkpt>
			<trkpt lat="45.73194897174835" lon="10.888676047325134">
				<ele>1055.4000244140625</ele>
				<time>2026-08-11T13:52:41Z</time>
			</trkpt>
			<trkpt lat="45.73194372653961" lon="10.888659238815308">
				<ele>1055.199951171875</ele>
				<time>2026-08-11T13:52:42Z</time>
			</trkpt>
			<trkpt lat="45.73193538188934" lon="10.888641119003296">
				<ele>1055.199951171875</ele>
				<time>2026-08-11T13:52:43Z</time>
			</trkpt>
			<trkpt lat="45.731914043426514" lon="10.888599634170532">
				<ele>1055.0</ele>
				<time>2026-08-11T13:52:46Z</time>
			</trkpt>
			<trkpt lat="45.73190891742706" lon="10.888584613800049">
				<ele>1054.800048828125</ele>
				<time>2026-08-11T13:52:47Z</time>
			</trkpt>
			<trkpt lat="45.731876492500305" lon="10.888484954833984">
				<ele>1053.5999755859375</ele>
				<time>2026-08-11T13:53:02Z</time>
			</trkpt>
			<trkpt lat="45.73188292980194" lon="10.888478994369507">
				<ele>1053.5999755859375</ele>
				<time>2026-08-11T13:53:12Z</time>
			</trkpt>
			<trkpt lat="45.73187208175659" lon="10.888465404510498">
				<ele>1053.5999755859375</ele>
				<time>2026-08-11T13:53:13Z</time>
			</trkpt>
			<trkpt lat="45.73186278343201" lon="10.888447880744934">
				<ele>1053.5999755859375</ele>
				<time>2026-08-11T13:53:14Z</time>
			</trkpt>
			<trkpt lat="45.73185443878174" lon="10.888429760932922">
				<ele>1053.5999755859375</ele>
				<time>2026-08-11T13:53:15Z</time>
			</trkpt>
			<trkpt lat="45.73184823989868" lon="10.888412117958069">
				<ele>1053.4000244140625</ele>
				<time>2026-08-11T13:53:16Z</time>
			</trkpt>
			<trkpt lat="45.73184061050415" lon="10.888392806053162">
				<ele>1053.4000244140625</ele>
				<time>2026-08-11T13:53:17Z</time>
			</trkpt>
			<trkpt lat="45.73183500766754" lon="10.888370513916016">
				<ele>1053.4000244140625</ele>
				<time>2026-08-11T13:53:18Z</time>
			</trkpt>
			<trkpt lat="45.73182690143585" lon="10.888352394104004">
				<ele>1053.4000244140625</ele>
				<time>2026-08-11T13:53:19Z</time>
			</trkpt>
			<trkpt lat="45.73181939125061" lon="10.888331413269043">
				<ele>1053.199951171875</ele>
				<time>2026-08-11T13:53:20Z</time>
			</trkpt>
			<trkpt lat="45.73181462287903" lon="10.888310313224792">
				<ele>1053.199951171875</ele>
				<time>2026-08-11T13:53:21Z</time>
			</trkpt>
			<trkpt lat="45.73180961608887" lon="10.888288497924805">
				<ele>1053.199951171875</ele>
				<time>2026-08-11T13:53:22Z</time>
			</trkpt>
			<trkpt lat="45.73180162906647" lon="10.888271689414978">
				<ele>1053.0</ele>
				<time>2026-08-11T13:53:23Z</time>
			</trkpt>
			<trkpt lat="45.731791973114014" lon="10.8882554769516">
				<ele>1053.0</ele>
				<time>2026-08-11T13:53:24Z</time>
			</trkpt>
			<trkpt lat="45.731783509254456" lon="10.88823914527893">
				<ele>1052.800048828125</ele>
				<time>2026-08-11T13:53:25Z</time>
			</trkpt>
			<trkpt lat="45.731717228889465" lon="10.888179540634155">
				<ele>1052.199951171875</ele>
				<time>2026-08-11T13:53:31Z</time>
			</trkpt>
			<trkpt lat="45.73170733451843" lon="10.888167023658752">
				<ele>1052.0</ele>
				<time>2026-08-11T13:53:32Z</time>
			</trkpt>
			<trkpt lat="45.731558442115784" lon="10.888026118278503">
				<ele>1050.800048828125</ele>
				<time>2026-08-11T13:53:45Z</time>
			</trkpt>
			<trkpt lat="45.731544852256775" lon="10.888020515441895">
				<ele>1050.5999755859375</ele>
				<time>2026-08-11T13:53:46Z</time>
			</trkpt>
			<trkpt lat="45.731529235839844" lon="10.888015866279602">
				<ele>1050.5999755859375</ele>
				<time>2026-08-11T13:53:47Z</time>
			</trkpt>
			<trkpt lat="45.73151397705078" lon="10.888015866279602">
				<ele>1050.4000244140625</ele>
				<time>2026-08-11T13:53:48Z</time>
			</trkpt>
			<trkpt lat="45.73149561882019" lon="10.888012290000916">
				<ele>1050.199951171875</ele>
				<time>2026-08-11T13:53:49Z</time>
			</trkpt>
			<trkpt lat="45.731480717659" lon="10.888004660606384">
				<ele>1050.199951171875</ele>
				<time>2026-08-11T13:53:50Z</time>
			</trkpt>
			<trkpt lat="45.73146903514862" lon="10.887994289398193">
				<ele>1050.0</ele>
				<time>2026-08-11T13:53:51Z</time>
			</trkpt>
			<trkpt lat="45.73134446144104" lon="10.88790214061737">
				<ele>1048.5999755859375</ele>
				<time>2026-08-11T13:54:02Z</time>
			</trkpt>
			<trkpt lat="45.73133146762848" lon="10.887890100479126">
				<ele>1048.4000244140625</ele>
				<time>2026-08-11T13:54:03Z</time>
			</trkpt>
			<trkpt lat="45.73131763935089" lon="10.887880325317383">
				<ele>1048.199951171875</ele>
				<time>2026-08-11T13:54:04Z</time>
			</trkpt>
			<trkpt lat="45.731302976608276" lon="10.88787293434143">
				<ele>1048.0</ele>
				<time>2026-08-11T13:54:05Z</time>
			</trkpt>
			<trkpt lat="45.73126268386841" lon="10.887852549552917">
				<ele>1047.5999755859375</ele>
				<time>2026-08-11T13:54:08Z</time>
			</trkpt>
			<trkpt lat="45.73124551773071" lon="10.887846827507019">
				<ele>1047.4000244140625</ele>
				<time>2026-08-11T13:54:09Z</time>
			</trkpt>
			<trkpt lat="45.7312331199646" lon="10.887841701507568">
				<ele>1047.199951171875</ele>
				<time>2026-08-11T13:54:10Z</time>
			</trkpt>
			<trkpt lat="45.73121726512909" lon="10.887832999229431">
				<ele>1047.0</ele>
				<time>2026-08-11T13:54:11Z</time>
			</trkpt>
			<trkpt lat="45.73120594024658" lon="10.887823224067688">
				<ele>1047.0</ele>
				<time>2026-08-11T13:54:12Z</time>
			</trkpt>
			<trkpt lat="45.73103666305542" lon="10.887681245803833">
				<ele>1045.0</ele>
				<time>2026-08-11T13:54:25Z</time>
			</trkpt>
			<trkpt lat="45.73093128204346" lon="10.887585163116455">
				<ele>1043.5999755859375</ele>
				<time>2026-08-11T13:54:34Z</time>
			</trkpt>
			<trkpt lat="45.730921149253845" lon="10.887568712234497">
				<ele>1043.4000244140625</ele>
				<time>2026-08-11T13:54:35Z</time>
			</trkpt>
			<trkpt lat="45.73091161251068" lon="10.887552618980408">
				<ele>1043.199951171875</ele>
				<time>2026-08-11T13:54:36Z</time>
			</trkpt>
			<trkpt lat="45.73089790344238" lon="10.887540936470032">
				<ele>1043.0</ele>
				<time>2026-08-11T13:54:37Z</time>
			</trkpt>
			<trkpt lat="45.730883717536926" lon="10.887534141540527">
				<ele>1042.800048828125</ele>
				<time>2026-08-11T13:54:38Z</time>
			</trkpt>
			<trkpt lat="45.730873346328735" lon="10.887526988983154">
				<ele>1042.5999755859375</ele>
				<time>2026-08-11T13:54:39Z</time>
			</trkpt>
			<trkpt lat="45.730719208717346" lon="10.887356519699097">
				<ele>1040.800048828125</ele>
				<time>2026-08-11T13:54:54Z</time>
			</trkpt>
			<trkpt lat="45.73055899143219" lon="10.887205123901367">
				<ele>1039.0</ele>
				<time>2026-08-11T13:55:10Z</time>
			</trkpt>
			<trkpt lat="45.73039495944977" lon="10.887189269065857">
				<ele>1037.800048828125</ele>
				<time>2026-08-11T13:55:21Z</time>
			</trkpt>
			<trkpt lat="45.730209946632385" lon="10.887194395065308">
				<ele>1035.4000244140625</ele>
				<time>2026-08-11T13:55:36Z</time>
			</trkpt>
			<trkpt lat="45.73016178607941" lon="10.887179970741272">
				<ele>1034.5999755859375</ele>
				<time>2026-08-11T13:55:39Z</time>
			</trkpt>
			<trkpt lat="45.73015010356903" lon="10.887166738510132">
				<ele>1034.4000244140625</ele>
				<time>2026-08-11T13:55:40Z</time>
			</trkpt>
			<trkpt lat="45.73013639450073" lon="10.887152552604675">
				<ele>1034.4000244140625</ele>
				<time>2026-08-11T13:55:41Z</time>
			</trkpt>
			<trkpt lat="45.73013246059418" lon="10.887133359909058">
				<ele>1034.0</ele>
				<time>2026-08-11T13:55:42Z</time>
			</trkpt>
			<trkpt lat="45.73013651371002" lon="10.887113094329834">
				<ele>1033.800048828125</ele>
				<time>2026-08-11T13:55:43Z</time>
			</trkpt>
			<trkpt lat="45.73014426231384" lon="10.887094497680664">
				<ele>1033.5999755859375</ele>
				<time>2026-08-11T13:55:44Z</time>
			</trkpt>
			<trkpt lat="45.73015093803406" lon="10.887075543403625">
				<ele>1033.5999755859375</ele>
				<time>2026-08-11T13:55:45Z</time>
			</trkpt>
			<trkpt lat="45.73015761375427" lon="10.887041926383972">
				<ele>1032.5999755859375</ele>
				<time>2026-08-11T13:55:51Z</time>
			</trkpt>
			<trkpt lat="45.73016345500946" lon="10.887026906013489">
				<ele>1032.4000244140625</ele>
				<time>2026-08-11T13:55:52Z</time>
			</trkpt>
			<trkpt lat="45.730170249938965" lon="10.88701057434082">
				<ele>1032.199951171875</ele>
				<time>2026-08-11T13:55:53Z</time>
			</trkpt>
			<trkpt lat="45.730199694633484" lon="10.886979222297668">
				<ele>1031.199951171875</ele>
				<time>2026-08-11T13:56:07Z</time>
			</trkpt>
			<trkpt lat="45.730257511138916" lon="10.886932492256165">
				<ele>1029.5999755859375</ele>
				<time>2026-08-11T13:56:36Z</time>
			</trkpt>
			<trkpt lat="45.730313658714294" lon="10.886868476867676">
				<ele>1028.0</ele>
				<time>2026-08-11T13:56:45Z</time>
			</trkpt>
			<trkpt lat="45.730376839637756" lon="10.886819243431091">
				<ele>1026.199951171875</ele>
				<time>2026-08-11T13:56:53Z</time>
			</trkpt>
			<trkpt lat="45.73051309585571" lon="10.886744022369385">
				<ele>1023.199951171875</ele>
				<time>2026-08-11T13:57:06Z</time>
			</trkpt>
			<trkpt lat="45.73053193092346" lon="10.886735916137695">
				<ele>1022.800048828125</ele>
				<time>2026-08-11T13:57:08Z</time>
			</trkpt>
			<trkpt lat="45.73054242134094" lon="10.886730670928955">
				<ele>1022.5999755859375</ele>
				<time>2026-08-11T13:57:09Z</time>
			</trkpt>
			<trkpt lat="45.7305783033371" lon="10.88670539855957">
				<ele>1021.800048828125</ele>
				<time>2026-08-11T13:57:13Z</time>
			</trkpt>
			<trkpt lat="45.7305862903595" lon="10.886690855026245">
				<ele>1021.4000244140625</ele>
				<time>2026-08-11T13:57:14Z</time>
			</trkpt>
			<trkpt lat="45.73059272766113" lon="10.886673331260681">
				<ele>1021.199951171875</ele>
				<time>2026-08-11T13:57:15Z</time>
			</trkpt>
			<trkpt lat="45.73063051700592" lon="10.88651728630066">
				<ele>1018.199951171875</ele>
				<time>2026-08-11T13:57:30Z</time>
			</trkpt>
			<trkpt lat="45.73061740398407" lon="10.88651967048645">
				<ele>1015.5999755859375</ele>
				<time>2026-08-11T13:57:46Z</time>
			</trkpt>
			<trkpt lat="45.730626344680786" lon="10.886523246765137">
				<ele>1016.199951171875</ele>
				<time>2026-08-11T13:58:17Z</time>
			</trkpt>
			<trkpt lat="45.73062860965729" lon="10.886524558067322">
				<ele>1016.0</ele>
				<time>2026-08-11T13:58:42Z</time>
			</trkpt>
			<trkpt lat="45.73063552379608" lon="10.886537551879883">
				<ele>1016.199951171875</ele>
				<time>2026-08-11T13:59:23Z</time>
			</trkpt>
			<trkpt lat="45.7306672334671" lon="10.886574745178223">
				<ele>1016.800048828125</ele>
				<time>2026-08-11T14:00:08Z</time>
			</trkpt>
			<trkpt lat="45.73067617416382" lon="10.886590361595154">
				<ele>1016.800048828125</ele>
				<time>2026-08-11T14:00:09Z</time>
			</trkpt>
			<trkpt lat="45.730692625045776" lon="10.886616945266724">
				<ele>1017.0</ele>
				<time>2026-08-11T14:00:10Z</time>
			</trkpt>
			<trkpt lat="45.73070752620697" lon="10.886631846427917">
				<ele>1017.0</ele>
				<time>2026-08-11T14:00:11Z</time>
			</trkpt>
			<trkpt lat="45.730719208717346" lon="10.886641025543213">
				<ele>1016.800048828125</ele>
				<time>2026-08-11T14:00:12Z</time>
			</trkpt>
			<trkpt lat="45.73072910308838" lon="10.886646628379822">
				<ele>1016.800048828125</ele>
				<time>2026-08-11T14:00:13Z</time>
			</trkpt>
			<trkpt lat="45.73077368736267" lon="10.886687636375427">
				<ele>1016.199951171875</ele>
				<time>2026-08-11T14:00:18Z</time>
			</trkpt>
			<trkpt lat="45.73079013824463" lon="10.886698365211487">
				<ele>1016.199951171875</ele>
				<time>2026-08-11T14:00:19Z</time>
			</trkpt>
			<trkpt lat="45.731030225753784" lon="10.88684630393982">
				<ele>1015.199951171875</ele>
				<time>2026-08-11T14:00:37Z</time>
			</trkpt>
			<trkpt lat="45.731242299079895" lon="10.88697063922882">
				<ele>1014.0</ele>
				<time>2026-08-11T14:00:54Z</time>
			</trkpt>
			<trkpt lat="45.73149800300598" lon="10.887106895446777">
				<ele>1013.199951171875</ele>
				<time>2026-08-11T14:01:13Z</time>
			</trkpt>
			<trkpt lat="45.731706976890564" lon="10.887156248092651">
				<ele>1012.199951171875</ele>
				<time>2026-08-11T14:01:29Z</time>
			</trkpt>
			<trkpt lat="45.731719732284546" lon="10.887150764465332">
				<ele>1012.0</ele>
				<time>2026-08-11T14:01:30Z</time>
			</trkpt>
			<trkpt lat="45.731732964515686" lon="10.887146353721619">
				<ele>1012.0</ele>
				<time>2026-08-11T14:01:31Z</time>
			</trkpt>
			<trkpt lat="45.73174750804901" lon="10.887144088745117">
				<ele>1011.800048828125</ele>
				<time>2026-08-11T14:01:32Z</time>
			</trkpt>
			<trkpt lat="45.731762409210205" lon="10.88714337348938">
				<ele>1011.800048828125</ele>
				<time>2026-08-11T14:01:33Z</time>
			</trkpt>
			<trkpt lat="45.73177707195282" lon="10.887144446372986">
				<ele>1011.5999755859375</ele>
				<time>2026-08-11T14:01:34Z</time>
			</trkpt>
			<trkpt lat="45.731791973114014" lon="10.88714611530304">
				<ele>1011.4000244140625</ele>
				<time>2026-08-11T14:01:35Z</time>
			</trkpt>
			<trkpt lat="45.731990814208984" lon="10.887186050415039">
				<ele>1010.199951171875</ele>
				<time>2026-08-11T14:01:50Z</time>
			</trkpt>
			<trkpt lat="45.73218023777008" lon="10.8873370885849">
				<ele>1009.199951171875</ele>
				<time>2026-08-11T14:02:05Z</time>
			</trkpt>
			<trkpt lat="45.73223268985748" lon="10.887389779090881">
				<ele>1009.0</ele>
				<time>2026-08-11T14:02:10Z</time>
			</trkpt>
			<trkpt lat="45.73232126235962" lon="10.887472033500671">
				<ele>1008.800048828125</ele>
				<time>2026-08-11T14:02:18Z</time>
			</trkpt>
			<trkpt lat="45.7323317527771" lon="10.88748037815094">
				<ele>1008.800048828125</ele>
				<time>2026-08-11T14:02:19Z</time>
			</trkpt>
			<trkpt lat="45.7325633764267" lon="10.887592554092407">
				<ele>1008.0</ele>
				<time>2026-08-11T14:02:38Z</time>
			</trkpt>
			<trkpt lat="45.73274636268616" lon="10.88767147064209">
				<ele>1007.4000244140625</ele>
				<time>2026-08-11T14:02:53Z</time>
			</trkpt>
			<trkpt lat="45.73285138607025" lon="10.887689352035522">
				<ele>1007.199951171875</ele>
				<time>2026-08-11T14:03:03Z</time>
			</trkpt>
			<trkpt lat="45.73286414146423" lon="10.887696862220764">
				<ele>1007.199951171875</ele>
				<time>2026-08-11T14:03:04Z</time>
			</trkpt>
			<trkpt lat="45.73287653923035" lon="10.887698769569397">
				<ele>1007.0</ele>
				<time>2026-08-11T14:03:05Z</time>
			</trkpt>
			<trkpt lat="45.73294949531555" lon="10.887714982032776">
				<ele>1006.800048828125</ele>
				<time>2026-08-11T14:03:20Z</time>
			</trkpt>
			<trkpt lat="45.73293626308441" lon="10.88765573501587">
				<ele>1006.800048828125</ele>
				<time>2026-08-11T14:03:26Z</time>
			</trkpt>
			<trkpt lat="45.73292899131775" lon="10.887405514717102">
				<ele>1006.199951171875</ele>
				<time>2026-08-11T14:03:40Z</time>
			</trkpt>
			<trkpt lat="45.73295211791992" lon="10.88731050491333">
				<ele>1006.199951171875</ele>
				<time>2026-08-11T14:03:46Z</time>
			</trkpt>
			<trkpt lat="45.73295545578003" lon="10.887292385101318">
				<ele>1006.4000244140625</ele>
				<time>2026-08-11T14:03:47Z</time>
			</trkpt>
			<trkpt lat="45.732958912849426" lon="10.88727581501007">
				<ele>1006.4000244140625</ele>
				<time>2026-08-11T14:03:48Z</time>
			</trkpt>
			<trkpt lat="45.73297107219696" lon="10.887229084968567">
				<ele>1006.5999755859375</ele>
				<time>2026-08-11T14:03:51Z</time>
			</trkpt>
			<trkpt lat="45.7329740524292" lon="10.887214660644531">
				<ele>1006.800048828125</ele>
				<time>2026-08-11T14:03:52Z</time>
			</trkpt>
			<trkpt lat="45.7329820394516" lon="10.887203454971313">
				<ele>1007.0</ele>
				<time>2026-08-11T14:03:53Z</time>
			</trkpt>
			<trkpt lat="45.73299157619476" lon="10.887188792228699">
				<ele>1007.0</ele>
				<time>2026-08-11T14:03:54Z</time>
			</trkpt>
			<trkpt lat="45.73300015926361" lon="10.887170910835266">
				<ele>1007.199951171875</ele>
				<time>2026-08-11T14:03:55Z</time>
			</trkpt>
			<trkpt lat="45.73300874233246" lon="10.88715410232544">
				<ele>1007.4000244140625</ele>
				<time>2026-08-11T14:03:56Z</time>
			</trkpt>
			<trkpt lat="45.73301684856415" lon="10.88714063167572">
				<ele>1007.4000244140625</ele>
				<time>2026-08-11T14:03:57Z</time>
			</trkpt>
			<trkpt lat="45.7330504655838" lon="10.887071967124939">
				<ele>1008.199951171875</ele>
				<time>2026-08-11T14:04:02Z</time>
			</trkpt>
			<trkpt lat="45.73306894302368" lon="10.887048840522766">
				<ele>1008.4000244140625</ele>
				<time>2026-08-11T14:04:04Z</time>
			</trkpt>
			<trkpt lat="45.733078360557556" lon="10.887036561965942">
				<ele>1008.5999755859375</ele>
				<time>2026-08-11T14:04:05Z</time>
			</trkpt>
			<trkpt lat="45.733240246772766" lon="10.88700270652771">
				<ele>1010.800048828125</ele>
				<time>2026-08-11T14:04:20Z</time>
			</trkpt>
			<trkpt lat="45.73329997062683" lon="10.887023448944092">
				<ele>1011.4000244140625</ele>
				<time>2026-08-11T14:04:25Z</time>
			</trkpt>
			<trkpt lat="45.73331046104431" lon="10.887033343315125">
				<ele>1011.4000244140625</ele>
				<time>2026-08-11T14:04:26Z</time>
			</trkpt>
			<trkpt lat="45.73332369327545" lon="10.887040376663208">
				<ele>1011.5999755859375</ele>
				<time>2026-08-11T14:04:27Z</time>
			</trkpt>
			<trkpt lat="45.7333687543869" lon="10.887065768241882">
				<ele>1011.800048828125</ele>
				<time>2026-08-11T14:04:31Z</time>
			</trkpt>
			<trkpt lat="45.73338329792023" lon="10.887066721916199">
				<ele>1012.0</ele>
				<time>2026-08-11T14:04:32Z</time>
			</trkpt>
			<trkpt lat="45.733396768569946" lon="10.887067556381226">
				<ele>1012.0</ele>
				<time>2026-08-11T14:04:33Z</time>
			</trkpt>
			<trkpt lat="45.733577370643616" lon="10.887079358100891">
				<ele>1013.5999755859375</ele>
				<time>2026-08-11T14:04:48Z</time>
			</trkpt>
			<trkpt lat="45.73364078998566" lon="10.887059688568115">
				<ele>1014.0</ele>
				<time>2026-08-11T14:04:53Z</time>
			</trkpt>
			<trkpt lat="45.73365116119385" lon="10.887048840522766">
				<ele>1014.0</ele>
				<time>2026-08-11T14:04:54Z</time>
			</trkpt>
			<trkpt lat="45.73366117477417" lon="10.887038230895996">
				<ele>1014.199951171875</ele>
				<time>2026-08-11T14:04:55Z</time>
			</trkpt>
			<trkpt lat="45.733670473098755" lon="10.887029647827148">
				<ele>1014.199951171875</ele>
				<time>2026-08-11T14:04:56Z</time>
			</trkpt>
			<trkpt lat="45.733680963516235" lon="10.887025833129883">
				<ele>1014.199951171875</ele>
				<time>2026-08-11T14:04:57Z</time>
			</trkpt>
			<trkpt lat="45.73369252681732" lon="10.88702130317688">
				<ele>1014.4000244140625</ele>
				<time>2026-08-11T14:04:58Z</time>
			</trkpt>
			<trkpt lat="45.733704805374146" lon="10.8870130777359">
				<ele>1014.4000244140625</ele>
				<time>2026-08-11T14:04:59Z</time>
			</trkpt>
			<trkpt lat="45.733715176582336" lon="10.88700008392334">
				<ele>1014.4000244140625</ele>
				<time>2026-08-11T14:05:00Z</time>
			</trkpt>
			<trkpt lat="45.733726263046265" lon="10.886988878250122">
				<ele>1014.4000244140625</ele>
				<time>2026-08-11T14:05:01Z</time>
			</trkpt>
			<trkpt lat="45.73373818397522" lon="10.886983036994934">
				<ele>1014.5999755859375</ele>
				<time>2026-08-11T14:05:02Z</time>
			</trkpt>
			<trkpt lat="45.733750104904175" lon="10.886977195739746">
				<ele>1014.5999755859375</ele>
				<time>2026-08-11T14:05:03Z</time>
			</trkpt>
			<trkpt lat="45.733760356903076" lon="10.886966347694397">
				<ele>1014.5999755859375</ele>
				<time>2026-08-11T14:05:04Z</time>
			</trkpt>
			<trkpt lat="45.73376798629761" lon="10.886950731277466">
				<ele>1014.800048828125</ele>
				<time>2026-08-11T14:05:05Z</time>
			</trkpt>
			<trkpt lat="45.73377466201782" lon="10.886933326721191">
				<ele>1014.800048828125</ele>
				<time>2026-08-11T14:05:06Z</time>
			</trkpt>
			<trkpt lat="45.73377966880798" lon="10.886918544769287">
				<ele>1014.800048828125</ele>
				<time>2026-08-11T14:05:07Z</time>
			</trkpt>
			<trkpt lat="45.73379325866699" lon="10.886894941329956">
				<ele>1015.0</ele>
				<time>2026-08-11T14:05:09Z</time>
			</trkpt>
			<trkpt lat="45.733802318573" lon="10.886883020401001">
				<ele>1015.0</ele>
				<time>2026-08-11T14:05:10Z</time>
			</trkpt>
			<trkpt lat="45.73381221294403" lon="10.886873245239258">
				<ele>1015.199951171875</ele>
				<time>2026-08-11T14:05:11Z</time>
			</trkpt>
			<trkpt lat="45.73382294178009" lon="10.886866927146912">
				<ele>1015.199951171875</ele>
				<time>2026-08-11T14:05:12Z</time>
			</trkpt>
			<trkpt lat="45.73383045196533" lon="10.88685393333435">
				<ele>1015.199951171875</ele>
				<time>2026-08-11T14:05:13Z</time>
			</trkpt>
			<trkpt lat="45.733837604522705" lon="10.886839985847473">
				<ele>1015.4000244140625</ele>
				<time>2026-08-11T14:05:14Z</time>
			</trkpt>
			<trkpt lat="45.73394989967346" lon="10.886688709259033">
				<ele>1016.5999755859375</ele>
				<time>2026-08-11T14:05:27Z</time>
			</trkpt>
			<trkpt lat="45.734129786491394" lon="10.886575698852539">
				<ele>1018.5999755859375</ele>
				<time>2026-08-11T14:05:45Z</time>
			</trkpt>
			<trkpt lat="45.73414158821106" lon="10.886576294898987">
				<ele>1018.800048828125</ele>
				<time>2026-08-11T14:05:46Z</time>
			</trkpt>
			<trkpt lat="45.73415243625641" lon="10.886573791503906">
				<ele>1019.0</ele>
				<time>2026-08-11T14:05:47Z</time>
			</trkpt>
			<trkpt lat="45.73421370983124" lon="10.886610865592957">
				<ele>1019.5999755859375</ele>
				<time>2026-08-11T14:05:53Z</time>
			</trkpt>
			<trkpt lat="45.73422300815582" lon="10.886623859405518">
				<ele>1019.5999755859375</ele>
				<time>2026-08-11T14:05:54Z</time>
			</trkpt>
			<trkpt lat="45.734233140945435" lon="10.886638045310974">
				<ele>1019.800048828125</ele>
				<time>2026-08-11T14:05:55Z</time>
			</trkpt>
			<trkpt lat="45.734286189079285" lon="10.886740922927856">
				<ele>1020.4000244140625</ele>
				<time>2026-08-11T14:06:02Z</time>
			</trkpt>
			<trkpt lat="45.73428821563721" lon="10.88675844669342">
				<ele>1020.5999755859375</ele>
				<time>2026-08-11T14:06:03Z</time>
			</trkpt>
			<trkpt lat="45.734291076660156" lon="10.886775374412537">
				<ele>1020.5999755859375</ele>
				<time>2026-08-11T14:06:04Z</time>
			</trkpt>
			<trkpt lat="45.7343875169754" lon="10.887025833129883">
				<ele>1021.800048828125</ele>
				<time>2026-08-11T14:06:20Z</time>
			</trkpt>
			<trkpt lat="45.73448407649994" lon="10.887224912643433">
				<ele>1022.800048828125</ele>
				<time>2026-08-11T14:06:34Z</time>
			</trkpt>
			<trkpt lat="45.734604358673096" lon="10.887407064437866">
				<ele>1024.0</ele>
				<time>2026-08-11T14:06:49Z</time>
			</trkpt>
			<trkpt lat="45.73475658893585" lon="10.887547135353088">
				<ele>1024.800048828125</ele>
				<time>2026-08-11T14:07:06Z</time>
			</trkpt>
			<trkpt lat="45.73476958274841" lon="10.887553215026855">
				<ele>1025.0</ele>
				<time>2026-08-11T14:07:11Z</time>
			</trkpt>
			<trkpt lat="45.73478078842163" lon="10.887558341026306">
				<ele>1025.0</ele>
				<time>2026-08-11T14:07:12Z</time>
			</trkpt>
			<trkpt lat="45.73479211330414" lon="10.887563467025757">
				<ele>1025.0</ele>
				<time>2026-08-11T14:07:13Z</time>
			</trkpt>
			<trkpt lat="45.734803199768066" lon="10.887569308280945">
				<ele>1025.199951171875</ele>
				<time>2026-08-11T14:07:14Z</time>
			</trkpt>
			<trkpt lat="45.73481476306915" lon="10.88757610321045">
				<ele>1025.199951171875</ele>
				<time>2026-08-11T14:07:15Z</time>
			</trkpt>
			<trkpt lat="45.734992265701294" lon="10.887614488601685">
				<ele>1025.199951171875</ele>
				<time>2026-08-11T14:07:31Z</time>
			</trkpt>
			<trkpt lat="45.735092520713806" lon="10.88762891292572">
				<ele>1025.0</ele>
				<time>2026-08-11T14:07:40Z</time>
			</trkpt>
			<trkpt lat="45.73510217666626" lon="10.887635707855225">
				<ele>1025.199951171875</ele>
				<time>2026-08-11T14:07:41Z</time>
			</trkpt>
			<trkpt lat="45.73511576652527" lon="10.887642741203308">
				<ele>1025.199951171875</ele>
				<time>2026-08-11T14:07:42Z</time>
			</trkpt>
			<trkpt lat="45.735270380973816" lon="10.887794613838196">
				<ele>1025.199951171875</ele>
				<time>2026-08-11T14:07:57Z</time>
			</trkpt>
			<trkpt lat="45.73536765575409" lon="10.887974977493286">
				<ele>1025.800048828125</ele>
				<time>2026-08-11T14:08:09Z</time>
			</trkpt>
			<trkpt lat="45.73537254333496" lon="10.88798999786377">
				<ele>1025.800048828125</ele>
				<time>2026-08-11T14:08:10Z</time>
			</trkpt>
			<trkpt lat="45.73538064956665" lon="10.888003587722778">
				<ele>1026.0</ele>
				<time>2026-08-11T14:08:11Z</time>
			</trkpt>
			<trkpt lat="45.73538959026337" lon="10.888017058372498">
				<ele>1026.0</ele>
				<time>2026-08-11T14:08:12Z</time>
			</trkpt>
			<trkpt lat="45.735396027565" lon="10.888031840324402">
				<ele>1026.0</ele>
				<time>2026-08-11T14:08:13Z</time>
			</trkpt>
			<trkpt lat="45.73540508747101" lon="10.888045310974121">
				<ele>1026.199951171875</ele>
				<time>2026-08-11T14:08:14Z</time>
			</trkpt>
			<trkpt lat="45.7354154586792" lon="10.888058066368103">
				<ele>1026.199951171875</ele>
				<time>2026-08-11T14:08:15Z</time>
			</trkpt>
			<trkpt lat="45.73542296886444" lon="10.888071894645691">
				<ele>1026.199951171875</ele>
				<time>2026-08-11T14:08:16Z</time>
			</trkpt>
			<trkpt lat="45.73543131351471" lon="10.888084888458252">
				<ele>1026.199951171875</ele>
				<time>2026-08-11T14:08:17Z</time>
			</trkpt>
			<trkpt lat="45.735440254211426" lon="10.888097167015076">
				<ele>1026.4000244140625</ele>
				<time>2026-08-11T14:08:18Z</time>
			</trkpt>
			<trkpt lat="45.73556852340698" lon="10.888270139694214">
				<ele>1027.0</ele>
				<time>2026-08-11T14:08:33Z</time>
			</trkpt>
			<trkpt lat="45.73560667037964" lon="10.888306021690369">
				<ele>1027.199951171875</ele>
				<time>2026-08-11T14:08:36Z</time>
			</trkpt>
			<trkpt lat="45.73561942577362" lon="10.888314723968506">
				<ele>1027.199951171875</ele>
				<time>2026-08-11T14:08:37Z</time>
			</trkpt>
			<trkpt lat="45.73562943935394" lon="10.888325333595276">
				<ele>1027.199951171875</ele>
				<time>2026-08-11T14:08:38Z</time>
			</trkpt>
			<trkpt lat="45.7357360124588" lon="10.888554453849792">
				<ele>1028.0</ele>
				<time>2026-08-11T14:08:54Z</time>
			</trkpt>
			<trkpt lat="45.735761642456055" lon="10.888717293739319">
				<ele>1028.4000244140625</ele>
				<time>2026-08-11T14:09:04Z</time>
			</trkpt>
			<trkpt lat="45.73575234413147" lon="10.88876724243164">
				<ele>1028.5999755859375</ele>
				<time>2026-08-11T14:09:08Z</time>
			</trkpt>
			<trkpt lat="45.73575246334076" lon="10.88878321647644">
				<ele>1028.5999755859375</ele>
				<time>2026-08-11T14:09:09Z</time>
			</trkpt>
			<trkpt lat="45.73575043678284" lon="10.888799786567688">
				<ele>1028.5999755859375</ele>
				<time>2026-08-11T14:09:10Z</time>
			</trkpt>
			<trkpt lat="45.73574960231781" lon="10.88881504535675">
				<ele>1028.5999755859375</ele>
				<time>2026-08-11T14:09:11Z</time>
			</trkpt>
			<trkpt lat="45.73575186729431" lon="10.888831377029419">
				<ele>1028.5999755859375</ele>
				<time>2026-08-11T14:09:12Z</time>
			</trkpt>
			<trkpt lat="45.73575174808502" lon="10.888847827911377">
				<ele>1028.800048828125</ele>
				<time>2026-08-11T14:09:13Z</time>
			</trkpt>
			<trkpt lat="45.73575043678284" lon="10.888864755630493">
				<ele>1028.800048828125</ele>
				<time>2026-08-11T14:09:14Z</time>
			</trkpt>
			<trkpt lat="45.73575055599213" lon="10.888883113861084">
				<ele>1028.800048828125</ele>
				<time>2026-08-11T14:09:15Z</time>
			</trkpt>
			<trkpt lat="45.73575305938721" lon="10.888901472091675">
				<ele>1028.800048828125</ele>
				<time>2026-08-11T14:09:16Z</time>
			</trkpt>
			<trkpt lat="45.73575460910797" lon="10.888920187950134">
				<ele>1028.800048828125</ele>
				<time>2026-08-11T14:09:17Z</time>
			</trkpt>
			<trkpt lat="45.735755920410156" lon="10.88893735408783">
				<ele>1028.800048828125</ele>
				<time>2026-08-11T14:09:18Z</time>
			</trkpt>
			<trkpt lat="45.73587214946747" lon="10.88923954963684">
				<ele>1030.0</ele>
				<time>2026-08-11T14:09:39Z</time>
			</trkpt>
			<trkpt lat="45.73604726791382" lon="10.8893563747406">
				<ele>1031.0</ele>
				<time>2026-08-11T14:09:55Z</time>
			</trkpt>
			<trkpt lat="45.73621201515198" lon="10.889487266540527">
				<ele>1032.199951171875</ele>
				<time>2026-08-11T14:10:10Z</time>
			</trkpt>
			<trkpt lat="45.736323595047" lon="10.88956093788147">
				<ele>1033.0</ele>
				<time>2026-08-11T14:10:21Z</time>
			</trkpt>
			<trkpt lat="45.73633635044098" lon="10.889564633369446">
				<ele>1033.199951171875</ele>
				<time>2026-08-11T14:10:22Z</time>
			</trkpt>
			<trkpt lat="45.73643684387207" lon="10.889550924301147">
				<ele>1034.199951171875</ele>
				<time>2026-08-11T14:10:34Z</time>
			</trkpt>
			<trkpt lat="45.736477971076965" lon="10.88954770565033">
				<ele>1034.4000244140625</ele>
				<time>2026-08-11T14:10:55Z</time>
			</trkpt>
			<trkpt lat="45.73652899265289" lon="10.889443635940552">
				<ele>1034.800048828125</ele>
				<time>2026-08-11T14:11:20Z</time>
			</trkpt>
			<trkpt lat="45.7366087436676" lon="10.889370322227478">
				<ele>1035.5999755859375</ele>
				<time>2026-08-11T14:11:43Z</time>
			</trkpt>
			<trkpt lat="45.736759424209595" lon="10.889201879501343">
				<ele>1037.199951171875</ele>
				<time>2026-08-11T14:12:11Z</time>
			</trkpt>
			<trkpt lat="45.73676252365112" lon="10.889225602149963">
				<ele>1037.5999755859375</ele>
				<time>2026-08-11T14:12:38Z</time>
			</trkpt>
			<trkpt lat="45.73679792881012" lon="10.889220476150513">
				<ele>1037.5999755859375</ele>
				<time>2026-08-11T14:13:03Z</time>
			</trkpt>
			<trkpt lat="45.73680579662323" lon="10.889240026473999">
				<ele>1035.5999755859375</ele>
				<time>2026-08-11T14:13:23Z</time>
			</trkpt>
			<trkpt lat="45.73683798313141" lon="10.889259934425354">
				<ele>1037.4000244140625</ele>
				<time>2026-08-11T14:13:55Z</time>
			</trkpt>
			<trkpt lat="45.736860513687134" lon="10.88926374912262">
				<ele>1037.5999755859375</ele>
				<time>2026-08-11T14:14:22Z</time>
			</trkpt>
			<trkpt lat="45.7368768453598" lon="10.889255404472351">
				<ele>1037.800048828125</ele>
				<time>2026-08-11T14:14:48Z</time>
			</trkpt>
			<trkpt lat="45.73693227767944" lon="10.889251470565796">
				<ele>1039.800048828125</ele>
				<time>2026-08-11T14:15:04Z</time>
			</trkpt>
			<trkpt lat="45.73705971240997" lon="10.88925039768219">
				<ele>1041.199951171875</ele>
				<time>2026-08-11T14:15:15Z</time>
			</trkpt>
			<trkpt lat="45.73716914653778" lon="10.889092206954956">
				<ele>1044.4000244140625</ele>
				<time>2026-08-11T14:15:35Z</time>
			</trkpt>
			<trkpt lat="45.737067461013794" lon="10.888957738876343">
				<ele>1047.5999755859375</ele>
				<time>2026-08-11T14:15:53Z</time>
			</trkpt>
			<trkpt lat="45.73704433441162" lon="10.888920545578003">
				<ele>1048.5999755859375</ele>
				<time>2026-08-11T14:15:57Z</time>
			</trkpt>
			<trkpt lat="45.73700308799744" lon="10.888800382614136">
				<ele>1051.5999755859375</ele>
				<time>2026-08-11T14:16:11Z</time>
			</trkpt>
			<trkpt lat="45.73695456981659" lon="10.888730883598328">
				<ele>1054.5999755859375</ele>
				<time>2026-08-11T14:16:26Z</time>
			</trkpt>
			<trkpt lat="45.736908197402954" lon="10.888626098632812">
				<ele>1057.800048828125</ele>
				<time>2026-08-11T14:16:53Z</time>
			</trkpt>
			<trkpt lat="45.73691964149475" lon="10.888551592826843">
				<ele>1060.0</ele>
				<time>2026-08-11T14:17:17Z</time>
			</trkpt>
			<trkpt lat="45.73693597316742" lon="10.888439536094666">
				<ele>1062.0</ele>
				<time>2026-08-11T14:17:41Z</time>
			</trkpt>
			<trkpt lat="45.73691999912262" lon="10.888409614562988">
				<ele>1064.199951171875</ele>
				<time>2026-08-11T14:18:08Z</time>
			</trkpt>
			<trkpt lat="45.736889481544495" lon="10.888307094573975">
				<ele>1065.199951171875</ele>
				<time>2026-08-11T14:18:25Z</time>
			</trkpt>
			<trkpt lat="45.7368700504303" lon="10.888165354728699">
				<ele>1068.199951171875</ele>
				<time>2026-08-11T14:18:46Z</time>
			</trkpt>
			<trkpt lat="45.73684096336365" lon="10.888061761856079">
				<ele>1069.800048828125</ele>
				<time>2026-08-11T14:18:55Z</time>
			</trkpt>
			<trkpt lat="45.73682630062103" lon="10.887967467308044">
				<ele>1070.800048828125</ele>
				<time>2026-08-11T14:19:02Z</time>
			</trkpt>
			<trkpt lat="45.736796259880066" lon="10.887792229652405">
				<ele>1071.800048828125</ele>
				<time>2026-08-11T14:19:14Z</time>
			</trkpt>
			<trkpt lat="45.73675203323364" lon="10.88762640953064">
				<ele>1073.0</ele>
				<time>2026-08-11T14:19:28Z</time>
			</trkpt>
			<trkpt lat="45.7366898059845" lon="10.887532234191895">
				<ele>1074.5999755859375</ele>
				<time>2026-08-11T14:19:45Z</time>
			</trkpt>
			<trkpt lat="45.736677289009094" lon="10.887492775917053">
				<ele>1075.199951171875</ele>
				<time>2026-08-11T14:20:22Z</time>
			</trkpt>
			<trkpt lat="45.73656892776489" lon="10.887332201004028">
				<ele>1077.0</ele>
				<time>2026-08-11T14:20:42Z</time>
			</trkpt>
			<trkpt lat="45.7365118265152" lon="10.887216687202454">
				<ele>1078.800048828125</ele>
				<time>2026-08-11T14:20:53Z</time>
			</trkpt>
			<trkpt lat="45.736504793167114" lon="10.887202858924866">
				<ele>1078.800048828125</ele>
				<time>2026-08-11T14:20:54Z</time>
			</trkpt>
			<trkpt lat="45.73642671108246" lon="10.88698661327362">
				<ele>1080.5999755859375</ele>
				<time>2026-08-11T14:21:09Z</time>
			</trkpt>
			<trkpt lat="45.73641812801361" lon="10.886975646018982">
				<ele>1080.800048828125</ele>
				<time>2026-08-11T14:21:10Z</time>
			</trkpt>
			<trkpt lat="45.73637890815735" lon="10.88676917552948">
				<ele>1081.5999755859375</ele>
				<time>2026-08-11T14:21:23Z</time>
			</trkpt>
			<trkpt lat="45.73640513420105" lon="10.886494636535645">
				<ele>1082.199951171875</ele>
				<time>2026-08-11T14:21:39Z</time>
			</trkpt>
			<trkpt lat="45.73642349243164" lon="10.886263012886047">
				<ele>1082.5999755859375</ele>
				<time>2026-08-11T14:21:53Z</time>
			</trkpt>
			<trkpt lat="45.73642551898956" lon="10.88621211051941">
				<ele>1082.5999755859375</ele>
				<time>2026-08-11T14:21:56Z</time>
			</trkpt>
			<trkpt lat="45.7364422082901" lon="10.886100888252258">
				<ele>1082.800048828125</ele>
				<time>2026-08-11T14:22:03Z</time>
			</trkpt>
			<trkpt lat="45.73644483089447" lon="10.8860844373703">
				<ele>1082.800048828125</ele>
				<time>2026-08-11T14:22:04Z</time>
			</trkpt>
			<trkpt lat="45.73646032810211" lon="10.885912299156189">
				<ele>1083.199951171875</ele>
				<time>2026-08-11T14:22:15Z</time>
			</trkpt>
			<trkpt lat="45.73647105693817" lon="10.885880947113037">
				<ele>1083.199951171875</ele>
				<time>2026-08-11T14:22:17Z</time>
			</trkpt>
			<trkpt lat="45.736488819122314" lon="10.885687351226807">
				<ele>1084.199951171875</ele>
				<time>2026-08-11T14:22:30Z</time>
			</trkpt>
			<trkpt lat="45.7365140914917" lon="10.885583519935608">
				<ele>1085.4000244140625</ele>
				<time>2026-08-11T14:22:42Z</time>
			</trkpt>
			<trkpt lat="45.73651707172394" lon="10.885576009750366">
				<ele>1085.199951171875</ele>
				<time>2026-08-11T14:22:53Z</time>
			</trkpt>
			<trkpt lat="45.736509561538696" lon="10.885613799095154">
				<ele>1084.800048828125</ele>
				<time>2026-08-11T14:23:41Z</time>
			</trkpt>
			<trkpt lat="45.73651456832886" lon="10.885614395141602">
				<ele>1084.800048828125</ele>
				<time>2026-08-11T14:24:33Z</time>
			</trkpt>
			<trkpt lat="45.736502289772034" lon="10.885613918304443">
				<ele>1084.5999755859375</ele>
				<time>2026-08-11T14:25:20Z</time>
			</trkpt>
			<trkpt lat="45.73650670051575" lon="10.88560938835144">
				<ele>1084.4000244140625</ele>
				<time>2026-08-11T14:26:21Z</time>
			</trkpt>
			<trkpt lat="45.73651134967804" lon="10.885604977607727">
				<ele>1084.4000244140625</ele>
				<time>2026-08-11T14:27:08Z</time>
			</trkpt>
			<trkpt lat="45.736530780792236" lon="10.885600924491882">
				<ele>1084.4000244140625</ele>
				<time>2026-08-11T14:28:01Z</time>
			</trkpt>
			<trkpt lat="45.736504435539246" lon="10.885591268539429">
				<ele>1085.0</ele>
				<time>2026-08-11T14:28:37Z</time>
			</trkpt>
			<trkpt lat="45.73651099205017" lon="10.885526061058044">
				<ele>1085.4000244140625</ele>
				<time>2026-08-11T14:28:57Z</time>
			</trkpt>
			<trkpt lat="45.73651194572449" lon="10.885509967803955">
				<ele>1085.5999755859375</ele>
				<time>2026-08-11T14:28:58Z</time>
			</trkpt>
			<trkpt lat="45.736512541770935" lon="10.885493636131287">
				<ele>1085.5999755859375</ele>
				<time>2026-08-11T14:28:59Z</time>
			</trkpt>
			<trkpt lat="45.73651099205017" lon="10.885464549064636">
				<ele>1085.5999755859375</ele>
				<time>2026-08-11T14:29:01Z</time>
			</trkpt>
			<trkpt lat="45.73650658130646" lon="10.885450005531311">
				<ele>1085.5999755859375</ele>
				<time>2026-08-11T14:29:02Z</time>
			</trkpt>
			<trkpt lat="45.736502289772034" lon="10.885420203208923">
				<ele>1085.4000244140625</ele>
				<time>2026-08-11T14:29:04Z</time>
			</trkpt>
			<trkpt lat="45.736499547958374" lon="10.885403990745544">
				<ele>1085.4000244140625</ele>
				<time>2026-08-11T14:29:05Z</time>
			</trkpt>
			<trkpt lat="45.73643255233765" lon="10.885183811187744">
				<ele>1086.0</ele>
				<time>2026-08-11T14:29:20Z</time>
			</trkpt>
			<trkpt lat="45.73642861843109" lon="10.885169625282288">
				<ele>1086.199951171875</ele>
				<time>2026-08-11T14:29:21Z</time>
			</trkpt>
			<trkpt lat="45.736398100852966" lon="10.884960651397705">
				<ele>1088.199951171875</ele>
				<time>2026-08-11T14:29:35Z</time>
			</trkpt>
			<trkpt lat="45.736400723457336" lon="10.88494610786438">
				<ele>1088.4000244140625</ele>
				<time>2026-08-11T14:29:36Z</time>
			</trkpt>
			<trkpt lat="45.73639798164368" lon="10.884915351867676">
				<ele>1088.5999755859375</ele>
				<time>2026-08-11T14:29:38Z</time>
			</trkpt>
			<trkpt lat="45.736409306526184" lon="10.884701490402222">
				<ele>1091.199951171875</ele>
				<time>2026-08-11T14:29:54Z</time>
			</trkpt>
			<trkpt lat="45.73641562461853" lon="10.884570956230164">
				<ele>1094.199951171875</ele>
				<time>2026-08-11T14:30:13Z</time>
			</trkpt>
			<trkpt lat="45.73647058010101" lon="10.884519219398499">
				<ele>1094.5999755859375</ele>
				<time>2026-08-11T14:30:20Z</time>
			</trkpt>
			<trkpt lat="45.73648405075073" lon="10.884495854377747">
				<ele>1094.5999755859375</ele>
				<time>2026-08-11T14:30:22Z</time>
			</trkpt>
			<trkpt lat="45.736515283584595" lon="10.884457111358643">
				<ele>1095.0</ele>
				<time>2026-08-11T14:30:26Z</time>
			</trkpt>
			<trkpt lat="45.73653757572174" lon="10.884395718574524">
				<ele>1096.4000244140625</ele>
				<time>2026-08-11T14:30:40Z</time>
			</trkpt>
			<trkpt lat="45.736469745635986" lon="10.884503602981567">
				<ele>1096.4000244140625</ele>
				<time>2026-08-11T14:30:55Z</time>
			</trkpt>
			<trkpt lat="45.73646104335785" lon="10.884517192840576">
				<ele>1096.4000244140625</ele>
				<time>2026-08-11T14:30:56Z</time>
			</trkpt>
			<trkpt lat="45.73645305633545" lon="10.88452923297882">
				<ele>1096.199951171875</ele>
				<time>2026-08-11T14:30:57Z</time>
			</trkpt>
			<trkpt lat="45.736443519592285" lon="10.884541273117065">
				<ele>1096.0</ele>
				<time>2026-08-11T14:30:58Z</time>
			</trkpt>
			<trkpt lat="45.73634731769562" lon="10.88450276851654">
				<ele>1094.800048828125</ele>
				<time>2026-08-11T14:31:11Z</time>
			</trkpt>
			<trkpt lat="45.73626959323883" lon="10.884327173233032">
				<ele>1096.199951171875</ele>
				<time>2026-08-11T14:31:27Z</time>
			</trkpt>
			<trkpt lat="45.7362494468689" lon="10.884209275245667">
				<ele>1098.199951171875</ele>
				<time>2026-08-11T14:31:44Z</time>
			</trkpt>
			<trkpt lat="45.73625290393829" lon="10.88407289981842">
				<ele>1100.5999755859375</ele>
				<time>2026-08-11T14:32:01Z</time>
			</trkpt>
			<trkpt lat="45.73624098300934" lon="10.883952498435974">
				<ele>1102.800048828125</ele>
				<time>2026-08-11T14:32:22Z</time>
			</trkpt>
			<trkpt lat="45.736228942871094" lon="10.883732438087463">
				<ele>1104.199951171875</ele>
				<time>2026-08-11T14:32:40Z</time>
			</trkpt>
			<trkpt lat="45.73622143268585" lon="10.883694052696228">
				<ele>1104.800048828125</ele>
				<time>2026-08-11T14:32:43Z</time>
			</trkpt>
			<trkpt lat="45.736212968826294" lon="10.88361370563507">
				<ele>1106.5999755859375</ele>
				<time>2026-08-11T14:32:59Z</time>
			</trkpt>
			<trkpt lat="45.736154675483704" lon="10.88341999053955">
				<ele>1108.199951171875</ele>
				<time>2026-08-11T14:33:16Z</time>
			</trkpt>
			<trkpt lat="45.73612689971924" lon="10.883346438407898">
				<ele>1109.4000244140625</ele>
				<time>2026-08-11T14:33:23Z</time>
			</trkpt>
			<trkpt lat="45.73612082004547" lon="10.88333249092102">
				<ele>1109.5999755859375</ele>
				<time>2026-08-11T14:33:24Z</time>
			</trkpt>
			<trkpt lat="45.736090779304504" lon="10.883277773857117">
				<ele>1111.199951171875</ele>
				<time>2026-08-11T14:33:39Z</time>
			</trkpt>
			<trkpt lat="45.73600959777832" lon="10.88309395313263">
				<ele>1112.199951171875</ele>
				<time>2026-08-11T14:33:59Z</time>
			</trkpt>
			<trkpt lat="45.73598265647888" lon="10.883035778999329">
				<ele>1113.4000244140625</ele>
				<time>2026-08-11T14:34:11Z</time>
			</trkpt>
			<trkpt lat="45.7359436750412" lon="10.883008360862732">
				<ele>1113.800048828125</ele>
				<time>2026-08-11T14:34:16Z</time>
			</trkpt>
			<trkpt lat="45.73588824272156" lon="10.882956504821777">
				<ele>1114.5999755859375</ele>
				<time>2026-08-11T14:34:23Z</time>
			</trkpt>
			<trkpt lat="45.735785365104675" lon="10.882879257202148">
				<ele>1116.800048828125</ele>
				<time>2026-08-11T14:34:37Z</time>
			</trkpt>
			<trkpt lat="45.735745310783386" lon="10.882839560508728">
				<ele>1117.5999755859375</ele>
				<time>2026-08-11T14:34:42Z</time>
			</trkpt>
			<trkpt lat="45.735708594322205" lon="10.88277268409729">
				<ele>1118.5999755859375</ele>
				<time>2026-08-11T14:34:48Z</time>
			</trkpt>
			<trkpt lat="45.73570513725281" lon="10.882758736610413">
				<ele>1118.5999755859375</ele>
				<time>2026-08-11T14:34:49Z</time>
			</trkpt>
			<trkpt lat="45.73570132255554" lon="10.8827463388443">
				<ele>1118.800048828125</ele>
				<time>2026-08-11T14:34:50Z</time>
			</trkpt>
			<trkpt lat="45.73569655418396" lon="10.882721185684204">
				<ele>1118.800048828125</ele>
				<time>2026-08-11T14:34:52Z</time>
			</trkpt>
			<trkpt lat="45.7357120513916" lon="10.882593989372253">
				<ele>1119.800048828125</ele>
				<time>2026-08-11T14:35:02Z</time>
			</trkpt>
			<trkpt lat="45.73574125766754" lon="10.882459282875061">
				<ele>1121.199951171875</ele>
				<time>2026-08-11T14:35:13Z</time>
			</trkpt>
			<trkpt lat="45.73576509952545" lon="10.882329106330872">
				<ele>1123.4000244140625</ele>
				<time>2026-08-11T14:35:31Z</time>
			</trkpt>
			<trkpt lat="45.735769271850586" lon="10.88231372833252">
				<ele>1123.4000244140625</ele>
				<time>2026-08-11T14:35:32Z</time>
			</trkpt>
			<trkpt lat="45.73577606678009" lon="10.882156014442444">
				<ele>1125.0</ele>
				<time>2026-08-11T14:35:45Z</time>
			</trkpt>
			<trkpt lat="45.73573935031891" lon="10.882127285003662">
				<ele>1125.800048828125</ele>
				<time>2026-08-11T14:35:50Z</time>
			</trkpt>
			<trkpt lat="45.735729813575745" lon="10.882121920585632">
				<ele>1126.0</ele>
				<time>2026-08-11T14:35:51Z</time>
			</trkpt>
			<trkpt lat="45.73572039604187" lon="10.882116913795471">
				<ele>1126.0</ele>
				<time>2026-08-11T14:35:52Z</time>
			</trkpt>
			<trkpt lat="45.73566508293152" lon="10.882094860076904">
				<ele>1126.5999755859375</ele>
				<time>2026-08-11T14:35:57Z</time>
			</trkpt>
			<trkpt lat="45.7356561422348" lon="10.882086634635925">
				<ele>1126.5999755859375</ele>
				<time>2026-08-11T14:35:58Z</time>
			</trkpt>
			<trkpt lat="45.735647678375244" lon="10.882078886032104">
				<ele>1126.800048828125</ele>
				<time>2026-08-11T14:35:59Z</time>
			</trkpt>
			<trkpt lat="45.73563826084137" lon="10.882070183753967">
				<ele>1126.800048828125</ele>
				<time>2026-08-11T14:36:00Z</time>
			</trkpt>
			<trkpt lat="45.73562932014465" lon="10.882062077522278">
				<ele>1126.800048828125</ele>
				<time>2026-08-11T14:36:01Z</time>
			</trkpt>
			<trkpt lat="45.73560810089111" lon="10.882040858268738">
				<ele>1127.0</ele>
				<time>2026-08-11T14:36:04Z</time>
			</trkpt>
			<trkpt lat="45.735599756240845" lon="10.882031917572021">
				<ele>1127.0</ele>
				<time>2026-08-11T14:36:05Z</time>
			</trkpt>
			<trkpt lat="45.735591650009155" lon="10.882022857666016">
				<ele>1127.0</ele>
				<time>2026-08-11T14:36:06Z</time>
			</trkpt>
			<trkpt lat="45.73558723926544" lon="10.882009863853455">
				<ele>1127.0</ele>
				<time>2026-08-11T14:36:07Z</time>
			</trkpt>
			<trkpt lat="45.73558044433594" lon="10.88199782371521">
				<ele>1127.199951171875</ele>
				<time>2026-08-11T14:36:08Z</time>
			</trkpt>
			<trkpt lat="45.73557162284851" lon="10.88194477558136">
				<ele>1127.4000244140625</ele>
				<time>2026-08-11T14:36:12Z</time>
			</trkpt>
			<trkpt lat="45.73556184768677" lon="10.881904006004333">
				<ele>1127.5999755859375</ele>
				<time>2026-08-11T14:36:15Z</time>
			</trkpt>
			<trkpt lat="45.73555529117584" lon="10.881876826286316">
				<ele>1127.5999755859375</ele>
				<time>2026-08-11T14:36:17Z</time>
			</trkpt>
			<trkpt lat="45.735557079315186" lon="10.881857633590698">
				<ele>1127.5999755859375</ele>
				<time>2026-08-11T14:36:18Z</time>
			</trkpt>
			<trkpt lat="45.73557496070862" lon="10.88181209564209">
				<ele>1127.199951171875</ele>
				<time>2026-08-11T14:36:22Z</time>
			</trkpt>
			<trkpt lat="45.73558437824249" lon="10.881795525550842">
				<ele>1127.800048828125</ele>
				<time>2026-08-11T14:36:32Z</time>
			</trkpt>
		</trkseg>
	</trk>
</gpx>
