<?xml version="1.0" encoding="utf-8"?>
<gpx creator="Garmin Explore App" version="1.1" xmlns:adv="http://www.garmin.com/xmlschemas/AdventuresExtensions/v1" xmlns:gpxtpx="http://www.garmin.com/xmlschemas/TrackPointExtension/v1" xmlns:gpxtrx="http://www.garmin.com/xmlschemas/GpxExtensions/v3" xmlns:gpxx="http://www.garmin.com/xmlschemas/GpxExtensions/v3" xmlns:trp="http://www.garmin.com/xmlschemas/TripExtensions/v1" xmlns:wptx1="http://www.garmin.com/xmlschemas/WaypointExtension/v1" xmlns:xsi="http://www.w3.org/2001/XMLSchema-instance" xmlns="http://www.topografix.com/GPX/1/1" xsi:schemaLocation="http://www.topografix.com/GPX/1/1 http://www.topografix.com/GPX/1/1/gpx.xsd http://www.garmin.com/xmlschemas/WaypointExtension/v1 http://www8.garmin.com/xmlschemas/WaypointExtensionv1.xsd http://www.garmin.com/xmlschemas/TrackPointExtension/v1 http://www.garmin.com/xmlschemas/TrackPointExtensionv1.xsd http://www.garmin.com/xmlschemas/GpxExtensions/v3 http://www8.garmin.com/xmlschemas/GpxExtensionsv3.xsd http://www.garmin.com/xmlschemas/ActivityExtension/v1 http://www8.garmin.com/xmlschemas/ActivityExtensionv1.xsd http://www.garmin.com/xmlschemas/AdventuresExtensions/v1 http://www8.garmin.com/xmlschemas/AdventuresExtensionv1.xsd http://www.garmin.com/xmlschemas/PressureExtension/v1 http://www.garmin.com/xmlschemas/PressureExtensionv1.xsd">
	<metadata>
		<name>2026-06-27 12.32.37</name>
		<link href="http://www.garmin.com">
			<text>Garmin International</text>
		</link>
		<time>2026-06-30T09:02:11Z</time>
	</metadata>
	<trk>
		<name>2026-06-27 12.32.37</name>
		<extensions>
			<gpxx:TrackExtension>
				<gpxx:DisplayColor>Black</gpxx:DisplayColor>
			</gpxx:TrackExtension>
		</extensions>
		<trkseg>
			<trkpt lat="46.36272430419922" lon="10.668603897094727">
				<ele>1667.39990234375</ele>
				<time>2026-06-27T07:35:55Z</time>
			</trkpt>
			<trkpt lat="46.36272442340851" lon="10.668603897094727">
				<ele>1667.39990234375</ele>
				<time>2026-06-27T07:35:56Z</time>
			</trkpt>
			<trkpt lat="46.36272358894348" lon="10.668609976768494">
				<ele>1667.0</ele>
				<time>2026-06-27T07:36:17Z</time>
			</trkpt>
			<trkpt lat="46.3627233505249" lon="10.668606042861938">
				<ele>1668.0</ele>
				<time>2026-06-27T07:36:46Z</time>
			</trkpt>
			<trkpt lat="46.36278963088989" lon="10.668558478355408">
				<ele>1668.60009765625</ele>
				<time>2026-06-27T07:37:05Z</time>
			</trkpt>
			<trkpt lat="46.362855076789856" lon="10.668391585350037">
				<ele>1670.39990234375</ele>
				<time>2026-06-27T07:37:18Z</time>
			</trkpt>
			<trkpt lat="46.36285579204559" lon="10.668375611305237">
				<ele>1670.39990234375</ele>
				<time>2026-06-27T07:37:19Z</time>
			</trkpt>
			<trkpt lat="46.36283230781555" lon="10.668206691741943">
				<ele>1672.60009765625</ele>
				<time>2026-06-27T07:37:32Z</time>
			</trkpt>
			<trkpt lat="46.362741589546204" lon="10.668094396591187">
				<ele>1674.60009765625</ele>
				<time>2026-06-27T07:37:46Z</time>
			</trkpt>
			<trkpt lat="46.362597584724426" lon="10.667978286743164">
				<ele>1677.800048828125</ele>
				<time>2026-06-27T07:38:05Z</time>
			</trkpt>
			<trkpt lat="46.36254823207855" lon="10.667815685272217">
				<ele>1680.199951171875</ele>
				<time>2026-06-27T07:38:21Z</time>
			</trkpt>
			<trkpt lat="46.36256217956543" lon="10.667780756950378">
				<ele>1680.60009765625</ele>
				<time>2026-06-27T07:38:24Z</time>
			</trkpt>
			<trkpt lat="46.362621426582336" lon="10.667687892913818">
				<ele>1682.800048828125</ele>
				<time>2026-06-27T07:38:40Z</time>
			</trkpt>
			<trkpt lat="46.36273264884949" lon="10.667598843574524">
				<ele>1684.199951171875</ele>
				<time>2026-06-27T07:39:10Z</time>
			</trkpt>
			<trkpt lat="46.36288559436798" lon="10.66748297214508">
				<ele>1686.800048828125</ele>
				<time>2026-06-27T07:39:32Z</time>
			</trkpt>
			<trkpt lat="46.36295557022095" lon="10.667414546012878">
				<ele>1688.199951171875</ele>
				<time>2026-06-27T07:39:42Z</time>
			</trkpt>
			<trkpt lat="46.363041281700134" lon="10.66733992099762">
				<ele>1689.800048828125</ele>
				<time>2026-06-27T07:39:54Z</time>
			</trkpt>
			<trkpt lat="46.363094091415405" lon="10.667266488075256">
				<ele>1690.800048828125</ele>
				<time>2026-06-27T07:40:02Z</time>
			</trkpt>
			<trkpt lat="46.36315298080444" lon="10.667204976081848">
				<ele>1691.800048828125</ele>
				<time>2026-06-27T07:40:10Z</time>
			</trkpt>
			<trkpt lat="46.36320161819458" lon="10.667111158370972">
				<ele>1693.800048828125</ele>
				<time>2026-06-27T07:40:28Z</time>
			</trkpt>
			<trkpt lat="46.36323404312134" lon="10.667040705680847">
				<ele>1694.199951171875</ele>
				<time>2026-06-27T07:41:01Z</time>
			</trkpt>
			<trkpt lat="46.3633508682251" lon="10.666880249977112">
				<ele>1695.60009765625</ele>
				<time>2026-06-27T07:41:22Z</time>
			</trkpt>
			<trkpt lat="46.36344385147095" lon="10.666686296463013">
				<ele>1697.39990234375</ele>
				<time>2026-06-27T07:41:41Z</time>
			</trkpt>
			<trkpt lat="46.363515853881836" lon="10.666496872901917">
				<ele>1699.199951171875</ele>
				<time>2026-06-27T07:41:59Z</time>
			</trkpt>
			<trkpt lat="46.36356508731842" lon="10.666347026824951">
				<ele>1700.60009765625</ele>
				<time>2026-06-27T07:42:14Z</time>
			</trkpt>
			<trkpt lat="46.36362135410309" lon="10.666186571121216">
				<ele>1702.199951171875</ele>
				<time>2026-06-27T07:42:35Z</time>
			</trkpt>
			<trkpt lat="46.36368203163147" lon="10.666013479232788">
				<ele>1703.60009765625</ele>
				<time>2026-06-27T07:42:51Z</time>
			</trkpt>
			<trkpt lat="46.36371088027954" lon="10.665922403335571">
				<ele>1704.39990234375</ele>
				<time>2026-06-27T07:42:59Z</time>
			</trkpt>
			<trkpt lat="46.363749384880066" lon="10.665794134140015">
				<ele>1705.800048828125</ele>
				<time>2026-06-27T07:43:11Z</time>
			</trkpt>
			<trkpt lat="46.36376702785492" lon="10.665725827217102">
				<ele>1707.0</ele>
				<time>2026-06-27T07:43:41Z</time>
			</trkpt>
			<trkpt lat="46.36378061771393" lon="10.66559386253357">
				<ele>1707.39990234375</ele>
				<time>2026-06-27T07:43:52Z</time>
			</trkpt>
			<trkpt lat="46.3637855052948" lon="10.665438532829285">
				<ele>1708.39990234375</ele>
				<time>2026-06-27T07:44:04Z</time>
			</trkpt>
			<trkpt lat="46.36371397972107" lon="10.665205597877502">
				<ele>1711.199951171875</ele>
				<time>2026-06-27T07:44:24Z</time>
			</trkpt>
			<trkpt lat="46.36369204521179" lon="10.66517198085785">
				<ele>1711.60009765625</ele>
				<time>2026-06-27T07:44:27Z</time>
			</trkpt>
			<trkpt lat="46.363592743873596" lon="10.665058016777039">
				<ele>1713.39990234375</ele>
				<time>2026-06-27T07:44:41Z</time>
			</trkpt>
			<trkpt lat="46.363468050956726" lon="10.664922952651978">
				<ele>1716.60009765625</ele>
				<time>2026-06-27T07:45:00Z</time>
			</trkpt>
			<trkpt lat="46.36343777179718" lon="10.66488766670227">
				<ele>1717.199951171875</ele>
				<time>2026-06-27T07:45:04Z</time>
			</trkpt>
			<trkpt lat="46.363415122032166" lon="10.664859056472778">
				<ele>1717.800048828125</ele>
				<time>2026-06-27T07:45:07Z</time>
			</trkpt>
			<trkpt lat="46.36336898803711" lon="10.664801359176636">
				<ele>1719.60009765625</ele>
				<time>2026-06-27T07:45:22Z</time>
			</trkpt>
			<trkpt lat="46.363381147384644" lon="10.664671540260315">
				<ele>1720.800048828125</ele>
				<time>2026-06-27T07:45:43Z</time>
			</trkpt>
			<trkpt lat="46.363423466682434" lon="10.664455533027649">
				<ele>1722.39990234375</ele>
				<time>2026-06-27T07:46:02Z</time>
			</trkpt>
			<trkpt lat="46.363441824913025" lon="10.66431438922882">
				<ele>1723.39990234375</ele>
				<time>2026-06-27T07:46:13Z</time>
			</trkpt>
			<trkpt lat="46.36347854137421" lon="10.664104342460632">
				<ele>1725.199951171875</ele>
				<time>2026-06-27T07:46:30Z</time>
			</trkpt>
			<trkpt lat="46.363524317741394" lon="10.663952827453613">
				<ele>1726.800048828125</ele>
				<time>2026-06-27T07:46:43Z</time>
			</trkpt>
			<trkpt lat="46.363560914993286" lon="10.663833618164062">
				<ele>1727.800048828125</ele>
				<time>2026-06-27T07:46:53Z</time>
			</trkpt>
			<trkpt lat="46.36362409591675" lon="10.6636723279953">
				<ele>1729.800048828125</ele>
				<time>2026-06-27T07:47:09Z</time>
			</trkpt>
			<trkpt lat="46.363669872283936" lon="10.663567304611206">
				<ele>1731.199951171875</ele>
				<time>2026-06-27T07:47:20Z</time>
			</trkpt>
			<trkpt lat="46.36367619037628" lon="10.66344666481018">
				<ele>1733.0</ele>
				<time>2026-06-27T07:47:34Z</time>
			</trkpt>
			<trkpt lat="46.36364710330963" lon="10.663444638252258">
				<ele>1734.199951171875</ele>
				<time>2026-06-27T07:48:05Z</time>
			</trkpt>
			<trkpt lat="46.363624811172485" lon="10.663440346717834">
				<ele>1734.39990234375</ele>
				<time>2026-06-27T07:48:38Z</time>
			</trkpt>
			<trkpt lat="46.363640666007996" lon="10.663412928581238">
				<ele>1734.60009765625</ele>
				<time>2026-06-27T07:48:58Z</time>
			</trkpt>
			<trkpt lat="46.36372256278992" lon="10.663315534591675">
				<ele>1735.199951171875</ele>
				<time>2026-06-27T07:49:09Z</time>
			</trkpt>
			<trkpt lat="46.36384129524231" lon="10.663138628005981">
				<ele>1736.800048828125</ele>
				<time>2026-06-27T07:49:24Z</time>
			</trkpt>
			<trkpt lat="46.36394464969635" lon="10.66293740272522">
				<ele>1739.0</ele>
				<time>2026-06-27T07:49:42Z</time>
			</trkpt>
			<trkpt lat="46.36400556564331" lon="10.662758708000183">
				<ele>1741.199951171875</ele>
				<time>2026-06-27T07:49:57Z</time>
			</trkpt>
			<trkpt lat="46.36408233642578" lon="10.662596464157104">
				<ele>1743.199951171875</ele>
				<time>2026-06-27T07:50:12Z</time>
			</trkpt>
			<trkpt lat="46.36417472362518" lon="10.66236662864685">
				<ele>1745.800048828125</ele>
				<time>2026-06-27T07:50:31Z</time>
			</trkpt>
			<trkpt lat="46.36422634124756" lon="10.662115812301636">
				<ele>1748.60009765625</ele>
				<time>2026-06-27T07:50:51Z</time>
			</trkpt>
			<trkpt lat="46.36425006389618" lon="10.662028908729553">
				<ele>1750.39990234375</ele>
				<time>2026-06-27T07:51:06Z</time>
			</trkpt>
			<trkpt lat="46.364253520965576" lon="10.662023544311523">
				<ele>1751.0</ele>
				<time>2026-06-27T07:51:29Z</time>
			</trkpt>
			<trkpt lat="46.36427581310272" lon="10.661909699440002">
				<ele>1751.39990234375</ele>
				<time>2026-06-27T07:51:54Z</time>
			</trkpt>
			<trkpt lat="46.36426341533661" lon="10.66189980506897">
				<ele>1752.199951171875</ele>
				<time>2026-06-27T07:52:24Z</time>
			</trkpt>
			<trkpt lat="46.364253878593445" lon="10.661834716796875">
				<ele>1751.800048828125</ele>
				<time>2026-06-27T07:52:55Z</time>
			</trkpt>
			<trkpt lat="46.36431956291199" lon="10.661546230316162">
				<ele>1752.199951171875</ele>
				<time>2026-06-27T07:53:14Z</time>
			</trkpt>
			<trkpt lat="46.36432242393494" lon="10.661531925201416">
				<ele>1752.199951171875</ele>
				<time>2026-06-27T07:53:15Z</time>
			</trkpt>
			<trkpt lat="46.36432456970215" lon="10.661514043807983">
				<ele>1752.39990234375</ele>
				<time>2026-06-27T07:53:16Z</time>
			</trkpt>
			<trkpt lat="46.36430013179779" lon="10.661238193511963">
				<ele>1753.60009765625</ele>
				<time>2026-06-27T07:53:33Z</time>
			</trkpt>
			<trkpt lat="46.36428248882294" lon="10.661157250404358">
				<ele>1754.60009765625</ele>
				<time>2026-06-27T07:53:51Z</time>
			</trkpt>
			<trkpt lat="46.36425030231476" lon="10.660897970199585">
				<ele>1754.60009765625</ele>
				<time>2026-06-27T07:54:06Z</time>
			</trkpt>
			<trkpt lat="46.36415982246399" lon="10.660687565803528">
				<ele>1755.800048828125</ele>
				<time>2026-06-27T07:54:22Z</time>
			</trkpt>
			<trkpt lat="46.364134073257446" lon="10.660626530647278">
				<ele>1757.0</ele>
				<time>2026-06-27T07:54:35Z</time>
			</trkpt>
			<trkpt lat="46.3641232252121" lon="10.66063368320465">
				<ele>1757.800048828125</ele>
				<time>2026-06-27T07:55:00Z</time>
			</trkpt>
			<trkpt lat="46.364112973213196" lon="10.660635948181152">
				<ele>1757.800048828125</ele>
				<time>2026-06-27T07:55:27Z</time>
			</trkpt>
			<trkpt lat="46.364102482795715" lon="10.660639882087708">
				<ele>1758.39990234375</ele>
				<time>2026-06-27T07:55:46Z</time>
			</trkpt>
			<trkpt lat="46.36404824256897" lon="10.660498857498169">
				<ele>1758.800048828125</ele>
				<time>2026-06-27T07:56:07Z</time>
			</trkpt>
			<trkpt lat="46.3639030456543" lon="10.660218477249146">
				<ele>1759.39990234375</ele>
				<time>2026-06-27T07:56:30Z</time>
			</trkpt>
			<trkpt lat="46.36379790306091" lon="10.66006851196289">
				<ele>1760.39990234375</ele>
				<time>2026-06-27T07:56:44Z</time>
			</trkpt>
			<trkpt lat="46.36377775669098" lon="10.66001832485199">
				<ele>1760.800048828125</ele>
				<time>2026-06-27T07:56:48Z</time>
			</trkpt>
			<trkpt lat="46.36373436450958" lon="10.659931421279907">
				<ele>1761.39990234375</ele>
				<time>2026-06-27T07:57:01Z</time>
			</trkpt>
			<trkpt lat="46.363683462142944" lon="10.659820199012756">
				<ele>1762.39990234375</ele>
				<time>2026-06-27T07:57:30Z</time>
			</trkpt>
			<trkpt lat="46.36367344856262" lon="10.65979528427124">
				<ele>1762.39990234375</ele>
				<time>2026-06-27T07:57:32Z</time>
			</trkpt>
			<trkpt lat="46.363659262657166" lon="10.65976107120514">
				<ele>1762.60009765625</ele>
				<time>2026-06-27T07:57:35Z</time>
			</trkpt>
			<trkpt lat="46.363640904426575" lon="10.659722089767456">
				<ele>1762.800048828125</ele>
				<time>2026-06-27T07:57:38Z</time>
			</trkpt>
			<trkpt lat="46.363556265830994" lon="10.659534811973572">
				<ele>1764.39990234375</ele>
				<time>2026-06-27T07:57:52Z</time>
			</trkpt>
			<trkpt lat="46.36349928379059" lon="10.659383177757263">
				<ele>1765.60009765625</ele>
				<time>2026-06-27T07:58:03Z</time>
			</trkpt>
			<trkpt lat="46.3634968996048" lon="10.659364581108093">
				<ele>1765.800048828125</ele>
				<time>2026-06-27T07:58:04Z</time>
			</trkpt>
			<trkpt lat="46.36347246170044" lon="10.659170508384705">
				<ele>1767.39990234375</ele>
				<time>2026-06-27T07:58:17Z</time>
			</trkpt>
			<trkpt lat="46.3634717464447" lon="10.658951997756958">
				<ele>1768.39990234375</ele>
				<time>2026-06-27T07:58:31Z</time>
			</trkpt>
			<trkpt lat="46.36346471309662" lon="10.65876019001007">
				<ele>1769.60009765625</ele>
				<time>2026-06-27T07:58:43Z</time>
			</trkpt>
			<trkpt lat="46.36346483230591" lon="10.658745765686035">
				<ele>1769.60009765625</ele>
				<time>2026-06-27T07:58:44Z</time>
			</trkpt>
			<trkpt lat="46.36346352100372" lon="10.65872848033905">
				<ele>1769.800048828125</ele>
				<time>2026-06-27T07:58:45Z</time>
			</trkpt>
			<trkpt lat="46.36343502998352" lon="10.658552527427673">
				<ele>1770.800048828125</ele>
				<time>2026-06-27T07:58:56Z</time>
			</trkpt>
			<trkpt lat="46.36339318752289" lon="10.658323287963867">
				<ele>1772.39990234375</ele>
				<time>2026-06-27T07:59:12Z</time>
			</trkpt>
			<trkpt lat="46.36337852478027" lon="10.65825629234314">
				<ele>1773.0</ele>
				<time>2026-06-27T07:59:17Z</time>
			</trkpt>
			<trkpt lat="46.3633838891983" lon="10.658238530158997">
				<ele>1774.60009765625</ele>
				<time>2026-06-27T07:59:35Z</time>
			</trkpt>
			<trkpt lat="46.36338984966278" lon="10.65821099281311">
				<ele>1775.0</ele>
				<time>2026-06-27T08:00:17Z</time>
			</trkpt>
			<trkpt lat="46.36336672306061" lon="10.65819525718689">
				<ele>1775.199951171875</ele>
				<time>2026-06-27T08:00:46Z</time>
			</trkpt>
			<trkpt lat="46.363346099853516" lon="10.658093094825745">
				<ele>1775.39990234375</ele>
				<time>2026-06-27T08:01:12Z</time>
			</trkpt>
			<trkpt lat="46.363343596458435" lon="10.658028960227966">
				<ele>1775.60009765625</ele>
				<time>2026-06-27T08:01:17Z</time>
			</trkpt>
			<trkpt lat="46.36335229873657" lon="10.657917380332947">
				<ele>1776.199951171875</ele>
				<time>2026-06-27T08:01:25Z</time>
			</trkpt>
			<trkpt lat="46.36335635185242" lon="10.65787398815155">
				<ele>1776.39990234375</ele>
				<time>2026-06-27T08:01:28Z</time>
			</trkpt>
			<trkpt lat="46.36335790157318" lon="10.657830715179443">
				<ele>1776.60009765625</ele>
				<time>2026-06-27T08:01:31Z</time>
			</trkpt>
			<trkpt lat="46.36336946487427" lon="10.657577514648438">
				<ele>1777.60009765625</ele>
				<time>2026-06-27T08:01:47Z</time>
			</trkpt>
			<trkpt lat="46.36337661743164" lon="10.657418608665466">
				<ele>1778.199951171875</ele>
				<time>2026-06-27T08:01:57Z</time>
			</trkpt>
			<trkpt lat="46.36336433887482" lon="10.657347202301025">
				<ele>1778.39990234375</ele>
				<time>2026-06-27T08:02:02Z</time>
			</trkpt>
			<trkpt lat="46.363357067108154" lon="10.657252550125122">
				<ele>1778.800048828125</ele>
				<time>2026-06-27T08:02:08Z</time>
			</trkpt>
			<trkpt lat="46.36335551738739" lon="10.657233476638794">
				<ele>1778.800048828125</ele>
				<time>2026-06-27T08:02:09Z</time>
			</trkpt>
			<trkpt lat="46.36335325241089" lon="10.657217144966125">
				<ele>1778.800048828125</ele>
				<time>2026-06-27T08:02:10Z</time>
			</trkpt>
			<trkpt lat="46.36335110664368" lon="10.6572026014328">
				<ele>1779.0</ele>
				<time>2026-06-27T08:02:11Z</time>
			</trkpt>
			<trkpt lat="46.36334776878357" lon="10.65718686580658">
				<ele>1779.0</ele>
				<time>2026-06-27T08:02:12Z</time>
			</trkpt>
			<trkpt lat="46.363335609436035" lon="10.65703535079956">
				<ele>1779.800048828125</ele>
				<time>2026-06-27T08:02:21Z</time>
			</trkpt>
			<trkpt lat="46.36333465576172" lon="10.657015204429626">
				<ele>1779.800048828125</ele>
				<time>2026-06-27T08:02:22Z</time>
			</trkpt>
			<trkpt lat="46.36333358287811" lon="10.656996250152588">
				<ele>1780.0</ele>
				<time>2026-06-27T08:02:23Z</time>
			</trkpt>
			<trkpt lat="46.36333382129669" lon="10.656766772270203">
				<ele>1781.199951171875</ele>
				<time>2026-06-27T08:02:37Z</time>
			</trkpt>
			<trkpt lat="46.363343596458435" lon="10.656529068946838">
				<ele>1782.39990234375</ele>
				<time>2026-06-27T08:02:51Z</time>
			</trkpt>
			<trkpt lat="46.36333239078522" lon="10.656335234642029">
				<ele>1783.0</ele>
				<time>2026-06-27T08:03:03Z</time>
			</trkpt>
			<trkpt lat="46.36332976818085" lon="10.656319737434387">
				<ele>1783.0</ele>
				<time>2026-06-27T08:03:04Z</time>
			</trkpt>
			<trkpt lat="46.36332881450653" lon="10.656303882598877">
				<ele>1783.0</ele>
				<time>2026-06-27T08:03:05Z</time>
			</trkpt>
			<trkpt lat="46.363322257995605" lon="10.6562420129776">
				<ele>1783.39990234375</ele>
				<time>2026-06-27T08:03:09Z</time>
			</trkpt>
			<trkpt lat="46.363319993019104" lon="10.656224727630615">
				<ele>1783.39990234375</ele>
				<time>2026-06-27T08:03:10Z</time>
			</trkpt>
			<trkpt lat="46.36329507827759" lon="10.6560959815979">
				<ele>1784.0</ele>
				<time>2026-06-27T08:03:18Z</time>
			</trkpt>
			<trkpt lat="46.36329472064972" lon="10.656078338623047">
				<ele>1784.0</ele>
				<time>2026-06-27T08:03:19Z</time>
			</trkpt>
			<trkpt lat="46.363293051719666" lon="10.656061291694641">
				<ele>1784.199951171875</ele>
				<time>2026-06-27T08:03:20Z</time>
			</trkpt>
			<trkpt lat="46.363285064697266" lon="10.655985593795776">
				<ele>1784.39990234375</ele>
				<time>2026-06-27T08:03:25Z</time>
			</trkpt>
			<trkpt lat="46.3632847070694" lon="10.655965924263">
				<ele>1784.39990234375</ele>
				<time>2026-06-27T08:03:26Z</time>
			</trkpt>
			<trkpt lat="46.36328732967377" lon="10.655749917030334">
				<ele>1784.800048828125</ele>
				<time>2026-06-27T08:03:39Z</time>
			</trkpt>
			<trkpt lat="46.36327397823334" lon="10.655597805976868">
				<ele>1785.39990234375</ele>
				<time>2026-06-27T08:03:49Z</time>
			</trkpt>
			<trkpt lat="46.36327421665192" lon="10.655582666397095">
				<ele>1785.60009765625</ele>
				<time>2026-06-27T08:03:50Z</time>
			</trkpt>
			<trkpt lat="46.36326611042023" lon="10.65541660785675">
				<ele>1788.0</ele>
				<time>2026-06-27T08:04:07Z</time>
			</trkpt>
			<trkpt lat="46.363258600234985" lon="10.6553475856781">
				<ele>1789.199951171875</ele>
				<time>2026-06-27T08:04:38Z</time>
			</trkpt>
			<trkpt lat="46.36327517032623" lon="10.655120491981506">
				<ele>1791.0</ele>
				<time>2026-06-27T08:04:58Z</time>
			</trkpt>
			<trkpt lat="46.363271832466125" lon="10.655063271522522">
				<ele>1792.39990234375</ele>
				<time>2026-06-27T08:05:17Z</time>
			</trkpt>
			<trkpt lat="46.36326539516449" lon="10.655031681060791">
				<ele>1793.0</ele>
				<time>2026-06-27T08:05:40Z</time>
			</trkpt>
			<trkpt lat="46.36331868171692" lon="10.654982686042786">
				<ele>1792.800048828125</ele>
				<time>2026-06-27T08:06:24Z</time>
			</trkpt>
			<trkpt lat="46.36334490776062" lon="10.654926419258118">
				<ele>1792.800048828125</ele>
				<time>2026-06-27T08:06:29Z</time>
			</trkpt>
			<trkpt lat="46.36334824562073" lon="10.654911518096924">
				<ele>1792.800048828125</ele>
				<time>2026-06-27T08:06:30Z</time>
			</trkpt>
			<trkpt lat="46.36337411403656" lon="10.654831051826477">
				<ele>1793.199951171875</ele>
				<time>2026-06-27T08:06:36Z</time>
			</trkpt>
			<trkpt lat="46.363380908966064" lon="10.65481698513031">
				<ele>1793.39990234375</ele>
				<time>2026-06-27T08:06:37Z</time>
			</trkpt>
			<trkpt lat="46.36338543891907" lon="10.654802680015564">
				<ele>1793.39990234375</ele>
				<time>2026-06-27T08:06:38Z</time>
			</trkpt>
			<trkpt lat="46.363391041755676" lon="10.654788494110107">
				<ele>1793.60009765625</ele>
				<time>2026-06-27T08:06:39Z</time>
			</trkpt>
			<trkpt lat="46.363394260406494" lon="10.654772281646729">
				<ele>1793.60009765625</ele>
				<time>2026-06-27T08:06:40Z</time>
			</trkpt>
			<trkpt lat="46.36340045928955" lon="10.654744505882263">
				<ele>1793.800048828125</ele>
				<time>2026-06-27T08:06:42Z</time>
			</trkpt>
			<trkpt lat="46.36340367794037" lon="10.65472948551178">
				<ele>1794.0</ele>
				<time>2026-06-27T08:06:43Z</time>
			</trkpt>
			<trkpt lat="46.363407015800476" lon="10.654713749885559">
				<ele>1794.0</ele>
				<time>2026-06-27T08:06:44Z</time>
			</trkpt>
			<trkpt lat="46.36341190338135" lon="10.654698848724365">
				<ele>1794.0</ele>
				<time>2026-06-27T08:06:45Z</time>
			</trkpt>
			<trkpt lat="46.363414883613586" lon="10.654683351516724">
				<ele>1794.199951171875</ele>
				<time>2026-06-27T08:06:46Z</time>
			</trkpt>
			<trkpt lat="46.36342000961304" lon="10.654657483100891">
				<ele>1794.39990234375</ele>
				<time>2026-06-27T08:06:48Z</time>
			</trkpt>
			<trkpt lat="46.36342465877533" lon="10.65464198589325">
				<ele>1794.39990234375</ele>
				<time>2026-06-27T08:06:49Z</time>
			</trkpt>
			<trkpt lat="46.3634295463562" lon="10.654626607894897">
				<ele>1794.60009765625</ele>
				<time>2026-06-27T08:06:50Z</time>
			</trkpt>
			<trkpt lat="46.36343562602997" lon="10.654613256454468">
				<ele>1794.60009765625</ele>
				<time>2026-06-27T08:06:51Z</time>
			</trkpt>
			<trkpt lat="46.363439321517944" lon="10.654598832130432">
				<ele>1794.800048828125</ele>
				<time>2026-06-27T08:06:52Z</time>
			</trkpt>
			<trkpt lat="46.36344861984253" lon="10.654573202133179">
				<ele>1795.0</ele>
				<time>2026-06-27T08:06:54Z</time>
			</trkpt>
			<trkpt lat="46.36345446109772" lon="10.65455973148346">
				<ele>1795.199951171875</ele>
				<time>2026-06-27T08:06:55Z</time>
			</trkpt>
			<trkpt lat="46.36345958709717" lon="10.65454614162445">
				<ele>1795.199951171875</ele>
				<time>2026-06-27T08:06:56Z</time>
			</trkpt>
			<trkpt lat="46.36346518993378" lon="10.654532790184021">
				<ele>1795.39990234375</ele>
				<time>2026-06-27T08:06:57Z</time>
			</trkpt>
			<trkpt lat="46.3634694814682" lon="10.654518365859985">
				<ele>1795.39990234375</ele>
				<time>2026-06-27T08:06:58Z</time>
			</trkpt>
			<trkpt lat="46.363473296165466" lon="10.654505252838135">
				<ele>1795.39990234375</ele>
				<time>2026-06-27T08:06:59Z</time>
			</trkpt>
			<trkpt lat="46.36348021030426" lon="10.654493927955627">
				<ele>1795.60009765625</ele>
				<time>2026-06-27T08:07:00Z</time>
			</trkpt>
			<trkpt lat="46.36348581314087" lon="10.654479146003723">
				<ele>1795.60009765625</ele>
				<time>2026-06-27T08:07:01Z</time>
			</trkpt>
			<trkpt lat="46.36349177360535" lon="10.654465675354004">
				<ele>1795.800048828125</ele>
				<time>2026-06-27T08:07:02Z</time>
			</trkpt>
			<trkpt lat="46.3634968996048" lon="10.654454350471497">
				<ele>1796.0</ele>
				<time>2026-06-27T08:07:03Z</time>
			</trkpt>
			<trkpt lat="46.363513708114624" lon="10.654418468475342">
				<ele>1796.199951171875</ele>
				<time>2026-06-27T08:07:06Z</time>
			</trkpt>
			<trkpt lat="46.363521456718445" lon="10.65440547466278">
				<ele>1796.39990234375</ele>
				<time>2026-06-27T08:07:07Z</time>
			</trkpt>
			<trkpt lat="46.36358833312988" lon="10.654243111610413">
				<ele>1797.800048828125</ele>
				<time>2026-06-27T08:07:20Z</time>
			</trkpt>
			<trkpt lat="46.36361539363861" lon="10.654174327850342">
				<ele>1798.60009765625</ele>
				<time>2026-06-27T08:07:25Z</time>
			</trkpt>
			<trkpt lat="46.36362111568451" lon="10.654159188270569">
				<ele>1798.800048828125</ele>
				<time>2026-06-27T08:07:26Z</time>
			</trkpt>
			<trkpt lat="46.36364030838013" lon="10.654147267341614">
				<ele>1799.0</ele>
				<time>2026-06-27T08:07:28Z</time>
			</trkpt>
			<trkpt lat="46.363648653030396" lon="10.654139280319214">
				<ele>1799.199951171875</ele>
				<time>2026-06-27T08:07:29Z</time>
			</trkpt>
			<trkpt lat="46.36373817920685" lon="10.653957605361938">
				<ele>1800.39990234375</ele>
				<time>2026-06-27T08:07:42Z</time>
			</trkpt>
			<trkpt lat="46.36385798454285" lon="10.653764843940735">
				<ele>1801.60009765625</ele>
				<time>2026-06-27T08:07:58Z</time>
			</trkpt>
			<trkpt lat="46.36396670341492" lon="10.653617143630981">
				<ele>1802.0</ele>
				<time>2026-06-27T08:08:13Z</time>
			</trkpt>
			<trkpt lat="46.36401927471161" lon="10.653457641601562">
				<ele>1801.39990234375</ele>
				<time>2026-06-27T08:08:28Z</time>
			</trkpt>
			<trkpt lat="46.3640558719635" lon="10.653380751609802">
				<ele>1799.199951171875</ele>
				<time>2026-06-27T08:08:47Z</time>
			</trkpt>
			<trkpt lat="46.36405527591705" lon="10.653372645378113">
				<ele>1799.39990234375</ele>
				<time>2026-06-27T08:09:18Z</time>
			</trkpt>
			<trkpt lat="46.36405301094055" lon="10.653384447097778">
				<ele>1799.199951171875</ele>
				<time>2026-06-27T08:09:34Z</time>
			</trkpt>
			<trkpt lat="46.36403977870941" lon="10.653408527374268">
				<ele>1799.199951171875</ele>
				<time>2026-06-27T08:09:36Z</time>
			</trkpt>
			<trkpt lat="46.364025712013245" lon="10.653432130813599">
				<ele>1799.199951171875</ele>
				<time>2026-06-27T08:09:38Z</time>
			</trkpt>
			<trkpt lat="46.36400032043457" lon="10.653505444526672">
				<ele>1799.39990234375</ele>
				<time>2026-06-27T08:09:43Z</time>
			</trkpt>
			<trkpt lat="46.36399531364441" lon="10.65362000465393">
				<ele>1800.199951171875</ele>
				<time>2026-06-27T08:09:50Z</time>
			</trkpt>
			<trkpt lat="46.3640900850296" lon="10.653617978096008">
				<ele>1801.800048828125</ele>
				<time>2026-06-27T08:10:00Z</time>
			</trkpt>
			<trkpt lat="46.36420798301697" lon="10.653562307357788">
				<ele>1805.0</ele>
				<time>2026-06-27T08:10:18Z</time>
			</trkpt>
			<trkpt lat="46.36421346664429" lon="10.653551816940308">
				<ele>1806.199951171875</ele>
				<time>2026-06-27T08:10:31Z</time>
			</trkpt>
			<trkpt lat="46.36426055431366" lon="10.65353000164032">
				<ele>1806.39990234375</ele>
				<time>2026-06-27T08:10:36Z</time>
			</trkpt>
			<trkpt lat="46.364431738853455" lon="10.653492450714111">
				<ele>1808.0</ele>
				<time>2026-06-27T08:10:55Z</time>
			</trkpt>
			<trkpt lat="46.36463761329651" lon="10.653488159179688">
				<ele>1808.199951171875</ele>
				<time>2026-06-27T08:11:14Z</time>
			</trkpt>
			<trkpt lat="46.36483883857727" lon="10.653436779975891">
				<ele>1809.60009765625</ele>
				<time>2026-06-27T08:11:34Z</time>
			</trkpt>
			<trkpt lat="46.36489164829254" lon="10.653400778770447">
				<ele>1810.0</ele>
				<time>2026-06-27T08:11:51Z</time>
			</trkpt>
			<trkpt lat="46.364890933036804" lon="10.653399229049683">
				<ele>1809.800048828125</ele>
				<time>2026-06-27T08:12:09Z</time>
			</trkpt>
			<trkpt lat="46.36488735675812" lon="10.65339982509613">
				<ele>1809.800048828125</ele>
				<time>2026-06-27T08:12:34Z</time>
			</trkpt>
			<trkpt lat="46.364885210990906" lon="10.653398633003235">
				<ele>1809.800048828125</ele>
				<time>2026-06-27T08:13:04Z</time>
			</trkpt>
			<trkpt lat="46.36488652229309" lon="10.653401374816895">
				<ele>1809.800048828125</ele>
				<time>2026-06-27T08:13:31Z</time>
			</trkpt>
			<trkpt lat="46.36488616466522" lon="10.653401851654053">
				<ele>1809.60009765625</ele>
				<time>2026-06-27T08:14:03Z</time>
			</trkpt>
			<trkpt lat="46.364885687828064" lon="10.653401851654053">
				<ele>1809.60009765625</ele>
				<time>2026-06-27T08:14:31Z</time>
			</trkpt>
			<trkpt lat="46.3648921251297" lon="10.653414964675903">
				<ele>1809.800048828125</ele>
				<time>2026-06-27T08:14:52Z</time>
			</trkpt>
			<trkpt lat="46.364906907081604" lon="10.653413772583008">
				<ele>1810.199951171875</ele>
				<time>2026-06-27T08:14:55Z</time>
			</trkpt>
			<trkpt lat="46.36500668525696" lon="10.653425097465515">
				<ele>1810.60009765625</ele>
				<time>2026-06-27T08:15:06Z</time>
			</trkpt>
			<trkpt lat="46.36503469944" lon="10.653422713279724">
				<ele>1810.60009765625</ele>
				<time>2026-06-27T08:15:09Z</time>
			</trkpt>
			<trkpt lat="46.36510920524597" lon="10.653427720069885">
				<ele>1811.199951171875</ele>
				<time>2026-06-27T08:15:17Z</time>
			</trkpt>
			<trkpt lat="46.36512851715088" lon="10.653432488441467">
				<ele>1811.39990234375</ele>
				<time>2026-06-27T08:15:19Z</time>
			</trkpt>
			<trkpt lat="46.36516726016998" lon="10.653430819511414">
				<ele>1811.800048828125</ele>
				<time>2026-06-27T08:15:24Z</time>
			</trkpt>
			<trkpt lat="46.36517786979675" lon="10.653430700302124">
				<ele>1812.0</ele>
				<time>2026-06-27T08:15:25Z</time>
			</trkpt>
			<trkpt lat="46.36527490615845" lon="10.653403520584106">
				<ele>1813.199951171875</ele>
				<time>2026-06-27T08:15:37Z</time>
			</trkpt>
			<trkpt lat="46.36529791355133" lon="10.653394222259521">
				<ele>1813.39990234375</ele>
				<time>2026-06-27T08:15:39Z</time>
			</trkpt>
			<trkpt lat="46.36531329154968" lon="10.653390288352966">
				<ele>1813.39990234375</ele>
				<time>2026-06-27T08:15:40Z</time>
			</trkpt>
			<trkpt lat="46.36553454399109" lon="10.653342008590698">
				<ele>1814.199951171875</ele>
				<time>2026-06-27T08:15:59Z</time>
			</trkpt>
			<trkpt lat="46.36581993103027" lon="10.653286576271057">
				<ele>1814.39990234375</ele>
				<time>2026-06-27T08:16:24Z</time>
			</trkpt>
			<trkpt lat="46.365861773490906" lon="10.653269410133362">
				<ele>1814.60009765625</ele>
				<time>2026-06-27T08:16:28Z</time>
			</trkpt>
			<trkpt lat="46.36587333679199" lon="10.653264284133911">
				<ele>1814.60009765625</ele>
				<time>2026-06-27T08:16:29Z</time>
			</trkpt>
			<trkpt lat="46.36612093448639" lon="10.653221368789673">
				<ele>1815.199951171875</ele>
				<time>2026-06-27T08:16:50Z</time>
			</trkpt>
			<trkpt lat="46.3663763999939" lon="10.653169989585876">
				<ele>1816.39990234375</ele>
				<time>2026-06-27T08:17:12Z</time>
			</trkpt>
			<trkpt lat="46.36641311645508" lon="10.653172016143799">
				<ele>1816.60009765625</ele>
				<time>2026-06-27T08:17:15Z</time>
			</trkpt>
			<trkpt lat="46.36642551422119" lon="10.653170347213745">
				<ele>1816.60009765625</ele>
				<time>2026-06-27T08:17:16Z</time>
			</trkpt>
			<trkpt lat="46.366432905197144" lon="10.653155207633972">
				<ele>1816.800048828125</ele>
				<time>2026-06-27T08:17:17Z</time>
			</trkpt>
			<trkpt lat="46.36644530296326" lon="10.653154373168945">
				<ele>1816.800048828125</ele>
				<time>2026-06-27T08:17:18Z</time>
			</trkpt>
			<trkpt lat="46.3664573431015" lon="10.653149843215942">
				<ele>1817.0</ele>
				<time>2026-06-27T08:17:19Z</time>
			</trkpt>
			<trkpt lat="46.36646842956543" lon="10.653143644332886">
				<ele>1817.0</ele>
				<time>2026-06-27T08:17:20Z</time>
			</trkpt>
			<trkpt lat="46.366480112075806" lon="10.653140187263489">
				<ele>1817.0</ele>
				<time>2026-06-27T08:17:21Z</time>
			</trkpt>
			<trkpt lat="46.366575717926025" lon="10.653096318244934">
				<ele>1817.60009765625</ele>
				<time>2026-06-27T08:17:30Z</time>
			</trkpt>
			<trkpt lat="46.36658787727356" lon="10.653096437454224">
				<ele>1817.800048828125</ele>
				<time>2026-06-27T08:17:31Z</time>
			</trkpt>
			<trkpt lat="46.366612792015076" lon="10.653098225593567">
				<ele>1817.800048828125</ele>
				<time>2026-06-27T08:17:33Z</time>
			</trkpt>
			<trkpt lat="46.366623759269714" lon="10.653100490570068">
				<ele>1818.0</ele>
				<time>2026-06-27T08:17:34Z</time>
			</trkpt>
			<trkpt lat="46.36663317680359" lon="10.653088688850403">
				<ele>1818.0</ele>
				<time>2026-06-27T08:17:35Z</time>
			</trkpt>
			<trkpt lat="46.366644740104675" lon="10.653083801269531">
				<ele>1818.0</ele>
				<time>2026-06-27T08:17:36Z</time>
			</trkpt>
			<trkpt lat="46.36679804325104" lon="10.653034567832947">
				<ele>1819.0</ele>
				<time>2026-06-27T08:17:50Z</time>
			</trkpt>
			<trkpt lat="46.36681091785431" lon="10.65303659439087">
				<ele>1819.199951171875</ele>
				<time>2026-06-27T08:17:51Z</time>
			</trkpt>
			<trkpt lat="46.36682307720184" lon="10.653035044670105">
				<ele>1819.199951171875</ele>
				<time>2026-06-27T08:17:52Z</time>
			</trkpt>
			<trkpt lat="46.366883635520935" lon="10.653025388717651">
				<ele>1820.0</ele>
				<time>2026-06-27T08:17:58Z</time>
			</trkpt>
			<trkpt lat="46.366894245147705" lon="10.65301764011383">
				<ele>1820.199951171875</ele>
				<time>2026-06-27T08:17:59Z</time>
			</trkpt>
			<trkpt lat="46.36690580844879" lon="10.653015971183777">
				<ele>1820.199951171875</ele>
				<time>2026-06-27T08:18:00Z</time>
			</trkpt>
			<trkpt lat="46.36707556247711" lon="10.652955651283264">
				<ele>1821.800048828125</ele>
				<time>2026-06-27T08:18:18Z</time>
			</trkpt>
			<trkpt lat="46.367284417152405" lon="10.652875423431396">
				<ele>1821.199951171875</ele>
				<time>2026-06-27T08:18:37Z</time>
			</trkpt>
			<trkpt lat="46.3675092458725" lon="10.652774095535278">
				<ele>1820.60009765625</ele>
				<time>2026-06-27T08:18:58Z</time>
			</trkpt>
			<trkpt lat="46.3676563501358" lon="10.652634024620056">
				<ele>1821.39990234375</ele>
				<time>2026-06-27T08:19:15Z</time>
			</trkpt>
			<trkpt lat="46.36777663230896" lon="10.652546525001526">
				<ele>1822.60009765625</ele>
				<time>2026-06-27T08:19:28Z</time>
			</trkpt>
			<trkpt lat="46.3677841424942" lon="10.65253484249115">
				<ele>1822.800048828125</ele>
				<time>2026-06-27T08:19:29Z</time>
			</trkpt>
			<trkpt lat="46.36779344081879" lon="10.652528643608093">
				<ele>1822.800048828125</ele>
				<time>2026-06-27T08:19:30Z</time>
			</trkpt>
			<trkpt lat="46.36789107322693" lon="10.652462720870972">
				<ele>1823.60009765625</ele>
				<time>2026-06-27T08:19:40Z</time>
			</trkpt>
			<trkpt lat="46.36799895763397" lon="10.652405381202698">
				<ele>1824.60009765625</ele>
				<time>2026-06-27T08:19:52Z</time>
			</trkpt>
			<trkpt lat="46.368117928504944" lon="10.65234911441803">
				<ele>1825.60009765625</ele>
				<time>2026-06-27T08:20:05Z</time>
			</trkpt>
			<trkpt lat="46.368125677108765" lon="10.65233850479126">
				<ele>1825.60009765625</ele>
				<time>2026-06-27T08:20:06Z</time>
			</trkpt>
			<trkpt lat="46.36819887161255" lon="10.65224814414978">
				<ele>1826.199951171875</ele>
				<time>2026-06-27T08:20:17Z</time>
			</trkpt>
			<trkpt lat="46.36820411682129" lon="10.652234554290771">
				<ele>1826.199951171875</ele>
				<time>2026-06-27T08:20:18Z</time>
			</trkpt>
			<trkpt lat="46.36821269989014" lon="10.65222442150116">
				<ele>1826.39990234375</ele>
				<time>2026-06-27T08:20:19Z</time>
			</trkpt>
			<trkpt lat="46.36824178695679" lon="10.652218461036682">
				<ele>1826.60009765625</ele>
				<time>2026-06-27T08:20:22Z</time>
			</trkpt>
			<trkpt lat="46.3682724237442" lon="10.652213096618652">
				<ele>1827.199951171875</ele>
				<time>2026-06-27T08:20:38Z</time>
			</trkpt>
			<trkpt lat="46.368273973464966" lon="10.652215838432312">
				<ele>1827.199951171875</ele>
				<time>2026-06-27T08:21:06Z</time>
			</trkpt>
			<trkpt lat="46.368282198905945" lon="10.652231931686401">
				<ele>1826.39990234375</ele>
				<time>2026-06-27T08:21:21Z</time>
			</trkpt>
			<trkpt lat="46.3682816028595" lon="10.652240872383118">
				<ele>1825.800048828125</ele>
				<time>2026-06-27T08:21:50Z</time>
			</trkpt>
			<trkpt lat="46.36827540397644" lon="10.65224027633667">
				<ele>1825.800048828125</ele>
				<time>2026-06-27T08:22:15Z</time>
			</trkpt>
			<trkpt lat="46.36826157569885" lon="10.65224015712738">
				<ele>1826.39990234375</ele>
				<time>2026-06-27T08:23:47Z</time>
			</trkpt>
			<trkpt lat="46.368226408958435" lon="10.652244687080383">
				<ele>1826.39990234375</ele>
				<time>2026-06-27T08:24:41Z</time>
			</trkpt>
			<trkpt lat="46.36822152137756" lon="10.652235746383667">
				<ele>1826.60009765625</ele>
				<time>2026-06-27T08:26:13Z</time>
			</trkpt>
			<trkpt lat="46.36823618412018" lon="10.652243614196777">
				<ele>1826.800048828125</ele>
				<time>2026-06-27T08:26:26Z</time>
			</trkpt>
			<trkpt lat="46.36830401420593" lon="10.652191519737244">
				<ele>1826.800048828125</ele>
				<time>2026-06-27T08:26:42Z</time>
			</trkpt>
			<trkpt lat="46.368396639823914" lon="10.652111411094666">
				<ele>1827.39990234375</ele>
				<time>2026-06-27T08:26:55Z</time>
			</trkpt>
			<trkpt lat="46.368510007858276" lon="10.652052164077759">
				<ele>1828.0</ele>
				<time>2026-06-27T08:27:07Z</time>
			</trkpt>
			<trkpt lat="46.36852025985718" lon="10.652056217193604">
				<ele>1828.0</ele>
				<time>2026-06-27T08:27:08Z</time>
			</trkpt>
			<trkpt lat="46.36853206157684" lon="10.652061581611633">
				<ele>1828.199951171875</ele>
				<time>2026-06-27T08:27:09Z</time>
			</trkpt>
			<trkpt lat="46.36859166622162" lon="10.652096509933472">
				<ele>1829.199951171875</ele>
				<time>2026-06-27T08:27:23Z</time>
			</trkpt>
			<trkpt lat="46.36862921714783" lon="10.652108669281006">
				<ele>1829.60009765625</ele>
				<time>2026-06-27T08:27:28Z</time>
			</trkpt>
			<trkpt lat="46.36867547035217" lon="10.652137756347656">
				<ele>1830.800048828125</ele>
				<time>2026-06-27T08:27:43Z</time>
			</trkpt>
			<trkpt lat="46.36868453025818" lon="10.652145028114319">
				<ele>1831.0</ele>
				<time>2026-06-27T08:27:44Z</time>
			</trkpt>
			<trkpt lat="46.36870288848877" lon="10.652155637741089">
				<ele>1831.199951171875</ele>
				<time>2026-06-27T08:27:46Z</time>
			</trkpt>
			<trkpt lat="46.36886668205261" lon="10.652257084846497">
				<ele>1832.0</ele>
				<time>2026-06-27T08:28:03Z</time>
			</trkpt>
			<trkpt lat="46.368905901908875" lon="10.652267098426819">
				<ele>1832.800048828125</ele>
				<time>2026-06-27T08:28:16Z</time>
			</trkpt>
			<trkpt lat="46.36891567707062" lon="10.652271151542664">
				<ele>1832.800048828125</ele>
				<time>2026-06-27T08:28:17Z</time>
			</trkpt>
			<trkpt lat="46.368961811065674" lon="10.652276277542114">
				<ele>1833.0</ele>
				<time>2026-06-27T08:28:22Z</time>
			</trkpt>
			<trkpt lat="46.36897313594818" lon="10.652272820472717">
				<ele>1833.0</ele>
				<time>2026-06-27T08:28:23Z</time>
			</trkpt>
			<trkpt lat="46.36906373500824" lon="10.652269840240479">
				<ele>1833.800048828125</ele>
				<time>2026-06-27T08:28:33Z</time>
			</trkpt>
			<trkpt lat="46.36920440196991" lon="10.652396321296692">
				<ele>1836.0</ele>
				<time>2026-06-27T08:28:51Z</time>
			</trkpt>
			<trkpt lat="46.36934769153595" lon="10.652535319328308">
				<ele>1837.39990234375</ele>
				<time>2026-06-27T08:29:08Z</time>
			</trkpt>
			<trkpt lat="46.36953854560852" lon="10.652589440345764">
				<ele>1838.60009765625</ele>
				<time>2026-06-27T08:29:26Z</time>
			</trkpt>
			<trkpt lat="46.36968684196472" lon="10.652708172798157">
				<ele>1840.60009765625</ele>
				<time>2026-06-27T08:29:44Z</time>
			</trkpt>
			<trkpt lat="46.369739413261414" lon="10.652820587158203">
				<ele>1842.39990234375</ele>
				<time>2026-06-27T08:29:57Z</time>
			</trkpt>
			<trkpt lat="46.36977577209473" lon="10.652858018875122">
				<ele>1843.199951171875</ele>
				<time>2026-06-27T08:30:05Z</time>
			</trkpt>
			<trkpt lat="46.36978578567505" lon="10.652864694595337">
				<ele>1843.199951171875</ele>
				<time>2026-06-27T08:30:06Z</time>
			</trkpt>
			<trkpt lat="46.369802594184875" lon="10.652872800827026">
				<ele>1844.199951171875</ele>
				<time>2026-06-27T08:30:22Z</time>
			</trkpt>
			<trkpt lat="46.369872093200684" lon="10.652902007102966">
				<ele>1844.800048828125</ele>
				<time>2026-06-27T08:30:32Z</time>
			</trkpt>
			<trkpt lat="46.36989879608154" lon="10.65290892124176">
				<ele>1845.0</ele>
				<time>2026-06-27T08:30:34Z</time>
			</trkpt>
			<trkpt lat="46.37001430988312" lon="10.652931332588196">
				<ele>1846.39990234375</ele>
				<time>2026-06-27T08:30:48Z</time>
			</trkpt>
			<trkpt lat="46.370025396347046" lon="10.652926921844482">
				<ele>1846.60009765625</ele>
				<time>2026-06-27T08:30:49Z</time>
			</trkpt>
			<trkpt lat="46.370036125183105" lon="10.652924418449402">
				<ele>1846.60009765625</ele>
				<time>2026-06-27T08:30:50Z</time>
			</trkpt>
			<trkpt lat="46.370047092437744" lon="10.652924299240112">
				<ele>1846.800048828125</ele>
				<time>2026-06-27T08:30:51Z</time>
			</trkpt>
			<trkpt lat="46.37014579772949" lon="10.652981042861938">
				<ele>1848.199951171875</ele>
				<time>2026-06-27T08:31:08Z</time>
			</trkpt>
			<trkpt lat="46.37018620967865" lon="10.652979850769043">
				<ele>1848.60009765625</ele>
				<time>2026-06-27T08:31:19Z</time>
			</trkpt>
			<trkpt lat="46.37019968032837" lon="10.652976512908936">
				<ele>1848.60009765625</ele>
				<time>2026-06-27T08:31:20Z</time>
			</trkpt>
			<trkpt lat="46.370211720466614" lon="10.65297019481659">
				<ele>1848.60009765625</ele>
				<time>2026-06-27T08:31:21Z</time>
			</trkpt>
			<trkpt lat="46.37022137641907" lon="10.65295946598053">
				<ele>1848.60009765625</ele>
				<time>2026-06-27T08:31:22Z</time>
			</trkpt>
			<trkpt lat="46.370229721069336" lon="10.652948260307312">
				<ele>1848.60009765625</ele>
				<time>2026-06-27T08:31:23Z</time>
			</trkpt>
			<trkpt lat="46.37025785446167" lon="10.652922630310059">
				<ele>1848.39990234375</ele>
				<time>2026-06-27T08:31:26Z</time>
			</trkpt>
			<trkpt lat="46.3703088760376" lon="10.652947187423706">
				<ele>1848.800048828125</ele>
				<time>2026-06-27T08:31:42Z</time>
			</trkpt>
			<trkpt lat="46.37031364440918" lon="10.652957439422607">
				<ele>1848.800048828125</ele>
				<time>2026-06-27T08:31:45Z</time>
			</trkpt>
			<trkpt lat="46.3703248500824" lon="10.652966141700745">
				<ele>1849.0</ele>
				<time>2026-06-27T08:31:46Z</time>
			</trkpt>
			<trkpt lat="46.370333433151245" lon="10.652974486351013">
				<ele>1849.0</ele>
				<time>2026-06-27T08:31:47Z</time>
			</trkpt>
			<trkpt lat="46.370423674583435" lon="10.653077602386475">
				<ele>1849.199951171875</ele>
				<time>2026-06-27T08:32:06Z</time>
			</trkpt>
			<trkpt lat="46.370423674583435" lon="10.65308129787445">
				<ele>1849.199951171875</ele>
				<time>2026-06-27T08:32:35Z</time>
			</trkpt>
			<trkpt lat="46.37042415142059" lon="10.653100490570068">
				<ele>1849.39990234375</ele>
				<time>2026-06-27T08:33:01Z</time>
			</trkpt>
			<trkpt lat="46.37041425704956" lon="10.653112769126892">
				<ele>1849.60009765625</ele>
				<time>2026-06-27T08:33:15Z</time>
			</trkpt>
			<trkpt lat="46.37041473388672" lon="10.653111577033997">
				<ele>1848.60009765625</ele>
				<time>2026-06-27T08:33:45Z</time>
			</trkpt>
			<trkpt lat="46.37040317058563" lon="10.653092503547668">
				<ele>1848.39990234375</ele>
				<time>2026-06-27T08:34:08Z</time>
			</trkpt>
			<trkpt lat="46.37039768695831" lon="10.65308690071106">
				<ele>1849.0</ele>
				<time>2026-06-27T08:34:38Z</time>
			</trkpt>
			<trkpt lat="46.370391607284546" lon="10.653078436851501">
				<ele>1849.199951171875</ele>
				<time>2026-06-27T08:35:12Z</time>
			</trkpt>
			<trkpt lat="46.3703773021698" lon="10.653061866760254">
				<ele>1849.199951171875</ele>
				<time>2026-06-27T08:35:46Z</time>
			</trkpt>
			<trkpt lat="46.37036836147308" lon="10.65305244922638">
				<ele>1847.199951171875</ele>
				<time>2026-06-27T08:36:18Z</time>
			</trkpt>
			<trkpt lat="46.370370388031006" lon="10.653053879737854">
				<ele>1849.0</ele>
				<time>2026-06-27T08:36:41Z</time>
			</trkpt>
			<trkpt lat="46.3703727722168" lon="10.65305471420288">
				<ele>1849.199951171875</ele>
				<time>2026-06-27T08:37:16Z</time>
			</trkpt>
			<trkpt lat="46.37037920951843" lon="10.653060555458069">
				<ele>1849.199951171875</ele>
				<time>2026-06-27T08:37:59Z</time>
			</trkpt>
			<trkpt lat="46.37038004398346" lon="10.653062105178833">
				<ele>1851.199951171875</ele>
				<time>2026-06-27T08:38:05Z</time>
			</trkpt>
			<trkpt lat="46.37038004398346" lon="10.65306293964386">
				<ele>1849.199951171875</ele>
				<time>2026-06-27T08:38:44Z</time>
			</trkpt>
			<trkpt lat="46.370386719703674" lon="10.653063178062439">
				<ele>1849.199951171875</ele>
				<time>2026-06-27T08:39:17Z</time>
			</trkpt>
			<trkpt lat="46.370381474494934" lon="10.653100967407227">
				<ele>1849.199951171875</ele>
				<time>2026-06-27T08:39:39Z</time>
			</trkpt>
			<trkpt lat="46.370384216308594" lon="10.653118371963501">
				<ele>1849.199951171875</ele>
				<time>2026-06-27T08:40:01Z</time>
			</trkpt>
			<trkpt lat="46.37039601802826" lon="10.653146147727966">
				<ele>1849.199951171875</ele>
				<time>2026-06-27T08:40:20Z</time>
			</trkpt>
			<trkpt lat="46.37040686607361" lon="10.653131604194641">
				<ele>1849.0</ele>
				<time>2026-06-27T08:40:40Z</time>
			</trkpt>
			<trkpt lat="46.37041163444519" lon="10.653141736984253">
				<ele>1849.0</ele>
				<time>2026-06-27T08:41:01Z</time>
			</trkpt>
			<trkpt lat="46.37041878700256" lon="10.653155326843262">
				<ele>1849.0</ele>
				<time>2026-06-27T08:41:21Z</time>
			</trkpt>
			<trkpt lat="46.370415568351746" lon="10.653149247169495">
				<ele>1849.0</ele>
				<time>2026-06-27T08:41:41Z</time>
			</trkpt>
			<trkpt lat="46.37038993835449" lon="10.653117656707764">
				<ele>1849.0</ele>
				<time>2026-06-27T08:41:58Z</time>
			</trkpt>
			<trkpt lat="46.370415806770325" lon="10.653095602989197">
				<ele>1849.199951171875</ele>
				<time>2026-06-27T08:42:14Z</time>
			</trkpt>
			<trkpt lat="46.3704297542572" lon="10.653107523918152">
				<ele>1849.0</ele>
				<time>2026-06-27T08:42:40Z</time>
			</trkpt>
			<trkpt lat="46.37044012546539" lon="10.653152227401733">
				<ele>1849.199951171875</ele>
				<time>2026-06-27T08:43:10Z</time>
			</trkpt>
			<trkpt lat="46.37044930458069" lon="10.653150200843811">
				<ele>1849.199951171875</ele>
				<time>2026-06-27T08:43:35Z</time>
			</trkpt>
			<trkpt lat="46.37046217918396" lon="10.653166890144348">
				<ele>1849.199951171875</ele>
				<time>2026-06-27T08:43:53Z</time>
			</trkpt>
			<trkpt lat="46.37044036388397" lon="10.653151035308838">
				<ele>1850.39990234375</ele>
				<time>2026-06-27T08:44:06Z</time>
			</trkpt>
			<trkpt lat="46.370442032814026" lon="10.65309989452362">
				<ele>1850.39990234375</ele>
				<time>2026-06-27T08:44:22Z</time>
			</trkpt>
			<trkpt lat="46.37044942378998" lon="10.653021812438965">
				<ele>1850.60009765625</ele>
				<time>2026-06-27T08:44:36Z</time>
			</trkpt>
			<trkpt lat="46.37048161029816" lon="10.6529860496521">
				<ele>1851.0</ele>
				<time>2026-06-27T08:44:51Z</time>
			</trkpt>
			<trkpt lat="46.370518922805786" lon="10.652936816215515">
				<ele>1850.800048828125</ele>
				<time>2026-06-27T08:45:06Z</time>
			</trkpt>
			<trkpt lat="46.37045383453369" lon="10.652726888656616">
				<ele>1852.199951171875</ele>
				<time>2026-06-27T08:45:25Z</time>
			</trkpt>
			<trkpt lat="46.37045741081238" lon="10.652710914611816">
				<ele>1852.199951171875</ele>
				<time>2026-06-27T08:45:26Z</time>
			</trkpt>
			<trkpt lat="46.37046265602112" lon="10.652697563171387">
				<ele>1852.39990234375</ele>
				<time>2026-06-27T08:45:27Z</time>
			</trkpt>
			<trkpt lat="46.37046980857849" lon="10.652686834335327">
				<ele>1852.60009765625</ele>
				<time>2026-06-27T08:45:28Z</time>
			</trkpt>
			<trkpt lat="46.370476603507996" lon="10.652673721313477">
				<ele>1852.800048828125</ele>
				<time>2026-06-27T08:45:29Z</time>
			</trkpt>
			<trkpt lat="46.37057900428772" lon="10.652540564537048">
				<ele>1852.800048828125</ele>
				<time>2026-06-27T08:45:46Z</time>
			</trkpt>
			<trkpt lat="46.370585441589355" lon="10.652503728866577">
				<ele>1852.60009765625</ele>
				<time>2026-06-27T08:46:05Z</time>
			</trkpt>
			<trkpt lat="46.37059140205383" lon="10.652490973472595">
				<ele>1852.60009765625</ele>
				<time>2026-06-27T08:46:06Z</time>
			</trkpt>
			<trkpt lat="46.37059509754181" lon="10.652475714683533">
				<ele>1852.39990234375</ele>
				<time>2026-06-27T08:46:07Z</time>
			</trkpt>
			<trkpt lat="46.37059736251831" lon="10.652460217475891">
				<ele>1852.199951171875</ele>
				<time>2026-06-27T08:46:08Z</time>
			</trkpt>
			<trkpt lat="46.37061274051666" lon="10.652407169342041">
				<ele>1851.800048828125</ele>
				<time>2026-06-27T08:46:12Z</time>
			</trkpt>
			<trkpt lat="46.37061679363251" lon="10.652391791343689">
				<ele>1851.800048828125</ele>
				<time>2026-06-27T08:46:13Z</time>
			</trkpt>
			<trkpt lat="46.37061786651611" lon="10.652375340461731">
				<ele>1851.800048828125</ele>
				<time>2026-06-27T08:46:14Z</time>
			</trkpt>
			<trkpt lat="46.37061858177185" lon="10.652357935905457">
				<ele>1851.800048828125</ele>
				<time>2026-06-27T08:46:15Z</time>
			</trkpt>
			<trkpt lat="46.37061965465546" lon="10.652339935302734">
				<ele>1851.60009765625</ele>
				<time>2026-06-27T08:46:16Z</time>
			</trkpt>
			<trkpt lat="46.370620012283325" lon="10.652190923690796">
				<ele>1850.800048828125</ele>
				<time>2026-06-27T08:46:27Z</time>
			</trkpt>
			<trkpt lat="46.370622396469116" lon="10.652148127555847">
				<ele>1850.60009765625</ele>
				<time>2026-06-27T08:46:30Z</time>
			</trkpt>
			<trkpt lat="46.370622396469116" lon="10.652130722999573">
				<ele>1850.60009765625</ele>
				<time>2026-06-27T08:46:31Z</time>
			</trkpt>
			<trkpt lat="46.37062358856201" lon="10.65211308002472">
				<ele>1850.60009765625</ele>
				<time>2026-06-27T08:46:32Z</time>
			</trkpt>
			<trkpt lat="46.370606541633606" lon="10.651910662651062">
				<ele>1849.39990234375</ele>
				<time>2026-06-27T08:46:47Z</time>
			</trkpt>
			<trkpt lat="46.370553612709045" lon="10.651778936386108">
				<ele>1848.39990234375</ele>
				<time>2026-06-27T08:47:01Z</time>
			</trkpt>
			<trkpt lat="46.37052941322327" lon="10.651734828948975">
				<ele>1848.199951171875</ele>
				<time>2026-06-27T08:47:05Z</time>
			</trkpt>
			<trkpt lat="46.37052345275879" lon="10.651721477508545">
				<ele>1848.199951171875</ele>
				<time>2026-06-27T08:47:06Z</time>
			</trkpt>
			<trkpt lat="46.37050414085388" lon="10.651697278022766">
				<ele>1848.0</ele>
				<time>2026-06-27T08:47:09Z</time>
			</trkpt>
			<trkpt lat="46.37045919895172" lon="10.651667594909668">
				<ele>1848.0</ele>
				<time>2026-06-27T08:47:14Z</time>
			</trkpt>
			<trkpt lat="46.37037265300751" lon="10.651572227478027">
				<ele>1846.60009765625</ele>
				<time>2026-06-27T08:47:30Z</time>
			</trkpt>
			<trkpt lat="46.370373010635376" lon="10.651534080505371">
				<ele>1846.199951171875</ele>
				<time>2026-06-27T08:47:33Z</time>
			</trkpt>
			<trkpt lat="46.370328307151794" lon="10.65140950679779">
				<ele>1843.800048828125</ele>
				<time>2026-06-27T08:47:47Z</time>
			</trkpt>
			<trkpt lat="46.37033569812775" lon="10.651344776153564">
				<ele>1843.0</ele>
				<time>2026-06-27T08:47:52Z</time>
			</trkpt>
			<trkpt lat="46.37035369873047" lon="10.651280283927917">
				<ele>1841.800048828125</ele>
				<time>2026-06-27T08:48:08Z</time>
			</trkpt>
			<trkpt lat="46.37027835845947" lon="10.651174068450928">
				<ele>1840.39990234375</ele>
				<time>2026-06-27T08:48:24Z</time>
			</trkpt>
			<trkpt lat="46.37025785446167" lon="10.65113651752472">
				<ele>1839.199951171875</ele>
				<time>2026-06-27T08:48:41Z</time>
			</trkpt>
			<trkpt lat="46.370248913764954" lon="10.65113091468811">
				<ele>1839.199951171875</ele>
				<time>2026-06-27T08:48:42Z</time>
			</trkpt>
			<trkpt lat="46.37016713619232" lon="10.6510329246521">
				<ele>1837.60009765625</ele>
				<time>2026-06-27T08:48:56Z</time>
			</trkpt>
			<trkpt lat="46.370145320892334" lon="10.650944590568542">
				<ele>1836.199951171875</ele>
				<time>2026-06-27T08:49:15Z</time>
			</trkpt>
			<trkpt lat="46.370142221450806" lon="10.650929927825928">
				<ele>1836.0</ele>
				<time>2026-06-27T08:49:16Z</time>
			</trkpt>
			<trkpt lat="46.37008857727051" lon="10.650758385658264">
				<ele>1834.800048828125</ele>
				<time>2026-06-27T08:49:31Z</time>
			</trkpt>
			<trkpt lat="46.37009060382843" lon="10.650742292404175">
				<ele>1834.800048828125</ele>
				<time>2026-06-27T08:49:32Z</time>
			</trkpt>
			<trkpt lat="46.37008893489838" lon="10.650666236877441">
				<ele>1834.199951171875</ele>
				<time>2026-06-27T08:49:38Z</time>
			</trkpt>
			<trkpt lat="46.37008500099182" lon="10.650654911994934">
				<ele>1834.199951171875</ele>
				<time>2026-06-27T08:49:39Z</time>
			</trkpt>
			<trkpt lat="46.37007820606232" lon="10.650646448135376">
				<ele>1834.0</ele>
				<time>2026-06-27T08:49:40Z</time>
			</trkpt>
			<trkpt lat="46.370070815086365" lon="10.650638461112976">
				<ele>1834.0</ele>
				<time>2026-06-27T08:49:41Z</time>
			</trkpt>
			<trkpt lat="46.37006318569183" lon="10.650628924369812">
				<ele>1834.0</ele>
				<time>2026-06-27T08:49:42Z</time>
			</trkpt>
			<trkpt lat="46.37005639076233" lon="10.650619268417358">
				<ele>1833.800048828125</ele>
				<time>2026-06-27T08:49:43Z</time>
			</trkpt>
			<trkpt lat="46.37005078792572" lon="10.65060818195343">
				<ele>1833.800048828125</ele>
				<time>2026-06-27T08:49:44Z</time>
			</trkpt>
			<trkpt lat="46.37004482746124" lon="10.650597214698792">
				<ele>1833.800048828125</ele>
				<time>2026-06-27T08:49:45Z</time>
			</trkpt>
			<trkpt lat="46.3699905872345" lon="10.650421738624573">
				<ele>1833.0</ele>
				<time>2026-06-27T08:50:01Z</time>
			</trkpt>
			<trkpt lat="46.369996786117554" lon="10.650247573852539">
				<ele>1832.800048828125</ele>
				<time>2026-06-27T08:50:15Z</time>
			</trkpt>
			<trkpt lat="46.36997842788696" lon="10.650147438049316">
				<ele>1833.199951171875</ele>
				<time>2026-06-27T08:50:24Z</time>
			</trkpt>
			<trkpt lat="46.3699152469635" lon="10.65002977848053">
				<ele>1833.0</ele>
				<time>2026-06-27T08:50:40Z</time>
			</trkpt>
			<trkpt lat="46.36991035938263" lon="10.650026559829712">
				<ele>1833.199951171875</ele>
				<time>2026-06-27T08:51:02Z</time>
			</trkpt>
			<trkpt lat="46.36989676952362" lon="10.650026440620422">
				<ele>1833.39990234375</ele>
				<time>2026-06-27T08:51:32Z</time>
			</trkpt>
			<trkpt lat="46.36988925933838" lon="10.649998545646667">
				<ele>1833.60009765625</ele>
				<time>2026-06-27T08:51:58Z</time>
			</trkpt>
			<trkpt lat="46.36988079547882" lon="10.650005221366882">
				<ele>1833.800048828125</ele>
				<time>2026-06-27T08:52:31Z</time>
			</trkpt>
			<trkpt lat="46.369876861572266" lon="10.65001118183136">
				<ele>1833.800048828125</ele>
				<time>2026-06-27T08:52:54Z</time>
			</trkpt>
			<trkpt lat="46.36987292766571" lon="10.650005221366882">
				<ele>1834.0</ele>
				<time>2026-06-27T08:53:24Z</time>
			</trkpt>
			<trkpt lat="46.36987602710724" lon="10.65000581741333">
				<ele>1834.0</ele>
				<time>2026-06-27T08:53:57Z</time>
			</trkpt>
			<trkpt lat="46.36987853050232" lon="10.650001287460327">
				<ele>1834.199951171875</ele>
				<time>2026-06-27T08:54:17Z</time>
			</trkpt>
			<trkpt lat="46.36985433101654" lon="10.649925947189331">
				<ele>1833.60009765625</ele>
				<time>2026-06-27T08:54:37Z</time>
			</trkpt>
			<trkpt lat="46.36983609199524" lon="10.64988100528717">
				<ele>1833.39990234375</ele>
				<time>2026-06-27T08:54:47Z</time>
			</trkpt>
			<trkpt lat="46.36981272697449" lon="10.649800777435303">
				<ele>1833.0</ele>
				<time>2026-06-27T08:55:01Z</time>
			</trkpt>
			<trkpt lat="46.369815826416016" lon="10.649807453155518">
				<ele>1833.199951171875</ele>
				<time>2026-06-27T08:55:11Z</time>
			</trkpt>
			<trkpt lat="46.36981773376465" lon="10.649816870689392">
				<ele>1832.60009765625</ele>
				<time>2026-06-27T08:55:24Z</time>
			</trkpt>
			<trkpt lat="46.36981964111328" lon="10.649802446365356">
				<ele>1832.0</ele>
				<time>2026-06-27T08:55:59Z</time>
			</trkpt>
			<trkpt lat="46.36982989311218" lon="10.649767279624939">
				<ele>1832.199951171875</ele>
				<time>2026-06-27T08:56:36Z</time>
			</trkpt>
			<trkpt lat="46.3698433637619" lon="10.64973247051239">
				<ele>1832.0</ele>
				<time>2026-06-27T08:57:24Z</time>
			</trkpt>
			<trkpt lat="46.36985898017883" lon="10.649700403213501">
				<ele>1832.800048828125</ele>
				<time>2026-06-27T08:58:03Z</time>
			</trkpt>
			<trkpt lat="46.36987566947937" lon="10.649680852890015">
				<ele>1833.0</ele>
				<time>2026-06-27T08:58:35Z</time>
			</trkpt>
			<trkpt lat="46.36988723278046" lon="10.649681687355042">
				<ele>1833.0</ele>
				<time>2026-06-27T08:59:11Z</time>
			</trkpt>
			<trkpt lat="46.369906306266785" lon="10.649656534194946">
				<ele>1833.0</ele>
				<time>2026-06-27T09:00:04Z</time>
			</trkpt>
			<trkpt lat="46.36993062496185" lon="10.649628758430481">
				<ele>1833.199951171875</ele>
				<time>2026-06-27T09:01:04Z</time>
			</trkpt>
			<trkpt lat="46.36995840072632" lon="10.649596929550171">
				<ele>1833.199951171875</ele>
				<time>2026-06-27T09:01:58Z</time>
			</trkpt>
			<trkpt lat="46.36996912956238" lon="10.64959466457367">
				<ele>1832.800048828125</ele>
				<time>2026-06-27T09:02:38Z</time>
			</trkpt>
			<trkpt lat="46.369972348213196" lon="10.6496022939682">
				<ele>1833.800048828125</ele>
				<time>2026-06-27T09:03:40Z</time>
			</trkpt>
			<trkpt lat="46.369972229003906" lon="10.649608850479126">
				<ele>1833.800048828125</ele>
				<time>2026-06-27T09:04:32Z</time>
			</trkpt>
			<trkpt lat="46.36997306346893" lon="10.649616718292236">
				<ele>1834.0</ele>
				<time>2026-06-27T09:05:31Z</time>
			</trkpt>
			<trkpt lat="46.36997175216675" lon="10.649635791778564">
				<ele>1833.800048828125</ele>
				<time>2026-06-27T09:06:38Z</time>
			</trkpt>
			<trkpt lat="46.36996948719025" lon="10.649652600288391">
				<ele>1833.800048828125</ele>
				<time>2026-06-27T09:07:10Z</time>
			</trkpt>
			<trkpt lat="46.36996638774872" lon="10.649672389030457">
				<ele>1834.0</ele>
				<time>2026-06-27T09:08:07Z</time>
			</trkpt>
			<trkpt lat="46.369961857795715" lon="10.64967679977417">
				<ele>1834.0</ele>
				<time>2026-06-27T09:08:38Z</time>
			</trkpt>
			<trkpt lat="46.369959473609924" lon="10.64968729019165">
				<ele>1833.800048828125</ele>
				<time>2026-06-27T09:09:20Z</time>
			</trkpt>
			<trkpt lat="46.36995553970337" lon="10.649687886238098">
				<ele>1833.800048828125</ele>
				<time>2026-06-27T09:09:22Z</time>
			</trkpt>
			<trkpt lat="46.369954109191895" lon="10.649671792984009">
				<ele>1833.39990234375</ele>
				<time>2026-06-27T09:09:37Z</time>
			</trkpt>
			<trkpt lat="46.36997663974762" lon="10.649646401405334">
				<ele>1833.199951171875</ele>
				<time>2026-06-27T09:10:04Z</time>
			</trkpt>
			<trkpt lat="46.369974851608276" lon="10.649645805358887">
				<ele>1833.60009765625</ele>
				<time>2026-06-27T09:10:30Z</time>
			</trkpt>
			<trkpt lat="46.36998474597931" lon="10.64967429637909">
				<ele>1834.39990234375</ele>
				<time>2026-06-27T09:10:47Z</time>
			</trkpt>
			<trkpt lat="46.369980812072754" lon="10.64967167377472">
				<ele>1834.800048828125</ele>
				<time>2026-06-27T09:11:01Z</time>
			</trkpt>
			<trkpt lat="46.369925141334534" lon="10.649558305740356">
				<ele>1835.199951171875</ele>
				<time>2026-06-27T09:11:13Z</time>
			</trkpt>
			<trkpt lat="46.36991846561432" lon="10.64954698085785">
				<ele>1835.199951171875</ele>
				<time>2026-06-27T09:11:14Z</time>
			</trkpt>
			<trkpt lat="46.36991822719574" lon="10.64953088760376">
				<ele>1835.199951171875</ele>
				<time>2026-06-27T09:11:15Z</time>
			</trkpt>
			<trkpt lat="46.369917035102844" lon="10.64951479434967">
				<ele>1835.199951171875</ele>
				<time>2026-06-27T09:11:16Z</time>
			</trkpt>
			<trkpt lat="46.36989891529083" lon="10.649450778961182">
				<ele>1835.0</ele>
				<time>2026-06-27T09:11:21Z</time>
			</trkpt>
			<trkpt lat="46.369895458221436" lon="10.649436354637146">
				<ele>1835.0</ele>
				<time>2026-06-27T09:11:22Z</time>
			</trkpt>
			<trkpt lat="46.36988937854767" lon="10.649422526359558">
				<ele>1835.0</ele>
				<time>2026-06-27T09:11:23Z</time>
			</trkpt>
			<trkpt lat="46.36988365650177" lon="10.649410605430603">
				<ele>1835.0</ele>
				<time>2026-06-27T09:11:24Z</time>
			</trkpt>
			<trkpt lat="46.36987745761871" lon="10.64939820766449">
				<ele>1835.0</ele>
				<time>2026-06-27T09:11:25Z</time>
			</trkpt>
			<trkpt lat="46.369874119758606" lon="10.649388194084167">
				<ele>1834.800048828125</ele>
				<time>2026-06-27T09:11:26Z</time>
			</trkpt>
			<trkpt lat="46.36983036994934" lon="10.64925479888916">
				<ele>1835.39990234375</ele>
				<time>2026-06-27T09:11:40Z</time>
			</trkpt>
			<trkpt lat="46.36979162693024" lon="10.649211049079895">
				<ele>1836.60009765625</ele>
				<time>2026-06-27T09:11:56Z</time>
			</trkpt>
			<trkpt lat="46.36979413032532" lon="10.649211049079895">
				<ele>1838.0</ele>
				<time>2026-06-27T09:12:15Z</time>
			</trkpt>
			<trkpt lat="46.369810700416565" lon="10.649165511131287">
				<ele>1839.0</ele>
				<time>2026-06-27T09:12:29Z</time>
			</trkpt>
			<trkpt lat="46.369839906692505" lon="10.649138450622559">
				<ele>1840.800048828125</ele>
				<time>2026-06-27T09:12:47Z</time>
			</trkpt>
			<trkpt lat="46.369812965393066" lon="10.64914321899414">
				<ele>1841.199951171875</ele>
				<time>2026-06-27T09:13:04Z</time>
			</trkpt>
			<trkpt lat="46.36973595619202" lon="10.649083614349365">
				<ele>1840.199951171875</ele>
				<time>2026-06-27T09:13:14Z</time>
			</trkpt>
			<trkpt lat="46.36973285675049" lon="10.649080276489258">
				<ele>1840.199951171875</ele>
				<time>2026-06-27T09:13:15Z</time>
			</trkpt>
			<trkpt lat="46.36972951889038" lon="10.649065732955933">
				<ele>1840.0</ele>
				<time>2026-06-27T09:13:16Z</time>
			</trkpt>
			<trkpt lat="46.36972177028656" lon="10.649052023887634">
				<ele>1839.800048828125</ele>
				<time>2026-06-27T09:13:17Z</time>
			</trkpt>
			<trkpt lat="46.369630217552185" lon="10.648895859718323">
				<ele>1839.800048828125</ele>
				<time>2026-06-27T09:13:30Z</time>
			</trkpt>
			<trkpt lat="46.369590282440186" lon="10.648793816566467">
				<ele>1841.0</ele>
				<time>2026-06-27T09:13:41Z</time>
			</trkpt>
			<trkpt lat="46.369590640068054" lon="10.648779153823853">
				<ele>1841.0</ele>
				<time>2026-06-27T09:13:42Z</time>
			</trkpt>
			<trkpt lat="46.369571924209595" lon="10.648643016815186">
				<ele>1842.0</ele>
				<time>2026-06-27T09:13:53Z</time>
			</trkpt>
			<trkpt lat="46.36952555179596" lon="10.648612380027771">
				<ele>1843.39990234375</ele>
				<time>2026-06-27T09:14:09Z</time>
			</trkpt>
			<trkpt lat="46.369510650634766" lon="10.648634791374207">
				<ele>1844.0</ele>
				<time>2026-06-27T09:14:27Z</time>
			</trkpt>
			<trkpt lat="46.36950242519379" lon="10.64865231513977">
				<ele>1844.199951171875</ele>
				<time>2026-06-27T09:14:53Z</time>
			</trkpt>
			<trkpt lat="46.369486927986145" lon="10.648523211479187">
				<ele>1845.199951171875</ele>
				<time>2026-06-27T09:15:09Z</time>
			</trkpt>
			<trkpt lat="46.36944091320038" lon="10.648427486419678">
				<ele>1846.39990234375</ele>
				<time>2026-06-27T09:15:24Z</time>
			</trkpt>
			<trkpt lat="46.36942958831787" lon="10.648425698280334">
				<ele>1846.39990234375</ele>
				<time>2026-06-27T09:15:25Z</time>
			</trkpt>
			<trkpt lat="46.36941754817963" lon="10.648426413536072">
				<ele>1846.39990234375</ele>
				<time>2026-06-27T09:15:26Z</time>
			</trkpt>
			<trkpt lat="46.3694064617157" lon="10.648426175117493">
				<ele>1846.39990234375</ele>
				<time>2026-06-27T09:15:27Z</time>
			</trkpt>
			<trkpt lat="46.369397044181824" lon="10.648420333862305">
				<ele>1846.60009765625</ele>
				<time>2026-06-27T09:15:28Z</time>
			</trkpt>
			<trkpt lat="46.36936128139496" lon="10.648404240608215">
				<ele>1846.60009765625</ele>
				<time>2026-06-27T09:15:32Z</time>
			</trkpt>
			<trkpt lat="46.369219064712524" lon="10.648422241210938">
				<ele>1847.0</ele>
				<time>2026-06-27T09:15:46Z</time>
			</trkpt>
			<trkpt lat="46.36920666694641" lon="10.648424983024597">
				<ele>1847.0</ele>
				<time>2026-06-27T09:15:47Z</time>
			</trkpt>
			<trkpt lat="46.36899197101593" lon="10.648520112037659">
				<ele>1846.0</ele>
				<time>2026-06-27T09:16:06Z</time>
			</trkpt>
			<trkpt lat="46.36899769306183" lon="10.648547291755676">
				<ele>1846.0</ele>
				<time>2026-06-27T09:16:29Z</time>
			</trkpt>
			<trkpt lat="46.36896598339081" lon="10.648540258407593">
				<ele>1846.199951171875</ele>
				<time>2026-06-27T09:16:42Z</time>
			</trkpt>
			<trkpt lat="46.36894631385803" lon="10.648536801338196">
				<ele>1846.199951171875</ele>
				<time>2026-06-27T09:16:44Z</time>
			</trkpt>
			<trkpt lat="46.36887538433075" lon="10.648545384407043">
				<ele>1846.199951171875</ele>
				<time>2026-06-27T09:16:51Z</time>
			</trkpt>
			<trkpt lat="46.368865847587585" lon="10.648550868034363">
				<ele>1846.199951171875</ele>
				<time>2026-06-27T09:16:52Z</time>
			</trkpt>
			<trkpt lat="46.368855595588684" lon="10.648554921150208">
				<ele>1846.199951171875</ele>
				<time>2026-06-27T09:16:53Z</time>
			</trkpt>
			<trkpt lat="46.368844866752625" lon="10.648553967475891">
				<ele>1846.199951171875</ele>
				<time>2026-06-27T09:16:54Z</time>
			</trkpt>
			<trkpt lat="46.368833780288696" lon="10.648549318313599">
				<ele>1846.199951171875</ele>
				<time>2026-06-27T09:16:55Z</time>
			</trkpt>
			<trkpt lat="46.368823289871216" lon="10.648545622825623">
				<ele>1846.0</ele>
				<time>2026-06-27T09:16:56Z</time>
			</trkpt>
			<trkpt lat="46.36866581439972" lon="10.64856731891632">
				<ele>1845.60009765625</ele>
				<time>2026-06-27T09:17:09Z</time>
			</trkpt>
			<trkpt lat="46.368536591529846" lon="10.648587107658386">
				<ele>1846.0</ele>
				<time>2026-06-27T09:17:20Z</time>
			</trkpt>
			<trkpt lat="46.3685245513916" lon="10.64858603477478">
				<ele>1846.0</ele>
				<time>2026-06-27T09:17:21Z</time>
			</trkpt>
			<trkpt lat="46.36851179599762" lon="10.648585319519043">
				<ele>1846.0</ele>
				<time>2026-06-27T09:17:22Z</time>
			</trkpt>
			<trkpt lat="46.368499875068665" lon="10.648583889007568">
				<ele>1846.0</ele>
				<time>2026-06-27T09:17:23Z</time>
			</trkpt>
			<trkpt lat="46.368486642837524" lon="10.648579239845276">
				<ele>1846.199951171875</ele>
				<time>2026-06-27T09:17:24Z</time>
			</trkpt>
			<trkpt lat="46.36847448348999" lon="10.648571491241455">
				<ele>1846.199951171875</ele>
				<time>2026-06-27T09:17:25Z</time>
			</trkpt>
			<trkpt lat="46.368462920188904" lon="10.64856469631195">
				<ele>1846.199951171875</ele>
				<time>2026-06-27T09:17:26Z</time>
			</trkpt>
			<trkpt lat="46.36845064163208" lon="10.648559927940369">
				<ele>1846.199951171875</ele>
				<time>2026-06-27T09:17:27Z</time>
			</trkpt>
			<trkpt lat="46.36829149723053" lon="10.648589849472046">
				<ele>1846.39990234375</ele>
				<time>2026-06-27T09:17:42Z</time>
			</trkpt>
			<trkpt lat="46.36812424659729" lon="10.648619771003723">
				<ele>1847.0</ele>
				<time>2026-06-27T09:17:56Z</time>
			</trkpt>
			<trkpt lat="46.36800134181976" lon="10.648579120635986">
				<ele>1847.39990234375</ele>
				<time>2026-06-27T09:18:11Z</time>
			</trkpt>
			<trkpt lat="46.3679758310318" lon="10.648586511611938">
				<ele>1847.800048828125</ele>
				<time>2026-06-27T09:18:18Z</time>
			</trkpt>
			<trkpt lat="46.36796510219574" lon="10.64858889579773">
				<ele>1847.800048828125</ele>
				<time>2026-06-27T09:18:19Z</time>
			</trkpt>
			<trkpt lat="46.367953300476074" lon="10.648590564727783">
				<ele>1848.0</ele>
				<time>2026-06-27T09:18:20Z</time>
			</trkpt>
			<trkpt lat="46.36794197559357" lon="10.648590087890625">
				<ele>1848.0</ele>
				<time>2026-06-27T09:18:21Z</time>
			</trkpt>
			<trkpt lat="46.36777138710022" lon="10.648579835891724">
				<ele>1848.39990234375</ele>
				<time>2026-06-27T09:18:39Z</time>
			</trkpt>
			<trkpt lat="46.36755812168121" lon="10.64852237701416">
				<ele>1846.0</ele>
				<time>2026-06-27T09:18:58Z</time>
			</trkpt>
			<trkpt lat="46.36737787723541" lon="10.648480296134949">
				<ele>1845.800048828125</ele>
				<time>2026-06-27T09:19:14Z</time>
			</trkpt>
			<trkpt lat="46.36722373962402" lon="10.64848268032074">
				<ele>1847.0</ele>
				<time>2026-06-27T09:19:29Z</time>
			</trkpt>
			<trkpt lat="46.36704707145691" lon="10.648460149765015">
				<ele>1845.800048828125</ele>
				<time>2026-06-27T09:19:47Z</time>
			</trkpt>
			<trkpt lat="46.36699974536896" lon="10.648455142974854">
				<ele>1845.39990234375</ele>
				<time>2026-06-27T09:19:51Z</time>
			</trkpt>
			<trkpt lat="46.36698782444" lon="10.648455023765564">
				<ele>1845.39990234375</ele>
				<time>2026-06-27T09:19:52Z</time>
			</trkpt>
			<trkpt lat="46.36697721481323" lon="10.648452997207642">
				<ele>1845.199951171875</ele>
				<time>2026-06-27T09:19:53Z</time>
			</trkpt>
			<trkpt lat="46.36686038970947" lon="10.64843225479126">
				<ele>1844.199951171875</ele>
				<time>2026-06-27T09:20:08Z</time>
			</trkpt>
			<trkpt lat="46.366843700408936" lon="10.648425221443176">
				<ele>1844.199951171875</ele>
				<time>2026-06-27T09:20:39Z</time>
			</trkpt>
			<trkpt lat="46.366795897483826" lon="10.64845609664917">
				<ele>1844.199951171875</ele>
				<time>2026-06-27T09:21:00Z</time>
			</trkpt>
			<trkpt lat="46.36678755283356" lon="10.648464560508728">
				<ele>1844.199951171875</ele>
				<time>2026-06-27T09:21:01Z</time>
			</trkpt>
			<trkpt lat="46.36665987968445" lon="10.648578524589539">
				<ele>1842.60009765625</ele>
				<time>2026-06-27T09:21:18Z</time>
			</trkpt>
			<trkpt lat="46.36652755737305" lon="10.648683905601501">
				<ele>1841.800048828125</ele>
				<time>2026-06-27T09:21:34Z</time>
			</trkpt>
			<trkpt lat="46.366416215896606" lon="10.648756980895996">
				<ele>1840.60009765625</ele>
				<time>2026-06-27T09:21:46Z</time>
			</trkpt>
			<trkpt lat="46.36640453338623" lon="10.648759841918945">
				<ele>1840.39990234375</ele>
				<time>2026-06-27T09:21:47Z</time>
			</trkpt>
			<trkpt lat="46.366238951683044" lon="10.648749947547913">
				<ele>1838.39990234375</ele>
				<time>2026-06-27T09:22:04Z</time>
			</trkpt>
			<trkpt lat="46.366217374801636" lon="10.648755073547363">
				<ele>1837.800048828125</ele>
				<time>2026-06-27T09:22:07Z</time>
			</trkpt>
			<trkpt lat="46.36620795726776" lon="10.64875841140747">
				<ele>1837.60009765625</ele>
				<time>2026-06-27T09:22:08Z</time>
			</trkpt>
			<trkpt lat="46.366172790527344" lon="10.6487717628479">
				<ele>1837.0</ele>
				<time>2026-06-27T09:22:12Z</time>
			</trkpt>
			<trkpt lat="46.36613869667053" lon="10.648801684379578">
				<ele>1836.39990234375</ele>
				<time>2026-06-27T09:22:16Z</time>
			</trkpt>
			<trkpt lat="46.366130232810974" lon="10.648808240890503">
				<ele>1836.199951171875</ele>
				<time>2026-06-27T09:22:17Z</time>
			</trkpt>
			<trkpt lat="46.365946531295776" lon="10.648945450782776">
				<ele>1834.39990234375</ele>
				<time>2026-06-27T09:22:35Z</time>
			</trkpt>
			<trkpt lat="46.36589765548706" lon="10.648972511291504">
				<ele>1833.800048828125</ele>
				<time>2026-06-27T09:22:40Z</time>
			</trkpt>
			<trkpt lat="46.36571991443634" lon="10.648972868919373">
				<ele>1832.60009765625</ele>
				<time>2026-06-27T09:22:59Z</time>
			</trkpt>
			<trkpt lat="46.36566245555878" lon="10.648905396461487">
				<ele>1832.0</ele>
				<time>2026-06-27T09:23:19Z</time>
			</trkpt>
			<trkpt lat="46.365654706954956" lon="10.648894548416138">
				<ele>1832.0</ele>
				<time>2026-06-27T09:23:20Z</time>
			</trkpt>
			<trkpt lat="46.36557722091675" lon="10.648752212524414">
				<ele>1832.800048828125</ele>
				<time>2026-06-27T09:23:40Z</time>
			</trkpt>
			<trkpt lat="46.36556041240692" lon="10.648776531219482">
				<ele>1833.60009765625</ele>
				<time>2026-06-27T09:24:08Z</time>
			</trkpt>
			<trkpt lat="46.36554777622223" lon="10.648806810379028">
				<ele>1833.60009765625</ele>
				<time>2026-06-27T09:24:46Z</time>
			</trkpt>
			<trkpt lat="46.36549687385559" lon="10.648681163787842">
				<ele>1833.39990234375</ele>
				<time>2026-06-27T09:25:05Z</time>
			</trkpt>
			<trkpt lat="46.365498661994934" lon="10.648662090301514">
				<ele>1833.39990234375</ele>
				<time>2026-06-27T09:25:06Z</time>
			</trkpt>
			<trkpt lat="46.36549890041351" lon="10.64864182472229">
				<ele>1833.39990234375</ele>
				<time>2026-06-27T09:25:07Z</time>
			</trkpt>
			<trkpt lat="46.36550009250641" lon="10.648605823516846">
				<ele>1833.199951171875</ele>
				<time>2026-06-27T09:25:09Z</time>
			</trkpt>
			<trkpt lat="46.36550211906433" lon="10.648584842681885">
				<ele>1833.0</ele>
				<time>2026-06-27T09:25:10Z</time>
			</trkpt>
			<trkpt lat="46.36550974845886" lon="10.648487210273743">
				<ele>1832.39990234375</ele>
				<time>2026-06-27T09:25:25Z</time>
			</trkpt>
			<trkpt lat="46.365538120269775" lon="10.648268580436707">
				<ele>1830.60009765625</ele>
				<time>2026-06-27T09:25:43Z</time>
			</trkpt>
			<trkpt lat="46.365527391433716" lon="10.64823853969574">
				<ele>1829.39990234375</ele>
				<time>2026-06-27T09:26:09Z</time>
			</trkpt>
			<trkpt lat="46.365517020225525" lon="10.648223519325256">
				<ele>1828.60009765625</ele>
				<time>2026-06-27T09:26:25Z</time>
			</trkpt>
			<trkpt lat="46.365482330322266" lon="10.648348212242126">
				<ele>1826.60009765625</ele>
				<time>2026-06-27T09:26:40Z</time>
			</trkpt>
			<trkpt lat="46.36543095111847" lon="10.648377180099487">
				<ele>1823.60009765625</ele>
				<time>2026-06-27T09:27:02Z</time>
			</trkpt>
			<trkpt lat="46.36542093753815" lon="10.6483713388443">
				<ele>1823.60009765625</ele>
				<time>2026-06-27T09:27:23Z</time>
			</trkpt>
			<trkpt lat="46.365400433540344" lon="10.648372173309326">
				<ele>1822.60009765625</ele>
				<time>2026-06-27T09:27:47Z</time>
			</trkpt>
			<trkpt lat="46.36537027359009" lon="10.64835798740387">
				<ele>1821.0</ele>
				<time>2026-06-27T09:28:03Z</time>
			</trkpt>
			<trkpt lat="46.365402698516846" lon="10.648172497749329">
				<ele>1818.39990234375</ele>
				<time>2026-06-27T09:28:20Z</time>
			</trkpt>
			<trkpt lat="46.36540615558624" lon="10.648155331611633">
				<ele>1818.199951171875</ele>
				<time>2026-06-27T09:28:21Z</time>
			</trkpt>
			<trkpt lat="46.36543035507202" lon="10.647934317588806">
				<ele>1816.60009765625</ele>
				<time>2026-06-27T09:28:35Z</time>
			</trkpt>
			<trkpt lat="46.365442633628845" lon="10.647905349731445">
				<ele>1816.39990234375</ele>
				<time>2026-06-27T09:28:37Z</time>
			</trkpt>
			<trkpt lat="46.3654465675354" lon="10.647886991500854">
				<ele>1816.39990234375</ele>
				<time>2026-06-27T09:28:38Z</time>
			</trkpt>
			<trkpt lat="46.3654500246048" lon="10.647869229316711">
				<ele>1816.39990234375</ele>
				<time>2026-06-27T09:28:39Z</time>
			</trkpt>
			<trkpt lat="46.3654522895813" lon="10.647854924201965">
				<ele>1816.199951171875</ele>
				<time>2026-06-27T09:28:40Z</time>
			</trkpt>
			<trkpt lat="46.365453362464905" lon="10.647824764251709">
				<ele>1816.199951171875</ele>
				<time>2026-06-27T09:28:42Z</time>
			</trkpt>
			<trkpt lat="46.36545550823212" lon="10.647806406021118">
				<ele>1816.199951171875</ele>
				<time>2026-06-27T09:28:43Z</time>
			</trkpt>
			<trkpt lat="46.36545741558075" lon="10.647787928581238">
				<ele>1816.199951171875</ele>
				<time>2026-06-27T09:28:44Z</time>
			</trkpt>
			<trkpt lat="46.365461587905884" lon="10.647772789001465">
				<ele>1816.199951171875</ele>
				<time>2026-06-27T09:28:45Z</time>
			</trkpt>
			<trkpt lat="46.36546540260315" lon="10.647758722305298">
				<ele>1816.199951171875</ele>
				<time>2026-06-27T09:28:46Z</time>
			</trkpt>
			<trkpt lat="46.36555564403534" lon="10.6475350856781">
				<ele>1816.199951171875</ele>
				<time>2026-06-27T09:29:02Z</time>
			</trkpt>
			<trkpt lat="46.36556351184845" lon="10.647526025772095">
				<ele>1816.199951171875</ele>
				<time>2026-06-27T09:29:03Z</time>
			</trkpt>
			<trkpt lat="46.365599155426025" lon="10.64746904373169">
				<ele>1816.0</ele>
				<time>2026-06-27T09:29:08Z</time>
			</trkpt>
			<trkpt lat="46.3656280040741" lon="10.64735209941864">
				<ele>1815.39990234375</ele>
				<time>2026-06-27T09:29:16Z</time>
			</trkpt>
			<trkpt lat="46.365654706954956" lon="10.647316336631775">
				<ele>1815.0</ele>
				<time>2026-06-27T09:29:20Z</time>
			</trkpt>
			<trkpt lat="46.36566460132599" lon="10.647302985191345">
				<ele>1815.0</ele>
				<time>2026-06-27T09:29:21Z</time>
			</trkpt>
			<trkpt lat="46.365684151649475" lon="10.647239327430725">
				<ele>1814.800048828125</ele>
				<time>2026-06-27T09:29:25Z</time>
			</trkpt>
			<trkpt lat="46.36568474769592" lon="10.647219896316528">
				<ele>1814.800048828125</ele>
				<time>2026-06-27T09:29:26Z</time>
			</trkpt>
			<trkpt lat="46.36569046974182" lon="10.647204160690308">
				<ele>1814.800048828125</ele>
				<time>2026-06-27T09:29:27Z</time>
			</trkpt>
			<trkpt lat="46.365689754486084" lon="10.647120356559753">
				<ele>1814.800048828125</ele>
				<time>2026-06-27T09:29:32Z</time>
			</trkpt>
			<trkpt lat="46.365721702575684" lon="10.646982789039612">
				<ele>1814.39990234375</ele>
				<time>2026-06-27T09:29:45Z</time>
			</trkpt>
			<trkpt lat="46.36575376987457" lon="10.64693284034729">
				<ele>1813.39990234375</ele>
				<time>2026-06-27T09:29:50Z</time>
			</trkpt>
			<trkpt lat="46.36576497554779" lon="10.646924138069153">
				<ele>1813.199951171875</ele>
				<time>2026-06-27T09:29:51Z</time>
			</trkpt>
			<trkpt lat="46.36577606201172" lon="10.64691424369812">
				<ele>1813.0</ele>
				<time>2026-06-27T09:29:52Z</time>
			</trkpt>
			<trkpt lat="46.36578381061554" lon="10.646901845932007">
				<ele>1812.800048828125</ele>
				<time>2026-06-27T09:29:53Z</time>
			</trkpt>
			<trkpt lat="46.36579215526581" lon="10.646894693374634">
				<ele>1812.60009765625</ele>
				<time>2026-06-27T09:29:54Z</time>
			</trkpt>
			<trkpt lat="46.36580193042755" lon="10.646888732910156">
				<ele>1812.39990234375</ele>
				<time>2026-06-27T09:29:55Z</time>
			</trkpt>
			<trkpt lat="46.36581218242645" lon="10.646882176399231">
				<ele>1812.39990234375</ele>
				<time>2026-06-27T09:29:56Z</time>
			</trkpt>
			<trkpt lat="46.36592948436737" lon="10.64666211605072">
				<ele>1810.800048828125</ele>
				<time>2026-06-27T09:30:13Z</time>
			</trkpt>
			<trkpt lat="46.36595296859741" lon="10.64657199382782">
				<ele>1809.39990234375</ele>
				<time>2026-06-27T09:30:32Z</time>
			</trkpt>
			<trkpt lat="46.36595022678375" lon="10.646542191505432">
				<ele>1808.199951171875</ele>
				<time>2026-06-27T09:30:55Z</time>
			</trkpt>
			<trkpt lat="46.3659303188324" lon="10.646507740020752">
				<ele>1807.60009765625</ele>
				<time>2026-06-27T09:31:25Z</time>
			</trkpt>
			<trkpt lat="46.36589872837067" lon="10.646625638008118">
				<ele>1807.800048828125</ele>
				<time>2026-06-27T09:31:43Z</time>
			</trkpt>
			<trkpt lat="46.36581218242645" lon="10.646806001663208">
				<ele>1808.800048828125</ele>
				<time>2026-06-27T09:32:00Z</time>
			</trkpt>
			<trkpt lat="46.36580693721771" lon="10.646823167800903">
				<ele>1809.0</ele>
				<time>2026-06-27T09:32:01Z</time>
			</trkpt>
			<trkpt lat="46.36579477787018" lon="10.646848440170288">
				<ele>1809.199951171875</ele>
				<time>2026-06-27T09:32:03Z</time>
			</trkpt>
			<trkpt lat="46.36572003364563" lon="10.646994590759277">
				<ele>1811.0</ele>
				<time>2026-06-27T09:32:19Z</time>
			</trkpt>
			<trkpt lat="46.36568486690521" lon="10.647215127944946">
				<ele>1814.0</ele>
				<time>2026-06-27T09:32:38Z</time>
			</trkpt>
			<trkpt lat="46.36566376686096" lon="10.647278428077698">
				<ele>1814.199951171875</ele>
				<time>2026-06-27T09:32:44Z</time>
			</trkpt>
			<trkpt lat="46.365623235702515" lon="10.647490501403809">
				<ele>1815.0</ele>
				<time>2026-06-27T09:33:01Z</time>
			</trkpt>
			<trkpt lat="46.365575671195984" lon="10.647594451904297">
				<ele>1815.800048828125</ele>
				<time>2026-06-27T09:33:10Z</time>
			</trkpt>
			<trkpt lat="46.365540981292725" lon="10.647647380828857">
				<ele>1816.39990234375</ele>
				<time>2026-06-27T09:33:15Z</time>
			</trkpt>
			<trkpt lat="46.365535259246826" lon="10.647725939750671">
				<ele>1817.0</ele>
				<time>2026-06-27T09:33:31Z</time>
			</trkpt>
			<trkpt lat="46.365511894226074" lon="10.647860169410706">
				<ele>1817.0</ele>
				<time>2026-06-27T09:33:41Z</time>
			</trkpt>
			<trkpt lat="46.3654807806015" lon="10.648097038269043">
				<ele>1816.800048828125</ele>
				<time>2026-06-27T09:33:59Z</time>
			</trkpt>
			<trkpt lat="46.3654522895813" lon="10.648292303085327">
				<ele>1817.800048828125</ele>
				<time>2026-06-27T09:34:14Z</time>
			</trkpt>
			<trkpt lat="46.36540424823761" lon="10.648393034934998">
				<ele>1819.800048828125</ele>
				<time>2026-06-27T09:34:33Z</time>
			</trkpt>
			<trkpt lat="46.36549770832062" lon="10.64837896823883">
				<ele>1822.800048828125</ele>
				<time>2026-06-27T09:34:54Z</time>
			</trkpt>
			<trkpt lat="46.36555063724518" lon="10.648270845413208">
				<ele>1826.0</ele>
				<time>2026-06-27T09:35:09Z</time>
			</trkpt>
			<trkpt lat="46.36558258533478" lon="10.648262858390808">
				<ele>1829.0</ele>
				<time>2026-06-27T09:35:29Z</time>
			</trkpt>
			<trkpt lat="46.365540981292725" lon="10.64839255809784">
				<ele>1832.0</ele>
				<time>2026-06-27T09:35:47Z</time>
			</trkpt>
			<trkpt lat="46.365524888038635" lon="10.64846956729889">
				<ele>1834.199951171875</ele>
				<time>2026-06-27T09:36:05Z</time>
			</trkpt>
			<trkpt lat="46.36548089981079" lon="10.648574233055115">
				<ele>1833.60009765625</ele>
				<time>2026-06-27T09:36:17Z</time>
			</trkpt>
			<trkpt lat="46.36547577381134" lon="10.64858853816986">
				<ele>1833.39990234375</ele>
				<time>2026-06-27T09:36:18Z</time>
			</trkpt>
			<trkpt lat="46.36542272567749" lon="10.648798942565918">
				<ele>1831.60009765625</ele>
				<time>2026-06-27T09:36:36Z</time>
			</trkpt>
			<trkpt lat="46.365328907966614" lon="10.648909568786621">
				<ele>1829.800048828125</ele>
				<time>2026-06-27T09:36:51Z</time>
			</trkpt>
			<trkpt lat="46.36531972885132" lon="10.648922681808472">
				<ele>1829.800048828125</ele>
				<time>2026-06-27T09:36:52Z</time>
			</trkpt>
			<trkpt lat="46.365235805511475" lon="10.649045944213867">
				<ele>1828.0</ele>
				<time>2026-06-27T09:37:05Z</time>
			</trkpt>
			<trkpt lat="46.36524510383606" lon="10.649067878723145">
				<ele>1826.800048828125</ele>
				<time>2026-06-27T09:37:31Z</time>
			</trkpt>
			<trkpt lat="46.36519932746887" lon="10.649078726768494">
				<ele>1826.800048828125</ele>
				<time>2026-06-27T09:37:54Z</time>
			</trkpt>
			<trkpt lat="46.36515200138092" lon="10.649105906486511">
				<ele>1826.39990234375</ele>
				<time>2026-06-27T09:38:05Z</time>
			</trkpt>
			<trkpt lat="46.36514341831207" lon="10.649115800857544">
				<ele>1826.39990234375</ele>
				<time>2026-06-27T09:38:06Z</time>
			</trkpt>
			<trkpt lat="46.365134835243225" lon="10.649125814437866">
				<ele>1826.39990234375</ele>
				<time>2026-06-27T09:38:07Z</time>
			</trkpt>
			<trkpt lat="46.36512637138367" lon="10.649137020111084">
				<ele>1826.39990234375</ele>
				<time>2026-06-27T09:38:08Z</time>
			</trkpt>
			<trkpt lat="46.365010499954224" lon="10.649281740188599">
				<ele>1824.800048828125</ele>
				<time>2026-06-27T09:38:24Z</time>
			</trkpt>
			<trkpt lat="46.36500155925751" lon="10.649289846420288">
				<ele>1824.60009765625</ele>
				<time>2026-06-27T09:38:25Z</time>
			</trkpt>
			<trkpt lat="46.36499381065369" lon="10.649296760559082">
				<ele>1824.60009765625</ele>
				<time>2026-06-27T09:38:26Z</time>
			</trkpt>
			<trkpt lat="46.36485826969147" lon="10.649349331855774">
				<ele>1821.60009765625</ele>
				<time>2026-06-27T09:38:42Z</time>
			</trkpt>
			<trkpt lat="46.364723324775696" lon="10.649394512176514">
				<ele>1818.800048828125</ele>
				<time>2026-06-27T09:38:59Z</time>
			</trkpt>
			<trkpt lat="46.3645623922348" lon="10.649500846862793">
				<ele>1816.60009765625</ele>
				<time>2026-06-27T09:39:19Z</time>
			</trkpt>
			<trkpt lat="46.36440289020538" lon="10.649604320526123">
				<ele>1814.800048828125</ele>
				<time>2026-06-27T09:39:38Z</time>
			</trkpt>
			<trkpt lat="46.364384055137634" lon="10.649612784385681">
				<ele>1814.39990234375</ele>
				<time>2026-06-27T09:39:40Z</time>
			</trkpt>
			<trkpt lat="46.3642144203186" lon="10.649705529212952">
				<ele>1812.199951171875</ele>
				<time>2026-06-27T09:39:57Z</time>
			</trkpt>
			<trkpt lat="46.364174365997314" lon="10.649742603302002">
				<ele>1811.39990234375</ele>
				<time>2026-06-27T09:40:02Z</time>
			</trkpt>
			<trkpt lat="46.364070415496826" lon="10.649880051612854">
				<ele>1809.60009765625</ele>
				<time>2026-06-27T09:40:17Z</time>
			</trkpt>
			<trkpt lat="46.363943219184875" lon="10.650093078613281">
				<ele>1807.60009765625</ele>
				<time>2026-06-27T09:40:35Z</time>
			</trkpt>
			<trkpt lat="46.36384105682373" lon="10.650327324867249">
				<ele>1806.199951171875</ele>
				<time>2026-06-27T09:40:52Z</time>
			</trkpt>
			<trkpt lat="46.36377215385437" lon="10.650474667549133">
				<ele>1804.800048828125</ele>
				<time>2026-06-27T09:41:03Z</time>
			</trkpt>
			<trkpt lat="46.36363911628723" lon="10.650694251060486">
				<ele>1803.60009765625</ele>
				<time>2026-06-27T09:41:21Z</time>
			</trkpt>
			<trkpt lat="46.3636360168457" lon="10.650963544845581">
				<ele>1802.39990234375</ele>
				<time>2026-06-27T09:41:38Z</time>
			</trkpt>
			<trkpt lat="46.36357820034027" lon="10.651220440864563">
				<ele>1802.39990234375</ele>
				<time>2026-06-27T09:41:53Z</time>
			</trkpt>
			<trkpt lat="46.36348497867584" lon="10.651364207267761">
				<ele>1803.199951171875</ele>
				<time>2026-06-27T09:42:07Z</time>
			</trkpt>
			<trkpt lat="46.363417863845825" lon="10.651601195335388">
				<ele>1805.60009765625</ele>
				<time>2026-06-27T09:42:27Z</time>
			</trkpt>
			<trkpt lat="46.36343264579773" lon="10.651606321334839">
				<ele>1805.0</ele>
				<time>2026-06-27T09:42:43Z</time>
			</trkpt>
			<trkpt lat="46.36343502998352" lon="10.651600122451782">
				<ele>1805.800048828125</ele>
				<time>2026-06-27T09:43:19Z</time>
			</trkpt>
			<trkpt lat="46.363452434539795" lon="10.651595115661621">
				<ele>1806.199951171875</ele>
				<time>2026-06-27T09:44:07Z</time>
			</trkpt>
			<trkpt lat="46.36346173286438" lon="10.651580572128296">
				<ele>1806.39990234375</ele>
				<time>2026-06-27T09:45:02Z</time>
			</trkpt>
			<trkpt lat="46.36346697807312" lon="10.651586890220642">
				<ele>1806.39990234375</ele>
				<time>2026-06-27T09:45:43Z</time>
			</trkpt>
			<trkpt lat="46.363457918167114" lon="10.651594996452332">
				<ele>1806.60009765625</ele>
				<time>2026-06-27T09:46:22Z</time>
			</trkpt>
			<trkpt lat="46.363452434539795" lon="10.65159797668457">
				<ele>1806.60009765625</ele>
				<time>2026-06-27T09:47:18Z</time>
			</trkpt>
			<trkpt lat="46.36341428756714" lon="10.651549339294434">
				<ele>1805.800048828125</ele>
				<time>2026-06-27T09:48:08Z</time>
			</trkpt>
			<trkpt lat="46.36339890956879" lon="10.65150499343872">
				<ele>1805.39990234375</ele>
				<time>2026-06-27T09:49:01Z</time>
			</trkpt>
			<trkpt lat="46.36337411403656" lon="10.651492476463318">
				<ele>1805.199951171875</ele>
				<time>2026-06-27T09:49:43Z</time>
			</trkpt>
			<trkpt lat="46.363354325294495" lon="10.651482820510864">
				<ele>1805.199951171875</ele>
				<time>2026-06-27T09:50:28Z</time>
			</trkpt>
			<trkpt lat="46.36333644390106" lon="10.651466012001038">
				<ele>1805.199951171875</ele>
				<time>2026-06-27T09:51:18Z</time>
			</trkpt>
			<trkpt lat="46.363325238227844" lon="10.651479482650757">
				<ele>1805.60009765625</ele>
				<time>2026-06-27T09:51:46Z</time>
			</trkpt>
			<trkpt lat="46.36332678794861" lon="10.651495695114136">
				<ele>1805.39990234375</ele>
				<time>2026-06-27T09:52:12Z</time>
			</trkpt>
			<trkpt lat="46.363338589668274" lon="10.651514291763306">
				<ele>1805.39990234375</ele>
				<time>2026-06-27T09:52:59Z</time>
			</trkpt>
			<trkpt lat="46.36335051059723" lon="10.651532411575317">
				<ele>1805.39990234375</ele>
				<time>2026-06-27T09:53:59Z</time>
			</trkpt>
			<trkpt lat="46.363351702690125" lon="10.651542782783508">
				<ele>1805.39990234375</ele>
				<time>2026-06-27T09:54:42Z</time>
			</trkpt>
			<trkpt lat="46.36331748962402" lon="10.651553750038147">
				<ele>1805.39990234375</ele>
				<time>2026-06-27T09:55:32Z</time>
			</trkpt>
			<trkpt lat="46.36335837841034" lon="10.651580214500427">
				<ele>1805.60009765625</ele>
				<time>2026-06-27T09:56:26Z</time>
			</trkpt>
			<trkpt lat="46.363341212272644" lon="10.651585102081299">
				<ele>1805.60009765625</ele>
				<time>2026-06-27T09:57:02Z</time>
			</trkpt>
			<trkpt lat="46.36332941055298" lon="10.651583790779114">
				<ele>1805.60009765625</ele>
				<time>2026-06-27T09:57:40Z</time>
			</trkpt>
			<trkpt lat="46.363324761390686" lon="10.651585102081299">
				<ele>1805.60009765625</ele>
				<time>2026-06-27T09:58:22Z</time>
			</trkpt>
			<trkpt lat="46.363324880599976" lon="10.651590824127197">
				<ele>1805.60009765625</ele>
				<time>2026-06-27T09:59:05Z</time>
			</trkpt>
			<trkpt lat="46.3633246421814" lon="10.651588201522827">
				<ele>1805.39990234375</ele>
				<time>2026-06-27T09:59:53Z</time>
			</trkpt>
			<trkpt lat="46.36331760883331" lon="10.651584029197693">
				<ele>1805.39990234375</ele>
				<time>2026-06-27T10:00:25Z</time>
			</trkpt>
			<trkpt lat="46.36332440376282" lon="10.65158724784851">
				<ele>1805.39990234375</ele>
				<time>2026-06-27T10:01:09Z</time>
			</trkpt>
			<trkpt lat="46.363327741622925" lon="10.651586651802063">
				<ele>1805.60009765625</ele>
				<time>2026-06-27T10:01:58Z</time>
			</trkpt>
			<trkpt lat="46.36331868171692" lon="10.651590585708618">
				<ele>1805.39990234375</ele>
				<time>2026-06-27T10:02:37Z</time>
			</trkpt>
			<trkpt lat="46.363314151763916" lon="10.651602268218994">
				<ele>1805.199951171875</ele>
				<time>2026-06-27T10:03:13Z</time>
			</trkpt>
			<trkpt lat="46.36330831050873" lon="10.651609063148499">
				<ele>1805.0</ele>
				<time>2026-06-27T10:03:48Z</time>
			</trkpt>
			<trkpt lat="46.363306283950806" lon="10.651611804962158">
				<ele>1805.199951171875</ele>
				<time>2026-06-27T10:04:26Z</time>
			</trkpt>
			<trkpt lat="46.36331045627594" lon="10.651610493659973">
				<ele>1805.0</ele>
				<time>2026-06-27T10:05:05Z</time>
			</trkpt>
			<trkpt lat="46.36330163478851" lon="10.651615142822266">
				<ele>1805.39990234375</ele>
				<time>2026-06-27T10:05:30Z</time>
			</trkpt>
			<trkpt lat="46.36329996585846" lon="10.651630520820618">
				<ele>1805.199951171875</ele>
				<time>2026-06-27T10:05:53Z</time>
			</trkpt>
			<trkpt lat="46.36334836483002" lon="10.651629567146301">
				<ele>1806.0</ele>
				<time>2026-06-27T10:06:08Z</time>
			</trkpt>
			<trkpt lat="46.363401889801025" lon="10.651624202728271">
				<ele>1806.0</ele>
				<time>2026-06-27T10:06:12Z</time>
			</trkpt>
			<trkpt lat="46.36341345310211" lon="10.651623845100403">
				<ele>1806.0</ele>
				<time>2026-06-27T10:06:13Z</time>
			</trkpt>
			<trkpt lat="46.363426208496094" lon="10.651625633239746">
				<ele>1806.0</ele>
				<time>2026-06-27T10:06:14Z</time>
			</trkpt>
			<trkpt lat="46.36343955993652" lon="10.651632070541382">
				<ele>1806.0</ele>
				<time>2026-06-27T10:06:15Z</time>
			</trkpt>
			<trkpt lat="46.36351728439331" lon="10.651699423789978">
				<ele>1805.800048828125</ele>
				<time>2026-06-27T10:06:23Z</time>
			</trkpt>
			<trkpt lat="46.36358940601349" lon="10.651904940605164">
				<ele>1806.199951171875</ele>
				<time>2026-06-27T10:06:39Z</time>
			</trkpt>
			<trkpt lat="46.36363101005554" lon="10.652127623558044">
				<ele>1806.39990234375</ele>
				<time>2026-06-27T10:06:54Z</time>
			</trkpt>
			<trkpt lat="46.36362564563751" lon="10.652188181877136">
				<ele>1805.199951171875</ele>
				<time>2026-06-27T10:07:11Z</time>
			</trkpt>
			<trkpt lat="46.363624572753906" lon="10.652180075645447">
				<ele>1805.39990234375</ele>
				<time>2026-06-27T10:07:32Z</time>
			</trkpt>
			<trkpt lat="46.363624572753906" lon="10.652177214622498">
				<ele>1805.39990234375</ele>
				<time>2026-06-27T10:07:50Z</time>
			</trkpt>
			<trkpt lat="46.36363184452057" lon="10.652175307273865">
				<ele>1805.199951171875</ele>
				<time>2026-06-27T10:08:22Z</time>
			</trkpt>
			<trkpt lat="46.36361038684845" lon="10.652169942855835">
				<ele>1804.800048828125</ele>
				<time>2026-06-27T10:09:00Z</time>
			</trkpt>
			<trkpt lat="46.36363410949707" lon="10.652167081832886">
				<ele>1805.0</ele>
				<time>2026-06-27T10:09:52Z</time>
			</trkpt>
			<trkpt lat="46.36363446712494" lon="10.65216612815857">
				<ele>1805.199951171875</ele>
				<time>2026-06-27T10:10:38Z</time>
			</trkpt>
			<trkpt lat="46.36366009712219" lon="10.65211570262909">
				<ele>1805.39990234375</ele>
				<time>2026-06-27T10:11:30Z</time>
			</trkpt>
			<trkpt lat="46.363680720329285" lon="10.652084231376648">
				<ele>1805.0</ele>
				<time>2026-06-27T10:12:15Z</time>
			</trkpt>
			<trkpt lat="46.36369335651398" lon="10.652062773704529">
				<ele>1805.800048828125</ele>
				<time>2026-06-27T10:12:41Z</time>
			</trkpt>
			<trkpt lat="46.36370301246643" lon="10.652080416679382">
				<ele>1805.60009765625</ele>
				<time>2026-06-27T10:13:01Z</time>
			</trkpt>
			<trkpt lat="46.36370027065277" lon="10.652092218399048">
				<ele>1805.60009765625</ele>
				<time>2026-06-27T10:13:16Z</time>
			</trkpt>
			<trkpt lat="46.36369824409485" lon="10.652135252952576">
				<ele>1805.60009765625</ele>
				<time>2026-06-27T10:13:19Z</time>
			</trkpt>
			<trkpt lat="46.3637261390686" lon="10.652411341667175">
				<ele>1805.0</ele>
				<time>2026-06-27T10:13:36Z</time>
			</trkpt>
			<trkpt lat="46.3638414144516" lon="10.65272569656372">
				<ele>1804.199951171875</ele>
				<time>2026-06-27T10:13:56Z</time>
			</trkpt>
			<trkpt lat="46.363842606544495" lon="10.652760744094849">
				<ele>1804.0</ele>
				<time>2026-06-27T10:13:58Z</time>
			</trkpt>
			<trkpt lat="46.36389076709747" lon="10.652892589569092">
				<ele>1804.199951171875</ele>
				<time>2026-06-27T10:14:07Z</time>
			</trkpt>
			<trkpt lat="46.36400496959686" lon="10.653020024299622">
				<ele>1804.39990234375</ele>
				<time>2026-06-27T10:14:19Z</time>
			</trkpt>
			<trkpt lat="46.36401689052582" lon="10.653031468391418">
				<ele>1804.39990234375</ele>
				<time>2026-06-27T10:14:20Z</time>
			</trkpt>
			<trkpt lat="46.36405301094055" lon="10.653050780296326">
				<ele>1804.199951171875</ele>
				<time>2026-06-27T10:14:24Z</time>
			</trkpt>
			<trkpt lat="46.364062547683716" lon="10.653051376342773">
				<ele>1804.0</ele>
				<time>2026-06-27T10:14:25Z</time>
			</trkpt>
			<trkpt lat="46.36407196521759" lon="10.653054356575012">
				<ele>1804.0</ele>
				<time>2026-06-27T10:14:26Z</time>
			</trkpt>
			<trkpt lat="46.36408352851868" lon="10.653061509132385">
				<ele>1804.0</ele>
				<time>2026-06-27T10:14:27Z</time>
			</trkpt>
			<trkpt lat="46.36409294605255" lon="10.653071641921997">
				<ele>1803.800048828125</ele>
				<time>2026-06-27T10:14:28Z</time>
			</trkpt>
			<trkpt lat="46.36410188674927" lon="10.6530841588974">
				<ele>1803.60009765625</ele>
				<time>2026-06-27T10:14:29Z</time>
			</trkpt>
			<trkpt lat="46.364110469818115" lon="10.653095126152039">
				<ele>1803.60009765625</ele>
				<time>2026-06-27T10:14:30Z</time>
			</trkpt>
			<trkpt lat="46.36412000656128" lon="10.653107047080994">
				<ele>1803.39990234375</ele>
				<time>2026-06-27T10:14:31Z</time>
			</trkpt>
			<trkpt lat="46.36413073539734" lon="10.653120279312134">
				<ele>1803.199951171875</ele>
				<time>2026-06-27T10:14:32Z</time>
			</trkpt>
			<trkpt lat="46.36415386199951" lon="10.65319013595581">
				<ele>1802.800048828125</ele>
				<time>2026-06-27T10:14:37Z</time>
			</trkpt>
			<trkpt lat="46.36415469646454" lon="10.653207778930664">
				<ele>1802.60009765625</ele>
				<time>2026-06-27T10:14:38Z</time>
			</trkpt>
			<trkpt lat="46.364153146743774" lon="10.65322494506836">
				<ele>1802.60009765625</ele>
				<time>2026-06-27T10:14:39Z</time>
			</trkpt>
			<trkpt lat="46.36414909362793" lon="10.653241872787476">
				<ele>1802.60009765625</ele>
				<time>2026-06-27T10:14:40Z</time>
			</trkpt>
			<trkpt lat="46.364145278930664" lon="10.653258562088013">
				<ele>1802.39990234375</ele>
				<time>2026-06-27T10:14:41Z</time>
			</trkpt>
			<trkpt lat="46.364036202430725" lon="10.653473496437073">
				<ele>1802.60009765625</ele>
				<time>2026-06-27T10:14:57Z</time>
			</trkpt>
			<trkpt lat="46.364014863967896" lon="10.653511643409729">
				<ele>1802.800048828125</ele>
				<time>2026-06-27T10:15:00Z</time>
			</trkpt>
			<trkpt lat="46.36401057243347" lon="10.65352725982666">
				<ele>1802.800048828125</ele>
				<time>2026-06-27T10:15:01Z</time>
			</trkpt>
			<trkpt lat="46.36397063732147" lon="10.653611063957214">
				<ele>1803.60009765625</ele>
				<time>2026-06-27T10:15:08Z</time>
			</trkpt>
			<trkpt lat="46.36396551132202" lon="10.653625249862671">
				<ele>1803.800048828125</ele>
				<time>2026-06-27T10:15:09Z</time>
			</trkpt>
			<trkpt lat="46.36385202407837" lon="10.653806328773499">
				<ele>1805.39990234375</ele>
				<time>2026-06-27T10:15:23Z</time>
			</trkpt>
			<trkpt lat="46.363710045814514" lon="10.653980255126953">
				<ele>1805.39990234375</ele>
				<time>2026-06-27T10:15:39Z</time>
			</trkpt>
			<trkpt lat="46.36360514163971" lon="10.65420138835907">
				<ele>1804.60009765625</ele>
				<time>2026-06-27T10:15:55Z</time>
			</trkpt>
			<trkpt lat="46.36349713802338" lon="10.654441475868225">
				<ele>1803.39990234375</ele>
				<time>2026-06-27T10:16:13Z</time>
			</trkpt>
			<trkpt lat="46.36340868473053" lon="10.65465497970581">
				<ele>1801.39990234375</ele>
				<time>2026-06-27T10:16:29Z</time>
			</trkpt>
			<trkpt lat="46.36334550380707" lon="10.654913425445557">
				<ele>1798.800048828125</ele>
				<time>2026-06-27T10:16:47Z</time>
			</trkpt>
			<trkpt lat="46.363285064697266" lon="10.655186414718628">
				<ele>1796.199951171875</ele>
				<time>2026-06-27T10:17:06Z</time>
			</trkpt>
			<trkpt lat="46.3632755279541" lon="10.65530276298523">
				<ele>1794.199951171875</ele>
				<time>2026-06-27T10:17:20Z</time>
			</trkpt>
			<trkpt lat="46.3632789850235" lon="10.655561327934265">
				<ele>1793.199951171875</ele>
				<time>2026-06-27T10:17:42Z</time>
			</trkpt>
			<trkpt lat="46.36327862739563" lon="10.655724883079529">
				<ele>1792.39990234375</ele>
				<time>2026-06-27T10:17:52Z</time>
			</trkpt>
			<trkpt lat="46.36328947544098" lon="10.655739545822144">
				<ele>1792.39990234375</ele>
				<time>2026-06-27T10:17:53Z</time>
			</trkpt>
			<trkpt lat="46.363298535346985" lon="10.65575623512268">
				<ele>1792.199951171875</ele>
				<time>2026-06-27T10:17:54Z</time>
			</trkpt>
			<trkpt lat="46.3633052110672" lon="10.655771851539612">
				<ele>1792.199951171875</ele>
				<time>2026-06-27T10:17:55Z</time>
			</trkpt>
			<trkpt lat="46.36330819129944" lon="10.655786752700806">
				<ele>1792.0</ele>
				<time>2026-06-27T10:17:56Z</time>
			</trkpt>
			<trkpt lat="46.363311886787415" lon="10.655802965164185">
				<ele>1791.800048828125</ele>
				<time>2026-06-27T10:17:57Z</time>
			</trkpt>
			<trkpt lat="46.3633154630661" lon="10.65582025051117">
				<ele>1791.800048828125</ele>
				<time>2026-06-27T10:17:58Z</time>
			</trkpt>
			<trkpt lat="46.3633189201355" lon="10.655836582183838">
				<ele>1791.60009765625</ele>
				<time>2026-06-27T10:17:59Z</time>
			</trkpt>
			<trkpt lat="46.36331021785736" lon="10.655880570411682">
				<ele>1791.0</ele>
				<time>2026-06-27T10:18:02Z</time>
			</trkpt>
			<trkpt lat="46.363308906555176" lon="10.655896782875061">
				<ele>1790.800048828125</ele>
				<time>2026-06-27T10:18:03Z</time>
			</trkpt>
			<trkpt lat="46.36332333087921" lon="10.656022667884827">
				<ele>1790.0</ele>
				<time>2026-06-27T10:18:11Z</time>
			</trkpt>
			<trkpt lat="46.36332416534424" lon="10.656043648719788">
				<ele>1790.0</ele>
				<time>2026-06-27T10:18:12Z</time>
			</trkpt>
			<trkpt lat="46.36332929134369" lon="10.65606439113617">
				<ele>1790.0</ele>
				<time>2026-06-27T10:18:13Z</time>
			</trkpt>
			<trkpt lat="46.363362550735474" lon="10.656307816505432">
				<ele>1789.199951171875</ele>
				<time>2026-06-27T10:18:28Z</time>
			</trkpt>
			<trkpt lat="46.36338222026825" lon="10.656567573547363">
				<ele>1788.39990234375</ele>
				<time>2026-06-27T10:18:45Z</time>
			</trkpt>
			<trkpt lat="46.363354444503784" lon="10.656770944595337">
				<ele>1787.800048828125</ele>
				<time>2026-06-27T10:18:58Z</time>
			</trkpt>
			<trkpt lat="46.36335730552673" lon="10.65704596042633">
				<ele>1786.39990234375</ele>
				<time>2026-06-27T10:19:16Z</time>
			</trkpt>
			<trkpt lat="46.363359332084656" lon="10.65710723400116">
				<ele>1786.0</ele>
				<time>2026-06-27T10:19:20Z</time>
			</trkpt>
			<trkpt lat="46.363394141197205" lon="10.657316088676453">
				<ele>1785.0</ele>
				<time>2026-06-27T10:19:34Z</time>
			</trkpt>
			<trkpt lat="46.36338937282562" lon="10.657526731491089">
				<ele>1784.199951171875</ele>
				<time>2026-06-27T10:19:47Z</time>
			</trkpt>
			<trkpt lat="46.36338126659393" lon="10.657786011695862">
				<ele>1783.199951171875</ele>
				<time>2026-06-27T10:20:03Z</time>
			</trkpt>
			<trkpt lat="46.36337912082672" lon="10.65780222415924">
				<ele>1783.0</ele>
				<time>2026-06-27T10:20:04Z</time>
			</trkpt>
			<trkpt lat="46.36339294910431" lon="10.658077597618103">
				<ele>1781.60009765625</ele>
				<time>2026-06-27T10:20:22Z</time>
			</trkpt>
			<trkpt lat="46.363433599472046" lon="10.658322930335999">
				<ele>1780.199951171875</ele>
				<time>2026-06-27T10:20:38Z</time>
			</trkpt>
			<trkpt lat="46.363476514816284" lon="10.658551335334778">
				<ele>1778.39990234375</ele>
				<time>2026-06-27T10:20:53Z</time>
			</trkpt>
			<trkpt lat="46.36349093914032" lon="10.658754348754883">
				<ele>1777.39990234375</ele>
				<time>2026-06-27T10:21:05Z</time>
			</trkpt>
			<trkpt lat="46.363489508628845" lon="10.658770680427551">
				<ele>1777.199951171875</ele>
				<time>2026-06-27T10:21:06Z</time>
			</trkpt>
			<trkpt lat="46.36348640918732" lon="10.658803939819336">
				<ele>1777.0</ele>
				<time>2026-06-27T10:21:08Z</time>
			</trkpt>
			<trkpt lat="46.363487243652344" lon="10.6588214635849">
				<ele>1777.0</ele>
				<time>2026-06-27T10:21:09Z</time>
			</trkpt>
			<trkpt lat="46.36348617076874" lon="10.6588374376297">
				<ele>1776.800048828125</ele>
				<time>2026-06-27T10:21:10Z</time>
			</trkpt>
			<trkpt lat="46.36347675323486" lon="10.659104824066162">
				<ele>1775.199951171875</ele>
				<time>2026-06-27T10:21:26Z</time>
			</trkpt>
			<trkpt lat="46.363492369651794" lon="10.659328579902649">
				<ele>1773.800048828125</ele>
				<time>2026-06-27T10:21:40Z</time>
			</trkpt>
			<trkpt lat="46.363494515419006" lon="10.659343957901001">
				<ele>1773.800048828125</ele>
				<time>2026-06-27T10:21:41Z</time>
			</trkpt>
			<trkpt lat="46.36351990699768" lon="10.659457325935364">
				<ele>1773.199951171875</ele>
				<time>2026-06-27T10:21:49Z</time>
			</trkpt>
			<trkpt lat="46.36352777481079" lon="10.659472823143005">
				<ele>1773.199951171875</ele>
				<time>2026-06-27T10:21:50Z</time>
			</trkpt>
			<trkpt lat="46.36353361606598" lon="10.65949010848999">
				<ele>1773.0</ele>
				<time>2026-06-27T10:21:51Z</time>
			</trkpt>
			<trkpt lat="46.36366140842438" lon="10.659701228141785">
				<ele>1771.0</ele>
				<time>2026-06-27T10:22:08Z</time>
			</trkpt>
			<trkpt lat="46.363693594932556" lon="10.659785509109497">
				<ele>1770.199951171875</ele>
				<time>2026-06-27T10:22:14Z</time>
			</trkpt>
			<trkpt lat="46.363701581954956" lon="10.659798860549927">
				<ele>1769.800048828125</ele>
				<time>2026-06-27T10:22:15Z</time>
			</trkpt>
			<trkpt lat="46.36370658874512" lon="10.659815788269043">
				<ele>1769.800048828125</ele>
				<time>2026-06-27T10:22:16Z</time>
			</trkpt>
			<trkpt lat="46.36371171474457" lon="10.659831643104553">
				<ele>1769.60009765625</ele>
				<time>2026-06-27T10:22:17Z</time>
			</trkpt>
			<trkpt lat="46.36371910572052" lon="10.659847259521484">
				<ele>1769.39990234375</ele>
				<time>2026-06-27T10:22:18Z</time>
			</trkpt>
			<trkpt lat="46.36384630203247" lon="10.660114884376526">
				<ele>1766.800048828125</ele>
				<time>2026-06-27T10:22:36Z</time>
			</trkpt>
			<trkpt lat="46.36399507522583" lon="10.660295844078064">
				<ele>1765.0</ele>
				<time>2026-06-27T10:22:52Z</time>
			</trkpt>
			<trkpt lat="46.36403560638428" lon="10.660371780395508">
				<ele>1764.60009765625</ele>
				<time>2026-06-27T10:22:58Z</time>
			</trkpt>
			<trkpt lat="46.36403930187225" lon="10.660387396812439">
				<ele>1764.60009765625</ele>
				<time>2026-06-27T10:22:59Z</time>
			</trkpt>
			<trkpt lat="46.36404478549957" lon="10.660402059555054">
				<ele>1764.60009765625</ele>
				<time>2026-06-27T10:23:00Z</time>
			</trkpt>
			<trkpt lat="46.364049792289734" lon="10.66041874885559">
				<ele>1764.60009765625</ele>
				<time>2026-06-27T10:23:01Z</time>
			</trkpt>
			<trkpt lat="46.364057540893555" lon="10.660433053970337">
				<ele>1764.39990234375</ele>
				<time>2026-06-27T10:23:02Z</time>
			</trkpt>
			<trkpt lat="46.364065170288086" lon="10.660447716712952">
				<ele>1764.39990234375</ele>
				<time>2026-06-27T10:23:03Z</time>
			</trkpt>
			<trkpt lat="46.36407160758972" lon="10.660460948944092">
				<ele>1764.39990234375</ele>
				<time>2026-06-27T10:23:04Z</time>
			</trkpt>
			<trkpt lat="46.36407947540283" lon="10.660474419593811">
				<ele>1764.199951171875</ele>
				<time>2026-06-27T10:23:05Z</time>
			</trkpt>
			<trkpt lat="46.36408805847168" lon="10.66048789024353">
				<ele>1764.199951171875</ele>
				<time>2026-06-27T10:23:06Z</time>
			</trkpt>
			<trkpt lat="46.364096999168396" lon="10.660502195358276">
				<ele>1764.199951171875</ele>
				<time>2026-06-27T10:23:07Z</time>
			</trkpt>
			<trkpt lat="46.36410117149353" lon="10.660518050193787">
				<ele>1764.199951171875</ele>
				<time>2026-06-27T10:23:08Z</time>
			</trkpt>
			<trkpt lat="46.36410391330719" lon="10.660534977912903">
				<ele>1764.199951171875</ele>
				<time>2026-06-27T10:23:09Z</time>
			</trkpt>
			<trkpt lat="46.36410737037659" lon="10.660550832748413">
				<ele>1764.0</ele>
				<time>2026-06-27T10:23:10Z</time>
			</trkpt>
			<trkpt lat="46.364113211631775" lon="10.660565972328186">
				<ele>1764.0</ele>
				<time>2026-06-27T10:23:11Z</time>
			</trkpt>
			<trkpt lat="46.364118456840515" lon="10.660579562187195">
				<ele>1764.0</ele>
				<time>2026-06-27T10:23:12Z</time>
			</trkpt>
			<trkpt lat="46.36412727832794" lon="10.6605943441391">
				<ele>1764.0</ele>
				<time>2026-06-27T10:23:13Z</time>
			</trkpt>
			<trkpt lat="46.36420440673828" lon="10.660817623138428">
				<ele>1762.199951171875</ele>
				<time>2026-06-27T10:23:27Z</time>
			</trkpt>
			<trkpt lat="46.36426281929016" lon="10.661098003387451">
				<ele>1760.800048828125</ele>
				<time>2026-06-27T10:23:43Z</time>
			</trkpt>
			<trkpt lat="46.36429500579834" lon="10.661288619041443">
				<ele>1759.60009765625</ele>
				<time>2026-06-27T10:23:55Z</time>
			</trkpt>
			<trkpt lat="46.364296197891235" lon="10.661306023597717">
				<ele>1759.60009765625</ele>
				<time>2026-06-27T10:23:56Z</time>
			</trkpt>
			<trkpt lat="46.36429786682129" lon="10.661322712898254">
				<ele>1759.39990234375</ele>
				<time>2026-06-27T10:23:57Z</time>
			</trkpt>
			<trkpt lat="46.364299297332764" lon="10.661337733268738">
				<ele>1759.39990234375</ele>
				<time>2026-06-27T10:23:58Z</time>
			</trkpt>
			<trkpt lat="46.36430013179779" lon="10.661354064941406">
				<ele>1759.199951171875</ele>
				<time>2026-06-27T10:23:59Z</time>
			</trkpt>
			<trkpt lat="46.36430263519287" lon="10.661373734474182">
				<ele>1759.199951171875</ele>
				<time>2026-06-27T10:24:00Z</time>
			</trkpt>
			<trkpt lat="46.36430490016937" lon="10.661393404006958">
				<ele>1759.0</ele>
				<time>2026-06-27T10:24:01Z</time>
			</trkpt>
			<trkpt lat="46.364307045936584" lon="10.661415100097656">
				<ele>1759.0</ele>
				<time>2026-06-27T10:24:02Z</time>
			</trkpt>
			<trkpt lat="46.36430764198303" lon="10.66143274307251">
				<ele>1759.0</ele>
				<time>2026-06-27T10:24:03Z</time>
			</trkpt>
			<trkpt lat="46.36427164077759" lon="10.661700248718262">
				<ele>1757.39990234375</ele>
				<time>2026-06-27T10:24:19Z</time>
			</trkpt>
			<trkpt lat="46.36425507068634" lon="10.661753296852112">
				<ele>1757.0</ele>
				<time>2026-06-27T10:24:22Z</time>
			</trkpt>
			<trkpt lat="46.364227294921875" lon="10.662032008171082">
				<ele>1756.0</ele>
				<time>2026-06-27T10:24:39Z</time>
			</trkpt>
			<trkpt lat="46.36416256427765" lon="10.662322402000427">
				<ele>1754.0</ele>
				<time>2026-06-27T10:24:56Z</time>
			</trkpt>
			<trkpt lat="46.3640820980072" lon="10.662576794624329">
				<ele>1751.199951171875</ele>
				<time>2026-06-27T10:25:13Z</time>
			</trkpt>
			<trkpt lat="46.36398220062256" lon="10.662795424461365">
				<ele>1748.60009765625</ele>
				<time>2026-06-27T10:25:28Z</time>
			</trkpt>
			<trkpt lat="46.363911747932434" lon="10.663033366203308">
				<ele>1746.39990234375</ele>
				<time>2026-06-27T10:25:41Z</time>
			</trkpt>
			<trkpt lat="46.3637820482254" lon="10.663260102272034">
				<ele>1743.199951171875</ele>
				<time>2026-06-27T10:25:57Z</time>
			</trkpt>
			<trkpt lat="46.36367189884186" lon="10.663501977920532">
				<ele>1740.800048828125</ele>
				<time>2026-06-27T10:26:11Z</time>
			</trkpt>
			<trkpt lat="46.36365187168121" lon="10.663562536239624">
				<ele>1740.0</ele>
				<time>2026-06-27T10:26:15Z</time>
			</trkpt>
			<trkpt lat="46.36364507675171" lon="10.663578033447266">
				<ele>1739.800048828125</ele>
				<time>2026-06-27T10:26:16Z</time>
			</trkpt>
			<trkpt lat="46.363640904426575" lon="10.663595080375671">
				<ele>1739.60009765625</ele>
				<time>2026-06-27T10:26:17Z</time>
			</trkpt>
			<trkpt lat="46.36363697052002" lon="10.663612484931946">
				<ele>1739.39990234375</ele>
				<time>2026-06-27T10:26:18Z</time>
			</trkpt>
			<trkpt lat="46.36363112926483" lon="10.663629293441772">
				<ele>1739.199951171875</ele>
				<time>2026-06-27T10:26:19Z</time>
			</trkpt>
			<trkpt lat="46.36362981796265" lon="10.663647770881653">
				<ele>1739.0</ele>
				<time>2026-06-27T10:26:20Z</time>
			</trkpt>
			<trkpt lat="46.36361289024353" lon="10.663689017295837">
				<ele>1738.60009765625</ele>
				<time>2026-06-27T10:26:23Z</time>
			</trkpt>
			<trkpt lat="46.36360275745392" lon="10.663702964782715">
				<ele>1738.39990234375</ele>
				<time>2026-06-27T10:26:24Z</time>
			</trkpt>
			<trkpt lat="46.36359214782715" lon="10.663719534873962">
				<ele>1738.199951171875</ele>
				<time>2026-06-27T10:26:25Z</time>
			</trkpt>
			<trkpt lat="46.36352062225342" lon="10.66392982006073">
				<ele>1736.0</ele>
				<time>2026-06-27T10:26:37Z</time>
			</trkpt>
			<trkpt lat="46.3634352684021" lon="10.664165139198303">
				<ele>1733.39990234375</ele>
				<time>2026-06-27T10:26:51Z</time>
			</trkpt>
			<trkpt lat="46.36343038082123" lon="10.664180755615234">
				<ele>1733.199951171875</ele>
				<time>2026-06-27T10:26:52Z</time>
			</trkpt>
			<trkpt lat="46.363425731658936" lon="10.664196372032166">
				<ele>1733.0</ele>
				<time>2026-06-27T10:26:53Z</time>
			</trkpt>
			<trkpt lat="46.363425731658936" lon="10.664214015007019">
				<ele>1732.800048828125</ele>
				<time>2026-06-27T10:26:54Z</time>
			</trkpt>
			<trkpt lat="46.363425612449646" lon="10.664231419563293">
				<ele>1732.800048828125</ele>
				<time>2026-06-27T10:26:55Z</time>
			</trkpt>
			<trkpt lat="46.36342513561249" lon="10.664249181747437">
				<ele>1732.60009765625</ele>
				<time>2026-06-27T10:26:56Z</time>
			</trkpt>
			<trkpt lat="46.363423347473145" lon="10.664268612861633">
				<ele>1732.39990234375</ele>
				<time>2026-06-27T10:26:57Z</time>
			</trkpt>
			<trkpt lat="46.36342096328735" lon="10.664291739463806">
				<ele>1732.199951171875</ele>
				<time>2026-06-27T10:26:58Z</time>
			</trkpt>
			<trkpt lat="46.363389015197754" lon="10.664597034454346">
				<ele>1729.199951171875</ele>
				<time>2026-06-27T10:27:14Z</time>
			</trkpt>
			<trkpt lat="46.36339044570923" lon="10.664678812026978">
				<ele>1728.60009765625</ele>
				<time>2026-06-27T10:27:18Z</time>
			</trkpt>
			<trkpt lat="46.36338758468628" lon="10.664697527885437">
				<ele>1728.39990234375</ele>
				<time>2026-06-27T10:27:19Z</time>
			</trkpt>
			<trkpt lat="46.363389015197754" lon="10.664715766906738">
				<ele>1728.199951171875</ele>
				<time>2026-06-27T10:27:20Z</time>
			</trkpt>
			<trkpt lat="46.36338829994202" lon="10.664732456207275">
				<ele>1728.0</ele>
				<time>2026-06-27T10:27:21Z</time>
			</trkpt>
			<trkpt lat="46.36338686943054" lon="10.664748907089233">
				<ele>1727.800048828125</ele>
				<time>2026-06-27T10:27:22Z</time>
			</trkpt>
			<trkpt lat="46.36339199542999" lon="10.66480827331543">
				<ele>1727.39990234375</ele>
				<time>2026-06-27T10:27:25Z</time>
			</trkpt>
			<trkpt lat="46.36339461803436" lon="10.664830207824707">
				<ele>1727.199951171875</ele>
				<time>2026-06-27T10:27:26Z</time>
			</trkpt>
			<trkpt lat="46.36339819431305" lon="10.664849400520325">
				<ele>1727.199951171875</ele>
				<time>2026-06-27T10:27:27Z</time>
			</trkpt>
			<trkpt lat="46.36340367794037" lon="10.664864540100098">
				<ele>1727.0</ele>
				<time>2026-06-27T10:27:28Z</time>
			</trkpt>
			<trkpt lat="46.36340916156769" lon="10.664877772331238">
				<ele>1726.800048828125</ele>
				<time>2026-06-27T10:27:29Z</time>
			</trkpt>
			<trkpt lat="46.363457918167114" lon="10.664925456047058">
				<ele>1726.0</ele>
				<time>2026-06-27T10:27:34Z</time>
			</trkpt>
			<trkpt lat="46.36346793174744" lon="10.664929866790771">
				<ele>1725.800048828125</ele>
				<time>2026-06-27T10:27:35Z</time>
			</trkpt>
			<trkpt lat="46.36347806453705" lon="10.664936780929565">
				<ele>1725.60009765625</ele>
				<time>2026-06-27T10:27:36Z</time>
			</trkpt>
			<trkpt lat="46.363485455513" lon="10.664944887161255">
				<ele>1725.60009765625</ele>
				<time>2026-06-27T10:27:37Z</time>
			</trkpt>
			<trkpt lat="46.363489866256714" lon="10.664961218833923">
				<ele>1725.39990234375</ele>
				<time>2026-06-27T10:27:38Z</time>
			</trkpt>
			<trkpt lat="46.363494634628296" lon="10.664977669715881">
				<ele>1725.199951171875</ele>
				<time>2026-06-27T10:27:39Z</time>
			</trkpt>
			<trkpt lat="46.36350405216217" lon="10.66498863697052">
				<ele>1725.0</ele>
				<time>2026-06-27T10:27:40Z</time>
			</trkpt>
			<trkpt lat="46.36351191997528" lon="10.665001034736633">
				<ele>1724.800048828125</ele>
				<time>2026-06-27T10:27:41Z</time>
			</trkpt>
			<trkpt lat="46.363520860672" lon="10.665011763572693">
				<ele>1724.60009765625</ele>
				<time>2026-06-27T10:27:42Z</time>
			</trkpt>
			<trkpt lat="46.363531827926636" lon="10.665019989013672">
				<ele>1724.39990234375</ele>
				<time>2026-06-27T10:27:43Z</time>
			</trkpt>
			<trkpt lat="46.363556146621704" lon="10.665045857429504">
				<ele>1722.800048828125</ele>
				<time>2026-06-27T10:27:55Z</time>
			</trkpt>
			<trkpt lat="46.363566279411316" lon="10.665053486824036">
				<ele>1722.60009765625</ele>
				<time>2026-06-27T10:27:56Z</time>
			</trkpt>
			<trkpt lat="46.363577246665955" lon="10.665062308311462">
				<ele>1722.60009765625</ele>
				<time>2026-06-27T10:27:57Z</time>
			</trkpt>
			<trkpt lat="46.363587975502014" lon="10.665073275566101">
				<ele>1722.60009765625</ele>
				<time>2026-06-27T10:27:58Z</time>
			</trkpt>
			<trkpt lat="46.36359739303589" lon="10.665085434913635">
				<ele>1722.39990234375</ele>
				<time>2026-06-27T10:27:59Z</time>
			</trkpt>
			<trkpt lat="46.36360824108124" lon="10.665095567703247">
				<ele>1722.199951171875</ele>
				<time>2026-06-27T10:28:00Z</time>
			</trkpt>
			<trkpt lat="46.363619685173035" lon="10.665104627609253">
				<ele>1722.199951171875</ele>
				<time>2026-06-27T10:28:01Z</time>
			</trkpt>
			<trkpt lat="46.363749861717224" lon="10.665289521217346">
				<ele>1720.199951171875</ele>
				<time>2026-06-27T10:28:15Z</time>
			</trkpt>
			<trkpt lat="46.363779187202454" lon="10.665372490882874">
				<ele>1719.199951171875</ele>
				<time>2026-06-27T10:28:20Z</time>
			</trkpt>
			<trkpt lat="46.36378479003906" lon="10.66538953781128">
				<ele>1719.0</ele>
				<time>2026-06-27T10:28:21Z</time>
			</trkpt>
			<trkpt lat="46.363792419433594" lon="10.665412068367004">
				<ele>1718.800048828125</ele>
				<time>2026-06-27T10:28:22Z</time>
			</trkpt>
			<trkpt lat="46.36379861831665" lon="10.665433287620544">
				<ele>1718.39990234375</ele>
				<time>2026-06-27T10:28:23Z</time>
			</trkpt>
			<trkpt lat="46.363799691200256" lon="10.665452003479004">
				<ele>1718.199951171875</ele>
				<time>2026-06-27T10:28:24Z</time>
			</trkpt>
			<trkpt lat="46.36380088329315" lon="10.6654714345932">
				<ele>1718.0</ele>
				<time>2026-06-27T10:28:25Z</time>
			</trkpt>
			<trkpt lat="46.363802790641785" lon="10.66549026966095">
				<ele>1717.800048828125</ele>
				<time>2026-06-27T10:28:26Z</time>
			</trkpt>
			<trkpt lat="46.363800168037415" lon="10.665506482124329">
				<ele>1717.60009765625</ele>
				<time>2026-06-27T10:28:27Z</time>
			</trkpt>
			<trkpt lat="46.36379826068878" lon="10.665523886680603">
				<ele>1717.199951171875</ele>
				<time>2026-06-27T10:28:28Z</time>
			</trkpt>
			<trkpt lat="46.363784074783325" lon="10.665630578994751">
				<ele>1715.800048828125</ele>
				<time>2026-06-27T10:28:34Z</time>
			</trkpt>
			<trkpt lat="46.363778591156006" lon="10.665647029876709">
				<ele>1715.60009765625</ele>
				<time>2026-06-27T10:28:35Z</time>
			</trkpt>
			<trkpt lat="46.36368978023529" lon="10.6659414768219">
				<ele>1712.60009765625</ele>
				<time>2026-06-27T10:28:52Z</time>
			</trkpt>
			<trkpt lat="46.363601088523865" lon="10.666210412979126">
				<ele>1710.0</ele>
				<time>2026-06-27T10:29:07Z</time>
			</trkpt>
			<trkpt lat="46.36358392238617" lon="10.666247129440308">
				<ele>1709.800048828125</ele>
				<time>2026-06-27T10:29:09Z</time>
			</trkpt>
			<trkpt lat="46.36357593536377" lon="10.666263103485107">
				<ele>1709.800048828125</ele>
				<time>2026-06-27T10:29:10Z</time>
			</trkpt>
			<trkpt lat="46.36356985569" lon="10.66628122329712">
				<ele>1709.60009765625</ele>
				<time>2026-06-27T10:29:11Z</time>
			</trkpt>
			<trkpt lat="46.3635014295578" lon="10.666560411453247">
				<ele>1707.199951171875</ele>
				<time>2026-06-27T10:29:26Z</time>
			</trkpt>
			<trkpt lat="46.36349284648895" lon="10.666574001312256">
				<ele>1707.199951171875</ele>
				<time>2026-06-27T10:29:27Z</time>
			</trkpt>
			<trkpt lat="46.36348807811737" lon="10.666593194007874">
				<ele>1707.0</ele>
				<time>2026-06-27T10:29:28Z</time>
			</trkpt>
			<trkpt lat="46.36337351799011" lon="10.666864514350891">
				<ele>1704.39990234375</ele>
				<time>2026-06-27T10:29:44Z</time>
			</trkpt>
			<trkpt lat="46.363224148750305" lon="10.66712999343872">
				<ele>1701.199951171875</ele>
				<time>2026-06-27T10:30:00Z</time>
			</trkpt>
			<trkpt lat="46.36306023597717" lon="10.667311429977417">
				<ele>1698.199951171875</ele>
				<time>2026-06-27T10:30:16Z</time>
			</trkpt>
			<trkpt lat="46.36292493343353" lon="10.667444229125977">
				<ele>1696.39990234375</ele>
				<time>2026-06-27T10:30:29Z</time>
			</trkpt>
			<trkpt lat="46.3627495765686" lon="10.667612314224243">
				<ele>1693.60009765625</ele>
				<time>2026-06-27T10:30:47Z</time>
			</trkpt>
			<trkpt lat="46.36262905597687" lon="10.667722702026367">
				<ele>1691.199951171875</ele>
				<time>2026-06-27T10:30:59Z</time>
			</trkpt>
			<trkpt lat="46.362539172172546" lon="10.667893886566162">
				<ele>1688.800048828125</ele>
				<time>2026-06-27T10:31:12Z</time>
			</trkpt>
			<trkpt lat="46.36267375946045" lon="10.668033123016357">
				<ele>1686.39990234375</ele>
				<time>2026-06-27T10:31:27Z</time>
			</trkpt>
			<trkpt lat="46.36283504962921" lon="10.668153882026672">
				<ele>1683.39990234375</ele>
				<time>2026-06-27T10:31:43Z</time>
			</trkpt>
			<trkpt lat="46.362887024879456" lon="10.668288111686707">
				<ele>1681.199951171875</ele>
				<time>2026-06-27T10:31:53Z</time>
			</trkpt>
			<trkpt lat="46.362887024879456" lon="10.668304681777954">
				<ele>1681.0</ele>
				<time>2026-06-27T10:31:54Z</time>
			</trkpt>
			<trkpt lat="46.36288809776306" lon="10.668323636054993">
				<ele>1680.800048828125</ele>
				<time>2026-06-27T10:31:55Z</time>
			</trkpt>
			<trkpt lat="46.362886905670166" lon="10.668340802192688">
				<ele>1680.60009765625</ele>
				<time>2026-06-27T10:31:56Z</time>
			</trkpt>
			<trkpt lat="46.36288392543793" lon="10.668357729911804">
				<ele>1680.39990234375</ele>
				<time>2026-06-27T10:31:57Z</time>
			</trkpt>
			<trkpt lat="46.36288106441498" lon="10.668374180793762">
				<ele>1680.199951171875</ele>
				<time>2026-06-27T10:31:58Z</time>
			</trkpt>
			<trkpt lat="46.362765192985535" lon="10.668556690216064">
				<ele>1677.0</ele>
				<time>2026-06-27T10:32:13Z</time>
			</trkpt>
			<trkpt lat="46.362759470939636" lon="10.668588876724243">
				<ele>1675.0</ele>
				<time>2026-06-27T10:32:28Z</time>
			</trkpt>
			<trkpt lat="46.3627644777298" lon="10.668593525886536">
				<ele>1675.0</ele>
				<time>2026-06-27T10:32:34Z</time>
			</trkpt>
		</trkseg>
	</trk>
</gpx>
