<?xml version="1.0" encoding="utf-8"?>
<gpx creator="Garmin Explore App" version="1.1" xmlns:adv="http://www.garmin.com/xmlschemas/AdventuresExtensions/v1" xmlns:gpxtpx="http://www.garmin.com/xmlschemas/TrackPointExtension/v1" xmlns:gpxtrx="http://www.garmin.com/xmlschemas/GpxExtensions/v3" xmlns:gpxx="http://www.garmin.com/xmlschemas/GpxExtensions/v3" xmlns:trp="http://www.garmin.com/xmlschemas/TripExtensions/v1" xmlns:wptx1="http://www.garmin.com/xmlschemas/WaypointExtension/v1" xmlns:xsi="http://www.w3.org/2001/XMLSchema-instance" xmlns="http://www.topografix.com/GPX/1/1" xsi:schemaLocation="http://www.topografix.com/GPX/1/1 http://www.topografix.com/GPX/1/1/gpx.xsd http://www.garmin.com/xmlschemas/WaypointExtension/v1 http://www8.garmin.com/xmlschemas/WaypointExtensionv1.xsd http://www.garmin.com/xmlschemas/TrackPointExtension/v1 http://www.garmin.com/xmlschemas/TrackPointExtensionv1.xsd http://www.garmin.com/xmlschemas/GpxExtensions/v3 http://www8.garmin.com/xmlschemas/GpxExtensionsv3.xsd http://www.garmin.com/xmlschemas/ActivityExtension/v1 http://www8.garmin.com/xmlschemas/ActivityExtensionv1.xsd http://www.garmin.com/xmlschemas/AdventuresExtensions/v1 http://www8.garmin.com/xmlschemas/AdventuresExtensionv1.xsd http://www.garmin.com/xmlschemas/PressureExtension/v1 http://www.garmin.com/xmlschemas/PressureExtensionv1.xsd">
	<metadata>
		<name>2026-08-29 15.56.27</name>
		<link href="http://www.garmin.com">
			<text>Garmin International</text>
		</link>
		<time>2026-08-30T08:19:48Z</time>
	</metadata>
	<trk>
		<name>2026-08-29 15.56.27</name>
		<extensions>
			<gpxx:TrackExtension>
				<gpxx:DisplayColor>DarkYellow</gpxx:DisplayColor>
			</gpxx:TrackExtension>
		</extensions>
		<trkseg>
			<trkpt lat="45.808037877082825" lon="11.058210849761963">
				<ele>1616.60009765625</ele>
				<time>2026-08-29T07:55:46Z</time>
			</trkpt>
			<trkpt lat="45.80803740024567" lon="11.058215379714966">
				<ele>1616.60009765625</ele>
				<time>2026-08-29T07:55:47Z</time>
			</trkpt>
			<trkpt lat="45.80790877342224" lon="11.058311223983765">
				<ele>1617.800048828125</ele>
				<time>2026-08-29T07:56:08Z</time>
			</trkpt>
			<trkpt lat="45.8078875541687" lon="11.05832839012146">
				<ele>1617.800048828125</ele>
				<time>2026-08-29T07:56:10Z</time>
			</trkpt>
			<trkpt lat="45.807876110076904" lon="11.058337092399597">
				<ele>1618.0</ele>
				<time>2026-08-29T07:56:11Z</time>
			</trkpt>
			<trkpt lat="45.80786430835724" lon="11.058344721794128">
				<ele>1618.0</ele>
				<time>2026-08-29T07:56:12Z</time>
			</trkpt>
			<trkpt lat="45.80768001079559" lon="11.058390736579895">
				<ele>1619.199951171875</ele>
				<time>2026-08-29T07:56:28Z</time>
			</trkpt>
			<trkpt lat="45.807549476623535" lon="11.058420419692993">
				<ele>1620.800048828125</ele>
				<time>2026-08-29T07:56:41Z</time>
			</trkpt>
			<trkpt lat="45.80752658843994" lon="11.058423638343811">
				<ele>1621.0</ele>
				<time>2026-08-29T07:56:43Z</time>
			</trkpt>
			<trkpt lat="45.807515025138855" lon="11.058425068855286">
				<ele>1621.0</ele>
				<time>2026-08-29T07:56:44Z</time>
			</trkpt>
			<trkpt lat="45.80750334262848" lon="11.058423399925232">
				<ele>1621.199951171875</ele>
				<time>2026-08-29T07:56:45Z</time>
			</trkpt>
			<trkpt lat="45.80748987197876" lon="11.058421015739441">
				<ele>1621.39990234375</ele>
				<time>2026-08-29T07:56:46Z</time>
			</trkpt>
			<trkpt lat="45.80747723579407" lon="11.058421015739441">
				<ele>1621.39990234375</ele>
				<time>2026-08-29T07:56:47Z</time>
			</trkpt>
			<trkpt lat="45.80746567249298" lon="11.058420419692993">
				<ele>1621.60009765625</ele>
				<time>2026-08-29T07:56:48Z</time>
			</trkpt>
			<trkpt lat="45.80745267868042" lon="11.058420896530151">
				<ele>1621.60009765625</ele>
				<time>2026-08-29T07:56:49Z</time>
			</trkpt>
			<trkpt lat="45.807440638542175" lon="11.058423519134521">
				<ele>1621.800048828125</ele>
				<time>2026-08-29T07:56:50Z</time>
			</trkpt>
			<trkpt lat="45.80735206604004" lon="11.058436512947083">
				<ele>1622.800048828125</ele>
				<time>2026-08-29T07:56:58Z</time>
			</trkpt>
			<trkpt lat="45.807340025901794" lon="11.058436155319214">
				<ele>1622.800048828125</ele>
				<time>2026-08-29T07:56:59Z</time>
			</trkpt>
			<trkpt lat="45.80728578567505" lon="11.058444142341614">
				<ele>1623.39990234375</ele>
				<time>2026-08-29T07:57:04Z</time>
			</trkpt>
			<trkpt lat="45.807273626327515" lon="11.058446764945984">
				<ele>1623.60009765625</ele>
				<time>2026-08-29T07:57:05Z</time>
			</trkpt>
			<trkpt lat="45.80726218223572" lon="11.05845034122467">
				<ele>1623.60009765625</ele>
				<time>2026-08-29T07:57:06Z</time>
			</trkpt>
			<trkpt lat="45.80711352825165" lon="11.058522462844849">
				<ele>1625.0</ele>
				<time>2026-08-29T07:57:20Z</time>
			</trkpt>
			<trkpt lat="45.807103991508484" lon="11.058531284332275">
				<ele>1625.0</ele>
				<time>2026-08-29T07:57:21Z</time>
			</trkpt>
			<trkpt lat="45.80702722072601" lon="11.058583617210388">
				<ele>1625.800048828125</ele>
				<time>2026-08-29T07:57:28Z</time>
			</trkpt>
			<trkpt lat="45.80701756477356" lon="11.058595061302185">
				<ele>1625.800048828125</ele>
				<time>2026-08-29T07:57:29Z</time>
			</trkpt>
			<trkpt lat="45.80693507194519" lon="11.0586496591568">
				<ele>1626.60009765625</ele>
				<time>2026-08-29T07:57:37Z</time>
			</trkpt>
			<trkpt lat="45.8069224357605" lon="11.05865228176117">
				<ele>1626.60009765625</ele>
				<time>2026-08-29T07:57:38Z</time>
			</trkpt>
			<trkpt lat="45.80690920352936" lon="11.05865752696991">
				<ele>1626.60009765625</ele>
				<time>2026-08-29T07:57:39Z</time>
			</trkpt>
			<trkpt lat="45.806862473487854" lon="11.05868673324585">
				<ele>1627.199951171875</ele>
				<time>2026-08-29T07:57:43Z</time>
			</trkpt>
			<trkpt lat="45.806851863861084" lon="11.05869734287262">
				<ele>1627.199951171875</ele>
				<time>2026-08-29T07:57:44Z</time>
			</trkpt>
			<trkpt lat="45.806841135025024" lon="11.058704376220703">
				<ele>1627.39990234375</ele>
				<time>2026-08-29T07:57:45Z</time>
			</trkpt>
			<trkpt lat="45.80682981014252" lon="11.058710217475891">
				<ele>1627.39990234375</ele>
				<time>2026-08-29T07:57:46Z</time>
			</trkpt>
			<trkpt lat="45.806817054748535" lon="11.058714032173157">
				<ele>1627.60009765625</ele>
				<time>2026-08-29T07:57:47Z</time>
			</trkpt>
			<trkpt lat="45.80678367614746" lon="11.058730125427246">
				<ele>1628.0</ele>
				<time>2026-08-29T07:57:51Z</time>
			</trkpt>
			<trkpt lat="45.806764006614685" lon="11.058740615844727">
				<ele>1628.199951171875</ele>
				<time>2026-08-29T07:57:53Z</time>
			</trkpt>
			<trkpt lat="45.80675137042999" lon="11.058745622634888">
				<ele>1628.199951171875</ele>
				<time>2026-08-29T07:57:54Z</time>
			</trkpt>
			<trkpt lat="45.80673801898956" lon="11.05875051021576">
				<ele>1628.39990234375</ele>
				<time>2026-08-29T07:57:55Z</time>
			</trkpt>
			<trkpt lat="45.80672585964203" lon="11.058758020401001">
				<ele>1628.60009765625</ele>
				<time>2026-08-29T07:57:56Z</time>
			</trkpt>
			<trkpt lat="45.806713700294495" lon="11.058765411376953">
				<ele>1628.60009765625</ele>
				<time>2026-08-29T07:57:57Z</time>
			</trkpt>
			<trkpt lat="45.80670213699341" lon="11.058771252632141">
				<ele>1628.60009765625</ele>
				<time>2026-08-29T07:57:58Z</time>
			</trkpt>
			<trkpt lat="45.80657994747162" lon="11.058849573135376">
				<ele>1629.199951171875</ele>
				<time>2026-08-29T07:58:09Z</time>
			</trkpt>
			<trkpt lat="45.8065630197525" lon="11.058865904808044">
				<ele>1629.39990234375</ele>
				<time>2026-08-29T07:58:11Z</time>
			</trkpt>
			<trkpt lat="45.8065527677536" lon="11.058873772621155">
				<ele>1629.60009765625</ele>
				<time>2026-08-29T07:58:12Z</time>
			</trkpt>
			<trkpt lat="45.806543946266174" lon="11.058884978294373">
				<ele>1629.800048828125</ele>
				<time>2026-08-29T07:58:13Z</time>
			</trkpt>
			<trkpt lat="45.8065288066864" lon="11.058911442756653">
				<ele>1629.800048828125</ele>
				<time>2026-08-29T07:58:15Z</time>
			</trkpt>
			<trkpt lat="45.80641949176788" lon="11.059082508087158">
				<ele>1631.800048828125</ele>
				<time>2026-08-29T07:58:29Z</time>
			</trkpt>
			<trkpt lat="45.80641233921051" lon="11.05909550189972">
				<ele>1632.0</ele>
				<time>2026-08-29T07:58:30Z</time>
			</trkpt>
			<trkpt lat="45.806405544281006" lon="11.059112071990967">
				<ele>1632.199951171875</ele>
				<time>2026-08-29T07:58:31Z</time>
			</trkpt>
			<trkpt lat="45.80639719963074" lon="11.059126496315002">
				<ele>1632.199951171875</ele>
				<time>2026-08-29T07:58:32Z</time>
			</trkpt>
			<trkpt lat="45.8063884973526" lon="11.059137225151062">
				<ele>1632.39990234375</ele>
				<time>2026-08-29T07:58:33Z</time>
			</trkpt>
			<trkpt lat="45.80637860298157" lon="11.05914855003357">
				<ele>1632.60009765625</ele>
				<time>2026-08-29T07:58:34Z</time>
			</trkpt>
			<trkpt lat="45.8063702583313" lon="11.059163808822632">
				<ele>1632.60009765625</ele>
				<time>2026-08-29T07:58:35Z</time>
			</trkpt>
			<trkpt lat="45.80636262893677" lon="11.059178352355957">
				<ele>1632.800048828125</ele>
				<time>2026-08-29T07:58:36Z</time>
			</trkpt>
			<trkpt lat="45.80635476112366" lon="11.059191226959229">
				<ele>1633.0</ele>
				<time>2026-08-29T07:58:37Z</time>
			</trkpt>
			<trkpt lat="45.80634808540344" lon="11.059205174446106">
				<ele>1633.0</ele>
				<time>2026-08-29T07:58:38Z</time>
			</trkpt>
			<trkpt lat="45.80624783039093" lon="11.059391140937805">
				<ele>1634.800048828125</ele>
				<time>2026-08-29T07:58:53Z</time>
			</trkpt>
			<trkpt lat="45.806209444999695" lon="11.059433698654175">
				<ele>1635.199951171875</ele>
				<time>2026-08-29T07:58:58Z</time>
			</trkpt>
			<trkpt lat="45.806137919425964" lon="11.05945348739624">
				<ele>1637.39990234375</ele>
				<time>2026-08-29T07:59:11Z</time>
			</trkpt>
			<trkpt lat="45.8060907125473" lon="11.059476137161255">
				<ele>1640.0</ele>
				<time>2026-08-29T07:59:24Z</time>
			</trkpt>
			<trkpt lat="45.80605387687683" lon="11.05939507484436">
				<ele>1641.60009765625</ele>
				<time>2026-08-29T07:59:40Z</time>
			</trkpt>
			<trkpt lat="45.80596625804901" lon="11.059346199035645">
				<ele>1644.0</ele>
				<time>2026-08-29T07:59:55Z</time>
			</trkpt>
			<trkpt lat="45.80589294433594" lon="11.059391021728516">
				<ele>1644.199951171875</ele>
				<time>2026-08-29T08:00:10Z</time>
			</trkpt>
			<trkpt lat="45.80588138103485" lon="11.05937933921814">
				<ele>1644.39990234375</ele>
				<time>2026-08-29T08:00:44Z</time>
			</trkpt>
			<trkpt lat="45.80578148365021" lon="11.059333443641663">
				<ele>1642.199951171875</ele>
				<time>2026-08-29T08:01:08Z</time>
			</trkpt>
			<trkpt lat="45.805768847465515" lon="11.059468388557434">
				<ele>1643.199951171875</ele>
				<time>2026-08-29T08:01:22Z</time>
			</trkpt>
			<trkpt lat="45.80578410625458" lon="11.059510707855225">
				<ele>1644.0</ele>
				<time>2026-08-29T08:01:27Z</time>
			</trkpt>
			<trkpt lat="45.805787086486816" lon="11.05952513217926">
				<ele>1644.199951171875</ele>
				<time>2026-08-29T08:01:28Z</time>
			</trkpt>
			<trkpt lat="45.80580472946167" lon="11.059565901756287">
				<ele>1645.0</ele>
				<time>2026-08-29T08:01:32Z</time>
			</trkpt>
			<trkpt lat="45.80583202838898" lon="11.059633016586304">
				<ele>1646.0</ele>
				<time>2026-08-29T08:01:47Z</time>
			</trkpt>
			<trkpt lat="45.80585324764252" lon="11.059662103652954">
				<ele>1645.800048828125</ele>
				<time>2026-08-29T08:02:06Z</time>
			</trkpt>
			<trkpt lat="45.80584979057312" lon="11.059672951698303">
				<ele>1645.39990234375</ele>
				<time>2026-08-29T08:02:47Z</time>
			</trkpt>
			<trkpt lat="45.80584764480591" lon="11.059820652008057">
				<ele>1644.39990234375</ele>
				<time>2026-08-29T08:03:03Z</time>
			</trkpt>
			<trkpt lat="45.80586373806" lon="11.059877395629883">
				<ele>1643.39990234375</ele>
				<time>2026-08-29T08:03:08Z</time>
			</trkpt>
			<trkpt lat="45.80587017536163" lon="11.059891104698181">
				<ele>1643.199951171875</ele>
				<time>2026-08-29T08:03:09Z</time>
			</trkpt>
			<trkpt lat="45.805885553359985" lon="11.059938907623291">
				<ele>1642.60009765625</ele>
				<time>2026-08-29T08:03:13Z</time>
			</trkpt>
			<trkpt lat="45.805887937545776" lon="11.059992551803589">
				<ele>1641.199951171875</ele>
				<time>2026-08-29T08:03:24Z</time>
			</trkpt>
			<trkpt lat="45.805891036987305" lon="11.060007810592651">
				<ele>1641.0</ele>
				<time>2026-08-29T08:03:25Z</time>
			</trkpt>
			<trkpt lat="45.80589175224304" lon="11.060024380683899">
				<ele>1641.0</ele>
				<time>2026-08-29T08:03:26Z</time>
			</trkpt>
			<trkpt lat="45.80588889122009" lon="11.060039758682251">
				<ele>1641.0</ele>
				<time>2026-08-29T08:03:27Z</time>
			</trkpt>
			<trkpt lat="45.805886030197144" lon="11.060054302215576">
				<ele>1641.0</ele>
				<time>2026-08-29T08:03:28Z</time>
			</trkpt>
			<trkpt lat="45.80587351322174" lon="11.0601087808609">
				<ele>1640.39990234375</ele>
				<time>2026-08-29T08:03:44Z</time>
			</trkpt>
			<trkpt lat="45.80583989620209" lon="11.0601966381073">
				<ele>1640.39990234375</ele>
				<time>2026-08-29T08:03:59Z</time>
			</trkpt>
			<trkpt lat="45.80582809448242" lon="11.060235500335693">
				<ele>1640.39990234375</ele>
				<time>2026-08-29T08:04:02Z</time>
			</trkpt>
			<trkpt lat="45.80581223964691" lon="11.060288548469543">
				<ele>1640.39990234375</ele>
				<time>2026-08-29T08:04:06Z</time>
			</trkpt>
			<trkpt lat="45.80581450462341" lon="11.060306310653687">
				<ele>1640.39990234375</ele>
				<time>2026-08-29T08:04:07Z</time>
			</trkpt>
			<trkpt lat="45.805811405181885" lon="11.060322403907776">
				<ele>1640.39990234375</ele>
				<time>2026-08-29T08:04:08Z</time>
			</trkpt>
			<trkpt lat="45.80580985546112" lon="11.060337543487549">
				<ele>1640.60009765625</ele>
				<time>2026-08-29T08:04:09Z</time>
			</trkpt>
			<trkpt lat="45.80580806732178" lon="11.06035304069519">
				<ele>1640.60009765625</ele>
				<time>2026-08-29T08:04:10Z</time>
			</trkpt>
			<trkpt lat="45.80580544471741" lon="11.060368776321411">
				<ele>1640.800048828125</ele>
				<time>2026-08-29T08:04:11Z</time>
			</trkpt>
			<trkpt lat="45.80580544471741" lon="11.060384750366211">
				<ele>1640.800048828125</ele>
				<time>2026-08-29T08:04:12Z</time>
			</trkpt>
			<trkpt lat="45.80579960346222" lon="11.06050968170166">
				<ele>1641.60009765625</ele>
				<time>2026-08-29T08:04:21Z</time>
			</trkpt>
			<trkpt lat="45.80580294132233" lon="11.060525178909302">
				<ele>1641.800048828125</ele>
				<time>2026-08-29T08:04:22Z</time>
			</trkpt>
			<trkpt lat="45.80580508708954" lon="11.060540199279785">
				<ele>1642.0</ele>
				<time>2026-08-29T08:04:23Z</time>
			</trkpt>
			<trkpt lat="45.80580425262451" lon="11.060611844062805">
				<ele>1642.39990234375</ele>
				<time>2026-08-29T08:04:28Z</time>
			</trkpt>
			<trkpt lat="45.80580747127533" lon="11.060680150985718">
				<ele>1643.0</ele>
				<time>2026-08-29T08:04:32Z</time>
			</trkpt>
			<trkpt lat="45.80580461025238" lon="11.060697078704834">
				<ele>1643.199951171875</ele>
				<time>2026-08-29T08:04:33Z</time>
			</trkpt>
			<trkpt lat="45.80580294132233" lon="11.060715198516846">
				<ele>1643.199951171875</ele>
				<time>2026-08-29T08:04:34Z</time>
			</trkpt>
			<trkpt lat="45.805805802345276" lon="11.060776948928833">
				<ele>1644.39990234375</ele>
				<time>2026-08-29T08:04:44Z</time>
			</trkpt>
			<trkpt lat="45.80580449104309" lon="11.06079363822937">
				<ele>1644.39990234375</ele>
				<time>2026-08-29T08:04:45Z</time>
			</trkpt>
			<trkpt lat="45.8058055639267" lon="11.060808658599854">
				<ele>1644.39990234375</ele>
				<time>2026-08-29T08:04:46Z</time>
			</trkpt>
			<trkpt lat="45.80578088760376" lon="11.060886979103088">
				<ele>1645.0</ele>
				<time>2026-08-29T08:05:03Z</time>
			</trkpt>
			<trkpt lat="45.80577552318573" lon="11.060901880264282">
				<ele>1645.0</ele>
				<time>2026-08-29T08:05:04Z</time>
			</trkpt>
			<trkpt lat="45.805699586868286" lon="11.061078310012817">
				<ele>1645.60009765625</ele>
				<time>2026-08-29T08:05:15Z</time>
			</trkpt>
			<trkpt lat="45.80563950538635" lon="11.061110854148865">
				<ele>1646.199951171875</ele>
				<time>2026-08-29T08:05:21Z</time>
			</trkpt>
			<trkpt lat="45.80562877655029" lon="11.061112642288208">
				<ele>1646.39990234375</ele>
				<time>2026-08-29T08:05:22Z</time>
			</trkpt>
			<trkpt lat="45.805617809295654" lon="11.061114192008972">
				<ele>1646.60009765625</ele>
				<time>2026-08-29T08:05:23Z</time>
			</trkpt>
			<trkpt lat="45.805606722831726" lon="11.061119556427002">
				<ele>1646.60009765625</ele>
				<time>2026-08-29T08:05:24Z</time>
			</trkpt>
			<trkpt lat="45.80559539794922" lon="11.06112825870514">
				<ele>1646.60009765625</ele>
				<time>2026-08-29T08:05:25Z</time>
			</trkpt>
			<trkpt lat="45.80558443069458" lon="11.061136245727539">
				<ele>1646.800048828125</ele>
				<time>2026-08-29T08:05:26Z</time>
			</trkpt>
			<trkpt lat="45.805572390556335" lon="11.061142683029175">
				<ele>1647.0</ele>
				<time>2026-08-29T08:05:27Z</time>
			</trkpt>
			<trkpt lat="45.805562138557434" lon="11.061148881912231">
				<ele>1647.0</ele>
				<time>2026-08-29T08:05:28Z</time>
			</trkpt>
			<trkpt lat="45.80555331707001" lon="11.061161041259766">
				<ele>1647.199951171875</ele>
				<time>2026-08-29T08:05:29Z</time>
			</trkpt>
			<trkpt lat="45.8054633140564" lon="11.061259031295776">
				<ele>1648.39990234375</ele>
				<time>2026-08-29T08:05:38Z</time>
			</trkpt>
			<trkpt lat="45.80545139312744" lon="11.061266541481018">
				<ele>1648.39990234375</ele>
				<time>2026-08-29T08:05:39Z</time>
			</trkpt>
			<trkpt lat="45.80543899536133" lon="11.061272978782654">
				<ele>1648.39990234375</ele>
				<time>2026-08-29T08:05:40Z</time>
			</trkpt>
			<trkpt lat="45.80542612075806" lon="11.061279773712158">
				<ele>1648.60009765625</ele>
				<time>2026-08-29T08:05:41Z</time>
			</trkpt>
			<trkpt lat="45.80541372299194" lon="11.06128978729248">
				<ele>1648.60009765625</ele>
				<time>2026-08-29T08:05:42Z</time>
			</trkpt>
			<trkpt lat="45.80538201332092" lon="11.061316132545471">
				<ele>1649.0</ele>
				<time>2026-08-29T08:05:45Z</time>
			</trkpt>
			<trkpt lat="45.805373787879944" lon="11.061328887939453">
				<ele>1649.0</ele>
				<time>2026-08-29T08:05:46Z</time>
			</trkpt>
			<trkpt lat="45.805365800857544" lon="11.061340928077698">
				<ele>1649.0</ele>
				<time>2026-08-29T08:05:47Z</time>
			</trkpt>
			<trkpt lat="45.805307030677795" lon="11.061400413513184">
				<ele>1649.199951171875</ele>
				<time>2026-08-29T08:05:53Z</time>
			</trkpt>
			<trkpt lat="45.80529975891113" lon="11.061417579650879">
				<ele>1649.39990234375</ele>
				<time>2026-08-29T08:05:54Z</time>
			</trkpt>
			<trkpt lat="45.805291175842285" lon="11.061432480812073">
				<ele>1649.39990234375</ele>
				<time>2026-08-29T08:05:55Z</time>
			</trkpt>
			<trkpt lat="45.80524134635925" lon="11.061511516571045">
				<ele>1649.800048828125</ele>
				<time>2026-08-29T08:06:01Z</time>
			</trkpt>
			<trkpt lat="45.80523669719696" lon="11.06153118610382">
				<ele>1649.800048828125</ele>
				<time>2026-08-29T08:06:02Z</time>
			</trkpt>
			<trkpt lat="45.80521035194397" lon="11.061622738838196">
				<ele>1650.0</ele>
				<time>2026-08-29T08:06:08Z</time>
			</trkpt>
			<trkpt lat="45.805208921432495" lon="11.061637163162231">
				<ele>1650.0</ele>
				<time>2026-08-29T08:06:09Z</time>
			</trkpt>
			<trkpt lat="45.80521762371063" lon="11.061747550964355">
				<ele>1651.199951171875</ele>
				<time>2026-08-29T08:06:22Z</time>
			</trkpt>
			<trkpt lat="45.80512809753418" lon="11.061841487884521">
				<ele>1652.199951171875</ele>
				<time>2026-08-29T08:06:40Z</time>
			</trkpt>
			<trkpt lat="45.8051233291626" lon="11.061854004859924">
				<ele>1652.39990234375</ele>
				<time>2026-08-29T08:06:41Z</time>
			</trkpt>
			<trkpt lat="45.8051438331604" lon="11.061850905418396">
				<ele>1653.199951171875</ele>
				<time>2026-08-29T08:06:54Z</time>
			</trkpt>
			<trkpt lat="45.80515015125275" lon="11.061831593513489">
				<ele>1653.800048828125</ele>
				<time>2026-08-29T08:07:37Z</time>
			</trkpt>
			<trkpt lat="45.80505061149597" lon="11.061676025390625">
				<ele>1654.0</ele>
				<time>2026-08-29T08:07:57Z</time>
			</trkpt>
			<trkpt lat="45.80504024028778" lon="11.061659932136536">
				<ele>1654.0</ele>
				<time>2026-08-29T08:08:15Z</time>
			</trkpt>
			<trkpt lat="45.805028676986694" lon="11.061650395393372">
				<ele>1654.0</ele>
				<time>2026-08-29T08:08:16Z</time>
			</trkpt>
			<trkpt lat="45.80501067638397" lon="11.06163203716278">
				<ele>1654.0</ele>
				<time>2026-08-29T08:08:18Z</time>
			</trkpt>
			<trkpt lat="45.80490505695343" lon="11.06156849861145">
				<ele>1654.60009765625</ele>
				<time>2026-08-29T08:08:29Z</time>
			</trkpt>
			<trkpt lat="45.80483257770538" lon="11.06152331829071">
				<ele>1655.60009765625</ele>
				<time>2026-08-29T08:08:37Z</time>
			</trkpt>
			<trkpt lat="45.80475294589996" lon="11.061510562896729">
				<ele>1656.800048828125</ele>
				<time>2026-08-29T08:08:44Z</time>
			</trkpt>
			<trkpt lat="45.80474126338959" lon="11.061508178710938">
				<ele>1657.0</ele>
				<time>2026-08-29T08:08:45Z</time>
			</trkpt>
			<trkpt lat="45.804656624794006" lon="11.061513304710388">
				<ele>1658.60009765625</ele>
				<time>2026-08-29T08:08:53Z</time>
			</trkpt>
			<trkpt lat="45.80464565753937" lon="11.061516642570496">
				<ele>1658.800048828125</ele>
				<time>2026-08-29T08:08:54Z</time>
			</trkpt>
			<trkpt lat="45.80462384223938" lon="11.061515212059021">
				<ele>1659.0</ele>
				<time>2026-08-29T08:08:56Z</time>
			</trkpt>
			<trkpt lat="45.804614186286926" lon="11.061518549919128">
				<ele>1659.199951171875</ele>
				<time>2026-08-29T08:08:57Z</time>
			</trkpt>
			<trkpt lat="45.804604291915894" lon="11.061521887779236">
				<ele>1659.39990234375</ele>
				<time>2026-08-29T08:08:58Z</time>
			</trkpt>
			<trkpt lat="45.8045939207077" lon="11.061533451080322">
				<ele>1659.39990234375</ele>
				<time>2026-08-29T08:08:59Z</time>
			</trkpt>
			<trkpt lat="45.804582953453064" lon="11.061536431312561">
				<ele>1659.60009765625</ele>
				<time>2026-08-29T08:09:00Z</time>
			</trkpt>
			<trkpt lat="45.80457162857056" lon="11.061539053916931">
				<ele>1659.800048828125</ele>
				<time>2026-08-29T08:09:01Z</time>
			</trkpt>
			<trkpt lat="45.804540276527405" lon="11.0615553855896">
				<ele>1660.0</ele>
				<time>2026-08-29T08:09:04Z</time>
			</trkpt>
			<trkpt lat="45.80451047420502" lon="11.061583995819092">
				<ele>1660.39990234375</ele>
				<time>2026-08-29T08:09:07Z</time>
			</trkpt>
			<trkpt lat="45.80450129508972" lon="11.061593413352966">
				<ele>1660.60009765625</ele>
				<time>2026-08-29T08:09:08Z</time>
			</trkpt>
			<trkpt lat="45.80449151992798" lon="11.061600685119629">
				<ele>1660.800048828125</ele>
				<time>2026-08-29T08:09:09Z</time>
			</trkpt>
			<trkpt lat="45.804481744766235" lon="11.061612486839294">
				<ele>1660.800048828125</ele>
				<time>2026-08-29T08:09:10Z</time>
			</trkpt>
			<trkpt lat="45.804471135139465" lon="11.061617851257324">
				<ele>1660.800048828125</ele>
				<time>2026-08-29T08:09:11Z</time>
			</trkpt>
			<trkpt lat="45.8044593334198" lon="11.06162440776825">
				<ele>1661.0</ele>
				<time>2026-08-29T08:09:12Z</time>
			</trkpt>
			<trkpt lat="45.80444884300232" lon="11.061633944511414">
				<ele>1661.0</ele>
				<time>2026-08-29T08:09:13Z</time>
			</trkpt>
			<trkpt lat="45.804439187049866" lon="11.061642408370972">
				<ele>1661.199951171875</ele>
				<time>2026-08-29T08:09:14Z</time>
			</trkpt>
			<trkpt lat="45.804431557655334" lon="11.061655402183533">
				<ele>1661.199951171875</ele>
				<time>2026-08-29T08:09:15Z</time>
			</trkpt>
			<trkpt lat="45.8044251203537" lon="11.061668872833252">
				<ele>1661.39990234375</ele>
				<time>2026-08-29T08:09:16Z</time>
			</trkpt>
			<trkpt lat="45.80441689491272" lon="11.0616774559021">
				<ele>1661.39990234375</ele>
				<time>2026-08-29T08:09:17Z</time>
			</trkpt>
			<trkpt lat="45.8044068813324" lon="11.061686515808105">
				<ele>1661.60009765625</ele>
				<time>2026-08-29T08:09:18Z</time>
			</trkpt>
			<trkpt lat="45.804397225379944" lon="11.061700344085693">
				<ele>1661.60009765625</ele>
				<time>2026-08-29T08:09:19Z</time>
			</trkpt>
			<trkpt lat="45.80438959598541" lon="11.061710834503174">
				<ele>1661.60009765625</ele>
				<time>2026-08-29T08:09:20Z</time>
			</trkpt>
			<trkpt lat="45.8043829202652" lon="11.061724305152893">
				<ele>1661.800048828125</ele>
				<time>2026-08-29T08:09:21Z</time>
			</trkpt>
			<trkpt lat="45.80437457561493" lon="11.0617356300354">
				<ele>1661.800048828125</ele>
				<time>2026-08-29T08:09:22Z</time>
			</trkpt>
			<trkpt lat="45.804282784461975" lon="11.061894059181213">
				<ele>1662.60009765625</ele>
				<time>2026-08-29T08:09:35Z</time>
			</trkpt>
			<trkpt lat="45.804290413856506" lon="11.061933517456055">
				<ele>1663.60009765625</ele>
				<time>2026-08-29T08:09:44Z</time>
			</trkpt>
			<trkpt lat="45.80429744720459" lon="11.06194543838501">
				<ele>1663.60009765625</ele>
				<time>2026-08-29T08:09:45Z</time>
			</trkpt>
			<trkpt lat="45.80430483818054" lon="11.061956405639648">
				<ele>1663.800048828125</ele>
				<time>2026-08-29T08:09:46Z</time>
			</trkpt>
			<trkpt lat="45.804309725761414" lon="11.061970710754395">
				<ele>1663.800048828125</ele>
				<time>2026-08-29T08:09:47Z</time>
			</trkpt>
			<trkpt lat="45.80431628227234" lon="11.061985492706299">
				<ele>1663.800048828125</ele>
				<time>2026-08-29T08:09:48Z</time>
			</trkpt>
			<trkpt lat="45.80432343482971" lon="11.061997056007385">
				<ele>1663.800048828125</ele>
				<time>2026-08-29T08:09:49Z</time>
			</trkpt>
			<trkpt lat="45.804378628730774" lon="11.062095165252686">
				<ele>1664.39990234375</ele>
				<time>2026-08-29T08:09:57Z</time>
			</trkpt>
			<trkpt lat="45.8044638633728" lon="11.062203288078308">
				<ele>1665.800048828125</ele>
				<time>2026-08-29T08:10:08Z</time>
			</trkpt>
			<trkpt lat="45.80452764034271" lon="11.06224250793457">
				<ele>1667.0</ele>
				<time>2026-08-29T08:10:15Z</time>
			</trkpt>
			<trkpt lat="45.80453956127167" lon="11.062246322631836">
				<ele>1667.199951171875</ele>
				<time>2026-08-29T08:10:16Z</time>
			</trkpt>
			<trkpt lat="45.80466914176941" lon="11.062395334243774">
				<ele>1670.0</ele>
				<time>2026-08-29T08:10:32Z</time>
			</trkpt>
			<trkpt lat="45.80482888221741" lon="11.062688708305359">
				<ele>1672.800048828125</ele>
				<time>2026-08-29T08:10:55Z</time>
			</trkpt>
			<trkpt lat="45.80486452579498" lon="11.062750935554504">
				<ele>1673.0</ele>
				<time>2026-08-29T08:11:00Z</time>
			</trkpt>
			<trkpt lat="45.80487060546875" lon="11.062764406204224">
				<ele>1673.0</ele>
				<time>2026-08-29T08:11:01Z</time>
			</trkpt>
			<trkpt lat="45.80487883090973" lon="11.062777876853943">
				<ele>1673.0</ele>
				<time>2026-08-29T08:11:02Z</time>
			</trkpt>
			<trkpt lat="45.80489456653595" lon="11.06279706954956">
				<ele>1673.199951171875</ele>
				<time>2026-08-29T08:11:04Z</time>
			</trkpt>
			<trkpt lat="45.80490338802338" lon="11.062803864479065">
				<ele>1673.199951171875</ele>
				<time>2026-08-29T08:11:05Z</time>
			</trkpt>
			<trkpt lat="45.80501055717468" lon="11.062886834144592">
				<ele>1674.199951171875</ele>
				<time>2026-08-29T08:11:17Z</time>
			</trkpt>
			<trkpt lat="45.80512547492981" lon="11.062980651855469">
				<ele>1675.800048828125</ele>
				<time>2026-08-29T08:11:30Z</time>
			</trkpt>
			<trkpt lat="45.80514681339264" lon="11.06300175189972">
				<ele>1676.199951171875</ele>
				<time>2026-08-29T08:11:32Z</time>
			</trkpt>
			<trkpt lat="45.8051575422287" lon="11.063008785247803">
				<ele>1676.199951171875</ele>
				<time>2026-08-29T08:11:33Z</time>
			</trkpt>
			<trkpt lat="45.80516600608826" lon="11.06301736831665">
				<ele>1676.39990234375</ele>
				<time>2026-08-29T08:11:34Z</time>
			</trkpt>
			<trkpt lat="45.80527949333191" lon="11.063124537467957">
				<ele>1678.0</ele>
				<time>2026-08-29T08:11:47Z</time>
			</trkpt>
			<trkpt lat="45.80537950992584" lon="11.063214778900146">
				<ele>1679.39990234375</ele>
				<time>2026-08-29T08:11:59Z</time>
			</trkpt>
			<trkpt lat="45.80545485019684" lon="11.063294529914856">
				<ele>1680.60009765625</ele>
				<time>2026-08-29T08:12:10Z</time>
			</trkpt>
			<trkpt lat="45.80547106266022" lon="11.063308715820312">
				<ele>1681.0</ele>
				<time>2026-08-29T08:12:12Z</time>
			</trkpt>
			<trkpt lat="45.80559527873993" lon="11.063380479812622">
				<ele>1683.0</ele>
				<time>2026-08-29T08:12:27Z</time>
			</trkpt>
			<trkpt lat="45.805720925331116" lon="11.063468933105469">
				<ele>1684.60009765625</ele>
				<time>2026-08-29T08:12:42Z</time>
			</trkpt>
			<trkpt lat="45.80573487281799" lon="11.063485503196716">
				<ele>1684.800048828125</ele>
				<time>2026-08-29T08:12:44Z</time>
			</trkpt>
			<trkpt lat="45.8057404756546" lon="11.063499331474304">
				<ele>1685.0</ele>
				<time>2026-08-29T08:12:45Z</time>
			</trkpt>
			<trkpt lat="45.80574715137482" lon="11.063511490821838">
				<ele>1685.0</ele>
				<time>2026-08-29T08:12:46Z</time>
			</trkpt>
			<trkpt lat="45.805845856666565" lon="11.063608050346375">
				<ele>1686.39990234375</ele>
				<time>2026-08-29T08:12:59Z</time>
			</trkpt>
			<trkpt lat="45.80596101284027" lon="11.063689470291138">
				<ele>1687.800048828125</ele>
				<time>2026-08-29T08:13:12Z</time>
			</trkpt>
			<trkpt lat="45.805968046188354" lon="11.063698291778564">
				<ele>1687.800048828125</ele>
				<time>2026-08-29T08:13:13Z</time>
			</trkpt>
			<trkpt lat="45.80597627162933" lon="11.063708662986755">
				<ele>1688.0</ele>
				<time>2026-08-29T08:13:14Z</time>
			</trkpt>
			<trkpt lat="45.80598509311676" lon="11.063713788986206">
				<ele>1688.199951171875</ele>
				<time>2026-08-29T08:13:15Z</time>
			</trkpt>
			<trkpt lat="45.80600702762604" lon="11.06372606754303">
				<ele>1689.60009765625</ele>
				<time>2026-08-29T08:13:32Z</time>
			</trkpt>
			<trkpt lat="45.80598998069763" lon="11.063784003257751">
				<ele>1690.0</ele>
				<time>2026-08-29T08:14:07Z</time>
			</trkpt>
			<trkpt lat="45.80597937107086" lon="11.063787937164307">
				<ele>1690.0</ele>
				<time>2026-08-29T08:14:08Z</time>
			</trkpt>
			<trkpt lat="45.805906534194946" lon="11.063821792602539">
				<ele>1690.39990234375</ele>
				<time>2026-08-29T08:14:16Z</time>
			</trkpt>
			<trkpt lat="45.805888533592224" lon="11.06382691860199">
				<ele>1690.60009765625</ele>
				<time>2026-08-29T08:14:18Z</time>
			</trkpt>
			<trkpt lat="45.805877685546875" lon="11.063825488090515">
				<ele>1690.60009765625</ele>
				<time>2026-08-29T08:14:19Z</time>
			</trkpt>
			<trkpt lat="45.805866956710815" lon="11.063825726509094">
				<ele>1690.800048828125</ele>
				<time>2026-08-29T08:14:20Z</time>
			</trkpt>
			<trkpt lat="45.80572807788849" lon="11.063871264457703">
				<ele>1692.39990234375</ele>
				<time>2026-08-29T08:14:35Z</time>
			</trkpt>
			<trkpt lat="45.80560278892517" lon="11.063921332359314">
				<ele>1694.199951171875</ele>
				<time>2026-08-29T08:14:49Z</time>
			</trkpt>
			<trkpt lat="45.80543899536133" lon="11.063994646072388">
				<ele>1697.0</ele>
				<time>2026-08-29T08:15:07Z</time>
			</trkpt>
			<trkpt lat="45.80534243583679" lon="11.064039826393127">
				<ele>1698.800048828125</ele>
				<time>2026-08-29T08:15:18Z</time>
			</trkpt>
			<trkpt lat="45.805314779281616" lon="11.064044117927551">
				<ele>1699.199951171875</ele>
				<time>2026-08-29T08:15:21Z</time>
			</trkpt>
			<trkpt lat="45.80525100231171" lon="11.06407618522644">
				<ele>1700.199951171875</ele>
				<time>2026-08-29T08:15:28Z</time>
			</trkpt>
			<trkpt lat="45.805232644081116" lon="11.064086675643921">
				<ele>1700.60009765625</ele>
				<time>2026-08-29T08:15:30Z</time>
			</trkpt>
			<trkpt lat="45.8051221370697" lon="11.064144492149353">
				<ele>1702.39990234375</ele>
				<time>2026-08-29T08:15:43Z</time>
			</trkpt>
			<trkpt lat="45.80498671531677" lon="11.064211130142212">
				<ele>1704.800048828125</ele>
				<time>2026-08-29T08:15:59Z</time>
			</trkpt>
			<trkpt lat="45.8049772977829" lon="11.064213037490845">
				<ele>1705.0</ele>
				<time>2026-08-29T08:16:00Z</time>
			</trkpt>
			<trkpt lat="45.80496609210968" lon="11.064213395118713">
				<ele>1705.0</ele>
				<time>2026-08-29T08:16:01Z</time>
			</trkpt>
			<trkpt lat="45.804845571517944" lon="11.064228415489197">
				<ele>1706.60009765625</ele>
				<time>2026-08-29T08:16:13Z</time>
			</trkpt>
			<trkpt lat="45.80472731590271" lon="11.064238905906677">
				<ele>1708.39990234375</ele>
				<time>2026-08-29T08:16:24Z</time>
			</trkpt>
			<trkpt lat="45.80471992492676" lon="11.06422507762909">
				<ele>1710.0</ele>
				<time>2026-08-29T08:16:42Z</time>
			</trkpt>
			<trkpt lat="45.80473458766937" lon="11.064266204833984">
				<ele>1709.199951171875</ele>
				<time>2026-08-29T08:18:21Z</time>
			</trkpt>
			<trkpt lat="45.804739594459534" lon="11.064419031143188">
				<ele>1710.199951171875</ele>
				<time>2026-08-29T08:18:37Z</time>
			</trkpt>
			<trkpt lat="45.80477273464203" lon="11.064514994621277">
				<ele>1711.199951171875</ele>
				<time>2026-08-29T08:18:46Z</time>
			</trkpt>
			<trkpt lat="45.80482006072998" lon="11.064666390419006">
				<ele>1712.800048828125</ele>
				<time>2026-08-29T08:19:00Z</time>
			</trkpt>
			<trkpt lat="45.80485129356384" lon="11.064738392829895">
				<ele>1713.39990234375</ele>
				<time>2026-08-29T08:19:07Z</time>
			</trkpt>
			<trkpt lat="45.80485796928406" lon="11.06478464603424">
				<ele>1714.800048828125</ele>
				<time>2026-08-29T08:19:21Z</time>
			</trkpt>
			<trkpt lat="45.80488562583923" lon="11.06483769416809">
				<ele>1715.60009765625</ele>
				<time>2026-08-29T08:20:14Z</time>
			</trkpt>
			<trkpt lat="45.80491042137146" lon="11.064903378486633">
				<ele>1715.800048828125</ele>
				<time>2026-08-29T08:20:19Z</time>
			</trkpt>
			<trkpt lat="45.804925203323364" lon="11.06492555141449">
				<ele>1715.800048828125</ele>
				<time>2026-08-29T08:20:21Z</time>
			</trkpt>
			<trkpt lat="45.804969787597656" lon="11.064974427223206">
				<ele>1717.39990234375</ele>
				<time>2026-08-29T08:20:37Z</time>
			</trkpt>
			<trkpt lat="45.804975748062134" lon="11.064995169639587">
				<ele>1717.60009765625</ele>
				<time>2026-08-29T08:20:40Z</time>
			</trkpt>
			<trkpt lat="45.80497932434082" lon="11.065008997917175">
				<ele>1717.60009765625</ele>
				<time>2026-08-29T08:20:41Z</time>
			</trkpt>
			<trkpt lat="45.804991245269775" lon="11.06506335735321">
				<ele>1717.800048828125</ele>
				<time>2026-08-29T08:20:45Z</time>
			</trkpt>
			<trkpt lat="45.804994344711304" lon="11.065080165863037">
				<ele>1717.800048828125</ele>
				<time>2026-08-29T08:20:46Z</time>
			</trkpt>
			<trkpt lat="45.80501210689545" lon="11.065153360366821">
				<ele>1718.199951171875</ele>
				<time>2026-08-29T08:20:51Z</time>
			</trkpt>
			<trkpt lat="45.80501353740692" lon="11.065169930458069">
				<ele>1718.39990234375</ele>
				<time>2026-08-29T08:20:52Z</time>
			</trkpt>
			<trkpt lat="45.80501568317413" lon="11.065186023712158">
				<ele>1718.39990234375</ele>
				<time>2026-08-29T08:20:53Z</time>
			</trkpt>
			<trkpt lat="45.80501568317413" lon="11.065202951431274">
				<ele>1718.60009765625</ele>
				<time>2026-08-29T08:20:54Z</time>
			</trkpt>
			<trkpt lat="45.805012464523315" lon="11.06521999835968">
				<ele>1718.800048828125</ele>
				<time>2026-08-29T08:20:55Z</time>
			</trkpt>
			<trkpt lat="45.80495572090149" lon="11.065334677696228">
				<ele>1720.39990234375</ele>
				<time>2026-08-29T08:21:04Z</time>
			</trkpt>
			<trkpt lat="45.80483853816986" lon="11.065401554107666">
				<ele>1723.199951171875</ele>
				<time>2026-08-29T08:21:17Z</time>
			</trkpt>
			<trkpt lat="45.80471467971802" lon="11.0654296875">
				<ele>1726.39990234375</ele>
				<time>2026-08-29T08:21:31Z</time>
			</trkpt>
			<trkpt lat="45.80462110042572" lon="11.065441250801086">
				<ele>1728.800048828125</ele>
				<time>2026-08-29T08:21:42Z</time>
			</trkpt>
			<trkpt lat="45.80450701713562" lon="11.065491557121277">
				<ele>1732.0</ele>
				<time>2026-08-29T08:21:56Z</time>
			</trkpt>
			<trkpt lat="45.80443835258484" lon="11.065522193908691">
				<ele>1735.0</ele>
				<time>2026-08-29T08:22:13Z</time>
			</trkpt>
			<trkpt lat="45.8043417930603" lon="11.065456509590149">
				<ele>1736.0</ele>
				<time>2026-08-29T08:22:37Z</time>
			</trkpt>
			<trkpt lat="45.804282784461975" lon="11.06546700000763">
				<ele>1737.199951171875</ele>
				<time>2026-08-29T08:22:44Z</time>
			</trkpt>
			<trkpt lat="45.80419743061066" lon="11.065587520599365">
				<ele>1739.60009765625</ele>
				<time>2026-08-29T08:22:57Z</time>
			</trkpt>
			<trkpt lat="45.8041855096817" lon="11.065606355667114">
				<ele>1739.800048828125</ele>
				<time>2026-08-29T08:22:59Z</time>
			</trkpt>
			<trkpt lat="45.80409371852875" lon="11.065698266029358">
				<ele>1741.199951171875</ele>
				<time>2026-08-29T08:23:12Z</time>
			</trkpt>
			<trkpt lat="45.804033637046814" lon="11.065706253051758">
				<ele>1742.0</ele>
				<time>2026-08-29T08:23:19Z</time>
			</trkpt>
			<trkpt lat="45.80398666858673" lon="11.065707325935364">
				<ele>1744.0</ele>
				<time>2026-08-29T08:23:32Z</time>
			</trkpt>
			<trkpt lat="45.80397653579712" lon="11.065711736679077">
				<ele>1744.60009765625</ele>
				<time>2026-08-29T08:23:56Z</time>
			</trkpt>
			<trkpt lat="45.80384302139282" lon="11.065763354301453">
				<ele>1745.800048828125</ele>
				<time>2026-08-29T08:24:26Z</time>
			</trkpt>
			<trkpt lat="45.803776025772095" lon="11.065770506858826">
				<ele>1748.39990234375</ele>
				<time>2026-08-29T08:24:44Z</time>
			</trkpt>
			<trkpt lat="45.80370092391968" lon="11.065860271453857">
				<ele>1749.0</ele>
				<time>2026-08-29T08:25:03Z</time>
			</trkpt>
			<trkpt lat="45.80367386341095" lon="11.06584644317627">
				<ele>1750.0</ele>
				<time>2026-08-29T08:25:19Z</time>
			</trkpt>
			<trkpt lat="45.80366277694702" lon="11.065844058990479">
				<ele>1750.0</ele>
				<time>2026-08-29T08:25:20Z</time>
			</trkpt>
			<trkpt lat="45.803643107414246" lon="11.06583833694458">
				<ele>1750.0</ele>
				<time>2026-08-29T08:25:22Z</time>
			</trkpt>
			<trkpt lat="45.80363166332245" lon="11.065835118293762">
				<ele>1750.0</ele>
				<time>2026-08-29T08:25:23Z</time>
			</trkpt>
			<trkpt lat="45.80352079868317" lon="11.065865755081177">
				<ele>1750.800048828125</ele>
				<time>2026-08-29T08:25:35Z</time>
			</trkpt>
			<trkpt lat="45.803563714027405" lon="11.065857410430908">
				<ele>1752.199951171875</ele>
				<time>2026-08-29T08:25:55Z</time>
			</trkpt>
			<trkpt lat="45.80359745025635" lon="11.065905690193176">
				<ele>1752.0</ele>
				<time>2026-08-29T08:26:00Z</time>
			</trkpt>
			<trkpt lat="45.80363655090332" lon="11.0659419298172">
				<ele>1752.60009765625</ele>
				<time>2026-08-29T08:26:19Z</time>
			</trkpt>
			<trkpt lat="45.80366027355194" lon="11.065945506095886">
				<ele>1752.800048828125</ele>
				<time>2026-08-29T08:26:44Z</time>
			</trkpt>
			<trkpt lat="45.80373787879944" lon="11.06602931022644">
				<ele>1754.800048828125</ele>
				<time>2026-08-29T08:27:03Z</time>
			</trkpt>
			<trkpt lat="45.80379295349121" lon="11.06603991985321">
				<ele>1756.199951171875</ele>
				<time>2026-08-29T08:27:18Z</time>
			</trkpt>
			<trkpt lat="45.80377495288849" lon="11.066020011901855">
				<ele>1756.800048828125</ele>
				<time>2026-08-29T08:27:35Z</time>
			</trkpt>
			<trkpt lat="45.803783774375916" lon="11.066025972366333">
				<ele>1756.39990234375</ele>
				<time>2026-08-29T08:28:08Z</time>
			</trkpt>
			<trkpt lat="45.80380129814148" lon="11.06604290008545">
				<ele>1756.800048828125</ele>
				<time>2026-08-29T08:28:49Z</time>
			</trkpt>
			<trkpt lat="45.80374491214752" lon="11.066028952598572">
				<ele>1756.0</ele>
				<time>2026-08-29T08:29:13Z</time>
			</trkpt>
			<trkpt lat="45.8036812543869" lon="11.065961837768555">
				<ele>1755.39990234375</ele>
				<time>2026-08-29T08:29:28Z</time>
			</trkpt>
			<trkpt lat="45.803637981414795" lon="11.065935850143433">
				<ele>1754.199951171875</ele>
				<time>2026-08-29T08:29:35Z</time>
			</trkpt>
			<trkpt lat="45.80362629890442" lon="11.0659259557724">
				<ele>1754.0</ele>
				<time>2026-08-29T08:29:36Z</time>
			</trkpt>
			<trkpt lat="45.80360448360443" lon="11.065906882286072">
				<ele>1753.60009765625</ele>
				<time>2026-08-29T08:29:38Z</time>
			</trkpt>
			<trkpt lat="45.803592920303345" lon="11.065899014472961">
				<ele>1753.60009765625</ele>
				<time>2026-08-29T08:29:39Z</time>
			</trkpt>
			<trkpt lat="45.803491830825806" lon="11.065841674804688">
				<ele>1752.199951171875</ele>
				<time>2026-08-29T08:29:52Z</time>
			</trkpt>
			<trkpt lat="45.803483963012695" lon="11.06583833694458">
				<ele>1752.199951171875</ele>
				<time>2026-08-29T08:29:53Z</time>
			</trkpt>
			<trkpt lat="45.80346858501434" lon="11.065831780433655">
				<ele>1752.199951171875</ele>
				<time>2026-08-29T08:29:55Z</time>
			</trkpt>
			<trkpt lat="45.80345928668976" lon="11.065828084945679">
				<ele>1752.0</ele>
				<time>2026-08-29T08:29:56Z</time>
			</trkpt>
			<trkpt lat="45.80344915390015" lon="11.06582522392273">
				<ele>1752.199951171875</ele>
				<time>2026-08-29T08:29:57Z</time>
			</trkpt>
			<trkpt lat="45.80333471298218" lon="11.065837383270264">
				<ele>1753.60009765625</ele>
				<time>2026-08-29T08:30:10Z</time>
			</trkpt>
			<trkpt lat="45.803279995918274" lon="11.065868020057678">
				<ele>1754.60009765625</ele>
				<time>2026-08-29T08:30:15Z</time>
			</trkpt>
			<trkpt lat="45.80314552783966" lon="11.065901637077332">
				<ele>1757.800048828125</ele>
				<time>2026-08-29T08:30:30Z</time>
			</trkpt>
			<trkpt lat="45.8030686378479" lon="11.065898299217224">
				<ele>1760.60009765625</ele>
				<time>2026-08-29T08:30:47Z</time>
			</trkpt>
			<trkpt lat="45.80304419994354" lon="11.065903782844543">
				<ele>1760.800048828125</ele>
				<time>2026-08-29T08:30:51Z</time>
			</trkpt>
			<trkpt lat="45.803032875061035" lon="11.065905332565308">
				<ele>1761.0</ele>
				<time>2026-08-29T08:30:52Z</time>
			</trkpt>
			<trkpt lat="45.803012013435364" lon="11.065910816192627">
				<ele>1761.0</ele>
				<time>2026-08-29T08:30:54Z</time>
			</trkpt>
			<trkpt lat="45.80292570590973" lon="11.065946698188782">
				<ele>1761.800048828125</ele>
				<time>2026-08-29T08:31:08Z</time>
			</trkpt>
			<trkpt lat="45.80289304256439" lon="11.065932512283325">
				<ele>1762.39990234375</ele>
				<time>2026-08-29T08:31:27Z</time>
			</trkpt>
			<trkpt lat="45.802881479263306" lon="11.065962195396423">
				<ele>1762.199951171875</ele>
				<time>2026-08-29T08:31:33Z</time>
			</trkpt>
			<trkpt lat="45.802868366241455" lon="11.065999984741211">
				<ele>1762.199951171875</ele>
				<time>2026-08-29T08:31:36Z</time>
			</trkpt>
			<trkpt lat="45.802862882614136" lon="11.066017270088196">
				<ele>1761.60009765625</ele>
				<time>2026-08-29T08:31:50Z</time>
			</trkpt>
			<trkpt lat="45.802894592285156" lon="11.065953016281128">
				<ele>1761.800048828125</ele>
				<time>2026-08-29T08:32:04Z</time>
			</trkpt>
			<trkpt lat="45.802900433540344" lon="11.065936803817749">
				<ele>1762.0</ele>
				<time>2026-08-29T08:32:17Z</time>
			</trkpt>
			<trkpt lat="45.8028929233551" lon="11.065951228141785">
				<ele>1762.0</ele>
				<time>2026-08-29T08:32:18Z</time>
			</trkpt>
			<trkpt lat="45.80287981033325" lon="11.065980792045593">
				<ele>1762.0</ele>
				<time>2026-08-29T08:32:20Z</time>
			</trkpt>
			<trkpt lat="45.802846789360046" lon="11.066068887710571">
				<ele>1761.39990234375</ele>
				<time>2026-08-29T08:32:37Z</time>
			</trkpt>
			<trkpt lat="45.80283868312836" lon="11.066143274307251">
				<ele>1761.199951171875</ele>
				<time>2026-08-29T08:32:52Z</time>
			</trkpt>
			<trkpt lat="45.80276155471802" lon="11.066207647323608">
				<ele>1761.60009765625</ele>
				<time>2026-08-29T08:33:06Z</time>
			</trkpt>
			<trkpt lat="45.80274474620819" lon="11.066209077835083">
				<ele>1762.199951171875</ele>
				<time>2026-08-29T08:33:21Z</time>
			</trkpt>
			<trkpt lat="45.80273699760437" lon="11.066214323043823">
				<ele>1762.39990234375</ele>
				<time>2026-08-29T08:33:35Z</time>
			</trkpt>
			<trkpt lat="45.80266809463501" lon="11.066264629364014">
				<ele>1762.199951171875</ele>
				<time>2026-08-29T08:33:53Z</time>
			</trkpt>
			<trkpt lat="45.80264675617218" lon="11.066258430480957">
				<ele>1762.199951171875</ele>
				<time>2026-08-29T08:34:17Z</time>
			</trkpt>
			<trkpt lat="45.80264461040497" lon="11.06627357006073">
				<ele>1763.60009765625</ele>
				<time>2026-08-29T08:34:33Z</time>
			</trkpt>
			<trkpt lat="45.80261850357056" lon="11.066251754760742">
				<ele>1763.39990234375</ele>
				<time>2026-08-29T08:34:55Z</time>
			</trkpt>
			<trkpt lat="45.8026043176651" lon="11.066220164299011">
				<ele>1763.0</ele>
				<time>2026-08-29T08:34:58Z</time>
			</trkpt>
			<trkpt lat="45.80260193347931" lon="11.066121339797974">
				<ele>1761.39990234375</ele>
				<time>2026-08-29T08:35:10Z</time>
			</trkpt>
			<trkpt lat="45.802592754364014" lon="11.06609046459198">
				<ele>1761.39990234375</ele>
				<time>2026-08-29T08:35:12Z</time>
			</trkpt>
			<trkpt lat="45.802581787109375" lon="11.066063046455383">
				<ele>1761.0</ele>
				<time>2026-08-29T08:35:14Z</time>
			</trkpt>
			<trkpt lat="45.8026282787323" lon="11.065871000289917">
				<ele>1760.800048828125</ele>
				<time>2026-08-29T08:35:28Z</time>
			</trkpt>
			<trkpt lat="45.80263030529022" lon="11.065854668617249">
				<ele>1760.800048828125</ele>
				<time>2026-08-29T08:35:29Z</time>
			</trkpt>
			<trkpt lat="45.802645802497864" lon="11.06575858592987">
				<ele>1761.60009765625</ele>
				<time>2026-08-29T08:35:44Z</time>
			</trkpt>
			<trkpt lat="45.80260109901428" lon="11.065730571746826">
				<ele>1762.0</ele>
				<time>2026-08-29T08:35:50Z</time>
			</trkpt>
			<trkpt lat="45.80258893966675" lon="11.065728068351746">
				<ele>1762.0</ele>
				<time>2026-08-29T08:35:51Z</time>
			</trkpt>
			<trkpt lat="45.80247437953949" lon="11.06574034690857">
				<ele>1762.0</ele>
				<time>2026-08-29T08:36:01Z</time>
			</trkpt>
			<trkpt lat="45.80241405963898" lon="11.065704584121704">
				<ele>1761.800048828125</ele>
				<time>2026-08-29T08:36:16Z</time>
			</trkpt>
			<trkpt lat="45.80241632461548" lon="11.065684080123901">
				<ele>1762.0</ele>
				<time>2026-08-29T08:36:18Z</time>
			</trkpt>
			<trkpt lat="45.802404284477234" lon="11.065522193908691">
				<ele>1762.60009765625</ele>
				<time>2026-08-29T08:36:34Z</time>
			</trkpt>
			<trkpt lat="45.802414894104004" lon="11.065515518188477">
				<ele>1762.800048828125</ele>
				<time>2026-08-29T08:36:51Z</time>
			</trkpt>
			<trkpt lat="45.802512645721436" lon="11.065476894378662">
				<ele>1763.199951171875</ele>
				<time>2026-08-29T08:37:13Z</time>
			</trkpt>
			<trkpt lat="45.802494764328" lon="11.06550657749176">
				<ele>1763.0</ele>
				<time>2026-08-29T08:37:36Z</time>
			</trkpt>
			<trkpt lat="45.802395701408386" lon="11.065589666366577">
				<ele>1763.199951171875</ele>
				<time>2026-08-29T08:38:00Z</time>
			</trkpt>
			<trkpt lat="45.80233573913574" lon="11.065584778785706">
				<ele>1763.199951171875</ele>
				<time>2026-08-29T08:38:06Z</time>
			</trkpt>
			<trkpt lat="45.8023247718811" lon="11.06558609008789">
				<ele>1763.39990234375</ele>
				<time>2026-08-29T08:38:07Z</time>
			</trkpt>
			<trkpt lat="45.80223536491394" lon="11.065626502037048">
				<ele>1763.0</ele>
				<time>2026-08-29T08:38:19Z</time>
			</trkpt>
			<trkpt lat="45.80220055580139" lon="11.065627932548523">
				<ele>1762.39990234375</ele>
				<time>2026-08-29T08:38:35Z</time>
			</trkpt>
			<trkpt lat="45.8022335767746" lon="11.065692067146301">
				<ele>1762.39990234375</ele>
				<time>2026-08-29T08:39:02Z</time>
			</trkpt>
			<trkpt lat="45.80223536491394" lon="11.065734624862671">
				<ele>1762.199951171875</ele>
				<time>2026-08-29T08:39:07Z</time>
			</trkpt>
			<trkpt lat="45.802242040634155" lon="11.065783500671387">
				<ele>1762.199951171875</ele>
				<time>2026-08-29T08:39:11Z</time>
			</trkpt>
			<trkpt lat="45.802210211753845" lon="11.065871477127075">
				<ele>1762.199951171875</ele>
				<time>2026-08-29T08:39:18Z</time>
			</trkpt>
			<trkpt lat="45.8022004365921" lon="11.065881371498108">
				<ele>1762.199951171875</ele>
				<time>2026-08-29T08:39:19Z</time>
			</trkpt>
			<trkpt lat="45.802191495895386" lon="11.065890789031982">
				<ele>1762.199951171875</ele>
				<time>2026-08-29T08:39:20Z</time>
			</trkpt>
			<trkpt lat="45.80212318897247" lon="11.06590223312378">
				<ele>1763.0</ele>
				<time>2026-08-29T08:39:36Z</time>
			</trkpt>
			<trkpt lat="45.80204749107361" lon="11.06590187549591">
				<ele>1763.800048828125</ele>
				<time>2026-08-29T08:39:45Z</time>
			</trkpt>
			<trkpt lat="45.802027344703674" lon="11.065902352333069">
				<ele>1764.0</ele>
				<time>2026-08-29T08:39:47Z</time>
			</trkpt>
			<trkpt lat="45.80196917057037" lon="11.06589412689209">
				<ele>1765.39990234375</ele>
				<time>2026-08-29T08:39:54Z</time>
			</trkpt>
			<trkpt lat="45.80195069313049" lon="11.065887928009033">
				<ele>1767.39990234375</ele>
				<time>2026-08-29T08:40:10Z</time>
			</trkpt>
			<trkpt lat="45.80187928676605" lon="11.065960168838501">
				<ele>1767.199951171875</ele>
				<time>2026-08-29T08:40:34Z</time>
			</trkpt>
			<trkpt lat="45.8018399477005" lon="11.06595253944397">
				<ele>1767.199951171875</ele>
				<time>2026-08-29T08:40:45Z</time>
			</trkpt>
			<trkpt lat="45.80182337760925" lon="11.065900087356567">
				<ele>1767.0</ele>
				<time>2026-08-29T08:40:55Z</time>
			</trkpt>
			<trkpt lat="45.80182754993439" lon="11.065886497497559">
				<ele>1767.0</ele>
				<time>2026-08-29T08:40:56Z</time>
			</trkpt>
			<trkpt lat="45.80183207988739" lon="11.06587302684784">
				<ele>1767.0</ele>
				<time>2026-08-29T08:40:57Z</time>
			</trkpt>
			<trkpt lat="45.801809191703796" lon="11.065788269042969">
				<ele>1767.199951171875</ele>
				<time>2026-08-29T08:41:06Z</time>
			</trkpt>
			<trkpt lat="45.80180048942566" lon="11.065779089927673">
				<ele>1767.39990234375</ele>
				<time>2026-08-29T08:41:07Z</time>
			</trkpt>
			<trkpt lat="45.80174016952515" lon="11.065703272819519">
				<ele>1768.39990234375</ele>
				<time>2026-08-29T08:41:23Z</time>
			</trkpt>
			<trkpt lat="45.80171012878418" lon="11.065676212310791">
				<ele>1768.39990234375</ele>
				<time>2026-08-29T08:41:32Z</time>
			</trkpt>
			<trkpt lat="45.80169928073883" lon="11.065674066543579">
				<ele>1768.39990234375</ele>
				<time>2026-08-29T08:41:33Z</time>
			</trkpt>
			<trkpt lat="45.80168867111206" lon="11.065674304962158">
				<ele>1768.39990234375</ele>
				<time>2026-08-29T08:41:34Z</time>
			</trkpt>
			<trkpt lat="45.80155909061432" lon="11.065733551979065">
				<ele>1768.800048828125</ele>
				<time>2026-08-29T08:41:48Z</time>
			</trkpt>
			<trkpt lat="45.80152714252472" lon="11.06571912765503">
				<ele>1767.800048828125</ele>
				<time>2026-08-29T08:42:05Z</time>
			</trkpt>
			<trkpt lat="45.80161929130554" lon="11.06570851802826">
				<ele>1768.39990234375</ele>
				<time>2026-08-29T08:42:21Z</time>
			</trkpt>
			<trkpt lat="45.80164706707001" lon="11.065675616264343">
				<ele>1768.800048828125</ele>
				<time>2026-08-29T08:42:28Z</time>
			</trkpt>
			<trkpt lat="45.801647782325745" lon="11.06566047668457">
				<ele>1769.0</ele>
				<time>2026-08-29T08:42:29Z</time>
			</trkpt>
			<trkpt lat="45.80165088176727" lon="11.065645575523376">
				<ele>1769.199951171875</ele>
				<time>2026-08-29T08:42:30Z</time>
			</trkpt>
			<trkpt lat="45.801655292510986" lon="11.065632104873657">
				<ele>1769.199951171875</ele>
				<time>2026-08-29T08:42:31Z</time>
			</trkpt>
			<trkpt lat="45.80165505409241" lon="11.065589547157288">
				<ele>1769.39990234375</ele>
				<time>2026-08-29T08:42:34Z</time>
			</trkpt>
			<trkpt lat="45.80165421962738" lon="11.065575003623962">
				<ele>1769.39990234375</ele>
				<time>2026-08-29T08:42:35Z</time>
			</trkpt>
			<trkpt lat="45.80163764953613" lon="11.065546035766602">
				<ele>1769.39990234375</ele>
				<time>2026-08-29T08:42:38Z</time>
			</trkpt>
			<trkpt lat="45.80162954330444" lon="11.0655357837677">
				<ele>1769.39990234375</ele>
				<time>2026-08-29T08:42:39Z</time>
			</trkpt>
			<trkpt lat="45.801621198654175" lon="11.06552541255951">
				<ele>1769.60009765625</ele>
				<time>2026-08-29T08:42:40Z</time>
			</trkpt>
			<trkpt lat="45.80163300037384" lon="11.065531730651855">
				<ele>1770.0</ele>
				<time>2026-08-29T08:42:51Z</time>
			</trkpt>
			<trkpt lat="45.80161690711975" lon="11.06550657749176">
				<ele>1770.0</ele>
				<time>2026-08-29T08:43:00Z</time>
			</trkpt>
			<trkpt lat="45.801607847213745" lon="11.065493702888489">
				<ele>1770.0</ele>
				<time>2026-08-29T08:43:01Z</time>
			</trkpt>
			<trkpt lat="45.80159842967987" lon="11.065480709075928">
				<ele>1769.800048828125</ele>
				<time>2026-08-29T08:43:02Z</time>
			</trkpt>
			<trkpt lat="45.801589012145996" lon="11.065470695495605">
				<ele>1769.800048828125</ele>
				<time>2026-08-29T08:43:03Z</time>
			</trkpt>
			<trkpt lat="45.80157911777496" lon="11.065462708473206">
				<ele>1769.800048828125</ele>
				<time>2026-08-29T08:43:04Z</time>
			</trkpt>
			<trkpt lat="45.80156874656677" lon="11.065455913543701">
				<ele>1770.0</ele>
				<time>2026-08-29T08:43:05Z</time>
			</trkpt>
			<trkpt lat="45.801523208618164" lon="11.065452814102173">
				<ele>1770.199951171875</ele>
				<time>2026-08-29T08:43:19Z</time>
			</trkpt>
			<trkpt lat="45.80151081085205" lon="11.065452575683594">
				<ele>1770.39990234375</ele>
				<time>2026-08-29T08:43:20Z</time>
			</trkpt>
			<trkpt lat="45.801499009132385" lon="11.065453171730042">
				<ele>1770.60009765625</ele>
				<time>2026-08-29T08:43:21Z</time>
			</trkpt>
			<trkpt lat="45.80145025253296" lon="11.06543481349945">
				<ele>1770.60009765625</ele>
				<time>2026-08-29T08:43:36Z</time>
			</trkpt>
			<trkpt lat="45.8013482093811" lon="11.065404772758484">
				<ele>1770.0</ele>
				<time>2026-08-29T08:44:05Z</time>
			</trkpt>
			<trkpt lat="45.8013356924057" lon="11.065369606018066">
				<ele>1771.0</ele>
				<time>2026-08-29T08:44:29Z</time>
			</trkpt>
			<trkpt lat="45.80133128166199" lon="11.06537675857544">
				<ele>1770.39990234375</ele>
				<time>2026-08-29T08:44:57Z</time>
			</trkpt>
			<trkpt lat="45.80132806301117" lon="11.06535029411316">
				<ele>1770.39990234375</ele>
				<time>2026-08-29T08:46:20Z</time>
			</trkpt>
			<trkpt lat="45.801321625709534" lon="11.065349698066711">
				<ele>1771.199951171875</ele>
				<time>2026-08-29T08:46:47Z</time>
			</trkpt>
			<trkpt lat="45.801268577575684" lon="11.06541919708252">
				<ele>1771.39990234375</ele>
				<time>2026-08-29T08:47:07Z</time>
			</trkpt>
			<trkpt lat="45.80119168758392" lon="11.065532803535461">
				<ele>1772.199951171875</ele>
				<time>2026-08-29T08:47:31Z</time>
			</trkpt>
			<trkpt lat="45.80117917060852" lon="11.065553069114685">
				<ele>1772.39990234375</ele>
				<time>2026-08-29T08:47:33Z</time>
			</trkpt>
			<trkpt lat="45.80106246471405" lon="11.065700888633728">
				<ele>1773.199951171875</ele>
				<time>2026-08-29T08:47:47Z</time>
			</trkpt>
			<trkpt lat="45.80093789100647" lon="11.065889120101929">
				<ele>1773.39990234375</ele>
				<time>2026-08-29T08:48:05Z</time>
			</trkpt>
			<trkpt lat="45.80078375339508" lon="11.06602430343628">
				<ele>1772.0</ele>
				<time>2026-08-29T08:48:22Z</time>
			</trkpt>
			<trkpt lat="45.80077064037323" lon="11.066046476364136">
				<ele>1771.199951171875</ele>
				<time>2026-08-29T08:48:42Z</time>
			</trkpt>
			<trkpt lat="45.80075228214264" lon="11.066091656684875">
				<ele>1771.60009765625</ele>
				<time>2026-08-29T08:49:04Z</time>
			</trkpt>
			<trkpt lat="45.80066800117493" lon="11.066202759742737">
				<ele>1773.60009765625</ele>
				<time>2026-08-29T08:49:23Z</time>
			</trkpt>
			<trkpt lat="45.800577878952026" lon="11.066245317459106">
				<ele>1776.800048828125</ele>
				<time>2026-08-29T08:49:37Z</time>
			</trkpt>
			<trkpt lat="45.80050432682037" lon="11.066310048103333">
				<ele>1780.0</ele>
				<time>2026-08-29T08:49:51Z</time>
			</trkpt>
			<trkpt lat="45.800485253334045" lon="11.066377997398376">
				<ele>1782.60009765625</ele>
				<time>2026-08-29T08:50:05Z</time>
			</trkpt>
			<trkpt lat="45.8005428314209" lon="11.066433668136597">
				<ele>1784.199951171875</ele>
				<time>2026-08-29T08:50:14Z</time>
			</trkpt>
			<trkpt lat="45.80055487155914" lon="11.066432118415833">
				<ele>1784.39990234375</ele>
				<time>2026-08-29T08:50:15Z</time>
			</trkpt>
			<trkpt lat="45.80059206485748" lon="11.066495656967163">
				<ele>1786.0</ele>
				<time>2026-08-29T08:50:25Z</time>
			</trkpt>
			<trkpt lat="45.800581097602844" lon="11.066533327102661">
				<ele>1788.39990234375</ele>
				<time>2026-08-29T08:50:43Z</time>
			</trkpt>
			<trkpt lat="45.800615549087524" lon="11.066559672355652">
				<ele>1790.0</ele>
				<time>2026-08-29T08:50:59Z</time>
			</trkpt>
			<trkpt lat="45.800665736198425" lon="11.066545248031616">
				<ele>1791.60009765625</ele>
				<time>2026-08-29T08:51:07Z</time>
			</trkpt>
			<trkpt lat="45.80068480968475" lon="11.06653618812561">
				<ele>1792.0</ele>
				<time>2026-08-29T08:51:09Z</time>
			</trkpt>
			<trkpt lat="45.8006956577301" lon="11.066532969474792">
				<ele>1792.0</ele>
				<time>2026-08-29T08:51:10Z</time>
			</trkpt>
			<trkpt lat="45.800790905952454" lon="11.066490650177002">
				<ele>1792.800048828125</ele>
				<time>2026-08-29T08:51:26Z</time>
			</trkpt>
			<trkpt lat="45.80075490474701" lon="11.066503405570984">
				<ele>1792.39990234375</ele>
				<time>2026-08-29T08:51:38Z</time>
			</trkpt>
			<trkpt lat="45.80073368549347" lon="11.06650710105896">
				<ele>1792.199951171875</ele>
				<time>2026-08-29T08:51:40Z</time>
			</trkpt>
			<trkpt lat="45.80072247982025" lon="11.066510796546936">
				<ele>1792.199951171875</ele>
				<time>2026-08-29T08:51:41Z</time>
			</trkpt>
			<trkpt lat="45.80059349536896" lon="11.0666344165802">
				<ele>1792.60009765625</ele>
				<time>2026-08-29T08:51:56Z</time>
			</trkpt>
			<trkpt lat="45.80056953430176" lon="11.066634058952332">
				<ele>1793.0</ele>
				<time>2026-08-29T08:52:12Z</time>
			</trkpt>
			<trkpt lat="45.8005576133728" lon="11.066636204719543">
				<ele>1793.199951171875</ele>
				<time>2026-08-29T08:52:39Z</time>
			</trkpt>
			<trkpt lat="45.800583839416504" lon="11.066720724105835">
				<ele>1793.39990234375</ele>
				<time>2026-08-29T08:52:56Z</time>
			</trkpt>
			<trkpt lat="45.80058300495148" lon="11.066737174987793">
				<ele>1793.199951171875</ele>
				<time>2026-08-29T08:52:57Z</time>
			</trkpt>
			<trkpt lat="45.80058526992798" lon="11.066851615905762">
				<ele>1792.60009765625</ele>
				<time>2026-08-29T08:53:13Z</time>
			</trkpt>
			<trkpt lat="45.8005565404892" lon="11.066840171813965">
				<ele>1792.60009765625</ele>
				<time>2026-08-29T08:53:34Z</time>
			</trkpt>
			<trkpt lat="45.80054521560669" lon="11.06683886051178">
				<ele>1792.60009765625</ele>
				<time>2026-08-29T08:53:35Z</time>
			</trkpt>
			<trkpt lat="45.8005336523056" lon="11.066834568977356">
				<ele>1792.60009765625</ele>
				<time>2026-08-29T08:53:36Z</time>
			</trkpt>
			<trkpt lat="45.80034160614014" lon="11.066891431808472">
				<ele>1793.199951171875</ele>
				<time>2026-08-29T08:53:53Z</time>
			</trkpt>
			<trkpt lat="45.800211787223816" lon="11.066975355148315">
				<ele>1794.199951171875</ele>
				<time>2026-08-29T08:54:05Z</time>
			</trkpt>
			<trkpt lat="45.80014204978943" lon="11.067058801651001">
				<ele>1795.199951171875</ele>
				<time>2026-08-29T08:54:13Z</time>
			</trkpt>
			<trkpt lat="45.80013120174408" lon="11.06706702709198">
				<ele>1795.39990234375</ele>
				<time>2026-08-29T08:54:14Z</time>
			</trkpt>
			<trkpt lat="45.80011987686157" lon="11.06707501411438">
				<ele>1795.60009765625</ele>
				<time>2026-08-29T08:54:15Z</time>
			</trkpt>
			<trkpt lat="45.80010986328125" lon="11.067083835601807">
				<ele>1795.800048828125</ele>
				<time>2026-08-29T08:54:16Z</time>
			</trkpt>
			<trkpt lat="45.800102949142456" lon="11.067097187042236">
				<ele>1796.0</ele>
				<time>2026-08-29T08:54:17Z</time>
			</trkpt>
			<trkpt lat="45.80009579658508" lon="11.067111253738403">
				<ele>1796.0</ele>
				<time>2026-08-29T08:54:18Z</time>
			</trkpt>
			<trkpt lat="45.80008018016815" lon="11.067128658294678">
				<ele>1796.39990234375</ele>
				<time>2026-08-29T08:54:20Z</time>
			</trkpt>
			<trkpt lat="45.800068855285645" lon="11.067131876945496">
				<ele>1796.60009765625</ele>
				<time>2026-08-29T08:54:21Z</time>
			</trkpt>
			<trkpt lat="45.800057888031006" lon="11.067134141921997">
				<ele>1796.800048828125</ele>
				<time>2026-08-29T08:54:22Z</time>
			</trkpt>
			<trkpt lat="45.79997634887695" lon="11.067171812057495">
				<ele>1799.60009765625</ele>
				<time>2026-08-29T08:54:36Z</time>
			</trkpt>
			<trkpt lat="45.79988372325897" lon="11.067116141319275">
				<ele>1801.60009765625</ele>
				<time>2026-08-29T08:54:51Z</time>
			</trkpt>
			<trkpt lat="45.79987645149231" lon="11.067109107971191">
				<ele>1801.800048828125</ele>
				<time>2026-08-29T08:54:52Z</time>
			</trkpt>
			<trkpt lat="45.79986643791199" lon="11.06710171699524">
				<ele>1802.0</ele>
				<time>2026-08-29T08:54:53Z</time>
			</trkpt>
			<trkpt lat="45.79980111122131" lon="11.067090153694153">
				<ele>1803.39990234375</ele>
				<time>2026-08-29T08:55:00Z</time>
			</trkpt>
			<trkpt lat="45.79975497722626" lon="11.06710147857666">
				<ele>1804.39990234375</ele>
				<time>2026-08-29T08:55:05Z</time>
			</trkpt>
			<trkpt lat="45.79969894886017" lon="11.067117810249329">
				<ele>1805.39990234375</ele>
				<time>2026-08-29T08:55:11Z</time>
			</trkpt>
			<trkpt lat="45.799689173698425" lon="11.06712543964386">
				<ele>1805.60009765625</ele>
				<time>2026-08-29T08:55:12Z</time>
			</trkpt>
			<trkpt lat="45.799670338630676" lon="11.067134499549866">
				<ele>1806.0</ele>
				<time>2026-08-29T08:55:14Z</time>
			</trkpt>
			<trkpt lat="45.79965949058533" lon="11.067139029502869">
				<ele>1806.199951171875</ele>
				<time>2026-08-29T08:55:15Z</time>
			</trkpt>
			<trkpt lat="45.79964876174927" lon="11.067146062850952">
				<ele>1806.199951171875</ele>
				<time>2026-08-29T08:55:16Z</time>
			</trkpt>
			<trkpt lat="45.79957449436188" lon="11.06718385219574">
				<ele>1808.39990234375</ele>
				<time>2026-08-29T08:55:28Z</time>
			</trkpt>
			<trkpt lat="45.799562096595764" lon="11.067223072052002">
				<ele>1809.39990234375</ele>
				<time>2026-08-29T08:55:52Z</time>
			</trkpt>
			<trkpt lat="45.799567222595215" lon="11.067224502563477">
				<ele>1809.800048828125</ele>
				<time>2026-08-29T08:56:25Z</time>
			</trkpt>
			<trkpt lat="45.79957342147827" lon="11.067225933074951">
				<ele>1809.39990234375</ele>
				<time>2026-08-29T08:56:49Z</time>
			</trkpt>
			<trkpt lat="45.799575090408325" lon="11.067244172096252">
				<ele>1807.800048828125</ele>
				<time>2026-08-29T08:57:21Z</time>
			</trkpt>
			<trkpt lat="45.79957675933838" lon="11.067195415496826">
				<ele>1810.39990234375</ele>
				<time>2026-08-29T08:57:35Z</time>
			</trkpt>
			<trkpt lat="45.79957056045532" lon="11.067146301269531">
				<ele>1808.39990234375</ele>
				<time>2026-08-29T08:58:26Z</time>
			</trkpt>
			<trkpt lat="45.79956901073456" lon="11.067153096199036">
				<ele>1805.39990234375</ele>
				<time>2026-08-29T08:58:35Z</time>
			</trkpt>
			<trkpt lat="45.799567222595215" lon="11.067154049873352">
				<ele>1804.60009765625</ele>
				<time>2026-08-29T08:58:37Z</time>
			</trkpt>
			<trkpt lat="45.79955780506134" lon="11.067156791687012">
				<ele>1807.800048828125</ele>
				<time>2026-08-29T08:58:48Z</time>
			</trkpt>
			<trkpt lat="45.799554228782654" lon="11.067155599594116">
				<ele>1811.199951171875</ele>
				<time>2026-08-29T08:58:53Z</time>
			</trkpt>
			<trkpt lat="45.799553990364075" lon="11.067155718803406">
				<ele>1811.60009765625</ele>
				<time>2026-08-29T08:58:54Z</time>
			</trkpt>
			<trkpt lat="45.79955339431763" lon="11.067154288291931">
				<ele>1808.39990234375</ele>
				<time>2026-08-29T08:59:11Z</time>
			</trkpt>
			<trkpt lat="45.799553871154785" lon="11.067158579826355">
				<ele>1807.800048828125</ele>
				<time>2026-08-29T09:00:23Z</time>
			</trkpt>
			<trkpt lat="45.7995502948761" lon="11.067148327827454">
				<ele>1808.0</ele>
				<time>2026-08-29T09:01:33Z</time>
			</trkpt>
			<trkpt lat="45.79955530166626" lon="11.067152857780457">
				<ele>1808.0</ele>
				<time>2026-08-29T09:02:41Z</time>
			</trkpt>
			<trkpt lat="45.79955840110779" lon="11.067156672477722">
				<ele>1809.60009765625</ele>
				<time>2026-08-29T09:03:22Z</time>
			</trkpt>
			<trkpt lat="45.799577474594116" lon="11.067145824432373">
				<ele>1808.0</ele>
				<time>2026-08-29T09:04:11Z</time>
			</trkpt>
			<trkpt lat="45.79957711696625" lon="11.067159175872803">
				<ele>1805.800048828125</ele>
				<time>2026-08-29T09:04:32Z</time>
			</trkpt>
			<trkpt lat="45.799572467803955" lon="11.067171216011047">
				<ele>1808.0</ele>
				<time>2026-08-29T09:04:38Z</time>
			</trkpt>
			<trkpt lat="45.79957401752472" lon="11.067174434661865">
				<ele>1808.199951171875</ele>
				<time>2026-08-29T09:05:20Z</time>
			</trkpt>
			<trkpt lat="45.799567341804504" lon="11.067193031311035">
				<ele>1809.39990234375</ele>
				<time>2026-08-29T09:06:07Z</time>
			</trkpt>
			<trkpt lat="45.7995867729187" lon="11.067212343215942">
				<ele>1809.60009765625</ele>
				<time>2026-08-29T09:06:29Z</time>
			</trkpt>
			<trkpt lat="45.799588084220886" lon="11.067304849624634">
				<ele>1809.0</ele>
				<time>2026-08-29T09:06:44Z</time>
			</trkpt>
			<trkpt lat="45.79957437515259" lon="11.067458987236023">
				<ele>1810.0</ele>
				<time>2026-08-29T09:06:58Z</time>
			</trkpt>
			<trkpt lat="45.79959559440613" lon="11.06761884689331">
				<ele>1812.39990234375</ele>
				<time>2026-08-29T09:07:11Z</time>
			</trkpt>
			<trkpt lat="45.79965782165527" lon="11.067696452140808">
				<ele>1813.199951171875</ele>
				<time>2026-08-29T09:07:19Z</time>
			</trkpt>
			<trkpt lat="45.79976141452789" lon="11.067750692367554">
				<ele>1815.60009765625</ele>
				<time>2026-08-29T09:07:31Z</time>
			</trkpt>
			<trkpt lat="45.799840331077576" lon="11.06780230998993">
				<ele>1817.199951171875</ele>
				<time>2026-08-29T09:07:40Z</time>
			</trkpt>
			<trkpt lat="45.79986500740051" lon="11.067819118499756">
				<ele>1817.60009765625</ele>
				<time>2026-08-29T09:07:43Z</time>
			</trkpt>
			<trkpt lat="45.799896359443665" lon="11.067841410636902">
				<ele>1818.39990234375</ele>
				<time>2026-08-29T09:07:47Z</time>
			</trkpt>
			<trkpt lat="45.799996733665466" lon="11.067909479141235">
				<ele>1820.60009765625</ele>
				<time>2026-08-29T09:08:00Z</time>
			</trkpt>
			<trkpt lat="45.800122022628784" lon="11.068023800849915">
				<ele>1823.39990234375</ele>
				<time>2026-08-29T09:08:18Z</time>
			</trkpt>
			<trkpt lat="45.80021572113037" lon="11.068089008331299">
				<ele>1825.0</ele>
				<time>2026-08-29T09:08:30Z</time>
			</trkpt>
			<trkpt lat="45.80023217201233" lon="11.06809663772583">
				<ele>1825.199951171875</ele>
				<time>2026-08-29T09:08:32Z</time>
			</trkpt>
			<trkpt lat="45.80030131340027" lon="11.068161368370056">
				<ele>1826.39990234375</ele>
				<time>2026-08-29T09:08:42Z</time>
			</trkpt>
			<trkpt lat="45.80032205581665" lon="11.068168997764587">
				<ele>1827.800048828125</ele>
				<time>2026-08-29T09:09:03Z</time>
			</trkpt>
			<trkpt lat="45.80033206939697" lon="11.06814980506897">
				<ele>1827.60009765625</ele>
				<time>2026-08-29T09:10:01Z</time>
			</trkpt>
			<trkpt lat="45.800233483314514" lon="11.068167686462402">
				<ele>1828.0</ele>
				<time>2026-08-29T09:10:49Z</time>
			</trkpt>
			<trkpt lat="45.800166606903076" lon="11.068190693855286">
				<ele>1828.800048828125</ele>
				<time>2026-08-29T09:10:56Z</time>
			</trkpt>
			<trkpt lat="45.79999613761902" lon="11.068276762962341">
				<ele>1832.0</ele>
				<time>2026-08-29T09:11:15Z</time>
			</trkpt>
			<trkpt lat="45.79984652996063" lon="11.068352222442627">
				<ele>1835.0</ele>
				<time>2026-08-29T09:11:33Z</time>
			</trkpt>
			<trkpt lat="45.799764752388" lon="11.068397879600525">
				<ele>1836.800048828125</ele>
				<time>2026-08-29T09:11:43Z</time>
			</trkpt>
			<trkpt lat="45.79965901374817" lon="11.068490624427795">
				<ele>1838.60009765625</ele>
				<time>2026-08-29T09:11:55Z</time>
			</trkpt>
			<trkpt lat="45.799649119377136" lon="11.068500757217407">
				<ele>1838.60009765625</ele>
				<time>2026-08-29T09:11:56Z</time>
			</trkpt>
			<trkpt lat="45.79963934421539" lon="11.068506598472595">
				<ele>1838.800048828125</ele>
				<time>2026-08-29T09:11:57Z</time>
			</trkpt>
			<trkpt lat="45.79953193664551" lon="11.068564772605896">
				<ele>1840.60009765625</ele>
				<time>2026-08-29T09:12:09Z</time>
			</trkpt>
			<trkpt lat="45.79941463470459" lon="11.06864321231842">
				<ele>1842.39990234375</ele>
				<time>2026-08-29T09:12:22Z</time>
			</trkpt>
			<trkpt lat="45.79930126667023" lon="11.06869661808014">
				<ele>1844.39990234375</ele>
				<time>2026-08-29T09:12:35Z</time>
			</trkpt>
			<trkpt lat="45.79928541183472" lon="11.068714141845703">
				<ele>1844.60009765625</ele>
				<time>2026-08-29T09:12:37Z</time>
			</trkpt>
			<trkpt lat="45.79927861690521" lon="11.068733930587769">
				<ele>1845.800048828125</ele>
				<time>2026-08-29T09:12:56Z</time>
			</trkpt>
			<trkpt lat="45.7992879152298" lon="11.068735957145691">
				<ele>1846.39990234375</ele>
				<time>2026-08-29T09:13:36Z</time>
			</trkpt>
			<trkpt lat="45.79927372932434" lon="11.06874966621399">
				<ele>1846.60009765625</ele>
				<time>2026-08-29T09:14:09Z</time>
			</trkpt>
			<trkpt lat="45.799259424209595" lon="11.068878531455994">
				<ele>1845.199951171875</ele>
				<time>2026-08-29T09:14:28Z</time>
			</trkpt>
			<trkpt lat="45.79923105239868" lon="11.068956732749939">
				<ele>1844.800048828125</ele>
				<time>2026-08-29T09:14:47Z</time>
			</trkpt>
			<trkpt lat="45.79921472072601" lon="11.069152235984802">
				<ele>1844.39990234375</ele>
				<time>2026-08-29T09:15:07Z</time>
			</trkpt>
			<trkpt lat="45.79916286468506" lon="11.069283843040466">
				<ele>1844.60009765625</ele>
				<time>2026-08-29T09:15:25Z</time>
			</trkpt>
			<trkpt lat="45.799129605293274" lon="11.069359064102173">
				<ele>1845.199951171875</ele>
				<time>2026-08-29T09:15:46Z</time>
			</trkpt>
			<trkpt lat="45.799076080322266" lon="11.069435000419617">
				<ele>1845.0</ele>
				<time>2026-08-29T09:16:03Z</time>
			</trkpt>
			<trkpt lat="45.79905116558075" lon="11.069470524787903">
				<ele>1844.800048828125</ele>
				<time>2026-08-29T09:16:18Z</time>
			</trkpt>
			<trkpt lat="45.79902911186218" lon="11.069474220275879">
				<ele>1844.0</ele>
				<time>2026-08-29T09:16:35Z</time>
			</trkpt>
			<trkpt lat="45.79902791976929" lon="11.069467663764954">
				<ele>1844.39990234375</ele>
				<time>2026-08-29T09:17:30Z</time>
			</trkpt>
			<trkpt lat="45.799036264419556" lon="11.069518327713013">
				<ele>1844.60009765625</ele>
				<time>2026-08-29T09:17:46Z</time>
			</trkpt>
			<trkpt lat="45.799089193344116" lon="11.06941533088684">
				<ele>1844.800048828125</ele>
				<time>2026-08-29T09:18:01Z</time>
			</trkpt>
			<trkpt lat="45.79911148548126" lon="11.069372415542603">
				<ele>1845.800048828125</ele>
				<time>2026-08-29T09:18:11Z</time>
			</trkpt>
			<trkpt lat="45.79913628101349" lon="11.069302439689636">
				<ele>1846.0</ele>
				<time>2026-08-29T09:18:17Z</time>
			</trkpt>
			<trkpt lat="45.79918038845062" lon="11.069214701652527">
				<ele>1846.39990234375</ele>
				<time>2026-08-29T09:18:26Z</time>
			</trkpt>
			<trkpt lat="45.799185395240784" lon="11.069200158119202">
				<ele>1846.39990234375</ele>
				<time>2026-08-29T09:18:27Z</time>
			</trkpt>
			<trkpt lat="45.799206614494324" lon="11.069045662879944">
				<ele>1845.800048828125</ele>
				<time>2026-08-29T09:18:39Z</time>
			</trkpt>
			<trkpt lat="45.79921281337738" lon="11.069031834602356">
				<ele>1845.800048828125</ele>
				<time>2026-08-29T09:18:40Z</time>
			</trkpt>
			<trkpt lat="45.79925060272217" lon="11.06888234615326">
				<ele>1845.800048828125</ele>
				<time>2026-08-29T09:18:51Z</time>
			</trkpt>
			<trkpt lat="45.79925763607025" lon="11.068870663642883">
				<ele>1845.800048828125</ele>
				<time>2026-08-29T09:18:52Z</time>
			</trkpt>
			<trkpt lat="45.79926335811615" lon="11.068855881690979">
				<ele>1845.800048828125</ele>
				<time>2026-08-29T09:18:53Z</time>
			</trkpt>
			<trkpt lat="45.799267411231995" lon="11.068840742111206">
				<ele>1846.0</ele>
				<time>2026-08-29T09:18:54Z</time>
			</trkpt>
			<trkpt lat="45.79928708076477" lon="11.06880807876587">
				<ele>1846.199951171875</ele>
				<time>2026-08-29T09:18:57Z</time>
			</trkpt>
			<trkpt lat="45.79929769039154" lon="11.068796873092651">
				<ele>1846.199951171875</ele>
				<time>2026-08-29T09:18:58Z</time>
			</trkpt>
			<trkpt lat="45.79931032657623" lon="11.068790793418884">
				<ele>1846.199951171875</ele>
				<time>2026-08-29T09:18:59Z</time>
			</trkpt>
			<trkpt lat="45.799322843551636" lon="11.068787932395935">
				<ele>1846.39990234375</ele>
				<time>2026-08-29T09:19:00Z</time>
			</trkpt>
			<trkpt lat="45.79933261871338" lon="11.068782806396484">
				<ele>1846.39990234375</ele>
				<time>2026-08-29T09:19:01Z</time>
			</trkpt>
			<trkpt lat="45.79935157299042" lon="11.068771481513977">
				<ele>1846.39990234375</ele>
				<time>2026-08-29T09:19:03Z</time>
			</trkpt>
			<trkpt lat="45.7993643283844" lon="11.068770170211792">
				<ele>1846.60009765625</ele>
				<time>2026-08-29T09:19:04Z</time>
			</trkpt>
			<trkpt lat="45.79938542842865" lon="11.068761825561523">
				<ele>1846.60009765625</ele>
				<time>2026-08-29T09:19:06Z</time>
			</trkpt>
			<trkpt lat="45.79939579963684" lon="11.068755149841309">
				<ele>1846.800048828125</ele>
				<time>2026-08-29T09:19:07Z</time>
			</trkpt>
			<trkpt lat="45.79940569400787" lon="11.068747639656067">
				<ele>1847.0</ele>
				<time>2026-08-29T09:19:08Z</time>
			</trkpt>
			<trkpt lat="45.799418687820435" lon="11.068744659423828">
				<ele>1847.0</ele>
				<time>2026-08-29T09:19:09Z</time>
			</trkpt>
			<trkpt lat="45.79943287372589" lon="11.06874394416809">
				<ele>1847.199951171875</ele>
				<time>2026-08-29T09:19:10Z</time>
			</trkpt>
			<trkpt lat="45.799445271492004" lon="11.06874406337738">
				<ele>1847.199951171875</ele>
				<time>2026-08-29T09:19:11Z</time>
			</trkpt>
			<trkpt lat="45.799455761909485" lon="11.068743824958801">
				<ele>1847.39990234375</ele>
				<time>2026-08-29T09:19:12Z</time>
			</trkpt>
			<trkpt lat="45.7994658946991" lon="11.068739533424377">
				<ele>1847.60009765625</ele>
				<time>2026-08-29T09:19:13Z</time>
			</trkpt>
			<trkpt lat="45.799476623535156" lon="11.068733930587769">
				<ele>1847.60009765625</ele>
				<time>2026-08-29T09:19:14Z</time>
			</trkpt>
			<trkpt lat="45.79948925971985" lon="11.06873333454132">
				<ele>1847.800048828125</ele>
				<time>2026-08-29T09:19:15Z</time>
			</trkpt>
			<trkpt lat="45.79958415031433" lon="11.068745255470276">
				<ele>1849.199951171875</ele>
				<time>2026-08-29T09:19:28Z</time>
			</trkpt>
			<trkpt lat="45.79960763454437" lon="11.06872546672821">
				<ele>1849.199951171875</ele>
				<time>2026-08-29T09:19:46Z</time>
			</trkpt>
			<trkpt lat="45.79964900016785" lon="11.068763136863708">
				<ele>1849.199951171875</ele>
				<time>2026-08-29T09:19:54Z</time>
			</trkpt>
			<trkpt lat="45.79965841770172" lon="11.068770051002502">
				<ele>1849.199951171875</ele>
				<time>2026-08-29T09:19:55Z</time>
			</trkpt>
			<trkpt lat="45.7996711730957" lon="11.068791627883911">
				<ele>1849.199951171875</ele>
				<time>2026-08-29T09:19:57Z</time>
			</trkpt>
			<trkpt lat="45.79968965053558" lon="11.06886601448059">
				<ele>1850.39990234375</ele>
				<time>2026-08-29T09:20:08Z</time>
			</trkpt>
			<trkpt lat="45.79969310760498" lon="11.068933010101318">
				<ele>1851.0</ele>
				<time>2026-08-29T09:20:24Z</time>
			</trkpt>
			<trkpt lat="45.799667716026306" lon="11.068933129310608">
				<ele>1851.60009765625</ele>
				<time>2026-08-29T09:20:40Z</time>
			</trkpt>
			<trkpt lat="45.799713492393494" lon="11.068913221359253">
				<ele>1851.60009765625</ele>
				<time>2026-08-29T09:20:59Z</time>
			</trkpt>
			<trkpt lat="45.79972696304321" lon="11.068873167037964">
				<ele>1851.60009765625</ele>
				<time>2026-08-29T09:21:03Z</time>
			</trkpt>
			<trkpt lat="45.79973578453064" lon="11.068862557411194">
				<ele>1851.60009765625</ele>
				<time>2026-08-29T09:21:04Z</time>
			</trkpt>
			<trkpt lat="45.79974567890167" lon="11.068853259086609">
				<ele>1851.60009765625</ele>
				<time>2026-08-29T09:21:05Z</time>
			</trkpt>
			<trkpt lat="45.79986011981964" lon="11.068769574165344">
				<ele>1850.800048828125</ele>
				<time>2026-08-29T09:21:19Z</time>
			</trkpt>
			<trkpt lat="45.799928307533264" lon="11.068710446357727">
				<ele>1850.199951171875</ele>
				<time>2026-08-29T09:21:30Z</time>
			</trkpt>
			<trkpt lat="45.79993736743927" lon="11.068703413009644">
				<ele>1850.199951171875</ele>
				<time>2026-08-29T09:21:31Z</time>
			</trkpt>
			<trkpt lat="45.7999484539032" lon="11.068700909614563">
				<ele>1850.199951171875</ele>
				<time>2026-08-29T09:21:32Z</time>
			</trkpt>
			<trkpt lat="45.80000650882721" lon="11.068666577339172">
				<ele>1849.39990234375</ele>
				<time>2026-08-29T09:21:39Z</time>
			</trkpt>
			<trkpt lat="45.80006980895996" lon="11.068633913993835">
				<ele>1847.60009765625</ele>
				<time>2026-08-29T09:21:52Z</time>
			</trkpt>
			<trkpt lat="45.80012094974518" lon="11.06861960887909">
				<ele>1846.39990234375</ele>
				<time>2026-08-29T09:22:22Z</time>
			</trkpt>
			<trkpt lat="45.8002245426178" lon="11.068580627441406">
				<ele>1844.39990234375</ele>
				<time>2026-08-29T09:22:37Z</time>
			</trkpt>
			<trkpt lat="45.800299644470215" lon="11.06850814819336">
				<ele>1841.60009765625</ele>
				<time>2026-08-29T09:22:54Z</time>
			</trkpt>
			<trkpt lat="45.80029845237732" lon="11.068495392799377">
				<ele>1841.39990234375</ele>
				<time>2026-08-29T09:22:55Z</time>
			</trkpt>
			<trkpt lat="45.80036437511444" lon="11.068440437316895">
				<ele>1839.39990234375</ele>
				<time>2026-08-29T09:23:06Z</time>
			</trkpt>
			<trkpt lat="45.800412774086" lon="11.068400382995605">
				<ele>1837.60009765625</ele>
				<time>2026-08-29T09:23:21Z</time>
			</trkpt>
			<trkpt lat="45.800495982170105" lon="11.068418025970459">
				<ele>1834.39990234375</ele>
				<time>2026-08-29T09:23:35Z</time>
			</trkpt>
			<trkpt lat="45.80055570602417" lon="11.068498373031616">
				<ele>1832.199951171875</ele>
				<time>2026-08-29T09:23:47Z</time>
			</trkpt>
			<trkpt lat="45.80057430267334" lon="11.068585276603699">
				<ele>1829.800048828125</ele>
				<time>2026-08-29T09:24:04Z</time>
			</trkpt>
			<trkpt lat="45.80059814453125" lon="11.068639874458313">
				<ele>1829.0</ele>
				<time>2026-08-29T09:24:22Z</time>
			</trkpt>
			<trkpt lat="45.80064010620117" lon="11.068762183189392">
				<ele>1828.0</ele>
				<time>2026-08-29T09:24:41Z</time>
			</trkpt>
			<trkpt lat="45.8006089925766" lon="11.068728804588318">
				<ele>1827.199951171875</ele>
				<time>2026-08-29T09:25:16Z</time>
			</trkpt>
			<trkpt lat="45.80060625076294" lon="11.068688750267029">
				<ele>1827.0</ele>
				<time>2026-08-29T09:25:19Z</time>
			</trkpt>
			<trkpt lat="45.80060350894928" lon="11.068671464920044">
				<ele>1827.0</ele>
				<time>2026-08-29T09:25:20Z</time>
			</trkpt>
			<trkpt lat="45.80057227611542" lon="11.068623781204224">
				<ele>1827.199951171875</ele>
				<time>2026-08-29T09:25:25Z</time>
			</trkpt>
			<trkpt lat="45.800551533699036" lon="11.068575501441956">
				<ele>1827.39990234375</ele>
				<time>2026-08-29T09:25:29Z</time>
			</trkpt>
			<trkpt lat="45.80054330825806" lon="11.068549394607544">
				<ele>1827.60009765625</ele>
				<time>2026-08-29T09:25:31Z</time>
			</trkpt>
			<trkpt lat="45.800546050071716" lon="11.068413734436035">
				<ele>1829.60009765625</ele>
				<time>2026-08-29T09:25:47Z</time>
			</trkpt>
			<trkpt lat="45.80054461956024" lon="11.068309307098389">
				<ele>1830.0</ele>
				<time>2026-08-29T09:26:00Z</time>
			</trkpt>
			<trkpt lat="45.80054533481598" lon="11.068294882774353">
				<ele>1830.0</ele>
				<time>2026-08-29T09:26:01Z</time>
			</trkpt>
			<trkpt lat="45.80054795742035" lon="11.068217515945435">
				<ele>1828.800048828125</ele>
				<time>2026-08-29T09:26:12Z</time>
			</trkpt>
			<trkpt lat="45.80054271221161" lon="11.068190336227417">
				<ele>1828.60009765625</ele>
				<time>2026-08-29T09:26:28Z</time>
			</trkpt>
			<trkpt lat="45.800520062446594" lon="11.068183302879333">
				<ele>1828.60009765625</ele>
				<time>2026-08-29T09:26:39Z</time>
			</trkpt>
			<trkpt lat="45.80048084259033" lon="11.068169474601746">
				<ele>1828.60009765625</ele>
				<time>2026-08-29T09:26:42Z</time>
			</trkpt>
			<trkpt lat="45.80035054683685" lon="11.068153500556946">
				<ele>1828.800048828125</ele>
				<time>2026-08-29T09:26:55Z</time>
			</trkpt>
			<trkpt lat="45.80031669139862" lon="11.06814444065094">
				<ele>1829.199951171875</ele>
				<time>2026-08-29T09:26:58Z</time>
			</trkpt>
			<trkpt lat="45.80028009414673" lon="11.068119168281555">
				<ele>1829.199951171875</ele>
				<time>2026-08-29T09:27:02Z</time>
			</trkpt>
			<trkpt lat="45.80026912689209" lon="11.068114399909973">
				<ele>1829.199951171875</ele>
				<time>2026-08-29T09:27:03Z</time>
			</trkpt>
			<trkpt lat="45.80006957054138" lon="11.067983150482178">
				<ele>1826.60009765625</ele>
				<time>2026-08-29T09:27:21Z</time>
			</trkpt>
			<trkpt lat="45.79990231990814" lon="11.067864656448364">
				<ele>1823.800048828125</ele>
				<time>2026-08-29T09:27:36Z</time>
			</trkpt>
			<trkpt lat="45.79976570606232" lon="11.067752242088318">
				<ele>1820.60009765625</ele>
				<time>2026-08-29T09:27:50Z</time>
			</trkpt>
			<trkpt lat="45.79962074756622" lon="11.067643523216248">
				<ele>1817.39990234375</ele>
				<time>2026-08-29T09:28:03Z</time>
			</trkpt>
			<trkpt lat="45.79960310459137" lon="11.067401051521301">
				<ele>1814.199951171875</ele>
				<time>2026-08-29T09:28:18Z</time>
			</trkpt>
			<trkpt lat="45.79963171482086" lon="11.067198157310486">
				<ele>1811.0</ele>
				<time>2026-08-29T09:28:30Z</time>
			</trkpt>
			<trkpt lat="45.79975438117981" lon="11.067115426063538">
				<ele>1807.800048828125</ele>
				<time>2026-08-29T09:28:41Z</time>
			</trkpt>
			<trkpt lat="45.79993033409119" lon="11.067115545272827">
				<ele>1804.60009765625</ele>
				<time>2026-08-29T09:28:56Z</time>
			</trkpt>
			<trkpt lat="45.800065994262695" lon="11.067114114761353">
				<ele>1801.39990234375</ele>
				<time>2026-08-29T09:29:08Z</time>
			</trkpt>
			<trkpt lat="45.80012226104736" lon="11.067062258720398">
				<ele>1799.60009765625</ele>
				<time>2026-08-29T09:29:15Z</time>
			</trkpt>
			<trkpt lat="45.80013167858124" lon="11.067051887512207">
				<ele>1799.39990234375</ele>
				<time>2026-08-29T09:29:16Z</time>
			</trkpt>
			<trkpt lat="45.80014133453369" lon="11.067042112350464">
				<ele>1799.199951171875</ele>
				<time>2026-08-29T09:29:17Z</time>
			</trkpt>
			<trkpt lat="45.80034959316254" lon="11.066874861717224">
				<ele>1796.0</ele>
				<time>2026-08-29T09:29:35Z</time>
			</trkpt>
			<trkpt lat="45.80053997039795" lon="11.066679120063782">
				<ele>1794.199951171875</ele>
				<time>2026-08-29T09:29:53Z</time>
			</trkpt>
			<trkpt lat="45.800609827041626" lon="11.066548347473145">
				<ele>1793.0</ele>
				<time>2026-08-29T09:30:09Z</time>
			</trkpt>
			<trkpt lat="45.80059516429901" lon="11.066475629806519">
				<ele>1789.800048828125</ele>
				<time>2026-08-29T09:30:25Z</time>
			</trkpt>
			<trkpt lat="45.8005336523056" lon="11.066422939300537">
				<ele>1786.800048828125</ele>
				<time>2026-08-29T09:30:36Z</time>
			</trkpt>
			<trkpt lat="45.800525426864624" lon="11.066414833068848">
				<ele>1786.60009765625</ele>
				<time>2026-08-29T09:30:37Z</time>
			</trkpt>
			<trkpt lat="45.80051577091217" lon="11.066405534744263">
				<ele>1786.39990234375</ele>
				<time>2026-08-29T09:30:38Z</time>
			</trkpt>
			<trkpt lat="45.80053269863129" lon="11.06629478931427">
				<ele>1783.199951171875</ele>
				<time>2026-08-29T09:30:51Z</time>
			</trkpt>
			<trkpt lat="45.80060958862305" lon="11.06623637676239">
				<ele>1780.0</ele>
				<time>2026-08-29T09:31:04Z</time>
			</trkpt>
			<trkpt lat="45.80066478252411" lon="11.066199898719788">
				<ele>1778.39990234375</ele>
				<time>2026-08-29T09:31:11Z</time>
			</trkpt>
			<trkpt lat="45.800745368003845" lon="11.066092133522034">
				<ele>1775.39990234375</ele>
				<time>2026-08-29T09:31:25Z</time>
			</trkpt>
			<trkpt lat="45.800758719444275" lon="11.066055655479431">
				<ele>1774.60009765625</ele>
				<time>2026-08-29T09:31:28Z</time>
			</trkpt>
			<trkpt lat="45.8007595539093" lon="11.066040277481079">
				<ele>1774.39990234375</ele>
				<time>2026-08-29T09:31:29Z</time>
			</trkpt>
			<trkpt lat="45.800700545310974" lon="11.066061615943909">
				<ele>1772.60009765625</ele>
				<time>2026-08-29T09:31:38Z</time>
			</trkpt>
			<trkpt lat="45.80063331127167" lon="11.06608510017395">
				<ele>1770.800048828125</ele>
				<time>2026-08-29T09:31:53Z</time>
			</trkpt>
			<trkpt lat="45.80060267448425" lon="11.066088676452637">
				<ele>1770.60009765625</ele>
				<time>2026-08-29T09:31:56Z</time>
			</trkpt>
			<trkpt lat="45.800591826438904" lon="11.06609058380127">
				<ele>1770.60009765625</ele>
				<time>2026-08-29T09:31:57Z</time>
			</trkpt>
			<trkpt lat="45.800580978393555" lon="11.066091537475586">
				<ele>1770.60009765625</ele>
				<time>2026-08-29T09:31:58Z</time>
			</trkpt>
			<trkpt lat="45.80035471916199" lon="11.066105723381042">
				<ele>1769.199951171875</ele>
				<time>2026-08-29T09:32:16Z</time>
			</trkpt>
			<trkpt lat="45.800094962120056" lon="11.066102266311646">
				<ele>1767.39990234375</ele>
				<time>2026-08-29T09:32:37Z</time>
			</trkpt>
			<trkpt lat="45.79991281032562" lon="11.066072821617126">
				<ele>1766.0</ele>
				<time>2026-08-29T09:32:52Z</time>
			</trkpt>
			<trkpt lat="45.79983174800873" lon="11.066070437431335">
				<ele>1765.199951171875</ele>
				<time>2026-08-29T09:32:59Z</time>
			</trkpt>
			<trkpt lat="45.79982042312622" lon="11.066076040267944">
				<ele>1765.0</ele>
				<time>2026-08-29T09:33:00Z</time>
			</trkpt>
			<trkpt lat="45.79973518848419" lon="11.066126465797424">
				<ele>1764.199951171875</ele>
				<time>2026-08-29T09:33:08Z</time>
			</trkpt>
			<trkpt lat="45.7995548248291" lon="11.06619942188263">
				<ele>1762.60009765625</ele>
				<time>2026-08-29T09:33:24Z</time>
			</trkpt>
			<trkpt lat="45.79950559139252" lon="11.066253066062927">
				<ele>1761.800048828125</ele>
				<time>2026-08-29T09:33:42Z</time>
			</trkpt>
			<trkpt lat="45.799490571022034" lon="11.066271781921387">
				<ele>1761.800048828125</ele>
				<time>2026-08-29T09:33:45Z</time>
			</trkpt>
			<trkpt lat="45.79948389530182" lon="11.066283345222473">
				<ele>1761.800048828125</ele>
				<time>2026-08-29T09:33:46Z</time>
			</trkpt>
			<trkpt lat="45.799479246139526" lon="11.066298484802246">
				<ele>1761.800048828125</ele>
				<time>2026-08-29T09:33:47Z</time>
			</trkpt>
			<trkpt lat="45.79947602748871" lon="11.066313743591309">
				<ele>1761.60009765625</ele>
				<time>2026-08-29T09:33:48Z</time>
			</trkpt>
			<trkpt lat="45.79947233200073" lon="11.066328406333923">
				<ele>1761.60009765625</ele>
				<time>2026-08-29T09:33:49Z</time>
			</trkpt>
			<trkpt lat="45.79932999610901" lon="11.066537380218506">
				<ele>1761.199951171875</ele>
				<time>2026-08-29T09:34:06Z</time>
			</trkpt>
			<trkpt lat="45.79922711849213" lon="11.066609382629395">
				<ele>1760.39990234375</ele>
				<time>2026-08-29T09:34:22Z</time>
			</trkpt>
			<trkpt lat="45.799235701560974" lon="11.0666424036026">
				<ele>1760.60009765625</ele>
				<time>2026-08-29T09:34:38Z</time>
			</trkpt>
			<trkpt lat="45.79924750328064" lon="11.066664099693298">
				<ele>1761.199951171875</ele>
				<time>2026-08-29T09:35:07Z</time>
			</trkpt>
			<trkpt lat="45.799227595329285" lon="11.066619277000427">
				<ele>1761.0</ele>
				<time>2026-08-29T09:35:28Z</time>
			</trkpt>
			<trkpt lat="45.79920160770416" lon="11.066614985466003">
				<ele>1760.199951171875</ele>
				<time>2026-08-29T09:35:48Z</time>
			</trkpt>
			<trkpt lat="45.79919445514679" lon="11.066620349884033">
				<ele>1760.199951171875</ele>
				<time>2026-08-29T09:35:49Z</time>
			</trkpt>
			<trkpt lat="45.79915249347687" lon="11.066666960716248">
				<ele>1760.0</ele>
				<time>2026-08-29T09:35:54Z</time>
			</trkpt>
			<trkpt lat="45.79914450645447" lon="11.066678404808044">
				<ele>1760.0</ele>
				<time>2026-08-29T09:35:55Z</time>
			</trkpt>
			<trkpt lat="45.79913663864136" lon="11.066691517829895">
				<ele>1760.0</ele>
				<time>2026-08-29T09:35:56Z</time>
			</trkpt>
			<trkpt lat="45.799137473106384" lon="11.06674599647522">
				<ele>1759.60009765625</ele>
				<time>2026-08-29T09:36:11Z</time>
			</trkpt>
			<trkpt lat="45.79912531375885" lon="11.066770315170288">
				<ele>1760.39990234375</ele>
				<time>2026-08-29T09:36:33Z</time>
			</trkpt>
			<trkpt lat="45.79911518096924" lon="11.06677794456482">
				<ele>1760.39990234375</ele>
				<time>2026-08-29T09:36:34Z</time>
			</trkpt>
			<trkpt lat="45.79910671710968" lon="11.066787719726562">
				<ele>1760.199951171875</ele>
				<time>2026-08-29T09:36:35Z</time>
			</trkpt>
			<trkpt lat="45.799100041389465" lon="11.066799283027649">
				<ele>1760.199951171875</ele>
				<time>2026-08-29T09:36:36Z</time>
			</trkpt>
			<trkpt lat="45.799094915390015" lon="11.066811680793762">
				<ele>1760.199951171875</ele>
				<time>2026-08-29T09:36:37Z</time>
			</trkpt>
			<trkpt lat="45.79905700683594" lon="11.06688117980957">
				<ele>1760.199951171875</ele>
				<time>2026-08-29T09:36:43Z</time>
			</trkpt>
			<trkpt lat="45.799044609069824" lon="11.066933870315552">
				<ele>1759.199951171875</ele>
				<time>2026-08-29T09:36:59Z</time>
			</trkpt>
			<trkpt lat="45.79903328418732" lon="11.066959142684937">
				<ele>1759.199951171875</ele>
				<time>2026-08-29T09:37:01Z</time>
			</trkpt>
			<trkpt lat="45.79902648925781" lon="11.066972613334656">
				<ele>1759.199951171875</ele>
				<time>2026-08-29T09:37:02Z</time>
			</trkpt>
			<trkpt lat="45.79901731014252" lon="11.066987752914429">
				<ele>1759.199951171875</ele>
				<time>2026-08-29T09:37:03Z</time>
			</trkpt>
			<trkpt lat="45.79900622367859" lon="11.067001104354858">
				<ele>1759.199951171875</ele>
				<time>2026-08-29T09:37:04Z</time>
			</trkpt>
			<trkpt lat="45.798994302749634" lon="11.067011952400208">
				<ele>1759.0</ele>
				<time>2026-08-29T09:37:05Z</time>
			</trkpt>
			<trkpt lat="45.79898393154144" lon="11.067022681236267">
				<ele>1758.800048828125</ele>
				<time>2026-08-29T09:37:06Z</time>
			</trkpt>
			<trkpt lat="45.79897463321686" lon="11.067033290863037">
				<ele>1758.60009765625</ele>
				<time>2026-08-29T09:37:07Z</time>
			</trkpt>
			<trkpt lat="45.79889214038849" lon="11.067100644111633">
				<ele>1757.800048828125</ele>
				<time>2026-08-29T09:37:17Z</time>
			</trkpt>
			<trkpt lat="45.79888367652893" lon="11.067107677459717">
				<ele>1757.800048828125</ele>
				<time>2026-08-29T09:37:18Z</time>
			</trkpt>
			<trkpt lat="45.79886281490326" lon="11.067119240760803">
				<ele>1757.800048828125</ele>
				<time>2026-08-29T09:37:20Z</time>
			</trkpt>
			<trkpt lat="45.79874777793884" lon="11.067296981811523">
				<ele>1756.800048828125</ele>
				<time>2026-08-29T09:37:36Z</time>
			</trkpt>
			<trkpt lat="45.79870676994324" lon="11.067500114440918">
				<ele>1756.199951171875</ele>
				<time>2026-08-29T09:37:53Z</time>
			</trkpt>
			<trkpt lat="45.798691511154175" lon="11.067540407180786">
				<ele>1755.60009765625</ele>
				<time>2026-08-29T09:38:00Z</time>
			</trkpt>
			<trkpt lat="45.79868292808533" lon="11.067569017410278">
				<ele>1755.60009765625</ele>
				<time>2026-08-29T09:38:02Z</time>
			</trkpt>
			<trkpt lat="45.79862928390503" lon="11.067672967910767">
				<ele>1755.199951171875</ele>
				<time>2026-08-29T09:38:10Z</time>
			</trkpt>
			<trkpt lat="45.79860258102417" lon="11.06773853302002">
				<ele>1754.800048828125</ele>
				<time>2026-08-29T09:38:15Z</time>
			</trkpt>
			<trkpt lat="45.79859912395477" lon="11.067752480506897">
				<ele>1754.60009765625</ele>
				<time>2026-08-29T09:38:16Z</time>
			</trkpt>
			<trkpt lat="45.79859459400177" lon="11.067766427993774">
				<ele>1754.60009765625</ele>
				<time>2026-08-29T09:38:17Z</time>
			</trkpt>
			<trkpt lat="45.79859399795532" lon="11.067845463752747">
				<ele>1754.39990234375</ele>
				<time>2026-08-29T09:38:23Z</time>
			</trkpt>
			<trkpt lat="45.79862141609192" lon="11.067959904670715">
				<ele>1753.800048828125</ele>
				<time>2026-08-29T09:38:33Z</time>
			</trkpt>
			<trkpt lat="45.7986261844635" lon="11.067973256111145">
				<ele>1753.800048828125</ele>
				<time>2026-08-29T09:38:34Z</time>
			</trkpt>
			<trkpt lat="45.798633217811584" lon="11.068023204803467">
				<ele>1753.800048828125</ele>
				<time>2026-08-29T09:38:38Z</time>
			</trkpt>
			<trkpt lat="45.79862654209137" lon="11.068034172058105">
				<ele>1753.800048828125</ele>
				<time>2026-08-29T09:38:39Z</time>
			</trkpt>
			<trkpt lat="45.79861879348755" lon="11.068044066429138">
				<ele>1753.60009765625</ele>
				<time>2026-08-29T09:38:40Z</time>
			</trkpt>
			<trkpt lat="45.798611640930176" lon="11.06805419921875">
				<ele>1753.60009765625</ele>
				<time>2026-08-29T09:38:41Z</time>
			</trkpt>
			<trkpt lat="45.79850506782532" lon="11.068137168884277">
				<ele>1752.60009765625</ele>
				<time>2026-08-29T09:38:55Z</time>
			</trkpt>
			<trkpt lat="45.798465847969055" lon="11.068149447441101">
				<ele>1752.39990234375</ele>
				<time>2026-08-29T09:38:59Z</time>
			</trkpt>
			<trkpt lat="45.79845702648163" lon="11.068160057067871">
				<ele>1752.199951171875</ele>
				<time>2026-08-29T09:39:00Z</time>
			</trkpt>
			<trkpt lat="45.79835391044617" lon="11.068303108215332">
				<ele>1750.0</ele>
				<time>2026-08-29T09:39:15Z</time>
			</trkpt>
			<trkpt lat="45.7983603477478" lon="11.068329095840454">
				<ele>1748.800048828125</ele>
				<time>2026-08-29T09:39:41Z</time>
			</trkpt>
			<trkpt lat="45.79842507839203" lon="11.068496346473694">
				<ele>1747.199951171875</ele>
				<time>2026-08-29T09:39:57Z</time>
			</trkpt>
			<trkpt lat="45.7984037399292" lon="11.068620920181274">
				<ele>1744.800048828125</ele>
				<time>2026-08-29T09:40:13Z</time>
			</trkpt>
			<trkpt lat="45.798388957977295" lon="11.068585991859436">
				<ele>1744.199951171875</ele>
				<time>2026-08-29T09:40:16Z</time>
			</trkpt>
			<trkpt lat="45.79827833175659" lon="11.068425297737122">
				<ele>1741.0</ele>
				<time>2026-08-29T09:40:31Z</time>
			</trkpt>
			<trkpt lat="45.79825043678284" lon="11.068405985832214">
				<ele>1740.39990234375</ele>
				<time>2026-08-29T09:40:34Z</time>
			</trkpt>
			<trkpt lat="45.79822909832001" lon="11.068441390991211">
				<ele>1739.39990234375</ele>
				<time>2026-08-29T09:40:38Z</time>
			</trkpt>
			<trkpt lat="45.79825973510742" lon="11.068516850471497">
				<ele>1738.199951171875</ele>
				<time>2026-08-29T09:40:45Z</time>
			</trkpt>
			<trkpt lat="45.79826807975769" lon="11.068526983261108">
				<ele>1738.0</ele>
				<time>2026-08-29T09:40:46Z</time>
			</trkpt>
			<trkpt lat="45.798285722732544" lon="11.06854796409607">
				<ele>1737.800048828125</ele>
				<time>2026-08-29T09:40:48Z</time>
			</trkpt>
			<trkpt lat="45.798324942588806" lon="11.068746328353882">
				<ele>1734.60009765625</ele>
				<time>2026-08-29T09:41:03Z</time>
			</trkpt>
			<trkpt lat="45.7982861995697" lon="11.068824529647827">
				<ele>1732.60009765625</ele>
				<time>2026-08-29T09:41:15Z</time>
			</trkpt>
			<trkpt lat="45.79824411869049" lon="11.068699836730957">
				<ele>1730.0</ele>
				<time>2026-08-29T09:41:27Z</time>
			</trkpt>
			<trkpt lat="45.7981903553009" lon="11.068600416183472">
				<ele>1728.199951171875</ele>
				<time>2026-08-29T09:41:37Z</time>
			</trkpt>
			<trkpt lat="45.7981458902359" lon="11.068576693534851">
				<ele>1727.199951171875</ele>
				<time>2026-08-29T09:41:42Z</time>
			</trkpt>
			<trkpt lat="45.79814291000366" lon="11.068588256835938">
				<ele>1727.0</ele>
				<time>2026-08-29T09:41:43Z</time>
			</trkpt>
			<trkpt lat="45.798160791397095" lon="11.068723797798157">
				<ele>1724.60009765625</ele>
				<time>2026-08-29T09:41:57Z</time>
			</trkpt>
			<trkpt lat="45.798155188560486" lon="11.068898916244507">
				<ele>1721.60009765625</ele>
				<time>2026-08-29T09:42:14Z</time>
			</trkpt>
			<trkpt lat="45.79808831214905" lon="11.069049835205078">
				<ele>1718.60009765625</ele>
				<time>2026-08-29T09:42:30Z</time>
			</trkpt>
			<trkpt lat="45.79800760746002" lon="11.069146394729614">
				<ele>1716.199951171875</ele>
				<time>2026-08-29T09:42:43Z</time>
			</trkpt>
			<trkpt lat="45.79796314239502" lon="11.0691579580307">
				<ele>1715.0</ele>
				<time>2026-08-29T09:42:48Z</time>
			</trkpt>
			<trkpt lat="45.797906160354614" lon="11.069201350212097">
				<ele>1712.60009765625</ele>
				<time>2026-08-29T09:43:00Z</time>
			</trkpt>
			<trkpt lat="45.79787874221802" lon="11.069214463233948">
				<ele>1712.199951171875</ele>
				<time>2026-08-29T09:43:03Z</time>
			</trkpt>
			<trkpt lat="45.79774248600006" lon="11.069279670715332">
				<ele>1710.39990234375</ele>
				<time>2026-08-29T09:43:17Z</time>
			</trkpt>
			<trkpt lat="45.797677636146545" lon="11.06931447982788">
				<ele>1709.39990234375</ele>
				<time>2026-08-29T09:43:24Z</time>
			</trkpt>
			<trkpt lat="45.79766654968262" lon="11.069319725036621">
				<ele>1709.199951171875</ele>
				<time>2026-08-29T09:43:25Z</time>
			</trkpt>
			<trkpt lat="45.79754936695099" lon="11.069430351257324">
				<ele>1706.39990234375</ele>
				<time>2026-08-29T09:43:41Z</time>
			</trkpt>
			<trkpt lat="45.797513246536255" lon="11.069453477859497">
				<ele>1705.199951171875</ele>
				<time>2026-08-29T09:44:02Z</time>
			</trkpt>
			<trkpt lat="45.79747545719147" lon="11.069458961486816">
				<ele>1705.0</ele>
				<time>2026-08-29T09:44:16Z</time>
			</trkpt>
			<trkpt lat="45.79745674133301" lon="11.06947112083435">
				<ele>1704.800048828125</ele>
				<time>2026-08-29T09:44:18Z</time>
			</trkpt>
			<trkpt lat="45.79743134975433" lon="11.06948459148407">
				<ele>1704.60009765625</ele>
				<time>2026-08-29T09:44:21Z</time>
			</trkpt>
			<trkpt lat="45.79742169380188" lon="11.069481611251831">
				<ele>1704.60009765625</ele>
				<time>2026-08-29T09:44:22Z</time>
			</trkpt>
			<trkpt lat="45.797412514686584" lon="11.069480657577515">
				<ele>1704.39990234375</ele>
				<time>2026-08-29T09:44:23Z</time>
			</trkpt>
			<trkpt lat="45.797338128089905" lon="11.069478988647461">
				<ele>1703.199951171875</ele>
				<time>2026-08-29T09:44:34Z</time>
			</trkpt>
			<trkpt lat="45.797322392463684" lon="11.069499731063843">
				<ele>1701.199951171875</ele>
				<time>2026-08-29T09:44:52Z</time>
			</trkpt>
			<trkpt lat="45.797335624694824" lon="11.06951367855072">
				<ele>1701.199951171875</ele>
				<time>2026-08-29T09:45:12Z</time>
			</trkpt>
			<trkpt lat="45.797375440597534" lon="11.069459438323975">
				<ele>1701.39990234375</ele>
				<time>2026-08-29T09:45:26Z</time>
			</trkpt>
			<trkpt lat="45.79738390445709" lon="11.069453001022339">
				<ele>1699.0</ele>
				<time>2026-08-29T09:45:37Z</time>
			</trkpt>
			<trkpt lat="45.7973849773407" lon="11.069467425346375">
				<ele>1701.0</ele>
				<time>2026-08-29T09:46:32Z</time>
			</trkpt>
			<trkpt lat="45.7973837852478" lon="11.0694659948349">
				<ele>1700.60009765625</ele>
				<time>2026-08-29T09:48:21Z</time>
			</trkpt>
			<trkpt lat="45.79740357398987" lon="11.069429636001587">
				<ele>1700.60009765625</ele>
				<time>2026-08-29T09:49:12Z</time>
			</trkpt>
			<trkpt lat="45.797417998313904" lon="11.069430351257324">
				<ele>1701.0</ele>
				<time>2026-08-29T09:49:47Z</time>
			</trkpt>
			<trkpt lat="45.797423124313354" lon="11.069421172142029">
				<ele>1701.199951171875</ele>
				<time>2026-08-29T09:50:30Z</time>
			</trkpt>
			<trkpt lat="45.79742479324341" lon="11.06940746307373">
				<ele>1701.39990234375</ele>
				<time>2026-08-29T09:51:05Z</time>
			</trkpt>
			<trkpt lat="45.79743039608002" lon="11.069389700889587">
				<ele>1701.39990234375</ele>
				<time>2026-08-29T09:51:41Z</time>
			</trkpt>
			<trkpt lat="45.797441720962524" lon="11.069384098052979">
				<ele>1701.60009765625</ele>
				<time>2026-08-29T09:52:07Z</time>
			</trkpt>
			<trkpt lat="45.79745435714722" lon="11.069380760192871">
				<ele>1701.60009765625</ele>
				<time>2026-08-29T09:52:27Z</time>
			</trkpt>
			<trkpt lat="45.79746675491333" lon="11.06938087940216">
				<ele>1701.199951171875</ele>
				<time>2026-08-29T09:52:53Z</time>
			</trkpt>
			<trkpt lat="45.79746901988983" lon="11.069380521774292">
				<ele>1702.60009765625</ele>
				<time>2026-08-29T09:53:02Z</time>
			</trkpt>
			<trkpt lat="45.79747986793518" lon="11.06938099861145">
				<ele>1701.60009765625</ele>
				<time>2026-08-29T09:53:29Z</time>
			</trkpt>
			<trkpt lat="45.79748582839966" lon="11.069380283355713">
				<ele>1702.199951171875</ele>
				<time>2026-08-29T09:53:55Z</time>
			</trkpt>
			<trkpt lat="45.79749894142151" lon="11.069377303123474">
				<ele>1701.39990234375</ele>
				<time>2026-08-29T09:54:19Z</time>
			</trkpt>
			<trkpt lat="45.797502756118774" lon="11.069374084472656">
				<ele>1698.0</ele>
				<time>2026-08-29T09:54:25Z</time>
			</trkpt>
			<trkpt lat="45.797504901885986" lon="11.06937289237976">
				<ele>1697.199951171875</ele>
				<time>2026-08-29T09:54:27Z</time>
			</trkpt>
			<trkpt lat="45.79750907421112" lon="11.069371700286865">
				<ele>1699.0</ele>
				<time>2026-08-29T09:54:32Z</time>
			</trkpt>
			<trkpt lat="45.79752719402313" lon="11.069371581077576">
				<ele>1703.60009765625</ele>
				<time>2026-08-29T09:54:51Z</time>
			</trkpt>
			<trkpt lat="45.79752790927887" lon="11.069384694099426">
				<ele>1701.60009765625</ele>
				<time>2026-08-29T09:55:18Z</time>
			</trkpt>
			<trkpt lat="45.79752790927887" lon="11.069405436515808">
				<ele>1701.60009765625</ele>
				<time>2026-08-29T09:55:53Z</time>
			</trkpt>
			<trkpt lat="45.79751777648926" lon="11.06943130493164">
				<ele>1706.800048828125</ele>
				<time>2026-08-29T09:56:12Z</time>
			</trkpt>
			<trkpt lat="45.79751813411713" lon="11.0694340467453">
				<ele>1710.199951171875</ele>
				<time>2026-08-29T09:56:14Z</time>
			</trkpt>
			<trkpt lat="45.79750967025757" lon="11.069427013397217">
				<ele>1707.0</ele>
				<time>2026-08-29T09:56:19Z</time>
			</trkpt>
			<trkpt lat="45.797508001327515" lon="11.069426655769348">
				<ele>1703.800048828125</ele>
				<time>2026-08-29T09:56:25Z</time>
			</trkpt>
			<trkpt lat="45.79746973514557" lon="11.069419980049133">
				<ele>1702.39990234375</ele>
				<time>2026-08-29T09:56:46Z</time>
			</trkpt>
			<trkpt lat="45.797383069992065" lon="11.069353103637695">
				<ele>1700.800048828125</ele>
				<time>2026-08-29T09:56:55Z</time>
			</trkpt>
			<trkpt lat="45.79723823070526" lon="11.069269299507141">
				<ele>1697.60009765625</ele>
				<time>2026-08-29T09:57:08Z</time>
			</trkpt>
			<trkpt lat="45.79710912704468" lon="11.069250583648682">
				<ele>1694.39990234375</ele>
				<time>2026-08-29T09:57:23Z</time>
			</trkpt>
			<trkpt lat="45.79708290100098" lon="11.069249987602234">
				<ele>1692.39990234375</ele>
				<time>2026-08-29T09:57:39Z</time>
			</trkpt>
			<trkpt lat="45.79703986644745" lon="11.069247245788574">
				<ele>1691.39990234375</ele>
				<time>2026-08-29T09:57:56Z</time>
			</trkpt>
			<trkpt lat="45.79702913761139" lon="11.06925106048584">
				<ele>1691.199951171875</ele>
				<time>2026-08-29T09:57:57Z</time>
			</trkpt>
			<trkpt lat="45.79701828956604" lon="11.06925356388092">
				<ele>1691.0</ele>
				<time>2026-08-29T09:57:58Z</time>
			</trkpt>
			<trkpt lat="45.79700767993927" lon="11.069257974624634">
				<ele>1691.0</ele>
				<time>2026-08-29T09:57:59Z</time>
			</trkpt>
			<trkpt lat="45.796894669532776" lon="11.06924033164978">
				<ele>1688.60009765625</ele>
				<time>2026-08-29T09:58:12Z</time>
			</trkpt>
			<trkpt lat="45.79679834842682" lon="11.069238781929016">
				<ele>1686.0</ele>
				<time>2026-08-29T09:58:22Z</time>
			</trkpt>
			<trkpt lat="45.79678761959076" lon="11.069235444068909">
				<ele>1685.800048828125</ele>
				<time>2026-08-29T09:58:23Z</time>
			</trkpt>
			<trkpt lat="45.796650528907776" lon="11.069232702255249">
				<ele>1682.800048828125</ele>
				<time>2026-08-29T09:58:38Z</time>
			</trkpt>
			<trkpt lat="45.79658567905426" lon="11.069243788719177">
				<ele>1681.800048828125</ele>
				<time>2026-08-29T09:58:44Z</time>
			</trkpt>
			<trkpt lat="45.79657483100891" lon="11.069246411323547">
				<ele>1681.60009765625</ele>
				<time>2026-08-29T09:58:45Z</time>
			</trkpt>
			<trkpt lat="45.796515703201294" lon="11.069241881370544">
				<ele>1680.39990234375</ele>
				<time>2026-08-29T09:58:51Z</time>
			</trkpt>
			<trkpt lat="45.79650580883026" lon="11.069239616394043">
				<ele>1680.199951171875</ele>
				<time>2026-08-29T09:58:52Z</time>
			</trkpt>
			<trkpt lat="45.79649603366852" lon="11.069239377975464">
				<ele>1680.0</ele>
				<time>2026-08-29T09:58:53Z</time>
			</trkpt>
			<trkpt lat="45.79648578166962" lon="11.069243311882019">
				<ele>1679.800048828125</ele>
				<time>2026-08-29T09:58:54Z</time>
			</trkpt>
			<trkpt lat="45.79647493362427" lon="11.069247722625732">
				<ele>1679.60009765625</ele>
				<time>2026-08-29T09:58:55Z</time>
			</trkpt>
			<trkpt lat="45.79646420478821" lon="11.069249510765076">
				<ele>1679.60009765625</ele>
				<time>2026-08-29T09:58:56Z</time>
			</trkpt>
			<trkpt lat="45.79632902145386" lon="11.0692697763443">
				<ele>1677.199951171875</ele>
				<time>2026-08-29T09:59:10Z</time>
			</trkpt>
			<trkpt lat="45.79618847370148" lon="11.069368362426758">
				<ele>1674.0</ele>
				<time>2026-08-29T09:59:26Z</time>
			</trkpt>
			<trkpt lat="45.796178340911865" lon="11.069370031356812">
				<ele>1674.0</ele>
				<time>2026-08-29T09:59:27Z</time>
			</trkpt>
			<trkpt lat="45.796096444129944" lon="11.069395422935486">
				<ele>1671.800048828125</ele>
				<time>2026-08-29T09:59:39Z</time>
			</trkpt>
			<trkpt lat="45.79608631134033" lon="11.069400787353516">
				<ele>1671.60009765625</ele>
				<time>2026-08-29T09:59:40Z</time>
			</trkpt>
			<trkpt lat="45.79603636264801" lon="11.069416642189026">
				<ele>1670.60009765625</ele>
				<time>2026-08-29T09:59:45Z</time>
			</trkpt>
			<trkpt lat="45.79602527618408" lon="11.069425106048584">
				<ele>1670.60009765625</ele>
				<time>2026-08-29T09:59:46Z</time>
			</trkpt>
			<trkpt lat="45.79601263999939" lon="11.069434404373169">
				<ele>1670.39990234375</ele>
				<time>2026-08-29T09:59:47Z</time>
			</trkpt>
			<trkpt lat="45.796000242233276" lon="11.069441199302673">
				<ele>1670.199951171875</ele>
				<time>2026-08-29T09:59:48Z</time>
			</trkpt>
			<trkpt lat="45.79598867893219" lon="11.069445967674255">
				<ele>1670.0</ele>
				<time>2026-08-29T09:59:49Z</time>
			</trkpt>
			<trkpt lat="45.79581606388092" lon="11.069506883621216">
				<ele>1667.39990234375</ele>
				<time>2026-08-29T10:00:05Z</time>
			</trkpt>
			<trkpt lat="45.79561698436737" lon="11.069607734680176">
				<ele>1664.800048828125</ele>
				<time>2026-08-29T10:00:23Z</time>
			</trkpt>
			<trkpt lat="45.79545974731445" lon="11.069666504859924">
				<ele>1663.39990234375</ele>
				<time>2026-08-29T10:00:37Z</time>
			</trkpt>
			<trkpt lat="45.79526770114899" lon="11.06973934173584">
				<ele>1662.39990234375</ele>
				<time>2026-08-29T10:00:54Z</time>
			</trkpt>
			<trkpt lat="45.795257568359375" lon="11.069746613502502">
				<ele>1662.39990234375</ele>
				<time>2026-08-29T10:00:55Z</time>
			</trkpt>
			<trkpt lat="45.795246601104736" lon="11.069751024246216">
				<ele>1662.199951171875</ele>
				<time>2026-08-29T10:00:56Z</time>
			</trkpt>
			<trkpt lat="45.795087933540344" lon="11.069807052612305">
				<ele>1660.60009765625</ele>
				<time>2026-08-29T10:01:12Z</time>
			</trkpt>
			<trkpt lat="45.79490888118744" lon="11.06990110874176">
				<ele>1658.60009765625</ele>
				<time>2026-08-29T10:01:29Z</time>
			</trkpt>
			<trkpt lat="45.79474878311157" lon="11.070003747940063">
				<ele>1656.800048828125</ele>
				<time>2026-08-29T10:01:44Z</time>
			</trkpt>
			<trkpt lat="45.79473865032196" lon="11.0700021982193">
				<ele>1656.60009765625</ele>
				<time>2026-08-29T10:01:45Z</time>
			</trkpt>
			<trkpt lat="45.7947301864624" lon="11.069998979568481">
				<ele>1656.60009765625</ele>
				<time>2026-08-29T10:01:46Z</time>
			</trkpt>
			<trkpt lat="45.79470491409302" lon="11.069990873336792">
				<ele>1656.60009765625</ele>
				<time>2026-08-29T10:01:49Z</time>
			</trkpt>
			<trkpt lat="45.79458820819855" lon="11.07012140750885">
				<ele>1657.800048828125</ele>
				<time>2026-08-29T10:02:03Z</time>
			</trkpt>
			<trkpt lat="45.79445147514343" lon="11.070254802703857">
				<ele>1659.39990234375</ele>
				<time>2026-08-29T10:02:18Z</time>
			</trkpt>
			<trkpt lat="45.794440269470215" lon="11.0702543258667">
				<ele>1659.39990234375</ele>
				<time>2026-08-29T10:02:19Z</time>
			</trkpt>
			<trkpt lat="45.79430365562439" lon="11.070410966873169">
				<ele>1659.39990234375</ele>
				<time>2026-08-29T10:02:34Z</time>
			</trkpt>
			<trkpt lat="45.79419767856598" lon="11.070564866065979">
				<ele>1660.60009765625</ele>
				<time>2026-08-29T10:02:48Z</time>
			</trkpt>
			<trkpt lat="45.79403305053711" lon="11.070602536201477">
				<ele>1660.60009765625</ele>
				<time>2026-08-29T10:03:04Z</time>
			</trkpt>
			<trkpt lat="45.79392457008362" lon="11.070372581481934">
				<ele>1659.60009765625</ele>
				<time>2026-08-29T10:03:22Z</time>
			</trkpt>
			<trkpt lat="45.7938677072525" lon="11.070338726043701">
				<ele>1659.0</ele>
				<time>2026-08-29T10:03:27Z</time>
			</trkpt>
			<trkpt lat="45.793856739997864" lon="11.07033360004425">
				<ele>1658.800048828125</ele>
				<time>2026-08-29T10:03:28Z</time>
			</trkpt>
			<trkpt lat="45.79384624958038" lon="11.070325493812561">
				<ele>1658.60009765625</ele>
				<time>2026-08-29T10:03:29Z</time>
			</trkpt>
			<trkpt lat="45.79380691051483" lon="11.070304870605469">
				<ele>1658.199951171875</ele>
				<time>2026-08-29T10:03:33Z</time>
			</trkpt>
			<trkpt lat="45.79379343986511" lon="11.070311307907104">
				<ele>1658.199951171875</ele>
				<time>2026-08-29T10:03:34Z</time>
			</trkpt>
			<trkpt lat="45.793779611587524" lon="11.070313930511475">
				<ele>1658.199951171875</ele>
				<time>2026-08-29T10:03:35Z</time>
			</trkpt>
			<trkpt lat="45.79376566410065" lon="11.070316433906555">
				<ele>1658.0</ele>
				<time>2026-08-29T10:03:36Z</time>
			</trkpt>
			<trkpt lat="45.793752789497375" lon="11.070318698883057">
				<ele>1658.0</ele>
				<time>2026-08-29T10:03:37Z</time>
			</trkpt>
			<trkpt lat="45.79374015331268" lon="11.070317268371582">
				<ele>1658.0</ele>
				<time>2026-08-29T10:03:38Z</time>
			</trkpt>
			<trkpt lat="45.79359579086304" lon="11.070400953292847">
				<ele>1657.800048828125</ele>
				<time>2026-08-29T10:03:51Z</time>
			</trkpt>
			<trkpt lat="45.793466448783875" lon="11.070480227470398">
				<ele>1658.60009765625</ele>
				<time>2026-08-29T10:04:04Z</time>
			</trkpt>
			<trkpt lat="45.79345691204071" lon="11.07048785686493">
				<ele>1659.199951171875</ele>
				<time>2026-08-29T10:04:19Z</time>
			</trkpt>
			<trkpt lat="45.79343891143799" lon="11.070488929748535">
				<ele>1659.0</ele>
				<time>2026-08-29T10:04:36Z</time>
			</trkpt>
			<trkpt lat="45.79341804981232" lon="11.070482969284058">
				<ele>1659.0</ele>
				<time>2026-08-29T10:04:53Z</time>
			</trkpt>
			<trkpt lat="45.79336202144623" lon="11.07043731212616">
				<ele>1659.0</ele>
				<time>2026-08-29T10:05:00Z</time>
			</trkpt>
			<trkpt lat="45.793352127075195" lon="11.070427536964417">
				<ele>1659.0</ele>
				<time>2026-08-29T10:05:01Z</time>
			</trkpt>
			<trkpt lat="45.79334199428558" lon="11.070415616035461">
				<ele>1659.0</ele>
				<time>2026-08-29T10:05:02Z</time>
			</trkpt>
			<trkpt lat="45.793334007263184" lon="11.07040286064148">
				<ele>1659.0</ele>
				<time>2026-08-29T10:05:03Z</time>
			</trkpt>
			<trkpt lat="45.79332613945007" lon="11.070392608642578">
				<ele>1659.0</ele>
				<time>2026-08-29T10:05:04Z</time>
			</trkpt>
			<trkpt lat="45.79331731796265" lon="11.0703866481781">
				<ele>1658.800048828125</ele>
				<time>2026-08-29T10:05:05Z</time>
			</trkpt>
			<trkpt lat="45.79325878620148" lon="11.070401310920715">
				<ele>1657.800048828125</ele>
				<time>2026-08-29T10:05:20Z</time>
			</trkpt>
			<trkpt lat="45.793071269989014" lon="11.070391535758972">
				<ele>1656.0</ele>
				<time>2026-08-29T10:05:37Z</time>
			</trkpt>
			<trkpt lat="45.793060421943665" lon="11.070394158363342">
				<ele>1655.800048828125</ele>
				<time>2026-08-29T10:05:38Z</time>
			</trkpt>
			<trkpt lat="45.79288375377655" lon="11.070489525794983">
				<ele>1652.60009765625</ele>
				<time>2026-08-29T10:05:54Z</time>
			</trkpt>
			<trkpt lat="45.79268801212311" lon="11.070627212524414">
				<ele>1651.0</ele>
				<time>2026-08-29T10:06:12Z</time>
			</trkpt>
			<trkpt lat="45.79251420497894" lon="11.070674419403076">
				<ele>1649.800048828125</ele>
				<time>2026-08-29T10:06:27Z</time>
			</trkpt>
			<trkpt lat="45.79238820075989" lon="11.0706387758255">
				<ele>1651.0</ele>
				<time>2026-08-29T10:06:40Z</time>
			</trkpt>
			<trkpt lat="45.79226613044739" lon="11.070606589317322">
				<ele>1654.199951171875</ele>
				<time>2026-08-29T10:06:54Z</time>
			</trkpt>
			<trkpt lat="45.792237520217896" lon="11.070615887641907">
				<ele>1654.800048828125</ele>
				<time>2026-08-29T10:06:57Z</time>
			</trkpt>
			<trkpt lat="45.79212820529938" lon="11.070774674415588">
				<ele>1656.800048828125</ele>
				<time>2026-08-29T10:07:11Z</time>
			</trkpt>
			<trkpt lat="45.79207146167755" lon="11.070844650268555">
				<ele>1657.0</ele>
				<time>2026-08-29T10:07:17Z</time>
			</trkpt>
			<trkpt lat="45.792057156562805" lon="11.070853233337402">
				<ele>1657.0</ele>
				<time>2026-08-29T10:07:18Z</time>
			</trkpt>
			<trkpt lat="45.792043805122375" lon="11.070859432220459">
				<ele>1657.0</ele>
				<time>2026-08-29T10:07:19Z</time>
			</trkpt>
			<trkpt lat="45.79203164577484" lon="11.07086718082428">
				<ele>1657.0</ele>
				<time>2026-08-29T10:07:20Z</time>
			</trkpt>
			<trkpt lat="45.79201781749725" lon="11.07087254524231">
				<ele>1657.199951171875</ele>
				<time>2026-08-29T10:07:21Z</time>
			</trkpt>
			<trkpt lat="45.79200625419617" lon="11.07088053226471">
				<ele>1657.199951171875</ele>
				<time>2026-08-29T10:07:22Z</time>
			</trkpt>
			<trkpt lat="45.791993498802185" lon="11.070887565612793">
				<ele>1657.199951171875</ele>
				<time>2026-08-29T10:07:23Z</time>
			</trkpt>
			<trkpt lat="45.79197955131531" lon="11.070893168449402">
				<ele>1657.199951171875</ele>
				<time>2026-08-29T10:07:24Z</time>
			</trkpt>
			<trkpt lat="45.79175269603729" lon="11.070955395698547">
				<ele>1657.800048828125</ele>
				<time>2026-08-29T10:07:41Z</time>
			</trkpt>
			<trkpt lat="45.79158020019531" lon="11.07095742225647">
				<ele>1658.39990234375</ele>
				<time>2026-08-29T10:07:54Z</time>
			</trkpt>
			<trkpt lat="45.79138469696045" lon="11.070972442626953">
				<ele>1659.0</ele>
				<time>2026-08-29T10:08:10Z</time>
			</trkpt>
			<trkpt lat="45.7912837266922" lon="11.071053981781006">
				<ele>1657.199951171875</ele>
				<time>2026-08-29T10:08:25Z</time>
			</trkpt>
			<trkpt lat="45.791279792785645" lon="11.071056723594666">
				<ele>1656.39990234375</ele>
				<time>2026-08-29T10:08:47Z</time>
			</trkpt>
			<trkpt lat="45.79128456115723" lon="11.07103407382965">
				<ele>1655.60009765625</ele>
				<time>2026-08-29T10:09:11Z</time>
			</trkpt>
			<trkpt lat="45.79129469394684" lon="11.070996642112732">
				<ele>1655.39990234375</ele>
				<time>2026-08-29T10:09:50Z</time>
			</trkpt>
			<trkpt lat="45.791295766830444" lon="11.070974588394165">
				<ele>1655.199951171875</ele>
				<time>2026-08-29T10:10:26Z</time>
			</trkpt>
			<trkpt lat="45.791309118270874" lon="11.0709547996521">
				<ele>1655.0</ele>
				<time>2026-08-29T10:11:02Z</time>
			</trkpt>
			<trkpt lat="45.79131829738617" lon="11.070934414863586">
				<ele>1655.0</ele>
				<time>2026-08-29T10:11:37Z</time>
			</trkpt>
			<trkpt lat="45.79132902622223" lon="11.070924043655396">
				<ele>1654.800048828125</ele>
				<time>2026-08-29T10:12:04Z</time>
			</trkpt>
			<trkpt lat="45.791314244270325" lon="11.070927739143372">
				<ele>1654.800048828125</ele>
				<time>2026-08-29T10:12:05Z</time>
			</trkpt>
			<trkpt lat="45.79128623008728" lon="11.070967197418213">
				<ele>1655.60009765625</ele>
				<time>2026-08-29T10:12:20Z</time>
			</trkpt>
			<trkpt lat="45.79128134250641" lon="11.070958971977234">
				<ele>1656.0</ele>
				<time>2026-08-29T10:12:37Z</time>
			</trkpt>
			<trkpt lat="45.79128313064575" lon="11.07094156742096">
				<ele>1656.199951171875</ele>
				<time>2026-08-29T10:12:55Z</time>
			</trkpt>
			<trkpt lat="45.79123854637146" lon="11.070913434028625">
				<ele>1656.0</ele>
				<time>2026-08-29T10:13:02Z</time>
			</trkpt>
			<trkpt lat="45.791228890419006" lon="11.070907235145569">
				<ele>1656.0</ele>
				<time>2026-08-29T10:13:03Z</time>
			</trkpt>
			<trkpt lat="45.79121959209442" lon="11.07090175151825">
				<ele>1655.800048828125</ele>
				<time>2026-08-29T10:13:04Z</time>
			</trkpt>
			<trkpt lat="45.79120421409607" lon="11.070924997329712">
				<ele>1655.60009765625</ele>
				<time>2026-08-29T10:13:19Z</time>
			</trkpt>
			<trkpt lat="45.791178941726685" lon="11.070910573005676">
				<ele>1655.199951171875</ele>
				<time>2026-08-29T10:13:42Z</time>
			</trkpt>
			<trkpt lat="45.79116976261139" lon="11.070903301239014">
				<ele>1655.199951171875</ele>
				<time>2026-08-29T10:13:43Z</time>
			</trkpt>
			<trkpt lat="45.791152358055115" lon="11.070889115333557">
				<ele>1655.0</ele>
				<time>2026-08-29T10:13:45Z</time>
			</trkpt>
			<trkpt lat="45.79101490974426" lon="11.070835709571838">
				<ele>1654.39990234375</ele>
				<time>2026-08-29T10:14:06Z</time>
			</trkpt>
			<trkpt lat="45.791003942489624" lon="11.070836186408997">
				<ele>1654.39990234375</ele>
				<time>2026-08-29T10:14:07Z</time>
			</trkpt>
			<trkpt lat="45.79099202156067" lon="11.07083773612976">
				<ele>1654.39990234375</ele>
				<time>2026-08-29T10:14:08Z</time>
			</trkpt>
			<trkpt lat="45.79085838794708" lon="11.070895314216614">
				<ele>1652.800048828125</ele>
				<time>2026-08-29T10:14:29Z</time>
			</trkpt>
			<trkpt lat="45.790860176086426" lon="11.070876836776733">
				<ele>1652.60009765625</ele>
				<time>2026-08-29T10:14:43Z</time>
			</trkpt>
			<trkpt lat="45.79076635837555" lon="11.07090961933136">
				<ele>1652.0</ele>
				<time>2026-08-29T10:14:59Z</time>
			</trkpt>
			<trkpt lat="45.790754437446594" lon="11.07090938091278">
				<ele>1652.0</ele>
				<time>2026-08-29T10:15:00Z</time>
			</trkpt>
			<trkpt lat="45.79074156284332" lon="11.070909261703491">
				<ele>1652.0</ele>
				<time>2026-08-29T10:15:01Z</time>
			</trkpt>
			<trkpt lat="45.79056465625763" lon="11.070926547050476">
				<ele>1651.199951171875</ele>
				<time>2026-08-29T10:15:15Z</time>
			</trkpt>
			<trkpt lat="45.79051089286804" lon="11.070939898490906">
				<ele>1651.199951171875</ele>
				<time>2026-08-29T10:15:20Z</time>
			</trkpt>
			<trkpt lat="45.79049837589264" lon="11.070942401885986">
				<ele>1651.199951171875</ele>
				<time>2026-08-29T10:15:21Z</time>
			</trkpt>
			<trkpt lat="45.790483832359314" lon="11.070944905281067">
				<ele>1651.199951171875</ele>
				<time>2026-08-29T10:15:22Z</time>
			</trkpt>
			<trkpt lat="45.79029893875122" lon="11.071022629737854">
				<ele>1651.199951171875</ele>
				<time>2026-08-29T10:15:37Z</time>
			</trkpt>
			<trkpt lat="45.79028594493866" lon="11.07102108001709">
				<ele>1651.199951171875</ele>
				<time>2026-08-29T10:15:38Z</time>
			</trkpt>
			<trkpt lat="45.79027044773102" lon="11.071020364761353">
				<ele>1651.0</ele>
				<time>2026-08-29T10:15:39Z</time>
			</trkpt>
			<trkpt lat="45.79020690917969" lon="11.071019530296326">
				<ele>1650.800048828125</ele>
				<time>2026-08-29T10:15:44Z</time>
			</trkpt>
			<trkpt lat="45.79019582271576" lon="11.071017146110535">
				<ele>1650.60009765625</ele>
				<time>2026-08-29T10:15:45Z</time>
			</trkpt>
			<trkpt lat="45.790183424949646" lon="11.071017265319824">
				<ele>1650.60009765625</ele>
				<time>2026-08-29T10:15:46Z</time>
			</trkpt>
			<trkpt lat="45.7900116443634" lon="11.070880770683289">
				<ele>1651.0</ele>
				<time>2026-08-29T10:16:01Z</time>
			</trkpt>
			<trkpt lat="45.78997588157654" lon="11.070833563804626">
				<ele>1651.0</ele>
				<time>2026-08-29T10:16:05Z</time>
			</trkpt>
			<trkpt lat="45.78997004032135" lon="11.0708167552948">
				<ele>1651.0</ele>
				<time>2026-08-29T10:16:06Z</time>
			</trkpt>
			<trkpt lat="45.78996467590332" lon="11.070799231529236">
				<ele>1651.0</ele>
				<time>2026-08-29T10:16:07Z</time>
			</trkpt>
			<trkpt lat="45.78995954990387" lon="11.070780038833618">
				<ele>1651.0</ele>
				<time>2026-08-29T10:16:08Z</time>
			</trkpt>
			<trkpt lat="45.7899534702301" lon="11.070761680603027">
				<ele>1651.0</ele>
				<time>2026-08-29T10:16:09Z</time>
			</trkpt>
			<trkpt lat="45.78994655609131" lon="11.070743322372437">
				<ele>1651.0</ele>
				<time>2026-08-29T10:16:10Z</time>
			</trkpt>
			<trkpt lat="45.789939165115356" lon="11.070726990699768">
				<ele>1651.0</ele>
				<time>2026-08-29T10:16:11Z</time>
			</trkpt>
			<trkpt lat="45.789804458618164" lon="11.070541858673096">
				<ele>1651.199951171875</ele>
				<time>2026-08-29T10:16:25Z</time>
			</trkpt>
			<trkpt lat="45.78962779045105" lon="11.070513248443604">
				<ele>1651.39990234375</ele>
				<time>2026-08-29T10:16:39Z</time>
			</trkpt>
			<trkpt lat="45.78946554660797" lon="11.070510625839233">
				<ele>1651.39990234375</ele>
				<time>2026-08-29T10:16:51Z</time>
			</trkpt>
			<trkpt lat="45.789453744888306" lon="11.07051682472229">
				<ele>1651.39990234375</ele>
				<time>2026-08-29T10:16:52Z</time>
			</trkpt>
			<trkpt lat="45.78928339481354" lon="11.07073163986206">
				<ele>1651.0</ele>
				<time>2026-08-29T10:17:09Z</time>
			</trkpt>
			<trkpt lat="45.789212346076965" lon="11.0708087682724">
				<ele>1650.60009765625</ele>
				<time>2026-08-29T10:17:16Z</time>
			</trkpt>
			<trkpt lat="45.78918671607971" lon="11.070855855941772">
				<ele>1650.60009765625</ele>
				<time>2026-08-29T10:17:19Z</time>
			</trkpt>
			<trkpt lat="45.78917634487152" lon="11.070867538452148">
				<ele>1650.60009765625</ele>
				<time>2026-08-29T10:17:20Z</time>
			</trkpt>
			<trkpt lat="45.78916895389557" lon="11.07087767124176">
				<ele>1650.60009765625</ele>
				<time>2026-08-29T10:17:21Z</time>
			</trkpt>
			<trkpt lat="45.78900682926178" lon="11.070983290672302">
				<ele>1650.0</ele>
				<time>2026-08-29T10:17:36Z</time>
			</trkpt>
			<trkpt lat="45.78877508640289" lon="11.071014046669006">
				<ele>1650.199951171875</ele>
				<time>2026-08-29T10:17:53Z</time>
			</trkpt>
			<trkpt lat="45.7885776758194" lon="11.071142315864563">
				<ele>1650.0</ele>
				<time>2026-08-29T10:18:09Z</time>
			</trkpt>
			<trkpt lat="45.788426995277405" lon="11.071200728416443">
				<ele>1649.39990234375</ele>
				<time>2026-08-29T10:18:21Z</time>
			</trkpt>
			<trkpt lat="45.78841519355774" lon="11.071205496788025">
				<ele>1649.39990234375</ele>
				<time>2026-08-29T10:18:22Z</time>
			</trkpt>
			<trkpt lat="45.78821349143982" lon="11.071292400360107">
				<ele>1649.39990234375</ele>
				<time>2026-08-29T10:18:38Z</time>
			</trkpt>
			<trkpt lat="45.7881875038147" lon="11.071303725242615">
				<ele>1649.39990234375</ele>
				<time>2026-08-29T10:18:40Z</time>
			</trkpt>
			<trkpt lat="45.78817176818848" lon="11.071303486824036">
				<ele>1649.39990234375</ele>
				<time>2026-08-29T10:18:41Z</time>
			</trkpt>
			<trkpt lat="45.788159012794495" lon="11.071305990219116">
				<ele>1649.39990234375</ele>
				<time>2026-08-29T10:18:42Z</time>
			</trkpt>
			<trkpt lat="45.78814518451691" lon="11.071308493614197">
				<ele>1649.39990234375</ele>
				<time>2026-08-29T10:18:43Z</time>
			</trkpt>
			<trkpt lat="45.788129568099976" lon="11.071316123008728">
				<ele>1649.39990234375</ele>
				<time>2026-08-29T10:18:44Z</time>
			</trkpt>
			<trkpt lat="45.78811299800873" lon="11.071323156356812">
				<ele>1649.39990234375</ele>
				<time>2026-08-29T10:18:45Z</time>
			</trkpt>
			<trkpt lat="45.78810095787048" lon="11.071321845054626">
				<ele>1649.199951171875</ele>
				<time>2026-08-29T10:18:46Z</time>
			</trkpt>
			<trkpt lat="45.788087010383606" lon="11.071316361427307">
				<ele>1649.199951171875</ele>
				<time>2026-08-29T10:18:47Z</time>
			</trkpt>
			<trkpt lat="45.78807461261749" lon="11.071308135986328">
				<ele>1649.0</ele>
				<time>2026-08-29T10:18:48Z</time>
			</trkpt>
			<trkpt lat="45.78806519508362" lon="11.071296215057373">
				<ele>1649.0</ele>
				<time>2026-08-29T10:18:49Z</time>
			</trkpt>
			<trkpt lat="45.78805339336395" lon="11.071284890174866">
				<ele>1648.800048828125</ele>
				<time>2026-08-29T10:18:50Z</time>
			</trkpt>
			<trkpt lat="45.78804528713226" lon="11.071271777153015">
				<ele>1648.800048828125</ele>
				<time>2026-08-29T10:18:51Z</time>
			</trkpt>
			<trkpt lat="45.78803741931915" lon="11.071257472038269">
				<ele>1648.800048828125</ele>
				<time>2026-08-29T10:18:52Z</time>
			</trkpt>
			<trkpt lat="45.78790211677551" lon="11.071042895317078">
				<ele>1649.39990234375</ele>
				<time>2026-08-29T10:19:07Z</time>
			</trkpt>
			<trkpt lat="45.78787672519684" lon="11.071034550666809">
				<ele>1650.0</ele>
				<time>2026-08-29T10:19:25Z</time>
			</trkpt>
			<trkpt lat="45.78780245780945" lon="11.071011304855347">
				<ele>1648.60009765625</ele>
				<time>2026-08-29T10:20:01Z</time>
			</trkpt>
			<trkpt lat="45.787792921066284" lon="11.071009516716003">
				<ele>1648.60009765625</ele>
				<time>2026-08-29T10:20:02Z</time>
			</trkpt>
			<trkpt lat="45.78778338432312" lon="11.07101023197174">
				<ele>1648.60009765625</ele>
				<time>2026-08-29T10:20:03Z</time>
			</trkpt>
			<trkpt lat="45.78777289390564" lon="11.071009993553162">
				<ele>1648.60009765625</ele>
				<time>2026-08-29T10:20:04Z</time>
			</trkpt>
			<trkpt lat="45.78776156902313" lon="11.071009516716003">
				<ele>1648.39990234375</ele>
				<time>2026-08-29T10:20:05Z</time>
			</trkpt>
			<trkpt lat="45.78775107860565" lon="11.07101035118103">
				<ele>1648.39990234375</ele>
				<time>2026-08-29T10:20:06Z</time>
			</trkpt>
			<trkpt lat="45.787739276885986" lon="11.071014165878296">
				<ele>1648.39990234375</ele>
				<time>2026-08-29T10:20:07Z</time>
			</trkpt>
			<trkpt lat="45.787585854530334" lon="11.071009278297424">
				<ele>1648.39990234375</ele>
				<time>2026-08-29T10:20:22Z</time>
			</trkpt>
			<trkpt lat="45.7874276638031" lon="11.071041703224182">
				<ele>1649.39990234375</ele>
				<time>2026-08-29T10:20:37Z</time>
			</trkpt>
			<trkpt lat="45.78728795051575" lon="11.071133494377136">
				<ele>1649.60009765625</ele>
				<time>2026-08-29T10:20:49Z</time>
			</trkpt>
			<trkpt lat="45.787230491638184" lon="11.07116150856018">
				<ele>1649.199951171875</ele>
				<time>2026-08-29T10:20:54Z</time>
			</trkpt>
			<trkpt lat="45.78721749782562" lon="11.071168661117554">
				<ele>1649.199951171875</ele>
				<time>2026-08-29T10:20:55Z</time>
			</trkpt>
			<trkpt lat="45.78707838058472" lon="11.071181178092957">
				<ele>1648.199951171875</ele>
				<time>2026-08-29T10:21:06Z</time>
			</trkpt>
			<trkpt lat="45.78706657886505" lon="11.0711749792099">
				<ele>1648.199951171875</ele>
				<time>2026-08-29T10:21:07Z</time>
			</trkpt>
			<trkpt lat="45.78705370426178" lon="11.071168184280396">
				<ele>1648.199951171875</ele>
				<time>2026-08-29T10:21:08Z</time>
			</trkpt>
			<trkpt lat="45.786951541900635" lon="11.071125268936157">
				<ele>1647.39990234375</ele>
				<time>2026-08-29T10:21:17Z</time>
			</trkpt>
			<trkpt lat="45.78692936897278" lon="11.071122884750366">
				<ele>1647.199951171875</ele>
				<time>2026-08-29T10:21:19Z</time>
			</trkpt>
			<trkpt lat="45.78676772117615" lon="11.070977449417114">
				<ele>1646.0</ele>
				<time>2026-08-29T10:21:35Z</time>
			</trkpt>
			<trkpt lat="45.78674912452698" lon="11.070955395698547">
				<ele>1646.0</ele>
				<time>2026-08-29T10:21:37Z</time>
			</trkpt>
			<trkpt lat="45.78673768043518" lon="11.070943355560303">
				<ele>1645.800048828125</ele>
				<time>2026-08-29T10:21:38Z</time>
			</trkpt>
			<trkpt lat="45.786725878715515" lon="11.070934176445007">
				<ele>1645.60009765625</ele>
				<time>2026-08-29T10:21:39Z</time>
			</trkpt>
			<trkpt lat="45.7867134809494" lon="11.070927858352661">
				<ele>1645.60009765625</ele>
				<time>2026-08-29T10:21:40Z</time>
			</trkpt>
			<trkpt lat="45.78670251369476" lon="11.070919752120972">
				<ele>1645.39990234375</ele>
				<time>2026-08-29T10:21:41Z</time>
			</trkpt>
			<trkpt lat="45.78669011592865" lon="11.070916295051575">
				<ele>1645.39990234375</ele>
				<time>2026-08-29T10:21:42Z</time>
			</trkpt>
			<trkpt lat="45.786536693573" lon="11.070780158042908">
				<ele>1644.0</ele>
				<time>2026-08-29T10:21:58Z</time>
			</trkpt>
			<trkpt lat="45.78643584251404" lon="11.07060194015503">
				<ele>1642.39990234375</ele>
				<time>2026-08-29T10:22:11Z</time>
			</trkpt>
			<trkpt lat="45.786412358284" lon="11.07046663761139">
				<ele>1641.800048828125</ele>
				<time>2026-08-29T10:22:18Z</time>
			</trkpt>
			<trkpt lat="45.7864043712616" lon="11.070449590682983">
				<ele>1641.800048828125</ele>
				<time>2026-08-29T10:22:19Z</time>
			</trkpt>
			<trkpt lat="45.786325335502625" lon="11.070350766181946">
				<ele>1640.39990234375</ele>
				<time>2026-08-29T10:22:27Z</time>
			</trkpt>
			<trkpt lat="45.786314368247986" lon="11.070338487625122">
				<ele>1640.199951171875</ele>
				<time>2026-08-29T10:22:28Z</time>
			</trkpt>
			<trkpt lat="45.78628134727478" lon="11.070294737815857">
				<ele>1639.60009765625</ele>
				<time>2026-08-29T10:22:32Z</time>
			</trkpt>
			<trkpt lat="45.786192893981934" lon="11.070214748382568">
				<ele>1638.60009765625</ele>
				<time>2026-08-29T10:22:40Z</time>
			</trkpt>
			<trkpt lat="45.786184787750244" lon="11.070199251174927">
				<ele>1638.39990234375</ele>
				<time>2026-08-29T10:22:41Z</time>
			</trkpt>
			<trkpt lat="45.78617596626282" lon="11.07018756866455">
				<ele>1638.199951171875</ele>
				<time>2026-08-29T10:22:42Z</time>
			</trkpt>
			<trkpt lat="45.786128520965576" lon="11.070119023323059">
				<ele>1637.39990234375</ele>
				<time>2026-08-29T10:22:48Z</time>
			</trkpt>
			<trkpt lat="45.7861191034317" lon="11.070110321044922">
				<ele>1637.199951171875</ele>
				<time>2026-08-29T10:22:49Z</time>
			</trkpt>
			<trkpt lat="45.78611099720001" lon="11.070098280906677">
				<ele>1637.0</ele>
				<time>2026-08-29T10:22:50Z</time>
			</trkpt>
			<trkpt lat="45.786104798316956" lon="11.070083498954773">
				<ele>1637.0</ele>
				<time>2026-08-29T10:22:51Z</time>
			</trkpt>
			<trkpt lat="45.78601384162903" lon="11.06994366645813">
				<ele>1635.39990234375</ele>
				<time>2026-08-29T10:23:02Z</time>
			</trkpt>
			<trkpt lat="45.78601050376892" lon="11.069927096366882">
				<ele>1635.199951171875</ele>
				<time>2026-08-29T10:23:03Z</time>
			</trkpt>
			<trkpt lat="45.78600740432739" lon="11.069909453392029">
				<ele>1635.0</ele>
				<time>2026-08-29T10:23:04Z</time>
			</trkpt>
			<trkpt lat="45.78600311279297" lon="11.069889307022095">
				<ele>1635.0</ele>
				<time>2026-08-29T10:23:05Z</time>
			</trkpt>
			<trkpt lat="45.78599429130554" lon="11.06987202167511">
				<ele>1634.800048828125</ele>
				<time>2026-08-29T10:23:06Z</time>
			</trkpt>
			<trkpt lat="45.78598713874817" lon="11.069855332374573">
				<ele>1634.60009765625</ele>
				<time>2026-08-29T10:23:07Z</time>
			</trkpt>
			<trkpt lat="45.785894989967346" lon="11.069600343704224">
				<ele>1632.800048828125</ele>
				<time>2026-08-29T10:23:23Z</time>
			</trkpt>
			<trkpt lat="45.785837173461914" lon="11.06958544254303">
				<ele>1632.39990234375</ele>
				<time>2026-08-29T10:23:29Z</time>
			</trkpt>
			<trkpt lat="45.78582978248596" lon="11.069599866867065">
				<ele>1632.39990234375</ele>
				<time>2026-08-29T10:23:30Z</time>
			</trkpt>
			<trkpt lat="45.78581261634827" lon="11.069615125656128">
				<ele>1631.60009765625</ele>
				<time>2026-08-29T10:23:48Z</time>
			</trkpt>
			<trkpt lat="45.78577792644501" lon="11.069629192352295">
				<ele>1631.39990234375</ele>
				<time>2026-08-29T10:23:52Z</time>
			</trkpt>
			<trkpt lat="45.78576993942261" lon="11.069640398025513">
				<ele>1631.39990234375</ele>
				<time>2026-08-29T10:23:53Z</time>
			</trkpt>
			<trkpt lat="45.7857631444931" lon="11.069651007652283">
				<ele>1631.199951171875</ele>
				<time>2026-08-29T10:23:54Z</time>
			</trkpt>
			<trkpt lat="45.785757184028625" lon="11.069663882255554">
				<ele>1631.199951171875</ele>
				<time>2026-08-29T10:23:55Z</time>
			</trkpt>
			<trkpt lat="45.7857506275177" lon="11.069678664207458">
				<ele>1631.199951171875</ele>
				<time>2026-08-29T10:23:56Z</time>
			</trkpt>
			<trkpt lat="45.78561842441559" lon="11.069915175437927">
				<ele>1628.60009765625</ele>
				<time>2026-08-29T10:24:15Z</time>
			</trkpt>
			<trkpt lat="45.78544330596924" lon="11.070043444633484">
				<ele>1625.60009765625</ele>
				<time>2026-08-29T10:24:32Z</time>
			</trkpt>
			<trkpt lat="45.78528368473053" lon="11.070194125175476">
				<ele>1622.800048828125</ele>
				<time>2026-08-29T10:24:48Z</time>
			</trkpt>
			<trkpt lat="45.78513586521149" lon="11.070356845855713">
				<ele>1620.0</ele>
				<time>2026-08-29T10:25:03Z</time>
			</trkpt>
			<trkpt lat="45.78497064113617" lon="11.070524454116821">
				<ele>1617.0</ele>
				<time>2026-08-29T10:25:20Z</time>
			</trkpt>
			<trkpt lat="45.78484272956848" lon="11.070693492889404">
				<ele>1614.199951171875</ele>
				<time>2026-08-29T10:25:35Z</time>
			</trkpt>
			<trkpt lat="45.78470420837402" lon="11.07082712650299">
				<ele>1611.39990234375</ele>
				<time>2026-08-29T10:25:50Z</time>
			</trkpt>
			<trkpt lat="45.78452110290527" lon="11.070974469184875">
				<ele>1608.800048828125</ele>
				<time>2026-08-29T10:26:07Z</time>
			</trkpt>
			<trkpt lat="45.78439772129059" lon="11.071072816848755">
				<ele>1607.39990234375</ele>
				<time>2026-08-29T10:26:18Z</time>
			</trkpt>
			<trkpt lat="45.78439128398895" lon="11.07108736038208">
				<ele>1607.199951171875</ele>
				<time>2026-08-29T10:26:19Z</time>
			</trkpt>
			<trkpt lat="45.78438436985016" lon="11.071114540100098">
				<ele>1607.0</ele>
				<time>2026-08-29T10:26:21Z</time>
			</trkpt>
			<trkpt lat="45.784384965896606" lon="11.071130394935608">
				<ele>1606.800048828125</ele>
				<time>2026-08-29T10:26:22Z</time>
			</trkpt>
			<trkpt lat="45.78438675403595" lon="11.071147441864014">
				<ele>1606.60009765625</ele>
				<time>2026-08-29T10:26:23Z</time>
			</trkpt>
			<trkpt lat="45.784411787986755" lon="11.071300387382507">
				<ele>1605.39990234375</ele>
				<time>2026-08-29T10:26:33Z</time>
			</trkpt>
			<trkpt lat="45.78441655635834" lon="11.07131576538086">
				<ele>1605.199951171875</ele>
				<time>2026-08-29T10:26:34Z</time>
			</trkpt>
			<trkpt lat="45.784419298172" lon="11.07133173942566">
				<ele>1605.0</ele>
				<time>2026-08-29T10:26:35Z</time>
			</trkpt>
			<trkpt lat="45.784510254859924" lon="11.071588635444641">
				<ele>1602.60009765625</ele>
				<time>2026-08-29T10:26:53Z</time>
			</trkpt>
			<trkpt lat="45.78463959693909" lon="11.071813106536865">
				<ele>1600.39990234375</ele>
				<time>2026-08-29T10:27:10Z</time>
			</trkpt>
			<trkpt lat="45.78476369380951" lon="11.072099924087524">
				<ele>1597.60009765625</ele>
				<time>2026-08-29T10:27:29Z</time>
			</trkpt>
			<trkpt lat="45.78478157520294" lon="11.07218074798584">
				<ele>1597.0</ele>
				<time>2026-08-29T10:27:34Z</time>
			</trkpt>
			<trkpt lat="45.784781098365784" lon="11.072198033332825">
				<ele>1596.800048828125</ele>
				<time>2026-08-29T10:27:35Z</time>
			</trkpt>
			<trkpt lat="45.78478264808655" lon="11.072216033935547">
				<ele>1596.60009765625</ele>
				<time>2026-08-29T10:27:36Z</time>
			</trkpt>
			<trkpt lat="45.784783720970154" lon="11.072235226631165">
				<ele>1596.60009765625</ele>
				<time>2026-08-29T10:27:37Z</time>
			</trkpt>
			<trkpt lat="45.78478145599365" lon="11.072255373001099">
				<ele>1596.39990234375</ele>
				<time>2026-08-29T10:27:38Z</time>
			</trkpt>
			<trkpt lat="45.78478157520294" lon="11.072274684906006">
				<ele>1596.199951171875</ele>
				<time>2026-08-29T10:27:39Z</time>
			</trkpt>
			<trkpt lat="45.78478217124939" lon="11.07229471206665">
				<ele>1596.199951171875</ele>
				<time>2026-08-29T10:27:40Z</time>
			</trkpt>
			<trkpt lat="45.7848584651947" lon="11.07257878780365">
				<ele>1593.39990234375</ele>
				<time>2026-08-29T10:27:56Z</time>
			</trkpt>
			<trkpt lat="45.78489029407501" lon="11.072918772697449">
				<ele>1590.39990234375</ele>
				<time>2026-08-29T10:28:14Z</time>
			</trkpt>
			<trkpt lat="45.784881472587585" lon="11.07300865650177">
				<ele>1589.60009765625</ele>
				<time>2026-08-29T10:28:19Z</time>
			</trkpt>
			<trkpt lat="45.78473520278931" lon="11.0732421875">
				<ele>1586.60009765625</ele>
				<time>2026-08-29T10:28:35Z</time>
			</trkpt>
			<trkpt lat="45.784552335739136" lon="11.073378324508667">
				<ele>1583.60009765625</ele>
				<time>2026-08-29T10:28:50Z</time>
			</trkpt>
			<trkpt lat="45.78440272808075" lon="11.07354748249054">
				<ele>1580.800048828125</ele>
				<time>2026-08-29T10:29:04Z</time>
			</trkpt>
			<trkpt lat="45.78427696228027" lon="11.073782444000244">
				<ele>1577.60009765625</ele>
				<time>2026-08-29T10:29:20Z</time>
			</trkpt>
			<trkpt lat="45.78423798084259" lon="11.074118256568909">
				<ele>1574.60009765625</ele>
				<time>2026-08-29T10:29:38Z</time>
			</trkpt>
			<trkpt lat="45.78413116931915" lon="11.07433557510376">
				<ele>1572.0</ele>
				<time>2026-08-29T10:29:53Z</time>
			</trkpt>
			<trkpt lat="45.78403437137604" lon="11.074587345123291">
				<ele>1569.199951171875</ele>
				<time>2026-08-29T10:30:09Z</time>
			</trkpt>
			<trkpt lat="45.784026861190796" lon="11.07459831237793">
				<ele>1567.0</ele>
				<time>2026-08-29T10:30:26Z</time>
			</trkpt>
			<trkpt lat="45.784000396728516" lon="11.074707865715027">
				<ele>1567.0</ele>
				<time>2026-08-29T10:30:35Z</time>
			</trkpt>
			<trkpt lat="45.7838773727417" lon="11.074937582015991">
				<ele>1565.199951171875</ele>
				<time>2026-08-29T10:30:49Z</time>
			</trkpt>
			<trkpt lat="45.78376019001007" lon="11.075175404548645">
				<ele>1562.60009765625</ele>
				<time>2026-08-29T10:31:05Z</time>
			</trkpt>
			<trkpt lat="45.78371524810791" lon="11.075256824493408">
				<ele>1561.60009765625</ele>
				<time>2026-08-29T10:31:11Z</time>
			</trkpt>
			<trkpt lat="45.78370773792267" lon="11.075270414352417">
				<ele>1561.39990234375</ele>
				<time>2026-08-29T10:31:12Z</time>
			</trkpt>
			<trkpt lat="45.78370022773743" lon="11.07528531551361">
				<ele>1561.199951171875</ele>
				<time>2026-08-29T10:31:13Z</time>
			</trkpt>
			<trkpt lat="45.783584117889404" lon="11.075481534004211">
				<ele>1559.39990234375</ele>
				<time>2026-08-29T10:31:28Z</time>
			</trkpt>
			<trkpt lat="45.78356230258942" lon="11.075501203536987">
				<ele>1558.39990234375</ele>
				<time>2026-08-29T10:31:46Z</time>
			</trkpt>
			<trkpt lat="45.783520221710205" lon="11.075624942779541">
				<ele>1558.0</ele>
				<time>2026-08-29T10:32:15Z</time>
			</trkpt>
			<trkpt lat="45.78343677520752" lon="11.075700640678406">
				<ele>1558.0</ele>
				<time>2026-08-29T10:32:31Z</time>
			</trkpt>
			<trkpt lat="45.78342306613922" lon="11.075706839561462">
				<ele>1558.0</ele>
				<time>2026-08-29T10:32:32Z</time>
			</trkpt>
			<trkpt lat="45.78335964679718" lon="11.075737953186035">
				<ele>1558.60009765625</ele>
				<time>2026-08-29T10:32:38Z</time>
			</trkpt>
			<trkpt lat="45.78330481052399" lon="11.075739026069641">
				<ele>1559.0</ele>
				<time>2026-08-29T10:32:43Z</time>
			</trkpt>
			<trkpt lat="45.783295035362244" lon="11.075734615325928">
				<ele>1559.199951171875</ele>
				<time>2026-08-29T10:32:44Z</time>
			</trkpt>
			<trkpt lat="45.78327548503876" lon="11.075734615325928">
				<ele>1559.39990234375</ele>
				<time>2026-08-29T10:32:46Z</time>
			</trkpt>
			<trkpt lat="45.783198833465576" lon="11.075749397277832">
				<ele>1560.199951171875</ele>
				<time>2026-08-29T10:32:52Z</time>
			</trkpt>
			<trkpt lat="45.7831871509552" lon="11.0757554769516">
				<ele>1560.39990234375</ele>
				<time>2026-08-29T10:32:53Z</time>
			</trkpt>
			<trkpt lat="45.78317451477051" lon="11.07576298713684">
				<ele>1560.39990234375</ele>
				<time>2026-08-29T10:32:54Z</time>
			</trkpt>
			<trkpt lat="45.783159375190735" lon="11.075774908065796">
				<ele>1560.60009765625</ele>
				<time>2026-08-29T10:32:55Z</time>
			</trkpt>
			<trkpt lat="45.7830970287323" lon="11.075783610343933">
				<ele>1561.800048828125</ele>
				<time>2026-08-29T10:33:03Z</time>
			</trkpt>
			<trkpt lat="45.78308343887329" lon="11.075783014297485">
				<ele>1561.800048828125</ele>
				<time>2026-08-29T10:33:04Z</time>
			</trkpt>
			<trkpt lat="45.78306984901428" lon="11.07578194141388">
				<ele>1561.800048828125</ele>
				<time>2026-08-29T10:33:05Z</time>
			</trkpt>
			<trkpt lat="45.783010482788086" lon="11.075774073600769">
				<ele>1561.800048828125</ele>
				<time>2026-08-29T10:33:10Z</time>
			</trkpt>
			<trkpt lat="45.78299558162689" lon="11.07577896118164">
				<ele>1561.60009765625</ele>
				<time>2026-08-29T10:33:11Z</time>
			</trkpt>
			<trkpt lat="45.78281033039093" lon="11.075830817222595">
				<ele>1559.60009765625</ele>
				<time>2026-08-29T10:33:25Z</time>
			</trkpt>
			<trkpt lat="45.782628536224365" lon="11.075868964195251">
				<ele>1557.39990234375</ele>
				<time>2026-08-29T10:33:38Z</time>
			</trkpt>
			<trkpt lat="45.782556772232056" lon="11.075890183448792">
				<ele>1556.39990234375</ele>
				<time>2026-08-29T10:33:43Z</time>
			</trkpt>
			<trkpt lat="45.78240239620209" lon="11.075948357582092">
				<ele>1553.199951171875</ele>
				<time>2026-08-29T10:33:57Z</time>
			</trkpt>
			<trkpt lat="45.78229308128357" lon="11.076022744178772">
				<ele>1550.800048828125</ele>
				<time>2026-08-29T10:34:07Z</time>
			</trkpt>
			<trkpt lat="45.78228008747101" lon="11.076030731201172">
				<ele>1550.39990234375</ele>
				<time>2026-08-29T10:34:08Z</time>
			</trkpt>
			<trkpt lat="45.782267928123474" lon="11.076040029525757">
				<ele>1550.39990234375</ele>
				<time>2026-08-29T10:34:09Z</time>
			</trkpt>
			<trkpt lat="45.78220510482788" lon="11.076089859008789">
				<ele>1549.199951171875</ele>
				<time>2026-08-29T10:34:25Z</time>
			</trkpt>
			<trkpt lat="45.78224015235901" lon="11.076079964637756">
				<ele>1548.39990234375</ele>
				<time>2026-08-29T10:34:43Z</time>
			</trkpt>
			<trkpt lat="45.78224265575409" lon="11.07607889175415">
				<ele>1548.60009765625</ele>
				<time>2026-08-29T10:35:16Z</time>
			</trkpt>
			<trkpt lat="45.78217875957489" lon="11.0760999917984">
				<ele>1549.0</ele>
				<time>2026-08-29T10:35:43Z</time>
			</trkpt>
			<trkpt lat="45.782166957855225" lon="11.076106071472168">
				<ele>1548.800048828125</ele>
				<time>2026-08-29T10:35:44Z</time>
			</trkpt>
			<trkpt lat="45.78213310241699" lon="11.076123833656311">
				<ele>1548.60009765625</ele>
				<time>2026-08-29T10:35:47Z</time>
			</trkpt>
			<trkpt lat="45.78212237358093" lon="11.076130628585815">
				<ele>1548.60009765625</ele>
				<time>2026-08-29T10:35:48Z</time>
			</trkpt>
			<trkpt lat="45.78211259841919" lon="11.076139450073242">
				<ele>1548.39990234375</ele>
				<time>2026-08-29T10:35:49Z</time>
			</trkpt>
			<trkpt lat="45.78210258483887" lon="11.076148271560669">
				<ele>1548.39990234375</ele>
				<time>2026-08-29T10:35:50Z</time>
			</trkpt>
			<trkpt lat="45.78209829330444" lon="11.076170682907104">
				<ele>1546.800048828125</ele>
				<time>2026-08-29T10:36:03Z</time>
			</trkpt>
			<trkpt lat="45.7820702791214" lon="11.076143622398376">
				<ele>1545.4000244140625</ele>
				<time>2026-08-29T10:36:37Z</time>
			</trkpt>
			<trkpt lat="45.78204095363617" lon="11.076133608818054">
				<ele>1545.800048828125</ele>
				<time>2026-08-29T10:37:14Z</time>
			</trkpt>
			<trkpt lat="45.78201985359192" lon="11.07612919807434">
				<ele>1545.800048828125</ele>
				<time>2026-08-29T10:37:49Z</time>
			</trkpt>
			<trkpt lat="45.78199803829193" lon="11.07612669467926">
				<ele>1545.199951171875</ele>
				<time>2026-08-29T10:38:22Z</time>
			</trkpt>
			<trkpt lat="45.78198289871216" lon="11.076130628585815">
				<ele>1545.4000244140625</ele>
				<time>2026-08-29T10:38:48Z</time>
			</trkpt>
			<trkpt lat="45.781976103782654" lon="11.076135993003845">
				<ele>1545.0</ele>
				<time>2026-08-29T10:39:04Z</time>
			</trkpt>
			<trkpt lat="45.78200161457062" lon="11.076140522956848">
				<ele>1545.199951171875</ele>
				<time>2026-08-29T10:39:14Z</time>
			</trkpt>
			<trkpt lat="45.78202974796295" lon="11.07616937160492">
				<ele>1546.5999755859375</ele>
				<time>2026-08-29T10:39:31Z</time>
			</trkpt>
			<trkpt lat="45.78200352191925" lon="11.076179265975952">
				<ele>1546.0</ele>
				<time>2026-08-29T10:39:47Z</time>
			</trkpt>
			<trkpt lat="45.78198790550232" lon="11.076203346252441">
				<ele>1545.0</ele>
				<time>2026-08-29T10:39:53Z</time>
			</trkpt>
			<trkpt lat="45.78196597099304" lon="11.076247215270996">
				<ele>1544.199951171875</ele>
				<time>2026-08-29T10:39:57Z</time>
			</trkpt>
			<trkpt lat="45.781962871551514" lon="11.07626223564148">
				<ele>1544.0</ele>
				<time>2026-08-29T10:39:58Z</time>
			</trkpt>
			<trkpt lat="45.78195893764496" lon="11.07644510269165">
				<ele>1541.5999755859375</ele>
				<time>2026-08-29T10:40:09Z</time>
			</trkpt>
			<trkpt lat="45.78195345401764" lon="11.07645857334137">
				<ele>1541.4000244140625</ele>
				<time>2026-08-29T10:40:10Z</time>
			</trkpt>
			<trkpt lat="45.78195250034332" lon="11.07647454738617">
				<ele>1541.4000244140625</ele>
				<time>2026-08-29T10:40:11Z</time>
			</trkpt>
			<trkpt lat="45.781977891922" lon="11.076522707939148">
				<ele>1539.800048828125</ele>
				<time>2026-08-29T10:40:27Z</time>
			</trkpt>
			<trkpt lat="45.78193473815918" lon="11.076732158660889">
				<ele>1539.0</ele>
				<time>2026-08-29T10:40:42Z</time>
			</trkpt>
			<trkpt lat="45.78190362453461" lon="11.076864838600159">
				<ele>1538.199951171875</ele>
				<time>2026-08-29T10:40:51Z</time>
			</trkpt>
			<trkpt lat="45.781901597976685" lon="11.076881885528564">
				<ele>1538.0</ele>
				<time>2026-08-29T10:40:52Z</time>
			</trkpt>
			<trkpt lat="45.78189933300018" lon="11.07689905166626">
				<ele>1537.800048828125</ele>
				<time>2026-08-29T10:40:53Z</time>
			</trkpt>
			<trkpt lat="45.781866908073425" lon="11.076969742774963">
				<ele>1536.199951171875</ele>
				<time>2026-08-29T10:41:01Z</time>
			</trkpt>
			<trkpt lat="45.78185987472534" lon="11.076980471611023">
				<ele>1536.0</ele>
				<time>2026-08-29T10:41:02Z</time>
			</trkpt>
			<trkpt lat="45.781845688819885" lon="11.077003955841064">
				<ele>1535.5999755859375</ele>
				<time>2026-08-29T10:41:04Z</time>
			</trkpt>
			<trkpt lat="45.78183841705322" lon="11.077016472816467">
				<ele>1535.199951171875</ele>
				<time>2026-08-29T10:41:05Z</time>
			</trkpt>
			<trkpt lat="45.781824827194214" lon="11.077039361000061">
				<ele>1534.800048828125</ele>
				<time>2026-08-29T10:41:07Z</time>
			</trkpt>
			<trkpt lat="45.78180170059204" lon="11.077062368392944">
				<ele>1534.0</ele>
				<time>2026-08-29T10:41:10Z</time>
			</trkpt>
			<trkpt lat="45.781792759895325" lon="11.077072501182556">
				<ele>1533.5999755859375</ele>
				<time>2026-08-29T10:41:11Z</time>
			</trkpt>
			<trkpt lat="45.78175735473633" lon="11.077113270759583">
				<ele>1532.199951171875</ele>
				<time>2026-08-29T10:41:16Z</time>
			</trkpt>
			<trkpt lat="45.78174662590027" lon="11.07712471485138">
				<ele>1532.0</ele>
				<time>2026-08-29T10:41:17Z</time>
			</trkpt>
			<trkpt lat="45.78173518180847" lon="11.077134609222412">
				<ele>1531.5999755859375</ele>
				<time>2026-08-29T10:41:18Z</time>
			</trkpt>
			<trkpt lat="45.78159558773041" lon="11.077236533164978">
				<ele>1528.5999755859375</ele>
				<time>2026-08-29T10:41:32Z</time>
			</trkpt>
			<trkpt lat="45.78155982494354" lon="11.077255964279175">
				<ele>1528.199951171875</ele>
				<time>2026-08-29T10:41:35Z</time>
			</trkpt>
			<trkpt lat="45.78154695034027" lon="11.077262997627258">
				<ele>1528.0</ele>
				<time>2026-08-29T10:41:36Z</time>
			</trkpt>
			<trkpt lat="45.781534910202026" lon="11.077272415161133">
				<ele>1527.800048828125</ele>
				<time>2026-08-29T10:41:37Z</time>
			</trkpt>
			<trkpt lat="45.78151285648346" lon="11.077284812927246">
				<ele>1527.4000244140625</ele>
				<time>2026-08-29T10:41:39Z</time>
			</trkpt>
			<trkpt lat="45.78150129318237" lon="11.077289342880249">
				<ele>1527.4000244140625</ele>
				<time>2026-08-29T10:41:40Z</time>
			</trkpt>
			<trkpt lat="45.781490206718445" lon="11.077295303344727">
				<ele>1527.199951171875</ele>
				<time>2026-08-29T10:41:41Z</time>
			</trkpt>
			<trkpt lat="45.78147900104523" lon="11.077303290367126">
				<ele>1526.800048828125</ele>
				<time>2026-08-29T10:41:42Z</time>
			</trkpt>
			<trkpt lat="45.78146803379059" lon="11.077316522598267">
				<ele>1526.5999755859375</ele>
				<time>2026-08-29T10:41:43Z</time>
			</trkpt>
			<trkpt lat="45.78145503997803" lon="11.077327847480774">
				<ele>1526.4000244140625</ele>
				<time>2026-08-29T10:41:44Z</time>
			</trkpt>
			<trkpt lat="45.781442523002625" lon="11.077331066131592">
				<ele>1526.4000244140625</ele>
				<time>2026-08-29T10:41:45Z</time>
			</trkpt>
			<trkpt lat="45.781428813934326" lon="11.077332854270935">
				<ele>1526.199951171875</ele>
				<time>2026-08-29T10:41:46Z</time>
			</trkpt>
			<trkpt lat="45.78141498565674" lon="11.077340126037598">
				<ele>1526.0</ele>
				<time>2026-08-29T10:41:47Z</time>
			</trkpt>
			<trkpt lat="45.78140103816986" lon="11.077349185943604">
				<ele>1525.800048828125</ele>
				<time>2026-08-29T10:41:48Z</time>
			</trkpt>
			<trkpt lat="45.78124237060547" lon="11.077554106712341">
				<ele>1524.800048828125</ele>
				<time>2026-08-29T10:42:05Z</time>
			</trkpt>
			<trkpt lat="45.78113579750061" lon="11.077733993530273">
				<ele>1522.5999755859375</ele>
				<time>2026-08-29T10:42:19Z</time>
			</trkpt>
			<trkpt lat="45.781126737594604" lon="11.077746510505676">
				<ele>1522.4000244140625</ele>
				<time>2026-08-29T10:42:20Z</time>
			</trkpt>
			<trkpt lat="45.78103196620941" lon="11.07793641090393">
				<ele>1519.199951171875</ele>
				<time>2026-08-29T10:42:34Z</time>
			</trkpt>
			<trkpt lat="45.78095102310181" lon="11.078133940696716">
				<ele>1516.199951171875</ele>
				<time>2026-08-29T10:42:48Z</time>
			</trkpt>
			<trkpt lat="45.78088629245758" lon="11.07827115058899">
				<ele>1514.4000244140625</ele>
				<time>2026-08-29T10:42:57Z</time>
			</trkpt>
			<trkpt lat="45.780866503715515" lon="11.0782949924469">
				<ele>1513.800048828125</ele>
				<time>2026-08-29T10:42:59Z</time>
			</trkpt>
			<trkpt lat="45.78079962730408" lon="11.078486204147339">
				<ele>1511.5999755859375</ele>
				<time>2026-08-29T10:43:11Z</time>
			</trkpt>
			<trkpt lat="45.780704498291016" lon="11.078763365745544">
				<ele>1508.800048828125</ele>
				<time>2026-08-29T10:43:28Z</time>
			</trkpt>
			<trkpt lat="45.78063189983368" lon="11.078977346420288">
				<ele>1507.4000244140625</ele>
				<time>2026-08-29T10:43:41Z</time>
			</trkpt>
			<trkpt lat="45.780633091926575" lon="11.078994393348694">
				<ele>1507.4000244140625</ele>
				<time>2026-08-29T10:43:42Z</time>
			</trkpt>
			<trkpt lat="45.78063189983368" lon="11.079011917114258">
				<ele>1507.199951171875</ele>
				<time>2026-08-29T10:43:43Z</time>
			</trkpt>
			<trkpt lat="45.78062963485718" lon="11.079029321670532">
				<ele>1507.199951171875</ele>
				<time>2026-08-29T10:43:44Z</time>
			</trkpt>
			<trkpt lat="45.780627369880676" lon="11.079047441482544">
				<ele>1507.199951171875</ele>
				<time>2026-08-29T10:43:45Z</time>
			</trkpt>
			<trkpt lat="45.78062641620636" lon="11.079064726829529">
				<ele>1507.0</ele>
				<time>2026-08-29T10:43:46Z</time>
			</trkpt>
			<trkpt lat="45.78062570095062" lon="11.079084515571594">
				<ele>1507.0</ele>
				<time>2026-08-29T10:43:47Z</time>
			</trkpt>
			<trkpt lat="45.78066301345825" lon="11.079328656196594">
				<ele>1506.5999755859375</ele>
				<time>2026-08-29T10:44:04Z</time>
			</trkpt>
			<trkpt lat="45.7806693315506" lon="11.07935631275177">
				<ele>1506.5999755859375</ele>
				<time>2026-08-29T10:44:09Z</time>
			</trkpt>
			<trkpt lat="45.78067433834076" lon="11.079370737075806">
				<ele>1506.5999755859375</ele>
				<time>2026-08-29T10:44:10Z</time>
			</trkpt>
			<trkpt lat="45.780680537223816" lon="11.07939898967743">
				<ele>1506.5999755859375</ele>
				<time>2026-08-29T10:44:12Z</time>
			</trkpt>
			<trkpt lat="45.78068721294403" lon="11.079411625862122">
				<ele>1506.4000244140625</ele>
				<time>2026-08-29T10:44:13Z</time>
			</trkpt>
			<trkpt lat="45.78069543838501" lon="11.079424023628235">
				<ele>1506.4000244140625</ele>
				<time>2026-08-29T10:44:14Z</time>
			</trkpt>
			<trkpt lat="45.78070271015167" lon="11.079438209533691">
				<ele>1506.199951171875</ele>
				<time>2026-08-29T10:44:15Z</time>
			</trkpt>
			<trkpt lat="45.78071069717407" lon="11.079452872276306">
				<ele>1506.199951171875</ele>
				<time>2026-08-29T10:44:16Z</time>
			</trkpt>
			<trkpt lat="45.78073072433472" lon="11.079482436180115">
				<ele>1506.199951171875</ele>
				<time>2026-08-29T10:44:18Z</time>
			</trkpt>
			<trkpt lat="45.78077697753906" lon="11.079569339752197">
				<ele>1505.4000244140625</ele>
				<time>2026-08-29T10:44:35Z</time>
			</trkpt>
			<trkpt lat="45.780844926834106" lon="11.079781293869019">
				<ele>1505.0</ele>
				<time>2026-08-29T10:44:58Z</time>
			</trkpt>
			<trkpt lat="45.78095042705536" lon="11.080057263374329">
				<ele>1503.5999755859375</ele>
				<time>2026-08-29T10:45:15Z</time>
			</trkpt>
			<trkpt lat="45.78097438812256" lon="11.080304265022278">
				<ele>1502.800048828125</ele>
				<time>2026-08-29T10:45:28Z</time>
			</trkpt>
			<trkpt lat="45.78094267845154" lon="11.080650687217712">
				<ele>1501.800048828125</ele>
				<time>2026-08-29T10:45:45Z</time>
			</trkpt>
			<trkpt lat="45.78090512752533" lon="11.080815434455872">
				<ele>1501.0</ele>
				<time>2026-08-29T10:45:55Z</time>
			</trkpt>
			<trkpt lat="45.7808096408844" lon="11.08105218410492">
				<ele>1499.800048828125</ele>
				<time>2026-08-29T10:46:10Z</time>
			</trkpt>
			<trkpt lat="45.78076362609863" lon="11.081145405769348">
				<ele>1499.199951171875</ele>
				<time>2026-08-29T10:46:16Z</time>
			</trkpt>
			<trkpt lat="45.78075671195984" lon="11.081164479255676">
				<ele>1499.0</ele>
				<time>2026-08-29T10:46:17Z</time>
			</trkpt>
			<trkpt lat="45.78075158596039" lon="11.081182837486267">
				<ele>1499.0</ele>
				<time>2026-08-29T10:46:18Z</time>
			</trkpt>
			<trkpt lat="45.78074526786804" lon="11.081201076507568">
				<ele>1498.800048828125</ele>
				<time>2026-08-29T10:46:19Z</time>
			</trkpt>
			<trkpt lat="45.78074038028717" lon="11.081218838691711">
				<ele>1498.800048828125</ele>
				<time>2026-08-29T10:46:20Z</time>
			</trkpt>
			<trkpt lat="45.78073441982269" lon="11.081238389015198">
				<ele>1498.800048828125</ele>
				<time>2026-08-29T10:46:21Z</time>
			</trkpt>
			<trkpt lat="45.78065037727356" lon="11.081410884857178">
				<ele>1497.5999755859375</ele>
				<time>2026-08-29T10:46:33Z</time>
			</trkpt>
			<trkpt lat="45.78059208393097" lon="11.081499218940735">
				<ele>1496.199951171875</ele>
				<time>2026-08-29T10:46:50Z</time>
			</trkpt>
			<trkpt lat="45.7805734872818" lon="11.081581711769104">
				<ele>1495.4000244140625</ele>
				<time>2026-08-29T10:47:07Z</time>
			</trkpt>
			<trkpt lat="45.780574679374695" lon="11.081555604934692">
				<ele>1495.0</ele>
				<time>2026-08-29T10:47:26Z</time>
			</trkpt>
			<trkpt lat="45.78056752681732" lon="11.08148467540741">
				<ele>1494.800048828125</ele>
				<time>2026-08-29T10:47:44Z</time>
			</trkpt>
			<trkpt lat="45.7805677652359" lon="11.081484079360962">
				<ele>1494.4000244140625</ele>
				<time>2026-08-29T10:47:48Z</time>
			</trkpt>
			<trkpt lat="45.780572295188904" lon="11.081454634666443">
				<ele>1493.800048828125</ele>
				<time>2026-08-29T10:48:04Z</time>
			</trkpt>
			<trkpt lat="45.78054082393646" lon="11.081308841705322">
				<ele>1492.5999755859375</ele>
				<time>2026-08-29T10:48:20Z</time>
			</trkpt>
			<trkpt lat="45.78054976463318" lon="11.081284284591675">
				<ele>1490.199951171875</ele>
				<time>2026-08-29T10:48:46Z</time>
			</trkpt>
			<trkpt lat="45.78053963184357" lon="11.081292629241943">
				<ele>1489.800048828125</ele>
				<time>2026-08-29T10:49:07Z</time>
			</trkpt>
			<trkpt lat="45.78055131435394" lon="11.081501483917236">
				<ele>1493.0</ele>
				<time>2026-08-29T10:49:27Z</time>
			</trkpt>
			<trkpt lat="45.780564188957214" lon="11.081584095954895">
				<ele>1495.199951171875</ele>
				<time>2026-08-29T10:49:46Z</time>
			</trkpt>
			<trkpt lat="45.78053843975067" lon="11.081640243530273">
				<ele>1494.800048828125</ele>
				<time>2026-08-29T10:50:05Z</time>
			</trkpt>
			<trkpt lat="45.7805290222168" lon="11.081651210784912">
				<ele>1494.800048828125</ele>
				<time>2026-08-29T10:50:06Z</time>
			</trkpt>
			<trkpt lat="45.78052067756653" lon="11.081661939620972">
				<ele>1494.800048828125</ele>
				<time>2026-08-29T10:50:07Z</time>
			</trkpt>
			<trkpt lat="45.780367732048035" lon="11.081939339637756">
				<ele>1492.4000244140625</ele>
				<time>2026-08-29T10:50:30Z</time>
			</trkpt>
			<trkpt lat="45.78036141395569" lon="11.08195948600769">
				<ele>1491.800048828125</ele>
				<time>2026-08-29T10:50:37Z</time>
			</trkpt>
			<trkpt lat="45.780354380607605" lon="11.081970691680908">
				<ele>1491.5999755859375</ele>
				<time>2026-08-29T10:50:38Z</time>
			</trkpt>
			<trkpt lat="45.780341386795044" lon="11.08199417591095">
				<ele>1491.4000244140625</ele>
				<time>2026-08-29T10:50:40Z</time>
			</trkpt>
			<trkpt lat="45.78016746044159" lon="11.082311034202576">
				<ele>1488.5999755859375</ele>
				<time>2026-08-29T10:51:02Z</time>
			</trkpt>
			<trkpt lat="45.78006565570831" lon="11.08256983757019">
				<ele>1485.800048828125</ele>
				<time>2026-08-29T10:51:17Z</time>
			</trkpt>
			<trkpt lat="45.779972553253174" lon="11.082760691642761">
				<ele>1482.800048828125</ele>
				<time>2026-08-29T10:51:31Z</time>
			</trkpt>
			<trkpt lat="45.77991998195648" lon="11.082841157913208">
				<ele>1481.5999755859375</ele>
				<time>2026-08-29T10:51:36Z</time>
			</trkpt>
			<trkpt lat="45.77990913391113" lon="11.082852482795715">
				<ele>1481.4000244140625</ele>
				<time>2026-08-29T10:51:37Z</time>
			</trkpt>
			<trkpt lat="45.779904961586" lon="11.082869172096252">
				<ele>1481.199951171875</ele>
				<time>2026-08-29T10:51:38Z</time>
			</trkpt>
			<trkpt lat="45.77986419200897" lon="11.083012104034424">
				<ele>1479.199951171875</ele>
				<time>2026-08-29T10:51:46Z</time>
			</trkpt>
			<trkpt lat="45.77983224391937" lon="11.083319544792175">
				<ele>1476.199951171875</ele>
				<time>2026-08-29T10:52:05Z</time>
			</trkpt>
			<trkpt lat="45.77980899810791" lon="11.08336615562439">
				<ele>1475.5999755859375</ele>
				<time>2026-08-29T10:52:11Z</time>
			</trkpt>
			<trkpt lat="45.779799699783325" lon="11.083377361297607">
				<ele>1475.4000244140625</ele>
				<time>2026-08-29T10:52:12Z</time>
			</trkpt>
			<trkpt lat="45.779789686203" lon="11.083388090133667">
				<ele>1475.199951171875</ele>
				<time>2026-08-29T10:52:13Z</time>
			</trkpt>
			<trkpt lat="45.77978038787842" lon="11.083397269248962">
				<ele>1475.199951171875</ele>
				<time>2026-08-29T10:52:14Z</time>
			</trkpt>
			<trkpt lat="45.77977252006531" lon="11.083408117294312">
				<ele>1475.199951171875</ele>
				<time>2026-08-29T10:52:15Z</time>
			</trkpt>
			<trkpt lat="45.77976393699646" lon="11.083419561386108">
				<ele>1475.0</ele>
				<time>2026-08-29T10:52:16Z</time>
			</trkpt>
			<trkpt lat="45.77960252761841" lon="11.083588600158691">
				<ele>1472.199951171875</ele>
				<time>2026-08-29T10:52:32Z</time>
			</trkpt>
			<trkpt lat="45.779438734054565" lon="11.08375608921051">
				<ele>1469.199951171875</ele>
				<time>2026-08-29T10:52:50Z</time>
			</trkpt>
			<trkpt lat="45.7792626619339" lon="11.083876967430115">
				<ele>1467.4000244140625</ele>
				<time>2026-08-29T10:53:07Z</time>
			</trkpt>
			<trkpt lat="45.779115200042725" lon="11.083975315093994">
				<ele>1466.4000244140625</ele>
				<time>2026-08-29T10:53:21Z</time>
			</trkpt>
			<trkpt lat="45.778982400894165" lon="11.084080338478088">
				<ele>1466.800048828125</ele>
				<time>2026-08-29T10:53:34Z</time>
			</trkpt>
			<trkpt lat="45.77890169620514" lon="11.084145426750183">
				<ele>1467.0</ele>
				<time>2026-08-29T10:53:49Z</time>
			</trkpt>
			<trkpt lat="45.77882397174835" lon="11.084221601486206">
				<ele>1467.199951171875</ele>
				<time>2026-08-29T10:54:06Z</time>
			</trkpt>
			<trkpt lat="45.77881872653961" lon="11.084211468696594">
				<ele>1467.199951171875</ele>
				<time>2026-08-29T10:54:07Z</time>
			</trkpt>
			<trkpt lat="45.7788120508194" lon="11.08418607711792">
				<ele>1467.199951171875</ele>
				<time>2026-08-29T10:54:09Z</time>
			</trkpt>
			<trkpt lat="45.77897012233734" lon="11.084120869636536">
				<ele>1466.5999755859375</ele>
				<time>2026-08-29T10:54:24Z</time>
			</trkpt>
			<trkpt lat="45.77898371219635" lon="11.084121942520142">
				<ele>1466.5999755859375</ele>
				<time>2026-08-29T10:54:25Z</time>
			</trkpt>
			<trkpt lat="45.77899622917175" lon="11.0841224193573">
				<ele>1466.5999755859375</ele>
				<time>2026-08-29T10:54:26Z</time>
			</trkpt>
			<trkpt lat="45.77898705005646" lon="11.084209442138672">
				<ele>1468.4000244140625</ele>
				<time>2026-08-29T10:54:38Z</time>
			</trkpt>
			<trkpt lat="45.77898585796356" lon="11.084240317344666">
				<ele>1471.4000244140625</ele>
				<time>2026-08-29T10:54:51Z</time>
			</trkpt>
			<trkpt lat="45.77905869483948" lon="11.08421266078949">
				<ele>1473.800048828125</ele>
				<time>2026-08-29T10:55:08Z</time>
			</trkpt>
			<trkpt lat="45.77908158302307" lon="11.084182739257812">
				<ele>1473.800048828125</ele>
				<time>2026-08-29T10:55:12Z</time>
			</trkpt>
			<trkpt lat="45.779107093811035" lon="11.08420717716217">
				<ele>1472.800048828125</ele>
				<time>2026-08-29T10:55:25Z</time>
			</trkpt>
			<trkpt lat="45.779173254966736" lon="11.084158182144165">
				<ele>1472.199951171875</ele>
				<time>2026-08-29T10:55:45Z</time>
			</trkpt>
			<trkpt lat="45.77915942668915" lon="11.084052801132202">
				<ele>1471.800048828125</ele>
				<time>2026-08-29T10:55:53Z</time>
			</trkpt>
			<trkpt lat="45.77915894985199" lon="11.08403742313385">
				<ele>1471.800048828125</ele>
				<time>2026-08-29T10:55:54Z</time>
			</trkpt>
			<trkpt lat="45.77915978431702" lon="11.084021210670471">
				<ele>1471.5999755859375</ele>
				<time>2026-08-29T10:55:55Z</time>
			</trkpt>
			<trkpt lat="45.77917432785034" lon="11.083948969841003">
				<ele>1470.5999755859375</ele>
				<time>2026-08-29T10:56:00Z</time>
			</trkpt>
			<trkpt lat="45.77920317649841" lon="11.083928346633911">
				<ele>1469.0</ele>
				<time>2026-08-29T10:56:18Z</time>
			</trkpt>
			<trkpt lat="45.77920365333557" lon="11.0839102268219">
				<ele>1467.199951171875</ele>
				<time>2026-08-29T10:56:30Z</time>
			</trkpt>
			<trkpt lat="45.77921426296234" lon="11.083916068077087">
				<ele>1467.5999755859375</ele>
				<time>2026-08-29T10:57:12Z</time>
			</trkpt>
			<trkpt lat="45.77921903133392" lon="11.083945751190186">
				<ele>1466.800048828125</ele>
				<time>2026-08-29T10:57:57Z</time>
			</trkpt>
			<trkpt lat="45.77922058105469" lon="11.083983898162842">
				<ele>1467.800048828125</ele>
				<time>2026-08-29T10:58:33Z</time>
			</trkpt>
			<trkpt lat="45.779205322265625" lon="11.084005236625671">
				<ele>1467.800048828125</ele>
				<time>2026-08-29T10:59:20Z</time>
			</trkpt>
			<trkpt lat="45.77919828891754" lon="11.08402419090271">
				<ele>1467.800048828125</ele>
				<time>2026-08-29T11:00:02Z</time>
			</trkpt>
			<trkpt lat="45.7791793346405" lon="11.084037065505981">
				<ele>1467.5999755859375</ele>
				<time>2026-08-29T11:00:49Z</time>
			</trkpt>
			<trkpt lat="45.77916920185089" lon="11.084057211875916">
				<ele>1467.5999755859375</ele>
				<time>2026-08-29T11:01:28Z</time>
			</trkpt>
			<trkpt lat="45.77916181087494" lon="11.08407986164093">
				<ele>1467.4000244140625</ele>
				<time>2026-08-29T11:02:03Z</time>
			</trkpt>
			<trkpt lat="45.77916240692139" lon="11.084106683731079">
				<ele>1467.4000244140625</ele>
				<time>2026-08-29T11:02:37Z</time>
			</trkpt>
			<trkpt lat="45.779165863990784" lon="11.084134578704834">
				<ele>1467.4000244140625</ele>
				<time>2026-08-29T11:03:11Z</time>
			</trkpt>
			<trkpt lat="45.77916717529297" lon="11.084143877029419">
				<ele>1464.4000244140625</ele>
				<time>2026-08-29T11:03:24Z</time>
			</trkpt>
			<trkpt lat="45.77917265892029" lon="11.08415162563324">
				<ele>1467.5999755859375</ele>
				<time>2026-08-29T11:03:41Z</time>
			</trkpt>
			<trkpt lat="45.77917277812958" lon="11.084153652191162">
				<ele>1471.800048828125</ele>
				<time>2026-08-29T11:03:43Z</time>
			</trkpt>
			<trkpt lat="45.77917468547821" lon="11.08415412902832">
				<ele>1468.800048828125</ele>
				<time>2026-08-29T11:03:55Z</time>
			</trkpt>
			<trkpt lat="45.77917468547821" lon="11.08415424823761">
				<ele>1468.5999755859375</ele>
				<time>2026-08-29T11:03:56Z</time>
			</trkpt>
			<trkpt lat="45.779168486595154" lon="11.084154844284058">
				<ele>1466.800048828125</ele>
				<time>2026-08-29T11:04:25Z</time>
			</trkpt>
			<trkpt lat="45.77915954589844" lon="11.084146857261658">
				<ele>1467.199951171875</ele>
				<time>2026-08-29T11:04:51Z</time>
			</trkpt>
			<trkpt lat="45.77914011478424" lon="11.08413302898407">
				<ele>1467.4000244140625</ele>
				<time>2026-08-29T11:05:27Z</time>
			</trkpt>
			<trkpt lat="45.77912449836731" lon="11.084121942520142">
				<ele>1467.199951171875</ele>
				<time>2026-08-29T11:06:00Z</time>
			</trkpt>
			<trkpt lat="45.77911174297333" lon="11.08411169052124">
				<ele>1467.4000244140625</ele>
				<time>2026-08-29T11:06:30Z</time>
			</trkpt>
			<trkpt lat="45.77911305427551" lon="11.08411717414856">
				<ele>1467.199951171875</ele>
				<time>2026-08-29T11:07:03Z</time>
			</trkpt>
			<trkpt lat="45.77911067008972" lon="11.084130048751831">
				<ele>1467.199951171875</ele>
				<time>2026-08-29T11:07:29Z</time>
			</trkpt>
			<trkpt lat="45.77910935878754" lon="11.084150075912476">
				<ele>1467.4000244140625</ele>
				<time>2026-08-29T11:08:00Z</time>
			</trkpt>
			<trkpt lat="45.77909290790558" lon="11.084145545959473">
				<ele>1467.4000244140625</ele>
				<time>2026-08-29T11:08:27Z</time>
			</trkpt>
			<trkpt lat="45.779085993766785" lon="11.084141254425049">
				<ele>1467.4000244140625</ele>
				<time>2026-08-29T11:09:03Z</time>
			</trkpt>
			<trkpt lat="45.77906811237335" lon="11.08412790298462">
				<ele>1467.4000244140625</ele>
				<time>2026-08-29T11:09:38Z</time>
			</trkpt>
			<trkpt lat="45.779046058654785" lon="11.0841224193573">
				<ele>1467.4000244140625</ele>
				<time>2026-08-29T11:10:07Z</time>
			</trkpt>
			<trkpt lat="45.779027700424194" lon="11.084101915359497">
				<ele>1467.4000244140625</ele>
				<time>2026-08-29T11:10:34Z</time>
			</trkpt>
			<trkpt lat="45.77901220321655" lon="11.084099650382996">
				<ele>1466.800048828125</ele>
				<time>2026-08-29T11:10:58Z</time>
			</trkpt>
			<trkpt lat="45.77899920940399" lon="11.084090948104858">
				<ele>1466.800048828125</ele>
				<time>2026-08-29T11:11:22Z</time>
			</trkpt>
			<trkpt lat="45.77899920940399" lon="11.08406913280487">
				<ele>1467.199951171875</ele>
				<time>2026-08-29T11:11:49Z</time>
			</trkpt>
			<trkpt lat="45.778995990753174" lon="11.084045886993408">
				<ele>1467.4000244140625</ele>
				<time>2026-08-29T11:12:12Z</time>
			</trkpt>
			<trkpt lat="45.77899467945099" lon="11.084039449691772">
				<ele>1467.4000244140625</ele>
				<time>2026-08-29T11:12:33Z</time>
			</trkpt>
			<trkpt lat="45.77899777889252" lon="11.084039568901062">
				<ele>1467.4000244140625</ele>
				<time>2026-08-29T11:12:58Z</time>
			</trkpt>
			<trkpt lat="45.779009222984314" lon="11.084035634994507">
				<ele>1467.5999755859375</ele>
				<time>2026-08-29T11:13:24Z</time>
			</trkpt>
			<trkpt lat="45.77901589870453" lon="11.084036111831665">
				<ele>1467.5999755859375</ele>
				<time>2026-08-29T11:13:48Z</time>
			</trkpt>
			<trkpt lat="45.77901530265808" lon="11.084037184715271">
				<ele>1467.5999755859375</ele>
				<time>2026-08-29T11:14:09Z</time>
			</trkpt>
			<trkpt lat="45.77902543544769" lon="11.084027767181396">
				<ele>1467.4000244140625</ele>
				<time>2026-08-29T11:14:43Z</time>
			</trkpt>
			<trkpt lat="45.77903735637665" lon="11.084047436714172">
				<ele>1467.5999755859375</ele>
				<time>2026-08-29T11:15:08Z</time>
			</trkpt>
			<trkpt lat="45.779037833213806" lon="11.08406412601471">
				<ele>1467.199951171875</ele>
				<time>2026-08-29T11:15:28Z</time>
			</trkpt>
			<trkpt lat="45.779029965400696" lon="11.08406949043274">
				<ele>1467.4000244140625</ele>
				<time>2026-08-29T11:15:49Z</time>
			</trkpt>
			<trkpt lat="45.77903234958649" lon="11.084060192108154">
				<ele>1467.4000244140625</ele>
				<time>2026-08-29T11:16:14Z</time>
			</trkpt>
			<trkpt lat="45.77903640270233" lon="11.084043979644775">
				<ele>1467.4000244140625</ele>
				<time>2026-08-29T11:16:38Z</time>
			</trkpt>
			<trkpt lat="45.779043555259705" lon="11.084032773971558">
				<ele>1467.4000244140625</ele>
				<time>2026-08-29T11:17:11Z</time>
			</trkpt>
			<trkpt lat="45.779053926467896" lon="11.084055066108704">
				<ele>1467.5999755859375</ele>
				<time>2026-08-29T11:17:34Z</time>
			</trkpt>
			<trkpt lat="45.77907121181488" lon="11.084069609642029">
				<ele>1467.5999755859375</ele>
				<time>2026-08-29T11:17:54Z</time>
			</trkpt>
			<trkpt lat="45.77907478809357" lon="11.084084749221802">
				<ele>1467.199951171875</ele>
				<time>2026-08-29T11:18:15Z</time>
			</trkpt>
			<trkpt lat="45.77909278869629" lon="11.084108352661133">
				<ele>1467.4000244140625</ele>
				<time>2026-08-29T11:18:45Z</time>
			</trkpt>
			<trkpt lat="45.77910792827606" lon="11.084134340286255">
				<ele>1467.5999755859375</ele>
				<time>2026-08-29T11:19:16Z</time>
			</trkpt>
			<trkpt lat="45.77916431427002" lon="11.084006667137146">
				<ele>1467.0</ele>
				<time>2026-08-29T11:20:10Z</time>
			</trkpt>
			<trkpt lat="45.779197454452515" lon="11.08396577835083">
				<ele>1467.199951171875</ele>
				<time>2026-08-29T11:20:59Z</time>
			</trkpt>
			<trkpt lat="45.779200077056885" lon="11.083950638771057">
				<ele>1467.4000244140625</ele>
				<time>2026-08-29T11:21:58Z</time>
			</trkpt>
			<trkpt lat="45.779213190078735" lon="11.083930134773254">
				<ele>1468.0</ele>
				<time>2026-08-29T11:23:01Z</time>
			</trkpt>
			<trkpt lat="45.77921462059021" lon="11.083930492401123">
				<ele>1467.5999755859375</ele>
				<time>2026-08-29T11:23:36Z</time>
			</trkpt>
			<trkpt lat="45.77921426296234" lon="11.083930253982544">
				<ele>1468.0</ele>
				<time>2026-08-29T11:24:04Z</time>
			</trkpt>
			<trkpt lat="45.77921223640442" lon="11.083921909332275">
				<ele>1467.5999755859375</ele>
				<time>2026-08-29T11:24:40Z</time>
			</trkpt>
			<trkpt lat="45.77921378612518" lon="11.083919286727905">
				<ele>1468.0</ele>
				<time>2026-08-29T11:25:17Z</time>
			</trkpt>
			<trkpt lat="45.77921378612518" lon="11.083914399147034">
				<ele>1467.800048828125</ele>
				<time>2026-08-29T11:25:49Z</time>
			</trkpt>
			<trkpt lat="45.77921175956726" lon="11.083905816078186">
				<ele>1467.800048828125</ele>
				<time>2026-08-29T11:26:24Z</time>
			</trkpt>
			<trkpt lat="45.77921223640442" lon="11.083899855613708">
				<ele>1467.5999755859375</ele>
				<time>2026-08-29T11:27:06Z</time>
			</trkpt>
			<trkpt lat="45.7792090177536" lon="11.083900451660156">
				<ele>1467.800048828125</ele>
				<time>2026-08-29T11:27:40Z</time>
			</trkpt>
			<trkpt lat="45.779205560684204" lon="11.08389937877655">
				<ele>1467.5999755859375</ele>
				<time>2026-08-29T11:28:11Z</time>
			</trkpt>
			<trkpt lat="45.779218316078186" lon="11.083888530731201">
				<ele>1467.4000244140625</ele>
				<time>2026-08-29T11:28:41Z</time>
			</trkpt>
			<trkpt lat="45.779247760772705" lon="11.083899140357971">
				<ele>1467.5999755859375</ele>
				<time>2026-08-29T11:29:25Z</time>
			</trkpt>
			<trkpt lat="45.77924180030823" lon="11.083956480026245">
				<ele>1467.5999755859375</ele>
				<time>2026-08-29T11:30:35Z</time>
			</trkpt>
			<trkpt lat="45.779226541519165" lon="11.083948612213135">
				<ele>1467.199951171875</ele>
				<time>2026-08-29T11:31:47Z</time>
			</trkpt>
			<trkpt lat="45.77925503253937" lon="11.083839535713196">
				<ele>1468.4000244140625</ele>
				<time>2026-08-29T11:32:20Z</time>
			</trkpt>
			<trkpt lat="45.77924585342407" lon="11.083788990974426">
				<ele>1467.4000244140625</ele>
				<time>2026-08-29T11:32:31Z</time>
			</trkpt>
			<trkpt lat="45.77923774719238" lon="11.083776354789734">
				<ele>1467.4000244140625</ele>
				<time>2026-08-29T11:32:32Z</time>
			</trkpt>
			<trkpt lat="45.77922987937927" lon="11.083765268325806">
				<ele>1467.199951171875</ele>
				<time>2026-08-29T11:32:33Z</time>
			</trkpt>
			<trkpt lat="45.77918183803558" lon="11.08375334739685">
				<ele>1466.5999755859375</ele>
				<time>2026-08-29T11:32:47Z</time>
			</trkpt>
			<trkpt lat="45.779162764549255" lon="11.083765983581543">
				<ele>1466.5999755859375</ele>
				<time>2026-08-29T11:32:49Z</time>
			</trkpt>
			<trkpt lat="45.779152035713196" lon="11.083772778511047">
				<ele>1466.5999755859375</ele>
				<time>2026-08-29T11:32:50Z</time>
			</trkpt>
			<trkpt lat="45.779141783714294" lon="11.083780646324158">
				<ele>1466.4000244140625</ele>
				<time>2026-08-29T11:32:51Z</time>
			</trkpt>
			<trkpt lat="45.77913165092468" lon="11.083787202835083">
				<ele>1466.4000244140625</ele>
				<time>2026-08-29T11:32:52Z</time>
			</trkpt>
			<trkpt lat="45.778963804244995" lon="11.083900809288025">
				<ele>1464.4000244140625</ele>
				<time>2026-08-29T11:33:08Z</time>
			</trkpt>
			<trkpt lat="45.77879202365875" lon="11.084043264389038">
				<ele>1462.800048828125</ele>
				<time>2026-08-29T11:33:25Z</time>
			</trkpt>
			<trkpt lat="45.778624534606934" lon="11.084214806556702">
				<ele>1462.0</ele>
				<time>2026-08-29T11:33:43Z</time>
			</trkpt>
			<trkpt lat="45.77849078178406" lon="11.08441174030304">
				<ele>1461.4000244140625</ele>
				<time>2026-08-29T11:34:00Z</time>
			</trkpt>
			<trkpt lat="45.778457164764404" lon="11.08442234992981">
				<ele>1461.4000244140625</ele>
				<time>2026-08-29T11:34:03Z</time>
			</trkpt>
			<trkpt lat="45.77844679355621" lon="11.08443284034729">
				<ele>1461.4000244140625</ele>
				<time>2026-08-29T11:34:04Z</time>
			</trkpt>
			<trkpt lat="45.77835023403168" lon="11.084617853164673">
				<ele>1461.199951171875</ele>
				<time>2026-08-29T11:34:18Z</time>
			</trkpt>
			<trkpt lat="45.778358578681946" lon="11.084592461585999">
				<ele>1461.4000244140625</ele>
				<time>2026-08-29T11:34:41Z</time>
			</trkpt>
			<trkpt lat="45.778292536735535" lon="11.084701657295227">
				<ele>1461.0</ele>
				<time>2026-08-29T11:35:02Z</time>
			</trkpt>
			<trkpt lat="45.77830684185028" lon="11.084702491760254">
				<ele>1460.4000244140625</ele>
				<time>2026-08-29T11:35:29Z</time>
			</trkpt>
			<trkpt lat="45.77830612659454" lon="11.08471667766571">
				<ele>1460.4000244140625</ele>
				<time>2026-08-29T11:36:03Z</time>
			</trkpt>
			<trkpt lat="45.778324842453" lon="11.084679007530212">
				<ele>1460.4000244140625</ele>
				<time>2026-08-29T11:36:29Z</time>
			</trkpt>
			<trkpt lat="45.778385400772095" lon="11.084843158721924">
				<ele>1463.0</ele>
				<time>2026-08-29T11:36:47Z</time>
			</trkpt>
			<trkpt lat="45.77837014198303" lon="11.084992289543152">
				<ele>1466.199951171875</ele>
				<time>2026-08-29T11:37:02Z</time>
			</trkpt>
			<trkpt lat="45.778308153152466" lon="11.085025548934937">
				<ele>1468.800048828125</ele>
				<time>2026-08-29T11:37:18Z</time>
			</trkpt>
			<trkpt lat="45.77829051017761" lon="11.085036396980286">
				<ele>1469.0</ele>
				<time>2026-08-29T11:37:33Z</time>
			</trkpt>
			<trkpt lat="45.77830696105957" lon="11.085022568702698">
				<ele>1468.5999755859375</ele>
				<time>2026-08-29T11:38:15Z</time>
			</trkpt>
			<trkpt lat="45.77832019329071" lon="11.08501935005188">
				<ele>1472.4000244140625</ele>
				<time>2026-08-29T11:38:38Z</time>
			</trkpt>
			<trkpt lat="45.778321623802185" lon="11.08502185344696">
				<ele>1470.0</ele>
				<time>2026-08-29T11:38:54Z</time>
			</trkpt>
			<trkpt lat="45.7783385515213" lon="11.085022211074829">
				<ele>1469.5999755859375</ele>
				<time>2026-08-29T11:39:07Z</time>
			</trkpt>
			<trkpt lat="45.77834153175354" lon="11.085023760795593">
				<ele>1469.800048828125</ele>
				<time>2026-08-29T11:39:24Z</time>
			</trkpt>
			<trkpt lat="45.77833807468414" lon="11.085013151168823">
				<ele>1469.5999755859375</ele>
				<time>2026-08-29T11:39:41Z</time>
			</trkpt>
			<trkpt lat="45.7784138917923" lon="11.084880232810974">
				<ele>1468.199951171875</ele>
				<time>2026-08-29T11:40:14Z</time>
			</trkpt>
			<trkpt lat="45.778350710868835" lon="11.084791898727417">
				<ele>1465.800048828125</ele>
				<time>2026-08-29T11:40:29Z</time>
			</trkpt>
			<trkpt lat="45.77832221984863" lon="11.084618210792542">
				<ele>1463.0</ele>
				<time>2026-08-29T11:40:47Z</time>
			</trkpt>
			<trkpt lat="45.77835476398468" lon="11.084566950798035">
				<ele>1461.4000244140625</ele>
				<time>2026-08-29T11:41:00Z</time>
			</trkpt>
			<trkpt lat="45.778361678123474" lon="11.084552645683289">
				<ele>1461.199951171875</ele>
				<time>2026-08-29T11:41:01Z</time>
			</trkpt>
			<trkpt lat="45.778366804122925" lon="11.084536910057068">
				<ele>1461.199951171875</ele>
				<time>2026-08-29T11:41:02Z</time>
			</trkpt>
			<trkpt lat="45.77837288379669" lon="11.084523320198059">
				<ele>1461.199951171875</ele>
				<time>2026-08-29T11:41:03Z</time>
			</trkpt>
			<trkpt lat="45.77838134765625" lon="11.084511160850525">
				<ele>1461.199951171875</ele>
				<time>2026-08-29T11:41:04Z</time>
			</trkpt>
			<trkpt lat="45.77851057052612" lon="11.084335327148438">
				<ele>1461.4000244140625</ele>
				<time>2026-08-29T11:41:19Z</time>
			</trkpt>
			<trkpt lat="45.778669118881226" lon="11.08415687084198">
				<ele>1462.800048828125</ele>
				<time>2026-08-29T11:41:35Z</time>
			</trkpt>
			<trkpt lat="45.77886462211609" lon="11.08398687839508">
				<ele>1463.4000244140625</ele>
				<time>2026-08-29T11:41:54Z</time>
			</trkpt>
			<trkpt lat="45.7789740562439" lon="11.083911538124084">
				<ele>1463.4000244140625</ele>
				<time>2026-08-29T11:42:04Z</time>
			</trkpt>
			<trkpt lat="45.77898335456848" lon="11.083899974822998">
				<ele>1463.4000244140625</ele>
				<time>2026-08-29T11:42:05Z</time>
			</trkpt>
			<trkpt lat="45.77899396419525" lon="11.083891868591309">
				<ele>1463.4000244140625</ele>
				<time>2026-08-29T11:42:06Z</time>
			</trkpt>
			<trkpt lat="45.77900493144989" lon="11.083886981010437">
				<ele>1463.4000244140625</ele>
				<time>2026-08-29T11:42:07Z</time>
			</trkpt>
			<trkpt lat="45.779016733169556" lon="11.083881616592407">
				<ele>1463.5999755859375</ele>
				<time>2026-08-29T11:42:08Z</time>
			</trkpt>
			<trkpt lat="45.77902829647064" lon="11.083874225616455">
				<ele>1463.5999755859375</ele>
				<time>2026-08-29T11:42:09Z</time>
			</trkpt>
			<trkpt lat="45.77904009819031" lon="11.083868145942688">
				<ele>1463.5999755859375</ele>
				<time>2026-08-29T11:42:10Z</time>
			</trkpt>
			<trkpt lat="45.779051065444946" lon="11.083863019943237">
				<ele>1463.800048828125</ele>
				<time>2026-08-29T11:42:11Z</time>
			</trkpt>
			<trkpt lat="45.77906155586243" lon="11.083855628967285">
				<ele>1463.800048828125</ele>
				<time>2026-08-29T11:42:12Z</time>
			</trkpt>
			<trkpt lat="45.77907180786133" lon="11.083848714828491">
				<ele>1464.0</ele>
				<time>2026-08-29T11:42:13Z</time>
			</trkpt>
			<trkpt lat="45.77908265590668" lon="11.083846092224121">
				<ele>1464.0</ele>
				<time>2026-08-29T11:42:14Z</time>
			</trkpt>
			<trkpt lat="45.779093980789185" lon="11.083843469619751">
				<ele>1464.199951171875</ele>
				<time>2026-08-29T11:42:15Z</time>
			</trkpt>
			<trkpt lat="45.779104828834534" lon="11.083839654922485">
				<ele>1464.4000244140625</ele>
				<time>2026-08-29T11:42:16Z</time>
			</trkpt>
			<trkpt lat="45.77915573120117" lon="11.083815813064575">
				<ele>1464.800048828125</ele>
				<time>2026-08-29T11:42:21Z</time>
			</trkpt>
			<trkpt lat="45.77916502952576" lon="11.083809971809387">
				<ele>1465.0</ele>
				<time>2026-08-29T11:42:22Z</time>
			</trkpt>
			<trkpt lat="45.77917540073395" lon="11.083805561065674">
				<ele>1465.0</ele>
				<time>2026-08-29T11:42:23Z</time>
			</trkpt>
			<trkpt lat="45.77923226356506" lon="11.08377492427826">
				<ele>1465.800048828125</ele>
				<time>2026-08-29T11:42:29Z</time>
			</trkpt>
			<trkpt lat="45.77925133705139" lon="11.0837641954422">
				<ele>1466.0</ele>
				<time>2026-08-29T11:42:31Z</time>
			</trkpt>
			<trkpt lat="45.77926290035248" lon="11.083761096000671">
				<ele>1466.199951171875</ele>
				<time>2026-08-29T11:42:32Z</time>
			</trkpt>
			<trkpt lat="45.77941012382507" lon="11.083680629730225">
				<ele>1468.0</ele>
				<time>2026-08-29T11:42:47Z</time>
			</trkpt>
			<trkpt lat="45.77950167655945" lon="11.083628296852112">
				<ele>1469.199951171875</ele>
				<time>2026-08-29T11:42:57Z</time>
			</trkpt>
			<trkpt lat="45.77957499027252" lon="11.083584308624268">
				<ele>1470.199951171875</ele>
				<time>2026-08-29T11:43:05Z</time>
			</trkpt>
			<trkpt lat="45.77958548069" lon="11.083581447601318">
				<ele>1470.5999755859375</ele>
				<time>2026-08-29T11:43:06Z</time>
			</trkpt>
			<trkpt lat="45.779712080955505" lon="11.08345627784729">
				<ele>1472.800048828125</ele>
				<time>2026-08-29T11:43:22Z</time>
			</trkpt>
			<trkpt lat="45.77976036071777" lon="11.083405017852783">
				<ele>1473.4000244140625</ele>
				<time>2026-08-29T11:43:28Z</time>
			</trkpt>
			<trkpt lat="45.7798388004303" lon="11.083237648010254">
				<ele>1475.4000244140625</ele>
				<time>2026-08-29T11:43:42Z</time>
			</trkpt>
			<trkpt lat="45.77984094619751" lon="11.08322262763977">
				<ele>1475.5999755859375</ele>
				<time>2026-08-29T11:43:43Z</time>
			</trkpt>
			<trkpt lat="45.77985954284668" lon="11.083065748214722">
				<ele>1476.800048828125</ele>
				<time>2026-08-29T11:43:55Z</time>
			</trkpt>
			<trkpt lat="45.77992641925812" lon="11.082881331443787">
				<ele>1478.4000244140625</ele>
				<time>2026-08-29T11:44:10Z</time>
			</trkpt>
			<trkpt lat="45.780001401901245" lon="11.082707047462463">
				<ele>1481.199951171875</ele>
				<time>2026-08-29T11:44:26Z</time>
			</trkpt>
			<trkpt lat="45.78007936477661" lon="11.08253788948059">
				<ele>1483.199951171875</ele>
				<time>2026-08-29T11:44:42Z</time>
			</trkpt>
			<trkpt lat="45.780107378959656" lon="11.08246386051178">
				<ele>1484.0</ele>
				<time>2026-08-29T11:44:48Z</time>
			</trkpt>
			<trkpt lat="45.78011214733124" lon="11.08245062828064">
				<ele>1484.199951171875</ele>
				<time>2026-08-29T11:44:49Z</time>
			</trkpt>
			<trkpt lat="45.78019106388092" lon="11.082281947135925">
				<ele>1486.0</ele>
				<time>2026-08-29T11:45:04Z</time>
			</trkpt>
			<trkpt lat="45.780203342437744" lon="11.082239866256714">
				<ele>1486.4000244140625</ele>
				<time>2026-08-29T11:45:07Z</time>
			</trkpt>
			<trkpt lat="45.780238032341" lon="11.082174897193909">
				<ele>1488.4000244140625</ele>
				<time>2026-08-29T11:45:24Z</time>
			</trkpt>
			<trkpt lat="45.78033006191254" lon="11.082023024559021">
				<ele>1490.0</ele>
				<time>2026-08-29T11:45:44Z</time>
			</trkpt>
			<trkpt lat="45.78040099143982" lon="11.081874251365662">
				<ele>1491.4000244140625</ele>
				<time>2026-08-29T11:45:56Z</time>
			</trkpt>
			<trkpt lat="45.78040874004364" lon="11.081862330436707">
				<ele>1491.4000244140625</ele>
				<time>2026-08-29T11:45:57Z</time>
			</trkpt>
			<trkpt lat="45.78041696548462" lon="11.08185088634491">
				<ele>1491.5999755859375</ele>
				<time>2026-08-29T11:45:58Z</time>
			</trkpt>
			<trkpt lat="45.780457496643066" lon="11.081772685050964">
				<ele>1492.0</ele>
				<time>2026-08-29T11:46:04Z</time>
			</trkpt>
			<trkpt lat="45.780465602874756" lon="11.081762313842773">
				<ele>1492.0</ele>
				<time>2026-08-29T11:46:05Z</time>
			</trkpt>
			<trkpt lat="45.78051710128784" lon="11.0816650390625">
				<ele>1492.5999755859375</ele>
				<time>2026-08-29T11:46:13Z</time>
			</trkpt>
			<trkpt lat="45.78055799007416" lon="11.081591248512268">
				<ele>1493.0</ele>
				<time>2026-08-29T11:46:20Z</time>
			</trkpt>
			<trkpt lat="45.780561685562134" lon="11.081576585769653">
				<ele>1493.0</ele>
				<time>2026-08-29T11:46:21Z</time>
			</trkpt>
			<trkpt lat="45.780580043792725" lon="11.081541657447815">
				<ele>1493.199951171875</ele>
				<time>2026-08-29T11:46:24Z</time>
			</trkpt>
			<trkpt lat="45.780587792396545" lon="11.08152723312378">
				<ele>1493.4000244140625</ele>
				<time>2026-08-29T11:46:25Z</time>
			</trkpt>
			<trkpt lat="45.78059661388397" lon="11.081514477729797">
				<ele>1493.4000244140625</ele>
				<time>2026-08-29T11:46:26Z</time>
			</trkpt>
			<trkpt lat="45.780603766441345" lon="11.081499338150024">
				<ele>1493.5999755859375</ele>
				<time>2026-08-29T11:46:27Z</time>
			</trkpt>
			<trkpt lat="45.78061926364899" lon="11.081465482711792">
				<ele>1494.199951171875</ele>
				<time>2026-08-29T11:46:30Z</time>
			</trkpt>
			<trkpt lat="45.78062689304352" lon="11.0814528465271">
				<ele>1494.199951171875</ele>
				<time>2026-08-29T11:46:31Z</time>
			</trkpt>
			<trkpt lat="45.7806339263916" lon="11.081441402435303">
				<ele>1494.4000244140625</ele>
				<time>2026-08-29T11:46:32Z</time>
			</trkpt>
			<trkpt lat="45.78071331977844" lon="11.081266283988953">
				<ele>1496.199951171875</ele>
				<time>2026-08-29T11:46:46Z</time>
			</trkpt>
			<trkpt lat="45.780807852745056" lon="11.081053137779236">
				<ele>1497.5999755859375</ele>
				<time>2026-08-29T11:47:02Z</time>
			</trkpt>
			<trkpt lat="45.78085136413574" lon="11.080986261367798">
				<ele>1498.0</ele>
				<time>2026-08-29T11:47:07Z</time>
			</trkpt>
			<trkpt lat="45.78085672855377" lon="11.080971240997314">
				<ele>1498.0</ele>
				<time>2026-08-29T11:47:08Z</time>
			</trkpt>
			<trkpt lat="45.78086292743683" lon="11.080958008766174">
				<ele>1498.0</ele>
				<time>2026-08-29T11:47:09Z</time>
			</trkpt>
			<trkpt lat="45.780890345573425" lon="11.08088493347168">
				<ele>1498.5999755859375</ele>
				<time>2026-08-29T11:47:14Z</time>
			</trkpt>
			<trkpt lat="45.78089368343353" lon="11.080868005752563">
				<ele>1498.800048828125</ele>
				<time>2026-08-29T11:47:15Z</time>
			</trkpt>
			<trkpt lat="45.78089785575867" lon="11.080850958824158">
				<ele>1498.800048828125</ele>
				<time>2026-08-29T11:47:16Z</time>
			</trkpt>
			<trkpt lat="45.7809020280838" lon="11.080834150314331">
				<ele>1499.0</ele>
				<time>2026-08-29T11:47:17Z</time>
			</trkpt>
			<trkpt lat="45.78090679645538" lon="11.080816507339478">
				<ele>1499.199951171875</ele>
				<time>2026-08-29T11:47:18Z</time>
			</trkpt>
			<trkpt lat="45.780932664871216" lon="11.080672144889832">
				<ele>1500.0</ele>
				<time>2026-08-29T11:47:26Z</time>
			</trkpt>
			<trkpt lat="45.78092908859253" lon="11.08065414428711">
				<ele>1500.199951171875</ele>
				<time>2026-08-29T11:47:27Z</time>
			</trkpt>
			<trkpt lat="45.78092646598816" lon="11.080618262290955">
				<ele>1500.199951171875</ele>
				<time>2026-08-29T11:47:29Z</time>
			</trkpt>
			<trkpt lat="45.780954480171204" lon="11.080343008041382">
				<ele>1501.4000244140625</ele>
				<time>2026-08-29T11:47:46Z</time>
			</trkpt>
			<trkpt lat="45.78094172477722" lon="11.080222964286804">
				<ele>1502.0</ele>
				<time>2026-08-29T11:47:53Z</time>
			</trkpt>
			<trkpt lat="45.78093600273132" lon="11.080209136009216">
				<ele>1502.199951171875</ele>
				<time>2026-08-29T11:47:54Z</time>
			</trkpt>
			<trkpt lat="45.780933022499084" lon="11.080194354057312">
				<ele>1502.199951171875</ele>
				<time>2026-08-29T11:47:55Z</time>
			</trkpt>
			<trkpt lat="45.78093135356903" lon="11.080178141593933">
				<ele>1502.199951171875</ele>
				<time>2026-08-29T11:47:56Z</time>
			</trkpt>
			<trkpt lat="45.7809294462204" lon="11.080161333084106">
				<ele>1502.4000244140625</ele>
				<time>2026-08-29T11:47:57Z</time>
			</trkpt>
			<trkpt lat="45.78092646598816" lon="11.080145359039307">
				<ele>1502.4000244140625</ele>
				<time>2026-08-29T11:47:58Z</time>
			</trkpt>
			<trkpt lat="45.78092348575592" lon="11.0801283121109">
				<ele>1502.4000244140625</ele>
				<time>2026-08-29T11:47:59Z</time>
			</trkpt>
			<trkpt lat="45.780922532081604" lon="11.08011019229889">
				<ele>1502.4000244140625</ele>
				<time>2026-08-29T11:48:00Z</time>
			</trkpt>
			<trkpt lat="45.78092074394226" lon="11.080091953277588">
				<ele>1502.5999755859375</ele>
				<time>2026-08-29T11:48:01Z</time>
			</trkpt>
			<trkpt lat="45.78091597557068" lon="11.08007538318634">
				<ele>1502.5999755859375</ele>
				<time>2026-08-29T11:48:02Z</time>
			</trkpt>
			<trkpt lat="45.78090751171112" lon="11.080065250396729">
				<ele>1502.5999755859375</ele>
				<time>2026-08-29T11:48:03Z</time>
			</trkpt>
			<trkpt lat="45.7808997631073" lon="11.080054759979248">
				<ele>1502.5999755859375</ele>
				<time>2026-08-29T11:48:04Z</time>
			</trkpt>
			<trkpt lat="45.78089368343353" lon="11.080040693283081">
				<ele>1502.5999755859375</ele>
				<time>2026-08-29T11:48:05Z</time>
			</trkpt>
			<trkpt lat="45.78088939189911" lon="11.080024719238281">
				<ele>1502.800048828125</ele>
				<time>2026-08-29T11:48:06Z</time>
			</trkpt>
			<trkpt lat="45.78088581562042" lon="11.080007672309875">
				<ele>1502.800048828125</ele>
				<time>2026-08-29T11:48:07Z</time>
			</trkpt>
			<trkpt lat="45.780879855155945" lon="11.079992294311523">
				<ele>1502.800048828125</ele>
				<time>2026-08-29T11:48:08Z</time>
			</trkpt>
			<trkpt lat="45.780874252319336" lon="11.079976558685303">
				<ele>1502.800048828125</ele>
				<time>2026-08-29T11:48:09Z</time>
			</trkpt>
			<trkpt lat="45.78087019920349" lon="11.07995879650116">
				<ele>1502.800048828125</ele>
				<time>2026-08-29T11:48:10Z</time>
			</trkpt>
			<trkpt lat="45.780850529670715" lon="11.079915642738342">
				<ele>1503.0</ele>
				<time>2026-08-29T11:48:13Z</time>
			</trkpt>
			<trkpt lat="45.78083801269531" lon="11.079905986785889">
				<ele>1503.0</ele>
				<time>2026-08-29T11:48:14Z</time>
			</trkpt>
			<trkpt lat="45.78081500530243" lon="11.079863429069519">
				<ele>1503.199951171875</ele>
				<time>2026-08-29T11:48:17Z</time>
			</trkpt>
			<trkpt lat="45.78081166744232" lon="11.079845070838928">
				<ele>1503.199951171875</ele>
				<time>2026-08-29T11:48:18Z</time>
			</trkpt>
			<trkpt lat="45.780787229537964" lon="11.079764604568481">
				<ele>1503.4000244140625</ele>
				<time>2026-08-29T11:48:23Z</time>
			</trkpt>
			<trkpt lat="45.78078007698059" lon="11.079752445220947">
				<ele>1503.4000244140625</ele>
				<time>2026-08-29T11:48:24Z</time>
			</trkpt>
			<trkpt lat="45.780773997306824" lon="11.079738974571228">
				<ele>1503.4000244140625</ele>
				<time>2026-08-29T11:48:25Z</time>
			</trkpt>
			<trkpt lat="45.7807697057724" lon="11.079723596572876">
				<ele>1503.4000244140625</ele>
				<time>2026-08-29T11:48:26Z</time>
			</trkpt>
			<trkpt lat="45.78076672554016" lon="11.079707503318787">
				<ele>1503.5999755859375</ele>
				<time>2026-08-29T11:48:27Z</time>
			</trkpt>
			<trkpt lat="45.78076350688934" lon="11.079689264297485">
				<ele>1503.5999755859375</ele>
				<time>2026-08-29T11:48:28Z</time>
			</trkpt>
			<trkpt lat="45.78074896335602" lon="11.079639673233032">
				<ele>1503.800048828125</ele>
				<time>2026-08-29T11:48:31Z</time>
			</trkpt>
			<trkpt lat="45.78074395656586" lon="11.07960557937622">
				<ele>1504.0</ele>
				<time>2026-08-29T11:48:33Z</time>
			</trkpt>
			<trkpt lat="45.78073573112488" lon="11.079594016075134">
				<ele>1504.0</ele>
				<time>2026-08-29T11:48:34Z</time>
			</trkpt>
			<trkpt lat="45.78072774410248" lon="11.079580545425415">
				<ele>1504.0</ele>
				<time>2026-08-29T11:48:35Z</time>
			</trkpt>
			<trkpt lat="45.78064942359924" lon="11.079366326332092">
				<ele>1505.199951171875</ele>
				<time>2026-08-29T11:48:49Z</time>
			</trkpt>
			<trkpt lat="45.780585289001465" lon="11.07913887500763">
				<ele>1506.4000244140625</ele>
				<time>2026-08-29T11:49:03Z</time>
			</trkpt>
			<trkpt lat="45.780582785606384" lon="11.079020619392395">
				<ele>1506.5999755859375</ele>
				<time>2026-08-29T11:49:10Z</time>
			</trkpt>
			<trkpt lat="45.78058564662933" lon="11.079004526138306">
				<ele>1506.5999755859375</ele>
				<time>2026-08-29T11:49:11Z</time>
			</trkpt>
			<trkpt lat="45.78058886528015" lon="11.078986883163452">
				<ele>1506.5999755859375</ele>
				<time>2026-08-29T11:49:12Z</time>
			</trkpt>
			<trkpt lat="45.78059160709381" lon="11.07896888256073">
				<ele>1506.5999755859375</ele>
				<time>2026-08-29T11:49:13Z</time>
			</trkpt>
			<trkpt lat="45.78059422969818" lon="11.07895028591156">
				<ele>1506.5999755859375</ele>
				<time>2026-08-29T11:49:14Z</time>
			</trkpt>
			<trkpt lat="45.78060328960419" lon="11.078902006149292">
				<ele>1506.5999755859375</ele>
				<time>2026-08-29T11:49:17Z</time>
			</trkpt>
			<trkpt lat="45.780604124069214" lon="11.078885078430176">
				<ele>1506.800048828125</ele>
				<time>2026-08-29T11:49:18Z</time>
			</trkpt>
			<trkpt lat="45.78062462806702" lon="11.078829526901245">
				<ele>1506.800048828125</ele>
				<time>2026-08-29T11:49:22Z</time>
			</trkpt>
			<trkpt lat="45.780633091926575" lon="11.078814387321472">
				<ele>1506.800048828125</ele>
				<time>2026-08-29T11:49:23Z</time>
			</trkpt>
			<trkpt lat="45.78063952922821" lon="11.078796744346619">
				<ele>1506.5999755859375</ele>
				<time>2026-08-29T11:49:24Z</time>
			</trkpt>
			<trkpt lat="45.7806453704834" lon="11.078778386116028">
				<ele>1506.5999755859375</ele>
				<time>2026-08-29T11:49:25Z</time>
			</trkpt>
			<trkpt lat="45.78065252304077" lon="11.078763008117676">
				<ele>1506.5999755859375</ele>
				<time>2026-08-29T11:49:26Z</time>
			</trkpt>
			<trkpt lat="45.780659317970276" lon="11.078748226165771">
				<ele>1506.5999755859375</ele>
				<time>2026-08-29T11:49:27Z</time>
			</trkpt>
			<trkpt lat="45.780664682388306" lon="11.078734397888184">
				<ele>1506.5999755859375</ele>
				<time>2026-08-29T11:49:28Z</time>
			</trkpt>
			<trkpt lat="45.78074550628662" lon="11.078527569770813">
				<ele>1507.199951171875</ele>
				<time>2026-08-29T11:49:42Z</time>
			</trkpt>
			<trkpt lat="45.7808096408844" lon="11.078404664993286">
				<ele>1508.4000244140625</ele>
				<time>2026-08-29T11:49:52Z</time>
			</trkpt>
			<trkpt lat="45.78082001209259" lon="11.07839298248291">
				<ele>1508.5999755859375</ele>
				<time>2026-08-29T11:49:53Z</time>
			</trkpt>
			<trkpt lat="45.78082740306854" lon="11.07837975025177">
				<ele>1508.800048828125</ele>
				<time>2026-08-29T11:49:54Z</time>
			</trkpt>
			<trkpt lat="45.78088676929474" lon="11.078240156173706">
				<ele>1510.199951171875</ele>
				<time>2026-08-29T11:50:05Z</time>
			</trkpt>
			<trkpt lat="45.78089129924774" lon="11.078226685523987">
				<ele>1510.4000244140625</ele>
				<time>2026-08-29T11:50:06Z</time>
			</trkpt>
			<trkpt lat="45.780898213386536" lon="11.078212857246399">
				<ele>1510.5999755859375</ele>
				<time>2026-08-29T11:50:07Z</time>
			</trkpt>
			<trkpt lat="45.78095328807831" lon="11.078070282936096">
				<ele>1512.5999755859375</ele>
				<time>2026-08-29T11:50:18Z</time>
			</trkpt>
			<trkpt lat="45.78095614910126" lon="11.078054428100586">
				<ele>1512.800048828125</ele>
				<time>2026-08-29T11:50:19Z</time>
			</trkpt>
			<trkpt lat="45.78096413612366" lon="11.078043580055237">
				<ele>1512.800048828125</ele>
				<time>2026-08-29T11:50:20Z</time>
			</trkpt>
			<trkpt lat="45.78097307682037" lon="11.078036665916443">
				<ele>1513.0</ele>
				<time>2026-08-29T11:50:21Z</time>
			</trkpt>
			<trkpt lat="45.78098797798157" lon="11.077998518943787">
				<ele>1515.0</ele>
				<time>2026-08-29T11:50:39Z</time>
			</trkpt>
			<trkpt lat="45.78100275993347" lon="11.077995777130127">
				<ele>1515.800048828125</ele>
				<time>2026-08-29T11:50:59Z</time>
			</trkpt>
			<trkpt lat="45.78106510639191" lon="11.077872633934021">
				<ele>1516.5999755859375</ele>
				<time>2026-08-29T11:51:17Z</time>
			</trkpt>
			<trkpt lat="45.78113842010498" lon="11.077731013298035">
				<ele>1518.4000244140625</ele>
				<time>2026-08-29T11:51:32Z</time>
			</trkpt>
			<trkpt lat="45.78122162818909" lon="11.077582597732544">
				<ele>1520.4000244140625</ele>
				<time>2026-08-29T11:51:47Z</time>
			</trkpt>
			<trkpt lat="45.78132653236389" lon="11.077402830123901">
				<ele>1522.800048828125</ele>
				<time>2026-08-29T11:52:03Z</time>
			</trkpt>
			<trkpt lat="45.78145682811737" lon="11.077287912368774">
				<ele>1524.199951171875</ele>
				<time>2026-08-29T11:52:16Z</time>
			</trkpt>
			<trkpt lat="45.781463980674744" lon="11.077277183532715">
				<ele>1524.199951171875</ele>
				<time>2026-08-29T11:52:17Z</time>
			</trkpt>
			<trkpt lat="45.78147375583649" lon="11.077268362045288">
				<ele>1524.199951171875</ele>
				<time>2026-08-29T11:52:18Z</time>
			</trkpt>
			<trkpt lat="45.781484603881836" lon="11.077263236045837">
				<ele>1524.199951171875</ele>
				<time>2026-08-29T11:52:19Z</time>
			</trkpt>
			<trkpt lat="45.78149676322937" lon="11.077260971069336">
				<ele>1524.4000244140625</ele>
				<time>2026-08-29T11:52:20Z</time>
			</trkpt>
			<trkpt lat="45.78150749206543" lon="11.077255725860596">
				<ele>1524.5999755859375</ele>
				<time>2026-08-29T11:52:21Z</time>
			</trkpt>
			<trkpt lat="45.78151786327362" lon="11.077244281768799">
				<ele>1524.5999755859375</ele>
				<time>2026-08-29T11:52:22Z</time>
			</trkpt>
			<trkpt lat="45.78152823448181" lon="11.077237367630005">
				<ele>1524.800048828125</ele>
				<time>2026-08-29T11:52:23Z</time>
			</trkpt>
			<trkpt lat="45.78167998790741" lon="11.07713234424591">
				<ele>1527.199951171875</ele>
				<time>2026-08-29T11:52:39Z</time>
			</trkpt>
			<trkpt lat="45.7817006111145" lon="11.077107191085815">
				<ele>1527.5999755859375</ele>
				<time>2026-08-29T11:52:42Z</time>
			</trkpt>
			<trkpt lat="45.78171133995056" lon="11.077102303504944">
				<ele>1527.800048828125</ele>
				<time>2026-08-29T11:52:43Z</time>
			</trkpt>
			<trkpt lat="45.78172171115875" lon="11.077094674110413">
				<ele>1528.0</ele>
				<time>2026-08-29T11:52:44Z</time>
			</trkpt>
			<trkpt lat="45.78174912929535" lon="11.077054142951965">
				<ele>1528.199951171875</ele>
				<time>2026-08-29T11:52:48Z</time>
			</trkpt>
			<trkpt lat="45.78175485134125" lon="11.077040433883667">
				<ele>1528.4000244140625</ele>
				<time>2026-08-29T11:52:49Z</time>
			</trkpt>
			<trkpt lat="45.781763315200806" lon="11.07703411579132">
				<ele>1528.5999755859375</ele>
				<time>2026-08-29T11:52:50Z</time>
			</trkpt>
			<trkpt lat="45.7817724943161" lon="11.077024817466736">
				<ele>1528.800048828125</ele>
				<time>2026-08-29T11:52:51Z</time>
			</trkpt>
			<trkpt lat="45.78178131580353" lon="11.077014923095703">
				<ele>1529.0</ele>
				<time>2026-08-29T11:52:52Z</time>
			</trkpt>
			<trkpt lat="45.781808733940125" lon="11.07695758342743">
				<ele>1529.4000244140625</ele>
				<time>2026-08-29T11:52:57Z</time>
			</trkpt>
			<trkpt lat="45.781816482543945" lon="11.076945185661316">
				<ele>1529.4000244140625</ele>
				<time>2026-08-29T11:52:58Z</time>
			</trkpt>
			<trkpt lat="45.78182291984558" lon="11.076929092407227">
				<ele>1529.5999755859375</ele>
				<time>2026-08-29T11:52:59Z</time>
			</trkpt>
			<trkpt lat="45.78182852268219" lon="11.07691502571106">
				<ele>1529.800048828125</ele>
				<time>2026-08-29T11:53:00Z</time>
			</trkpt>
			<trkpt lat="45.78183102607727" lon="11.076900362968445">
				<ele>1530.0</ele>
				<time>2026-08-29T11:53:01Z</time>
			</trkpt>
			<trkpt lat="45.781840085983276" lon="11.076881170272827">
				<ele>1532.0</ele>
				<time>2026-08-29T11:53:20Z</time>
			</trkpt>
			<trkpt lat="45.78187048435211" lon="11.076807141304016">
				<ele>1532.5999755859375</ele>
				<time>2026-08-29T11:53:34Z</time>
			</trkpt>
			<trkpt lat="45.78187584877014" lon="11.07679271697998">
				<ele>1532.800048828125</ele>
				<time>2026-08-29T11:53:35Z</time>
			</trkpt>
			<trkpt lat="45.78189146518707" lon="11.076733112335205">
				<ele>1533.4000244140625</ele>
				<time>2026-08-29T11:53:40Z</time>
			</trkpt>
			<trkpt lat="45.78191387653351" lon="11.076563477516174">
				<ele>1534.4000244140625</ele>
				<time>2026-08-29T11:53:52Z</time>
			</trkpt>
			<trkpt lat="45.78191781044006" lon="11.076548457145691">
				<ele>1534.4000244140625</ele>
				<time>2026-08-29T11:53:53Z</time>
			</trkpt>
			<trkpt lat="45.781919956207275" lon="11.076530933380127">
				<ele>1534.4000244140625</ele>
				<time>2026-08-29T11:53:54Z</time>
			</trkpt>
			<trkpt lat="45.78192329406738" lon="11.076499581336975">
				<ele>1534.5999755859375</ele>
				<time>2026-08-29T11:53:56Z</time>
			</trkpt>
			<trkpt lat="45.78192186355591" lon="11.076483249664307">
				<ele>1534.5999755859375</ele>
				<time>2026-08-29T11:53:57Z</time>
			</trkpt>
			<trkpt lat="45.78192484378815" lon="11.076468586921692">
				<ele>1534.800048828125</ele>
				<time>2026-08-29T11:53:58Z</time>
			</trkpt>
			<trkpt lat="45.78193008899689" lon="11.07645332813263">
				<ele>1534.800048828125</ele>
				<time>2026-08-29T11:53:59Z</time>
			</trkpt>
			<trkpt lat="45.781933546066284" lon="11.076437830924988">
				<ele>1534.800048828125</ele>
				<time>2026-08-29T11:54:00Z</time>
			</trkpt>
			<trkpt lat="45.78195297718048" lon="11.076264142990112">
				<ele>1536.0</ele>
				<time>2026-08-29T11:54:12Z</time>
			</trkpt>
			<trkpt lat="45.78195869922638" lon="11.076249241828918">
				<ele>1536.199951171875</ele>
				<time>2026-08-29T11:54:13Z</time>
			</trkpt>
			<trkpt lat="45.782005190849304" lon="11.076064467430115">
				<ele>1537.5999755859375</ele>
				<time>2026-08-29T11:54:26Z</time>
			</trkpt>
			<trkpt lat="45.78201353549957" lon="11.076051473617554">
				<ele>1537.800048828125</ele>
				<time>2026-08-29T11:54:27Z</time>
			</trkpt>
			<trkpt lat="45.78202021121979" lon="11.076037526130676">
				<ele>1537.800048828125</ele>
				<time>2026-08-29T11:54:28Z</time>
			</trkpt>
			<trkpt lat="45.78202784061432" lon="11.076026558876038">
				<ele>1538.0</ele>
				<time>2026-08-29T11:54:29Z</time>
			</trkpt>
			<trkpt lat="45.7820360660553" lon="11.076016545295715">
				<ele>1538.199951171875</ele>
				<time>2026-08-29T11:54:30Z</time>
			</trkpt>
			<trkpt lat="45.782135367393494" lon="11.07593548297882">
				<ele>1539.0</ele>
				<time>2026-08-29T11:54:41Z</time>
			</trkpt>
			<trkpt lat="45.78219556808472" lon="11.075915575027466">
				<ele>1540.5999755859375</ele>
				<time>2026-08-29T11:54:57Z</time>
			</trkpt>
			<trkpt lat="45.78221118450165" lon="11.075904488563538">
				<ele>1541.0</ele>
				<time>2026-08-29T11:55:05Z</time>
			</trkpt>
			<trkpt lat="45.78222107887268" lon="11.07589602470398">
				<ele>1541.0</ele>
				<time>2026-08-29T11:55:06Z</time>
			</trkpt>
			<trkpt lat="45.782231092453" lon="11.075890898704529">
				<ele>1541.0</ele>
				<time>2026-08-29T11:55:07Z</time>
			</trkpt>
			<trkpt lat="45.782371520996094" lon="11.075827836990356">
				<ele>1542.0</ele>
				<time>2026-08-29T11:55:21Z</time>
			</trkpt>
			<trkpt lat="45.78252577781677" lon="11.075751662254333">
				<ele>1544.199951171875</ele>
				<time>2026-08-29T11:55:36Z</time>
			</trkpt>
			<trkpt lat="45.78268015384674" lon="11.075680375099182">
				<ele>1546.199951171875</ele>
				<time>2026-08-29T11:55:51Z</time>
			</trkpt>
			<trkpt lat="45.78277063369751" lon="11.075645327568054">
				<ele>1548.60009765625</ele>
				<time>2026-08-29T11:56:08Z</time>
			</trkpt>
			<trkpt lat="45.78277087211609" lon="11.075634360313416">
				<ele>1550.0</ele>
				<time>2026-08-29T11:56:48Z</time>
			</trkpt>
			<trkpt lat="45.78275775909424" lon="11.07562267780304">
				<ele>1550.199951171875</ele>
				<time>2026-08-29T11:57:22Z</time>
			</trkpt>
			<trkpt lat="45.78275430202484" lon="11.075607538223267">
				<ele>1549.60009765625</ele>
				<time>2026-08-29T11:57:53Z</time>
			</trkpt>
			<trkpt lat="45.78275275230408" lon="11.075612187385559">
				<ele>1546.4000244140625</ele>
				<time>2026-08-29T11:57:59Z</time>
			</trkpt>
			<trkpt lat="45.782734990119934" lon="11.075634479522705">
				<ele>1548.39990234375</ele>
				<time>2026-08-29T11:58:27Z</time>
			</trkpt>
			<trkpt lat="45.78271496295929" lon="11.075659155845642">
				<ele>1548.800048828125</ele>
				<time>2026-08-29T11:59:01Z</time>
			</trkpt>
			<trkpt lat="45.78270435333252" lon="11.075679421424866">
				<ele>1549.199951171875</ele>
				<time>2026-08-29T11:59:29Z</time>
			</trkpt>
			<trkpt lat="45.782692432403564" lon="11.075693607330322">
				<ele>1548.800048828125</ele>
				<time>2026-08-29T11:59:57Z</time>
			</trkpt>
			<trkpt lat="45.78267824649811" lon="11.075706005096436">
				<ele>1548.800048828125</ele>
				<time>2026-08-29T12:00:23Z</time>
			</trkpt>
			<trkpt lat="45.78267502784729" lon="11.075734615325928">
				<ele>1548.800048828125</ele>
				<time>2026-08-29T12:00:52Z</time>
			</trkpt>
			<trkpt lat="45.78267300128937" lon="11.075722575187683">
				<ele>1550.60009765625</ele>
				<time>2026-08-29T12:00:54Z</time>
			</trkpt>
			<trkpt lat="45.78276860713959" lon="11.075680494308472">
				<ele>1551.0</ele>
				<time>2026-08-29T12:01:09Z</time>
			</trkpt>
			<trkpt lat="45.782796025276184" lon="11.075667262077332">
				<ele>1551.199951171875</ele>
				<time>2026-08-29T12:01:12Z</time>
			</trkpt>
			<trkpt lat="45.782880783081055" lon="11.075653195381165">
				<ele>1551.60009765625</ele>
				<time>2026-08-29T12:01:19Z</time>
			</trkpt>
			<trkpt lat="45.78297972679138" lon="11.075626611709595">
				<ele>1552.39990234375</ele>
				<time>2026-08-29T12:01:27Z</time>
			</trkpt>
			<trkpt lat="45.783047795295715" lon="11.075616359710693">
				<ele>1553.199951171875</ele>
				<time>2026-08-29T12:01:33Z</time>
			</trkpt>
			<trkpt lat="45.78306019306183" lon="11.075614094734192">
				<ele>1553.199951171875</ele>
				<time>2026-08-29T12:01:34Z</time>
			</trkpt>
			<trkpt lat="45.78311109542847" lon="11.075600147247314">
				<ele>1553.800048828125</ele>
				<time>2026-08-29T12:01:39Z</time>
			</trkpt>
			<trkpt lat="45.783122420310974" lon="11.075605273246765">
				<ele>1554.0</ele>
				<time>2026-08-29T12:01:40Z</time>
			</trkpt>
			<trkpt lat="45.78318178653717" lon="11.07560682296753">
				<ele>1554.800048828125</ele>
				<time>2026-08-29T12:01:46Z</time>
			</trkpt>
			<trkpt lat="45.7832453250885" lon="11.075609564781189">
				<ele>1556.39990234375</ele>
				<time>2026-08-29T12:02:01Z</time>
			</trkpt>
			<trkpt lat="45.78330874443054" lon="11.075600147247314">
				<ele>1556.60009765625</ele>
				<time>2026-08-29T12:02:20Z</time>
			</trkpt>
			<trkpt lat="45.78351271152496" lon="11.07555866241455">
				<ele>1558.60009765625</ele>
				<time>2026-08-29T12:02:40Z</time>
			</trkpt>
			<trkpt lat="45.78362584114075" lon="11.075443148612976">
				<ele>1560.199951171875</ele>
				<time>2026-08-29T12:02:54Z</time>
			</trkpt>
			<trkpt lat="45.78365337848663" lon="11.075401306152344">
				<ele>1560.800048828125</ele>
				<time>2026-08-29T12:02:58Z</time>
			</trkpt>
			<trkpt lat="45.78373897075653" lon="11.075232982635498">
				<ele>1562.60009765625</ele>
				<time>2026-08-29T12:03:13Z</time>
			</trkpt>
			<trkpt lat="45.783796429634094" lon="11.075126767158508">
				<ele>1563.800048828125</ele>
				<time>2026-08-29T12:03:23Z</time>
			</trkpt>
			<trkpt lat="45.78379952907562" lon="11.075111389160156">
				<ele>1563.800048828125</ele>
				<time>2026-08-29T12:03:24Z</time>
			</trkpt>
			<trkpt lat="45.78380596637726" lon="11.075099468231201">
				<ele>1564.0</ele>
				<time>2026-08-29T12:03:25Z</time>
			</trkpt>
			<trkpt lat="45.78385901451111" lon="11.074980974197388">
				<ele>1565.0</ele>
				<time>2026-08-29T12:03:35Z</time>
			</trkpt>
			<trkpt lat="45.78386664390564" lon="11.074968457221985">
				<ele>1565.199951171875</ele>
				<time>2026-08-29T12:03:36Z</time>
			</trkpt>
			<trkpt lat="45.78392767906189" lon="11.074840903282166">
				<ele>1566.60009765625</ele>
				<time>2026-08-29T12:03:48Z</time>
			</trkpt>
			<trkpt lat="45.783931612968445" lon="11.074825644493103">
				<ele>1566.60009765625</ele>
				<time>2026-08-29T12:03:49Z</time>
			</trkpt>
			<trkpt lat="45.7839732170105" lon="11.074710726737976">
				<ele>1567.800048828125</ele>
				<time>2026-08-29T12:04:00Z</time>
			</trkpt>
			<trkpt lat="45.784014105796814" lon="11.074607253074646">
				<ele>1568.39990234375</ele>
				<time>2026-08-29T12:04:09Z</time>
			</trkpt>
			<trkpt lat="45.784024357795715" lon="11.074586510658264">
				<ele>1568.60009765625</ele>
				<time>2026-08-29T12:04:11Z</time>
			</trkpt>
			<trkpt lat="45.78403043746948" lon="11.074574589729309">
				<ele>1568.800048828125</ele>
				<time>2026-08-29T12:04:12Z</time>
			</trkpt>
			<trkpt lat="45.78403580188751" lon="11.074561953544617">
				<ele>1568.800048828125</ele>
				<time>2026-08-29T12:04:13Z</time>
			</trkpt>
			<trkpt lat="45.784085154533386" lon="11.074400186538696">
				<ele>1570.0</ele>
				<time>2026-08-29T12:04:28Z</time>
			</trkpt>
			<trkpt lat="45.784183502197266" lon="11.074206471443176">
				<ele>1572.39990234375</ele>
				<time>2026-08-29T12:04:51Z</time>
			</trkpt>
			<trkpt lat="45.78424108028412" lon="11.073984742164612">
				<ele>1574.199951171875</ele>
				<time>2026-08-29T12:05:11Z</time>
			</trkpt>
			<trkpt lat="45.78428089618683" lon="11.073744297027588">
				<ele>1576.39990234375</ele>
				<time>2026-08-29T12:05:32Z</time>
			</trkpt>
			<trkpt lat="45.7843713760376" lon="11.07363748550415">
				<ele>1578.0</ele>
				<time>2026-08-29T12:05:52Z</time>
			</trkpt>
			<trkpt lat="45.78445601463318" lon="11.073540091514587">
				<ele>1579.60009765625</ele>
				<time>2026-08-29T12:06:10Z</time>
			</trkpt>
			<trkpt lat="45.78454029560089" lon="11.073426485061646">
				<ele>1581.39990234375</ele>
				<time>2026-08-29T12:06:25Z</time>
			</trkpt>
			<trkpt lat="45.78465223312378" lon="11.073330163955688">
				<ele>1583.39990234375</ele>
				<time>2026-08-29T12:06:40Z</time>
			</trkpt>
			<trkpt lat="45.78475332260132" lon="11.073257684707642">
				<ele>1585.0</ele>
				<time>2026-08-29T12:06:52Z</time>
			</trkpt>
			<trkpt lat="45.78475749492645" lon="11.0732501745224">
				<ele>1587.0</ele>
				<time>2026-08-29T12:07:12Z</time>
			</trkpt>
			<trkpt lat="45.78474962711334" lon="11.073237180709839">
				<ele>1587.60009765625</ele>
				<time>2026-08-29T12:07:38Z</time>
			</trkpt>
			<trkpt lat="45.784778118133545" lon="11.073270797729492">
				<ele>1586.0</ele>
				<time>2026-08-29T12:08:10Z</time>
			</trkpt>
			<trkpt lat="45.78476428985596" lon="11.073233485221863">
				<ele>1587.39990234375</ele>
				<time>2026-08-29T12:08:59Z</time>
			</trkpt>
			<trkpt lat="45.78476119041443" lon="11.073251128196716">
				<ele>1588.39990234375</ele>
				<time>2026-08-29T12:09:38Z</time>
			</trkpt>
			<trkpt lat="45.784823536872864" lon="11.073177099227905">
				<ele>1588.60009765625</ele>
				<time>2026-08-29T12:09:55Z</time>
			</trkpt>
			<trkpt lat="45.784844398498535" lon="11.073126196861267">
				<ele>1588.800048828125</ele>
				<time>2026-08-29T12:09:59Z</time>
			</trkpt>
			<trkpt lat="45.78489005565643" lon="11.072951674461365">
				<ele>1589.39990234375</ele>
				<time>2026-08-29T12:10:12Z</time>
			</trkpt>
			<trkpt lat="45.7848961353302" lon="11.072846412658691">
				<ele>1590.0</ele>
				<time>2026-08-29T12:10:19Z</time>
			</trkpt>
			<trkpt lat="45.78487956523895" lon="11.072606682777405">
				<ele>1591.800048828125</ele>
				<time>2026-08-29T12:10:36Z</time>
			</trkpt>
			<trkpt lat="45.78482270240784" lon="11.072391867637634">
				<ele>1593.60009765625</ele>
				<time>2026-08-29T12:10:52Z</time>
			</trkpt>
			<trkpt lat="45.78480100631714" lon="11.072169423103333">
				<ele>1595.39990234375</ele>
				<time>2026-08-29T12:11:08Z</time>
			</trkpt>
			<trkpt lat="45.78474807739258" lon="11.071959018707275">
				<ele>1597.39990234375</ele>
				<time>2026-08-29T12:11:24Z</time>
			</trkpt>
			<trkpt lat="45.78468596935272" lon="11.071811437606812">
				<ele>1599.0</ele>
				<time>2026-08-29T12:11:36Z</time>
			</trkpt>
			<trkpt lat="45.784626483917236" lon="11.071707963943481">
				<ele>1600.39990234375</ele>
				<time>2026-08-29T12:11:46Z</time>
			</trkpt>
			<trkpt lat="45.78454101085663" lon="11.07157051563263">
				<ele>1602.199951171875</ele>
				<time>2026-08-29T12:12:00Z</time>
			</trkpt>
			<trkpt lat="45.78448784351349" lon="11.0714670419693">
				<ele>1603.199951171875</ele>
				<time>2026-08-29T12:12:10Z</time>
			</trkpt>
			<trkpt lat="45.7844420671463" lon="11.07133138179779">
				<ele>1604.60009765625</ele>
				<time>2026-08-29T12:12:21Z</time>
			</trkpt>
			<trkpt lat="45.784414410591125" lon="11.071143388748169">
				<ele>1606.39990234375</ele>
				<time>2026-08-29T12:12:35Z</time>
			</trkpt>
			<trkpt lat="45.78441298007965" lon="11.071058750152588">
				<ele>1607.199951171875</ele>
				<time>2026-08-29T12:12:42Z</time>
			</trkpt>
			<trkpt lat="45.78446829319" lon="11.071009993553162">
				<ele>1608.800048828125</ele>
				<time>2026-08-29T12:13:00Z</time>
			</trkpt>
			<trkpt lat="45.78449869155884" lon="11.070979475975037">
				<ele>1609.0</ele>
				<time>2026-08-29T12:13:04Z</time>
			</trkpt>
			<trkpt lat="45.78453481197357" lon="11.07094943523407">
				<ele>1609.199951171875</ele>
				<time>2026-08-29T12:13:09Z</time>
			</trkpt>
			<trkpt lat="45.78457450866699" lon="11.07091224193573">
				<ele>1609.800048828125</ele>
				<time>2026-08-29T12:13:14Z</time>
			</trkpt>
			<trkpt lat="45.784584164619446" lon="11.0709068775177">
				<ele>1609.800048828125</ele>
				<time>2026-08-29T12:13:15Z</time>
			</trkpt>
			<trkpt lat="45.784682631492615" lon="11.07082211971283">
				<ele>1610.800048828125</ele>
				<time>2026-08-29T12:13:27Z</time>
			</trkpt>
			<trkpt lat="45.7846919298172" lon="11.070812702178955">
				<ele>1610.800048828125</ele>
				<time>2026-08-29T12:13:28Z</time>
			</trkpt>
			<trkpt lat="45.78475546836853" lon="11.070753931999207">
				<ele>1611.800048828125</ele>
				<time>2026-08-29T12:13:37Z</time>
			</trkpt>
			<trkpt lat="45.784780979156494" lon="11.070730805397034">
				<ele>1612.39990234375</ele>
				<time>2026-08-29T12:13:40Z</time>
			</trkpt>
			<trkpt lat="45.78479874134064" lon="11.070716738700867">
				<ele>1612.800048828125</ele>
				<time>2026-08-29T12:13:42Z</time>
			</trkpt>
			<trkpt lat="45.784807443618774" lon="11.070706844329834">
				<ele>1612.800048828125</ele>
				<time>2026-08-29T12:13:43Z</time>
			</trkpt>
			<trkpt lat="45.784841656684875" lon="11.070666790008545">
				<ele>1614.800048828125</ele>
				<time>2026-08-29T12:13:59Z</time>
			</trkpt>
			<trkpt lat="45.78492748737335" lon="11.070590257644653">
				<ele>1615.60009765625</ele>
				<time>2026-08-29T12:14:23Z</time>
			</trkpt>
			<trkpt lat="45.785035848617554" lon="11.07047426700592">
				<ele>1617.0</ele>
				<time>2026-08-29T12:14:40Z</time>
			</trkpt>
			<trkpt lat="45.785133957862854" lon="11.070372343063354">
				<ele>1618.60009765625</ele>
				<time>2026-08-29T12:14:55Z</time>
			</trkpt>
			<trkpt lat="45.785218358039856" lon="11.070278406143188">
				<ele>1620.199951171875</ele>
				<time>2026-08-29T12:15:08Z</time>
			</trkpt>
			<trkpt lat="45.78522789478302" lon="11.070270538330078">
				<ele>1620.199951171875</ele>
				<time>2026-08-29T12:15:09Z</time>
			</trkpt>
			<trkpt lat="45.78531098365784" lon="11.070145606994629">
				<ele>1621.60009765625</ele>
				<time>2026-08-29T12:15:23Z</time>
			</trkpt>
			<trkpt lat="45.78534650802612" lon="11.070087552070618">
				<ele>1622.39990234375</ele>
				<time>2026-08-29T12:15:29Z</time>
			</trkpt>
			<trkpt lat="45.78543770313263" lon="11.070029735565186">
				<ele>1623.60009765625</ele>
				<time>2026-08-29T12:15:41Z</time>
			</trkpt>
			<trkpt lat="45.785539388656616" lon="11.069989204406738">
				<ele>1624.60009765625</ele>
				<time>2026-08-29T12:15:53Z</time>
			</trkpt>
			<trkpt lat="45.785544872283936" lon="11.069977283477783">
				<ele>1626.39990234375</ele>
				<time>2026-08-29T12:16:15Z</time>
			</trkpt>
			<trkpt lat="45.7855966091156" lon="11.06991720199585">
				<ele>1627.199951171875</ele>
				<time>2026-08-29T12:16:56Z</time>
			</trkpt>
			<trkpt lat="45.785698652267456" lon="11.069783568382263">
				<ele>1628.199951171875</ele>
				<time>2026-08-29T12:17:10Z</time>
			</trkpt>
			<trkpt lat="45.78578042984009" lon="11.069620013237">
				<ele>1629.39990234375</ele>
				<time>2026-08-29T12:17:23Z</time>
			</trkpt>
			<trkpt lat="45.785789370536804" lon="11.069610357284546">
				<ele>1629.39990234375</ele>
				<time>2026-08-29T12:17:24Z</time>
			</trkpt>
			<trkpt lat="45.78580832481384" lon="11.069595575332642">
				<ele>1629.60009765625</ele>
				<time>2026-08-29T12:17:26Z</time>
			</trkpt>
			<trkpt lat="45.78581917285919" lon="11.069589734077454">
				<ele>1629.60009765625</ele>
				<time>2026-08-29T12:17:27Z</time>
			</trkpt>
			<trkpt lat="45.78583014011383" lon="11.06958293914795">
				<ele>1629.800048828125</ele>
				<time>2026-08-29T12:17:28Z</time>
			</trkpt>
			<trkpt lat="45.78588557243347" lon="11.06960654258728">
				<ele>1630.199951171875</ele>
				<time>2026-08-29T12:17:34Z</time>
			</trkpt>
			<trkpt lat="45.7858943939209" lon="11.06961715221405">
				<ele>1630.199951171875</ele>
				<time>2026-08-29T12:17:35Z</time>
			</trkpt>
			<trkpt lat="45.78590154647827" lon="11.06962776184082">
				<ele>1630.39990234375</ele>
				<time>2026-08-29T12:17:36Z</time>
			</trkpt>
			<trkpt lat="45.78590750694275" lon="11.069640636444092">
				<ele>1630.39990234375</ele>
				<time>2026-08-29T12:17:37Z</time>
			</trkpt>
			<trkpt lat="45.78591215610504" lon="11.06965434551239">
				<ele>1630.39990234375</ele>
				<time>2026-08-29T12:17:38Z</time>
			</trkpt>
			<trkpt lat="45.785985589027405" lon="11.06985867023468">
				<ele>1631.39990234375</ele>
				<time>2026-08-29T12:17:54Z</time>
			</trkpt>
			<trkpt lat="45.7859970331192" lon="11.069886445999146">
				<ele>1631.60009765625</ele>
				<time>2026-08-29T12:17:56Z</time>
			</trkpt>
			<trkpt lat="45.78609895706177" lon="11.070053696632385">
				<ele>1634.0</ele>
				<time>2026-08-29T12:18:11Z</time>
			</trkpt>
			<trkpt lat="45.78611743450165" lon="11.070077300071716">
				<ele>1634.199951171875</ele>
				<time>2026-08-29T12:18:13Z</time>
			</trkpt>
			<trkpt lat="45.786139130592346" lon="11.070109724998474">
				<ele>1634.60009765625</ele>
				<time>2026-08-29T12:18:16Z</time>
			</trkpt>
			<trkpt lat="45.78620195388794" lon="11.070185780525208">
				<ele>1636.0</ele>
				<time>2026-08-29T12:18:25Z</time>
			</trkpt>
			<trkpt lat="45.78630781173706" lon="11.07031774520874">
				<ele>1638.0</ele>
				<time>2026-08-29T12:18:40Z</time>
			</trkpt>
			<trkpt lat="45.78641676902771" lon="11.070462822914124">
				<ele>1639.800048828125</ele>
				<time>2026-08-29T12:18:56Z</time>
			</trkpt>
			<trkpt lat="45.78641855716705" lon="11.070474028587341">
				<ele>1640.0</ele>
				<time>2026-08-29T12:18:57Z</time>
			</trkpt>
			<trkpt lat="45.786423206329346" lon="11.070488095283508">
				<ele>1640.199951171875</ele>
				<time>2026-08-29T12:18:58Z</time>
			</trkpt>
			<trkpt lat="45.78643071651459" lon="11.070502281188965">
				<ele>1640.199951171875</ele>
				<time>2026-08-29T12:18:59Z</time>
			</trkpt>
			<trkpt lat="45.78647518157959" lon="11.070616006851196">
				<ele>1641.39990234375</ele>
				<time>2026-08-29T12:19:08Z</time>
			</trkpt>
			<trkpt lat="45.78648841381073" lon="11.0706387758255">
				<ele>1641.60009765625</ele>
				<time>2026-08-29T12:19:10Z</time>
			</trkpt>
			<trkpt lat="45.786577105522156" lon="11.070780754089355">
				<ele>1643.199951171875</ele>
				<time>2026-08-29T12:19:26Z</time>
			</trkpt>
			<trkpt lat="45.78661811351776" lon="11.070831775665283">
				<ele>1643.800048828125</ele>
				<time>2026-08-29T12:19:32Z</time>
			</trkpt>
			<trkpt lat="45.78669095039368" lon="11.070881128311157">
				<ele>1644.800048828125</ele>
				<time>2026-08-29T12:19:41Z</time>
			</trkpt>
			<trkpt lat="45.78671836853027" lon="11.070887923240662">
				<ele>1645.0</ele>
				<time>2026-08-29T12:19:44Z</time>
			</trkpt>
			<trkpt lat="45.78675842285156" lon="11.070923447608948">
				<ele>1645.39990234375</ele>
				<time>2026-08-29T12:19:49Z</time>
			</trkpt>
			<trkpt lat="45.78678739070892" lon="11.070964336395264">
				<ele>1646.60009765625</ele>
				<time>2026-08-29T12:20:05Z</time>
			</trkpt>
			<trkpt lat="45.78684413433075" lon="11.071027874946594">
				<ele>1647.0</ele>
				<time>2026-08-29T12:20:26Z</time>
			</trkpt>
			<trkpt lat="45.78685438632965" lon="11.071037769317627">
				<ele>1647.199951171875</ele>
				<time>2026-08-29T12:20:27Z</time>
			</trkpt>
			<trkpt lat="45.78686594963074" lon="11.071043133735657">
				<ele>1647.199951171875</ele>
				<time>2026-08-29T12:20:28Z</time>
			</trkpt>
			<trkpt lat="45.78698241710663" lon="11.07109272480011">
				<ele>1648.0</ele>
				<time>2026-08-29T12:20:40Z</time>
			</trkpt>
			<trkpt lat="45.78700149059296" lon="11.071100950241089">
				<ele>1648.199951171875</ele>
				<time>2026-08-29T12:20:42Z</time>
			</trkpt>
			<trkpt lat="45.787036180496216" lon="11.07112193107605">
				<ele>1648.60009765625</ele>
				<time>2026-08-29T12:20:46Z</time>
			</trkpt>
			<trkpt lat="45.787129044532776" lon="11.071144223213196">
				<ele>1649.39990234375</ele>
				<time>2026-08-29T12:20:55Z</time>
			</trkpt>
			<trkpt lat="45.787187814712524" lon="11.07113003730774">
				<ele>1650.0</ele>
				<time>2026-08-29T12:21:01Z</time>
			</trkpt>
			<trkpt lat="45.78719973564148" lon="11.07112979888916">
				<ele>1650.0</ele>
				<time>2026-08-29T12:21:02Z</time>
			</trkpt>
			<trkpt lat="45.787375807762146" lon="11.071038603782654">
				<ele>1651.0</ele>
				<time>2026-08-29T12:21:19Z</time>
			</trkpt>
			<trkpt lat="45.78741788864136" lon="11.0710289478302">
				<ele>1651.199951171875</ele>
				<time>2026-08-29T12:21:23Z</time>
			</trkpt>
			<trkpt lat="45.787429451942444" lon="11.071030974388123">
				<ele>1651.199951171875</ele>
				<time>2026-08-29T12:21:24Z</time>
			</trkpt>
			<trkpt lat="45.78744053840637" lon="11.07102882862091">
				<ele>1651.199951171875</ele>
				<time>2026-08-29T12:21:25Z</time>
			</trkpt>
			<trkpt lat="45.78745150566101" lon="11.071029305458069">
				<ele>1651.199951171875</ele>
				<time>2026-08-29T12:21:26Z</time>
			</trkpt>
			<trkpt lat="45.78746283054352" lon="11.071028709411621">
				<ele>1651.39990234375</ele>
				<time>2026-08-29T12:21:27Z</time>
			</trkpt>
			<trkpt lat="45.787474393844604" lon="11.071027398109436">
				<ele>1651.39990234375</ele>
				<time>2026-08-29T12:21:28Z</time>
			</trkpt>
			<trkpt lat="45.78748679161072" lon="11.07102382183075">
				<ele>1651.39990234375</ele>
				<time>2026-08-29T12:21:29Z</time>
			</trkpt>
			<trkpt lat="45.787498116493225" lon="11.071019411087036">
				<ele>1651.39990234375</ele>
				<time>2026-08-29T12:21:30Z</time>
			</trkpt>
			<trkpt lat="45.78757905960083" lon="11.07100248336792">
				<ele>1651.39990234375</ele>
				<time>2026-08-29T12:21:37Z</time>
			</trkpt>
			<trkpt lat="45.78759157657623" lon="11.07100236415863">
				<ele>1651.39990234375</ele>
				<time>2026-08-29T12:21:38Z</time>
			</trkpt>
			<trkpt lat="45.78760468959808" lon="11.071003437042236">
				<ele>1651.39990234375</ele>
				<time>2026-08-29T12:21:39Z</time>
			</trkpt>
			<trkpt lat="45.7876170873642" lon="11.071001410484314">
				<ele>1651.39990234375</ele>
				<time>2026-08-29T12:21:40Z</time>
			</trkpt>
			<trkpt lat="45.787628531455994" lon="11.070997834205627">
				<ele>1651.39990234375</ele>
				<time>2026-08-29T12:21:41Z</time>
			</trkpt>
			<trkpt lat="45.787639021873474" lon="11.07099437713623">
				<ele>1651.39990234375</ele>
				<time>2026-08-29T12:21:42Z</time>
			</trkpt>
			<trkpt lat="45.787649393081665" lon="11.070993065834045">
				<ele>1651.39990234375</ele>
				<time>2026-08-29T12:21:43Z</time>
			</trkpt>
			<trkpt lat="45.787853837013245" lon="11.071006417274475">
				<ele>1651.39990234375</ele>
				<time>2026-08-29T12:22:00Z</time>
			</trkpt>
			<trkpt lat="45.78790879249573" lon="11.071037530899048">
				<ele>1651.60009765625</ele>
				<time>2026-08-29T12:22:06Z</time>
			</trkpt>
			<trkpt lat="45.787917375564575" lon="11.071051239967346">
				<ele>1651.60009765625</ele>
				<time>2026-08-29T12:22:07Z</time>
			</trkpt>
			<trkpt lat="45.787925124168396" lon="11.071066737174988">
				<ele>1651.800048828125</ele>
				<time>2026-08-29T12:22:08Z</time>
			</trkpt>
			<trkpt lat="45.78793227672577" lon="11.071080088615417">
				<ele>1651.800048828125</ele>
				<time>2026-08-29T12:22:09Z</time>
			</trkpt>
			<trkpt lat="45.78793907165527" lon="11.071093082427979">
				<ele>1651.800048828125</ele>
				<time>2026-08-29T12:22:10Z</time>
			</trkpt>
			<trkpt lat="45.78794538974762" lon="11.071106672286987">
				<ele>1652.0</ele>
				<time>2026-08-29T12:22:11Z</time>
			</trkpt>
			<trkpt lat="45.78809070587158" lon="11.071265697479248">
				<ele>1651.800048828125</ele>
				<time>2026-08-29T12:22:26Z</time>
			</trkpt>
			<trkpt lat="45.788180470466614" lon="11.071280598640442">
				<ele>1651.800048828125</ele>
				<time>2026-08-29T12:22:34Z</time>
			</trkpt>
			<trkpt lat="45.78833305835724" lon="11.07117784023285">
				<ele>1652.0</ele>
				<time>2026-08-29T12:22:49Z</time>
			</trkpt>
			<trkpt lat="45.78835427761078" lon="11.071169972419739">
				<ele>1652.0</ele>
				<time>2026-08-29T12:22:51Z</time>
			</trkpt>
			<trkpt lat="45.788414001464844" lon="11.071149468421936">
				<ele>1652.0</ele>
				<time>2026-08-29T12:22:56Z</time>
			</trkpt>
			<trkpt lat="45.788583874702454" lon="11.071094989776611">
				<ele>1652.199951171875</ele>
				<time>2026-08-29T12:23:10Z</time>
			</trkpt>
			<trkpt lat="45.7885947227478" lon="11.071086049079895">
				<ele>1652.39990234375</ele>
				<time>2026-08-29T12:23:11Z</time>
			</trkpt>
			<trkpt lat="45.78875684738159" lon="11.070995330810547">
				<ele>1652.39990234375</ele>
				<time>2026-08-29T12:23:26Z</time>
			</trkpt>
			<trkpt lat="45.78890657424927" lon="11.070955872535706">
				<ele>1652.60009765625</ele>
				<time>2026-08-29T12:23:39Z</time>
			</trkpt>
			<trkpt lat="45.78909158706665" lon="11.070928692817688">
				<ele>1652.60009765625</ele>
				<time>2026-08-29T12:23:54Z</time>
			</trkpt>
			<trkpt lat="45.789222240448" lon="11.070769548416138">
				<ele>1652.800048828125</ele>
				<time>2026-08-29T12:24:09Z</time>
			</trkpt>
			<trkpt lat="45.789291977882385" lon="11.070706009864807">
				<ele>1652.60009765625</ele>
				<time>2026-08-29T12:24:16Z</time>
			</trkpt>
			<trkpt lat="45.789448499679565" lon="11.0705007314682">
				<ele>1652.0</ele>
				<time>2026-08-29T12:24:33Z</time>
			</trkpt>
			<trkpt lat="45.78963804244995" lon="11.070525646209717">
				<ele>1651.39990234375</ele>
				<time>2026-08-29T12:24:49Z</time>
			</trkpt>
			<trkpt lat="45.789825439453125" lon="11.070552349090576">
				<ele>1651.60009765625</ele>
				<time>2026-08-29T12:25:04Z</time>
			</trkpt>
			<trkpt lat="45.789947152137756" lon="11.070706725120544">
				<ele>1651.60009765625</ele>
				<time>2026-08-29T12:25:19Z</time>
			</trkpt>
			<trkpt lat="45.790010929107666" lon="11.070839047431946">
				<ele>1651.60009765625</ele>
				<time>2026-08-29T12:25:28Z</time>
			</trkpt>
			<trkpt lat="45.790021896362305" lon="11.07084858417511">
				<ele>1651.800048828125</ele>
				<time>2026-08-29T12:25:29Z</time>
			</trkpt>
			<trkpt lat="45.79003119468689" lon="11.070858836174011">
				<ele>1651.800048828125</ele>
				<time>2026-08-29T12:25:30Z</time>
			</trkpt>
			<trkpt lat="45.790162563323975" lon="11.070993661880493">
				<ele>1651.800048828125</ele>
				<time>2026-08-29T12:25:44Z</time>
			</trkpt>
			<trkpt lat="45.790335297584534" lon="11.07099962234497">
				<ele>1652.0</ele>
				<time>2026-08-29T12:25:58Z</time>
			</trkpt>
			<trkpt lat="45.79050004482269" lon="11.070923447608948">
				<ele>1652.60009765625</ele>
				<time>2026-08-29T12:26:14Z</time>
			</trkpt>
			<trkpt lat="45.79051494598389" lon="11.07093334197998">
				<ele>1651.60009765625</ele>
				<time>2026-08-29T12:26:32Z</time>
			</trkpt>
			<trkpt lat="45.79051208496094" lon="11.070926547050476">
				<ele>1649.39990234375</ele>
				<time>2026-08-29T12:26:39Z</time>
			</trkpt>
			<trkpt lat="45.790501952171326" lon="11.070902585983276">
				<ele>1651.800048828125</ele>
				<time>2026-08-29T12:27:21Z</time>
			</trkpt>
			<trkpt lat="45.790497064590454" lon="11.070886254310608">
				<ele>1651.800048828125</ele>
				<time>2026-08-29T12:27:59Z</time>
			</trkpt>
			<trkpt lat="45.790494322776794" lon="11.070874571800232">
				<ele>1651.60009765625</ele>
				<time>2026-08-29T12:28:35Z</time>
			</trkpt>
			<trkpt lat="45.79049050807953" lon="11.070862412452698">
				<ele>1651.199951171875</ele>
				<time>2026-08-29T12:29:06Z</time>
			</trkpt>
			<trkpt lat="45.79048705101013" lon="11.070848941802979">
				<ele>1651.39990234375</ele>
				<time>2026-08-29T12:29:37Z</time>
			</trkpt>
			<trkpt lat="45.79048526287079" lon="11.070837497711182">
				<ele>1651.39990234375</ele>
				<time>2026-08-29T12:30:10Z</time>
			</trkpt>
			<trkpt lat="45.79048466682434" lon="11.070830821990967">
				<ele>1651.0</ele>
				<time>2026-08-29T12:30:39Z</time>
			</trkpt>
			<trkpt lat="45.79048836231232" lon="11.070840120315552">
				<ele>1651.199951171875</ele>
				<time>2026-08-29T12:31:03Z</time>
			</trkpt>
			<trkpt lat="45.790486097335815" lon="11.070839881896973">
				<ele>1651.60009765625</ele>
				<time>2026-08-29T12:31:35Z</time>
			</trkpt>
			<trkpt lat="45.790488958358765" lon="11.07085371017456">
				<ele>1651.800048828125</ele>
				<time>2026-08-29T12:31:58Z</time>
			</trkpt>
			<trkpt lat="45.790493845939636" lon="11.070866107940674">
				<ele>1652.60009765625</ele>
				<time>2026-08-29T12:32:18Z</time>
			</trkpt>
			<trkpt lat="45.79048144817352" lon="11.070873022079468">
				<ele>1651.60009765625</ele>
				<time>2026-08-29T12:32:44Z</time>
			</trkpt>
			<trkpt lat="45.79047346115112" lon="11.070891976356506">
				<ele>1651.199951171875</ele>
				<time>2026-08-29T12:33:11Z</time>
			</trkpt>
			<trkpt lat="45.79047226905823" lon="11.070907711982727">
				<ele>1651.199951171875</ele>
				<time>2026-08-29T12:33:34Z</time>
			</trkpt>
			<trkpt lat="45.790464878082275" lon="11.070907354354858">
				<ele>1651.0</ele>
				<time>2026-08-29T12:33:55Z</time>
			</trkpt>
			<trkpt lat="45.79045498371124" lon="11.070908427238464">
				<ele>1649.800048828125</ele>
				<time>2026-08-29T12:34:22Z</time>
			</trkpt>
			<trkpt lat="45.79044222831726" lon="11.070911884307861">
				<ele>1649.60009765625</ele>
				<time>2026-08-29T12:34:49Z</time>
			</trkpt>
			<trkpt lat="45.79043650627136" lon="11.070906519889832">
				<ele>1650.199951171875</ele>
				<time>2026-08-29T12:35:15Z</time>
			</trkpt>
			<trkpt lat="45.79043650627136" lon="11.0708988904953">
				<ele>1651.199951171875</ele>
				<time>2026-08-29T12:35:40Z</time>
			</trkpt>
			<trkpt lat="45.790433049201965" lon="11.070897936820984">
				<ele>1651.60009765625</ele>
				<time>2026-08-29T12:36:01Z</time>
			</trkpt>
			<trkpt lat="45.79043781757355" lon="11.070894002914429">
				<ele>1652.199951171875</ele>
				<time>2026-08-29T12:36:14Z</time>
			</trkpt>
			<trkpt lat="45.790502190589905" lon="11.070899844169617">
				<ele>1652.39990234375</ele>
				<time>2026-08-29T12:36:31Z</time>
			</trkpt>
			<trkpt lat="45.79070842266083" lon="11.070899724960327">
				<ele>1652.800048828125</ele>
				<time>2026-08-29T12:36:47Z</time>
			</trkpt>
			<trkpt lat="45.790860533714294" lon="11.070857405662537">
				<ele>1653.199951171875</ele>
				<time>2026-08-29T12:37:00Z</time>
			</trkpt>
			<trkpt lat="45.79087293148041" lon="11.0708509683609">
				<ele>1653.39990234375</ele>
				<time>2026-08-29T12:37:01Z</time>
			</trkpt>
			<trkpt lat="45.79088544845581" lon="11.070846319198608">
				<ele>1653.39990234375</ele>
				<time>2026-08-29T12:37:02Z</time>
			</trkpt>
			<trkpt lat="45.79089713096619" lon="11.070845246315002">
				<ele>1653.39990234375</ele>
				<time>2026-08-29T12:37:03Z</time>
			</trkpt>
			<trkpt lat="45.79090929031372" lon="11.070842862129211">
				<ele>1653.39990234375</ele>
				<time>2026-08-29T12:37:04Z</time>
			</trkpt>
			<trkpt lat="45.79093158245087" lon="11.070840239524841">
				<ele>1653.39990234375</ele>
				<time>2026-08-29T12:37:06Z</time>
			</trkpt>
			<trkpt lat="45.79094338417053" lon="11.070839285850525">
				<ele>1653.39990234375</ele>
				<time>2026-08-29T12:37:07Z</time>
			</trkpt>
			<trkpt lat="45.79108762741089" lon="11.070882081985474">
				<ele>1654.0</ele>
				<time>2026-08-29T12:37:20Z</time>
			</trkpt>
			<trkpt lat="45.791200041770935" lon="11.070990800857544">
				<ele>1655.0</ele>
				<time>2026-08-29T12:37:32Z</time>
			</trkpt>
			<trkpt lat="45.79124140739441" lon="11.071015357971191">
				<ele>1655.60009765625</ele>
				<time>2026-08-29T12:37:36Z</time>
			</trkpt>
			<trkpt lat="45.791279315948486" lon="11.071017384529114">
				<ele>1656.0</ele>
				<time>2026-08-29T12:37:40Z</time>
			</trkpt>
			<trkpt lat="45.79128813743591" lon="11.071006655693054">
				<ele>1656.0</ele>
				<time>2026-08-29T12:37:41Z</time>
			</trkpt>
			<trkpt lat="45.79131639003754" lon="11.070979118347168">
				<ele>1656.60009765625</ele>
				<time>2026-08-29T12:37:44Z</time>
			</trkpt>
			<trkpt lat="45.79133725166321" lon="11.070970177650452">
				<ele>1656.800048828125</ele>
				<time>2026-08-29T12:37:46Z</time>
			</trkpt>
			<trkpt lat="45.7914377450943" lon="11.07090413570404">
				<ele>1658.199951171875</ele>
				<time>2026-08-29T12:37:56Z</time>
			</trkpt>
			<trkpt lat="45.791449427604675" lon="11.07090425491333">
				<ele>1658.39990234375</ele>
				<time>2026-08-29T12:37:57Z</time>
			</trkpt>
			<trkpt lat="45.79146099090576" lon="11.07090449333191">
				<ele>1658.39990234375</ele>
				<time>2026-08-29T12:37:58Z</time>
			</trkpt>
			<trkpt lat="45.791616916656494" lon="11.070929288864136">
				<ele>1659.199951171875</ele>
				<time>2026-08-29T12:38:12Z</time>
			</trkpt>
			<trkpt lat="45.79169249534607" lon="11.070906519889832">
				<ele>1659.39990234375</ele>
				<time>2026-08-29T12:38:18Z</time>
			</trkpt>
			<trkpt lat="45.791892409324646" lon="11.070871829986572">
				<ele>1659.60009765625</ele>
				<time>2026-08-29T12:38:34Z</time>
			</trkpt>
			<trkpt lat="45.792073130607605" lon="11.070775985717773">
				<ele>1659.0</ele>
				<time>2026-08-29T12:38:50Z</time>
			</trkpt>
			<trkpt lat="45.79218769073486" lon="11.070562601089478">
				<ele>1658.0</ele>
				<time>2026-08-29T12:39:07Z</time>
			</trkpt>
			<trkpt lat="45.79224717617035" lon="11.07055914402008">
				<ele>1656.39990234375</ele>
				<time>2026-08-29T12:39:41Z</time>
			</trkpt>
			<trkpt lat="45.79229712486267" lon="11.070571541786194">
				<ele>1656.0</ele>
				<time>2026-08-29T12:39:52Z</time>
			</trkpt>
			<trkpt lat="45.792333364486694" lon="11.070578217506409">
				<ele>1655.60009765625</ele>
				<time>2026-08-29T12:39:56Z</time>
			</trkpt>
			<trkpt lat="45.79237997531891" lon="11.070592522621155">
				<ele>1655.0</ele>
				<time>2026-08-29T12:40:01Z</time>
			</trkpt>
			<trkpt lat="45.79239106178284" lon="11.070596098899841">
				<ele>1654.800048828125</ele>
				<time>2026-08-29T12:40:02Z</time>
			</trkpt>
			<trkpt lat="45.79240131378174" lon="11.070600986480713">
				<ele>1654.60009765625</ele>
				<time>2026-08-29T12:40:03Z</time>
			</trkpt>
			<trkpt lat="45.79241323471069" lon="11.07060718536377">
				<ele>1654.39990234375</ele>
				<time>2026-08-29T12:40:04Z</time>
			</trkpt>
			<trkpt lat="45.79242527484894" lon="11.070611715316772">
				<ele>1654.199951171875</ele>
				<time>2026-08-29T12:40:05Z</time>
			</trkpt>
			<trkpt lat="45.792582511901855" lon="11.070627570152283">
				<ele>1651.800048828125</ele>
				<time>2026-08-29T12:40:19Z</time>
			</trkpt>
			<trkpt lat="45.792696714401245" lon="11.070600748062134">
				<ele>1651.60009765625</ele>
				<time>2026-08-29T12:40:29Z</time>
			</trkpt>
			<trkpt lat="45.792797327041626" lon="11.070536375045776">
				<ele>1652.39990234375</ele>
				<time>2026-08-29T12:40:38Z</time>
			</trkpt>
			<trkpt lat="45.792954206466675" lon="11.070430159568787">
				<ele>1654.0</ele>
				<time>2026-08-29T12:40:53Z</time>
			</trkpt>
			<trkpt lat="45.79296672344208" lon="11.070424675941467">
				<ele>1654.199951171875</ele>
				<time>2026-08-29T12:40:54Z</time>
			</trkpt>
			<trkpt lat="45.79307401180267" lon="11.07036817073822">
				<ele>1655.199951171875</ele>
				<time>2026-08-29T12:41:05Z</time>
			</trkpt>
			<trkpt lat="45.79308342933655" lon="11.070364713668823">
				<ele>1655.39990234375</ele>
				<time>2026-08-29T12:41:06Z</time>
			</trkpt>
			<trkpt lat="45.79314064979553" lon="11.070366859436035">
				<ele>1656.39990234375</ele>
				<time>2026-08-29T12:41:13Z</time>
			</trkpt>
			<trkpt lat="45.793150782585144" lon="11.070367813110352">
				<ele>1656.39990234375</ele>
				<time>2026-08-29T12:41:14Z</time>
			</trkpt>
			<trkpt lat="45.7932995557785" lon="11.070357084274292">
				<ele>1658.800048828125</ele>
				<time>2026-08-29T12:41:29Z</time>
			</trkpt>
			<trkpt lat="45.793325424194336" lon="11.070366382598877">
				<ele>1660.199951171875</ele>
				<time>2026-08-29T12:41:49Z</time>
			</trkpt>
			<trkpt lat="45.79337656497955" lon="11.070411801338196">
				<ele>1660.39990234375</ele>
				<time>2026-08-29T12:42:21Z</time>
			</trkpt>
			<trkpt lat="45.79358673095703" lon="11.07044517993927">
				<ele>1661.800048828125</ele>
				<time>2026-08-29T12:42:44Z</time>
			</trkpt>
			<trkpt lat="45.793753266334534" lon="11.070318460464478">
				<ele>1661.0</ele>
				<time>2026-08-29T12:43:04Z</time>
			</trkpt>
			<trkpt lat="45.793920397758484" lon="11.070396065711975">
				<ele>1662.199951171875</ele>
				<time>2026-08-29T12:43:23Z</time>
			</trkpt>
			<trkpt lat="45.793962836265564" lon="11.070428967475891">
				<ele>1662.800048828125</ele>
				<time>2026-08-29T12:43:27Z</time>
			</trkpt>
			<trkpt lat="45.794010519981384" lon="11.070504188537598">
				<ele>1663.39990234375</ele>
				<time>2026-08-29T12:43:33Z</time>
			</trkpt>
			<trkpt lat="45.79401886463165" lon="11.070523619651794">
				<ele>1663.60009765625</ele>
				<time>2026-08-29T12:43:34Z</time>
			</trkpt>
			<trkpt lat="45.794140577316284" lon="11.070627570152283">
				<ele>1665.199951171875</ele>
				<time>2026-08-29T12:43:48Z</time>
			</trkpt>
			<trkpt lat="45.79415166378021" lon="11.070619106292725">
				<ele>1665.199951171875</ele>
				<time>2026-08-29T12:43:49Z</time>
			</trkpt>
			<trkpt lat="45.794161915779114" lon="11.070611715316772">
				<ele>1665.199951171875</ele>
				<time>2026-08-29T12:43:50Z</time>
			</trkpt>
			<trkpt lat="45.794174790382385" lon="11.070603728294373">
				<ele>1665.39990234375</ele>
				<time>2026-08-29T12:43:51Z</time>
			</trkpt>
			<trkpt lat="45.794185757637024" lon="11.070597410202026">
				<ele>1665.39990234375</ele>
				<time>2026-08-29T12:43:52Z</time>
			</trkpt>
			<trkpt lat="45.794320821762085" lon="11.070482730865479">
				<ele>1665.60009765625</ele>
				<time>2026-08-29T12:44:06Z</time>
			</trkpt>
			<trkpt lat="45.794355273246765" lon="11.070367574691772">
				<ele>1665.39990234375</ele>
				<time>2026-08-29T12:44:14Z</time>
			</trkpt>
			<trkpt lat="45.79447889328003" lon="11.070264220237732">
				<ele>1664.39990234375</ele>
				<time>2026-08-29T12:44:29Z</time>
			</trkpt>
			<trkpt lat="45.79450750350952" lon="11.070252418518066">
				<ele>1664.199951171875</ele>
				<time>2026-08-29T12:44:32Z</time>
			</trkpt>
			<trkpt lat="45.79457104206085" lon="11.070189833641052">
				<ele>1664.199951171875</ele>
				<time>2026-08-29T12:44:40Z</time>
			</trkpt>
			<trkpt lat="45.79468333721161" lon="11.070028901100159">
				<ele>1664.199951171875</ele>
				<time>2026-08-29T12:44:55Z</time>
			</trkpt>
			<trkpt lat="45.79472625255585" lon="11.069995999336243">
				<ele>1663.60009765625</ele>
				<time>2026-08-29T12:45:01Z</time>
			</trkpt>
			<trkpt lat="45.79485607147217" lon="11.069926977157593">
				<ele>1661.800048828125</ele>
				<time>2026-08-29T12:45:14Z</time>
			</trkpt>
			<trkpt lat="45.79492998123169" lon="11.069871425628662">
				<ele>1661.39990234375</ele>
				<time>2026-08-29T12:45:22Z</time>
			</trkpt>
			<trkpt lat="45.79493868350983" lon="11.069863319396973">
				<ele>1661.39990234375</ele>
				<time>2026-08-29T12:45:23Z</time>
			</trkpt>
			<trkpt lat="45.79494822025299" lon="11.069856762886047">
				<ele>1661.39990234375</ele>
				<time>2026-08-29T12:45:24Z</time>
			</trkpt>
			<trkpt lat="45.79495656490326" lon="11.069849967956543">
				<ele>1661.39990234375</ele>
				<time>2026-08-29T12:45:25Z</time>
			</trkpt>
			<trkpt lat="45.794965863227844" lon="11.069845199584961">
				<ele>1661.60009765625</ele>
				<time>2026-08-29T12:45:26Z</time>
			</trkpt>
			<trkpt lat="45.79509961605072" lon="11.069769024848938">
				<ele>1663.199951171875</ele>
				<time>2026-08-29T12:45:40Z</time>
			</trkpt>
			<trkpt lat="45.7952276468277" lon="11.069714665412903">
				<ele>1664.800048828125</ele>
				<time>2026-08-29T12:45:53Z</time>
			</trkpt>
			<trkpt lat="45.7953097820282" lon="11.0696702003479">
				<ele>1666.0</ele>
				<time>2026-08-29T12:46:03Z</time>
			</trkpt>
			<trkpt lat="45.795350193977356" lon="11.069656014442444">
				<ele>1666.60009765625</ele>
				<time>2026-08-29T12:46:07Z</time>
			</trkpt>
			<trkpt lat="45.79544460773468" lon="11.069637537002563">
				<ele>1667.39990234375</ele>
				<time>2026-08-29T12:46:20Z</time>
			</trkpt>
			<trkpt lat="45.79557514190674" lon="11.069576144218445">
				<ele>1667.800048828125</ele>
				<time>2026-08-29T12:46:40Z</time>
			</trkpt>
			<trkpt lat="45.79572153091431" lon="11.069498538970947">
				<ele>1668.800048828125</ele>
				<time>2026-08-29T12:46:55Z</time>
			</trkpt>
			<trkpt lat="45.795806765556335" lon="11.069451570510864">
				<ele>1670.199951171875</ele>
				<time>2026-08-29T12:47:11Z</time>
			</trkpt>
			<trkpt lat="45.79580533504486" lon="11.069446563720703">
				<ele>1670.60009765625</ele>
				<time>2026-08-29T12:47:40Z</time>
			</trkpt>
			<trkpt lat="45.795881032943726" lon="11.069433808326721">
				<ele>1670.800048828125</ele>
				<time>2026-08-29T12:47:57Z</time>
			</trkpt>
			<trkpt lat="45.79606032371521" lon="11.069348692893982">
				<ele>1673.0</ele>
				<time>2026-08-29T12:48:22Z</time>
			</trkpt>
			<trkpt lat="45.79617941379547" lon="11.069308400154114">
				<ele>1674.800048828125</ele>
				<time>2026-08-29T12:48:41Z</time>
			</trkpt>
			<trkpt lat="45.796244382858276" lon="11.069262385368347">
				<ele>1676.800048828125</ele>
				<time>2026-08-29T12:48:58Z</time>
			</trkpt>
			<trkpt lat="45.79629147052765" lon="11.069244384765625">
				<ele>1677.199951171875</ele>
				<time>2026-08-29T12:49:20Z</time>
			</trkpt>
			<trkpt lat="45.796488761901855" lon="11.06918740272522">
				<ele>1680.199951171875</ele>
				<time>2026-08-29T12:49:43Z</time>
			</trkpt>
			<trkpt lat="45.796520471572876" lon="11.069196701049805">
				<ele>1682.0</ele>
				<time>2026-08-29T12:50:00Z</time>
			</trkpt>
			<trkpt lat="45.79651212692261" lon="11.069223523139954">
				<ele>1681.60009765625</ele>
				<time>2026-08-29T12:50:31Z</time>
			</trkpt>
			<trkpt lat="45.79651880264282" lon="11.069233655929565">
				<ele>1681.39990234375</ele>
				<time>2026-08-29T12:51:19Z</time>
			</trkpt>
			<trkpt lat="45.796520471572876" lon="11.069242477416992">
				<ele>1681.800048828125</ele>
				<time>2026-08-29T12:52:04Z</time>
			</trkpt>
			<trkpt lat="45.79652500152588" lon="11.069242596626282">
				<ele>1682.199951171875</ele>
				<time>2026-08-29T12:52:21Z</time>
			</trkpt>
			<trkpt lat="45.79653859138489" lon="11.069199204444885">
				<ele>1682.0</ele>
				<time>2026-08-29T12:52:50Z</time>
			</trkpt>
			<trkpt lat="45.79654383659363" lon="11.069182634353638">
				<ele>1681.0</ele>
				<time>2026-08-29T12:53:26Z</time>
			</trkpt>
			<trkpt lat="45.79655194282532" lon="11.069157481193542">
				<ele>1681.800048828125</ele>
				<time>2026-08-29T12:54:17Z</time>
			</trkpt>
			<trkpt lat="45.796546459198" lon="11.06916880607605">
				<ele>1681.199951171875</ele>
				<time>2026-08-29T12:55:46Z</time>
			</trkpt>
			<trkpt lat="45.79653823375702" lon="11.06916618347168">
				<ele>1681.39990234375</ele>
				<time>2026-08-29T12:56:24Z</time>
			</trkpt>
			<trkpt lat="45.79652810096741" lon="11.06915819644928">
				<ele>1681.60009765625</ele>
				<time>2026-08-29T12:56:56Z</time>
			</trkpt>
			<trkpt lat="45.79651355743408" lon="11.069159746170044">
				<ele>1681.800048828125</ele>
				<time>2026-08-29T12:57:27Z</time>
			</trkpt>
			<trkpt lat="45.796494483947754" lon="11.069158673286438">
				<ele>1681.800048828125</ele>
				<time>2026-08-29T12:58:03Z</time>
			</trkpt>
			<trkpt lat="45.79648017883301" lon="11.069158434867859">
				<ele>1681.60009765625</ele>
				<time>2026-08-29T12:58:32Z</time>
			</trkpt>
			<trkpt lat="45.79647481441498" lon="11.069160223007202">
				<ele>1681.60009765625</ele>
				<time>2026-08-29T12:59:39Z</time>
			</trkpt>
			<trkpt lat="45.79646384716034" lon="11.069162964820862">
				<ele>1682.0</ele>
				<time>2026-08-29T13:00:14Z</time>
			</trkpt>
			<trkpt lat="45.796457052230835" lon="11.0691659450531">
				<ele>1682.0</ele>
				<time>2026-08-29T13:00:43Z</time>
			</trkpt>
			<trkpt lat="45.796446561813354" lon="11.069169163703918">
				<ele>1682.199951171875</ele>
				<time>2026-08-29T13:01:19Z</time>
			</trkpt>
			<trkpt lat="45.79643499851227" lon="11.06916868686676">
				<ele>1681.800048828125</ele>
				<time>2026-08-29T13:01:58Z</time>
			</trkpt>
			<trkpt lat="45.79642999172211" lon="11.069166421890259">
				<ele>1681.60009765625</ele>
				<time>2026-08-29T13:02:33Z</time>
			</trkpt>
			<trkpt lat="45.79643416404724" lon="11.069171786308289">
				<ele>1681.800048828125</ele>
				<time>2026-08-29T13:03:52Z</time>
			</trkpt>
			<trkpt lat="45.79644060134888" lon="11.069177985191345">
				<ele>1681.800048828125</ele>
				<time>2026-08-29T13:05:49Z</time>
			</trkpt>
			<trkpt lat="45.796446204185486" lon="11.069180488586426">
				<ele>1681.800048828125</ele>
				<time>2026-08-29T13:07:19Z</time>
			</trkpt>
			<trkpt lat="45.79645073413849" lon="11.06919002532959">
				<ele>1681.60009765625</ele>
				<time>2026-08-29T13:08:11Z</time>
			</trkpt>
			<trkpt lat="45.79648494720459" lon="11.069202899932861">
				<ele>1682.199951171875</ele>
				<time>2026-08-29T13:08:33Z</time>
			</trkpt>
			<trkpt lat="45.79663670063019" lon="11.069197177886963">
				<ele>1683.39990234375</ele>
				<time>2026-08-29T13:08:53Z</time>
			</trkpt>
			<trkpt lat="45.7968385219574" lon="11.069191813468933">
				<ele>1686.60009765625</ele>
				<time>2026-08-29T13:09:16Z</time>
			</trkpt>
			<trkpt lat="45.7969571352005" lon="11.06918978691101">
				<ele>1689.199951171875</ele>
				<time>2026-08-29T13:09:34Z</time>
			</trkpt>
			<trkpt lat="45.797040581703186" lon="11.069208979606628">
				<ele>1692.199951171875</ele>
				<time>2026-08-29T13:09:54Z</time>
			</trkpt>
			<trkpt lat="45.797043204307556" lon="11.069223523139954">
				<ele>1693.800048828125</ele>
				<time>2026-08-29T13:10:27Z</time>
			</trkpt>
			<trkpt lat="45.797115087509155" lon="11.069242715835571">
				<ele>1694.199951171875</ele>
				<time>2026-08-29T13:10:48Z</time>
			</trkpt>
			<trkpt lat="45.79717409610748" lon="11.069284319877625">
				<ele>1695.39990234375</ele>
				<time>2026-08-29T13:11:08Z</time>
			</trkpt>
			<trkpt lat="45.79726302623749" lon="11.069327116012573">
				<ele>1697.800048828125</ele>
				<time>2026-08-29T13:11:24Z</time>
			</trkpt>
			<trkpt lat="45.79731070995331" lon="11.069388151168823">
				<ele>1700.39990234375</ele>
				<time>2026-08-29T13:11:41Z</time>
			</trkpt>
			<trkpt lat="45.797396659851074" lon="11.069480895996094">
				<ele>1702.39990234375</ele>
				<time>2026-08-29T13:11:59Z</time>
			</trkpt>
			<trkpt lat="45.79746222496033" lon="11.069490671157837">
				<ele>1704.800048828125</ele>
				<time>2026-08-29T13:12:17Z</time>
			</trkpt>
			<trkpt lat="45.79758965969086" lon="11.069444179534912">
				<ele>1705.199951171875</ele>
				<time>2026-08-29T13:12:34Z</time>
			</trkpt>
			<trkpt lat="45.797674775123596" lon="11.069355010986328">
				<ele>1706.60009765625</ele>
				<time>2026-08-29T13:12:49Z</time>
			</trkpt>
			<trkpt lat="45.79775822162628" lon="11.06928300857544">
				<ele>1708.60009765625</ele>
				<time>2026-08-29T13:13:04Z</time>
			</trkpt>
			<trkpt lat="45.797794580459595" lon="11.069250583648682">
				<ele>1710.39990234375</ele>
				<time>2026-08-29T13:13:23Z</time>
			</trkpt>
			<trkpt lat="45.7979040145874" lon="11.069193363189697">
				<ele>1711.199951171875</ele>
				<time>2026-08-29T13:13:39Z</time>
			</trkpt>
			<trkpt lat="45.79800033569336" lon="11.069153428077698">
				<ele>1713.199951171875</ele>
				<time>2026-08-29T13:13:57Z</time>
			</trkpt>
			<trkpt lat="45.798091173172" lon="11.069068193435669">
				<ele>1715.0</ele>
				<time>2026-08-29T13:14:15Z</time>
			</trkpt>
			<trkpt lat="45.798160791397095" lon="11.068972706794739">
				<ele>1717.199951171875</ele>
				<time>2026-08-29T13:14:31Z</time>
			</trkpt>
			<trkpt lat="45.79817974567413" lon="11.068856716156006">
				<ele>1719.199951171875</ele>
				<time>2026-08-29T13:14:46Z</time>
			</trkpt>
			<trkpt lat="45.79818260669708" lon="11.06879460811615">
				<ele>1721.60009765625</ele>
				<time>2026-08-29T13:15:02Z</time>
			</trkpt>
			<trkpt lat="45.79819190502167" lon="11.068726897239685">
				<ele>1722.60009765625</ele>
				<time>2026-08-29T13:15:17Z</time>
			</trkpt>
			<trkpt lat="45.79819107055664" lon="11.068617343902588">
				<ele>1724.199951171875</ele>
				<time>2026-08-29T13:15:31Z</time>
			</trkpt>
			<trkpt lat="45.7982017993927" lon="11.068540573120117">
				<ele>1726.0</ele>
				<time>2026-08-29T13:15:46Z</time>
			</trkpt>
			<trkpt lat="45.79822039604187" lon="11.068536520004272">
				<ele>1727.199951171875</ele>
				<time>2026-08-29T13:16:01Z</time>
			</trkpt>
			<trkpt lat="45.79821693897247" lon="11.0685396194458">
				<ele>1727.60009765625</ele>
				<time>2026-08-29T13:16:09Z</time>
			</trkpt>
			<trkpt lat="45.79827964305878" lon="11.06869661808014">
				<ele>1728.800048828125</ele>
				<time>2026-08-29T13:16:27Z</time>
			</trkpt>
			<trkpt lat="45.79833686351776" lon="11.06879460811615">
				<ele>1732.0</ele>
				<time>2026-08-29T13:16:44Z</time>
			</trkpt>
			<trkpt lat="45.798356771469116" lon="11.068769693374634">
				<ele>1733.39990234375</ele>
				<time>2026-08-29T13:17:02Z</time>
			</trkpt>
			<trkpt lat="45.79834580421448" lon="11.068646430969238">
				<ele>1733.800048828125</ele>
				<time>2026-08-29T13:17:13Z</time>
			</trkpt>
			<trkpt lat="45.79834163188934" lon="11.068519473075867">
				<ele>1735.199951171875</ele>
				<time>2026-08-29T13:17:28Z</time>
			</trkpt>
			<trkpt lat="45.79828929901123" lon="11.068435549736023">
				<ele>1737.0</ele>
				<time>2026-08-29T13:17:40Z</time>
			</trkpt>
			<trkpt lat="45.798306584358215" lon="11.068387508392334">
				<ele>1739.0</ele>
				<time>2026-08-29T13:17:53Z</time>
			</trkpt>
			<trkpt lat="45.79830765724182" lon="11.068399310112">
				<ele>1740.199951171875</ele>
				<time>2026-08-29T13:18:17Z</time>
			</trkpt>
			<trkpt lat="45.798309683799744" lon="11.068397283554077">
				<ele>1740.60009765625</ele>
				<time>2026-08-29T13:18:41Z</time>
			</trkpt>
			<trkpt lat="45.798311710357666" lon="11.068402290344238">
				<ele>1740.60009765625</ele>
				<time>2026-08-29T13:19:07Z</time>
			</trkpt>
			<trkpt lat="45.79831326007843" lon="11.068403244018555">
				<ele>1740.800048828125</ele>
				<time>2026-08-29T13:19:30Z</time>
			</trkpt>
			<trkpt lat="45.79837656021118" lon="11.068483233451843">
				<ele>1741.800048828125</ele>
				<time>2026-08-29T13:19:49Z</time>
			</trkpt>
			<trkpt lat="45.798439383506775" lon="11.068599224090576">
				<ele>1743.800048828125</ele>
				<time>2026-08-29T13:20:05Z</time>
			</trkpt>
			<trkpt lat="45.79847764968872" lon="11.068529963493347">
				<ele>1746.199951171875</ele>
				<time>2026-08-29T13:20:22Z</time>
			</trkpt>
			<trkpt lat="45.798460960388184" lon="11.06843650341034">
				<ele>1747.199951171875</ele>
				<time>2026-08-29T13:20:30Z</time>
			</trkpt>
			<trkpt lat="45.79844260215759" lon="11.068379640579224">
				<ele>1748.0</ele>
				<time>2026-08-29T13:20:35Z</time>
			</trkpt>
			<trkpt lat="45.79840087890625" lon="11.068310976028442">
				<ele>1748.800048828125</ele>
				<time>2026-08-29T13:20:43Z</time>
			</trkpt>
			<trkpt lat="45.798389196395874" lon="11.068278074264526">
				<ele>1749.199951171875</ele>
				<time>2026-08-29T13:20:46Z</time>
			</trkpt>
			<trkpt lat="45.79841482639313" lon="11.06821072101593">
				<ele>1750.199951171875</ele>
				<time>2026-08-29T13:20:53Z</time>
			</trkpt>
			<trkpt lat="45.79842233657837" lon="11.068198800086975">
				<ele>1750.39990234375</ele>
				<time>2026-08-29T13:20:54Z</time>
			</trkpt>
			<trkpt lat="45.798482060432434" lon="11.068118929862976">
				<ele>1751.199951171875</ele>
				<time>2026-08-29T13:21:05Z</time>
			</trkpt>
			<trkpt lat="45.79849123954773" lon="11.068111896514893">
				<ele>1751.39990234375</ele>
				<time>2026-08-29T13:21:06Z</time>
			</trkpt>
			<trkpt lat="45.79857683181763" lon="11.068090677261353">
				<ele>1752.199951171875</ele>
				<time>2026-08-29T13:21:18Z</time>
			</trkpt>
			<trkpt lat="45.79862558841705" lon="11.068037748336792">
				<ele>1753.0</ele>
				<time>2026-08-29T13:21:25Z</time>
			</trkpt>
			<trkpt lat="45.798654437065125" lon="11.067982196807861">
				<ele>1753.800048828125</ele>
				<time>2026-08-29T13:21:33Z</time>
			</trkpt>
			<trkpt lat="45.79865252971649" lon="11.067966341972351">
				<ele>1753.800048828125</ele>
				<time>2026-08-29T13:21:34Z</time>
			</trkpt>
			<trkpt lat="45.7986456155777" lon="11.06793463230133">
				<ele>1754.0</ele>
				<time>2026-08-29T13:21:36Z</time>
			</trkpt>
			<trkpt lat="45.79864287376404" lon="11.06791603565216">
				<ele>1754.0</ele>
				<time>2026-08-29T13:21:37Z</time>
			</trkpt>
			<trkpt lat="45.798606872558594" lon="11.067758798599243">
				<ele>1754.39990234375</ele>
				<time>2026-08-29T13:21:48Z</time>
			</trkpt>
			<trkpt lat="45.79861009120941" lon="11.067744374275208">
				<ele>1754.39990234375</ele>
				<time>2026-08-29T13:21:49Z</time>
			</trkpt>
			<trkpt lat="45.79861271381378" lon="11.067728519439697">
				<ele>1754.60009765625</ele>
				<time>2026-08-29T13:21:50Z</time>
			</trkpt>
			<trkpt lat="45.798630118370056" lon="11.067675709724426">
				<ele>1754.800048828125</ele>
				<time>2026-08-29T13:21:54Z</time>
			</trkpt>
			<trkpt lat="45.798638343811035" lon="11.06766390800476">
				<ele>1754.800048828125</ele>
				<time>2026-08-29T13:21:55Z</time>
			</trkpt>
			<trkpt lat="45.798646688461304" lon="11.067652940750122">
				<ele>1754.800048828125</ele>
				<time>2026-08-29T13:21:56Z</time>
			</trkpt>
			<trkpt lat="45.79872918128967" lon="11.067471027374268">
				<ele>1756.0</ele>
				<time>2026-08-29T13:22:11Z</time>
			</trkpt>
			<trkpt lat="45.798765540122986" lon="11.067257523536682">
				<ele>1757.0</ele>
				<time>2026-08-29T13:22:24Z</time>
			</trkpt>
			<trkpt lat="45.79887270927429" lon="11.067079424858093">
				<ele>1757.800048828125</ele>
				<time>2026-08-29T13:22:39Z</time>
			</trkpt>
			<trkpt lat="45.79896700382233" lon="11.066999793052673">
				<ele>1758.199951171875</ele>
				<time>2026-08-29T13:22:49Z</time>
			</trkpt>
			<trkpt lat="45.79897892475128" lon="11.066991567611694">
				<ele>1758.199951171875</ele>
				<time>2026-08-29T13:22:50Z</time>
			</trkpt>
			<trkpt lat="45.79898953437805" lon="11.06698203086853">
				<ele>1758.199951171875</ele>
				<time>2026-08-29T13:22:51Z</time>
			</trkpt>
			<trkpt lat="45.799049973487854" lon="11.066877126693726">
				<ele>1758.60009765625</ele>
				<time>2026-08-29T13:23:00Z</time>
			</trkpt>
			<trkpt lat="45.79908561706543" lon="11.066803336143494">
				<ele>1759.0</ele>
				<time>2026-08-29T13:23:06Z</time>
			</trkpt>
			<trkpt lat="45.79909086227417" lon="11.066788911819458">
				<ele>1759.0</ele>
				<time>2026-08-29T13:23:07Z</time>
			</trkpt>
			<trkpt lat="45.79909539222717" lon="11.066774845123291">
				<ele>1759.0</ele>
				<time>2026-08-29T13:23:08Z</time>
			</trkpt>
			<trkpt lat="45.79909944534302" lon="11.066759824752808">
				<ele>1759.199951171875</ele>
				<time>2026-08-29T13:23:09Z</time>
			</trkpt>
			<trkpt lat="45.79910361766815" lon="11.066745400428772">
				<ele>1759.199951171875</ele>
				<time>2026-08-29T13:23:10Z</time>
			</trkpt>
			<trkpt lat="45.79921495914459" lon="11.066569805145264">
				<ele>1760.800048828125</ele>
				<time>2026-08-29T13:23:25Z</time>
			</trkpt>
			<trkpt lat="45.79927861690521" lon="11.066526174545288">
				<ele>1761.0</ele>
				<time>2026-08-29T13:23:31Z</time>
			</trkpt>
			<trkpt lat="45.799291014671326" lon="11.066523790359497">
				<ele>1761.0</ele>
				<time>2026-08-29T13:23:32Z</time>
			</trkpt>
			<trkpt lat="45.79930257797241" lon="11.066518783569336">
				<ele>1761.0</ele>
				<time>2026-08-29T13:23:33Z</time>
			</trkpt>
			<trkpt lat="45.79944562911987" lon="11.066360473632812">
				<ele>1761.199951171875</ele>
				<time>2026-08-29T13:23:48Z</time>
			</trkpt>
			<trkpt lat="45.79947876930237" lon="11.066313982009888">
				<ele>1761.39990234375</ele>
				<time>2026-08-29T13:23:52Z</time>
			</trkpt>
			<trkpt lat="45.79948401451111" lon="11.066301584243774">
				<ele>1761.39990234375</ele>
				<time>2026-08-29T13:23:53Z</time>
			</trkpt>
			<trkpt lat="45.79953730106354" lon="11.066199541091919">
				<ele>1762.0</ele>
				<time>2026-08-29T13:24:01Z</time>
			</trkpt>
			<trkpt lat="45.79970669746399" lon="11.066137313842773">
				<ele>1763.60009765625</ele>
				<time>2026-08-29T13:24:17Z</time>
			</trkpt>
			<trkpt lat="45.79972565174103" lon="11.066134452819824">
				<ele>1763.800048828125</ele>
				<time>2026-08-29T13:24:19Z</time>
			</trkpt>
			<trkpt lat="45.79973638057709" lon="11.066134572029114">
				<ele>1763.800048828125</ele>
				<time>2026-08-29T13:24:20Z</time>
			</trkpt>
			<trkpt lat="45.799795031547546" lon="11.066105484962463">
				<ele>1764.199951171875</ele>
				<time>2026-08-29T13:24:27Z</time>
			</trkpt>
			<trkpt lat="45.79980182647705" lon="11.066096663475037">
				<ele>1764.39990234375</ele>
				<time>2026-08-29T13:24:28Z</time>
			</trkpt>
			<trkpt lat="45.799811244010925" lon="11.066092610359192">
				<ele>1764.39990234375</ele>
				<time>2026-08-29T13:24:29Z</time>
			</trkpt>
			<trkpt lat="45.79988169670105" lon="11.066068053245544">
				<ele>1765.0</ele>
				<time>2026-08-29T13:24:36Z</time>
			</trkpt>
			<trkpt lat="45.79995894432068" lon="11.066068172454834">
				<ele>1765.60009765625</ele>
				<time>2026-08-29T13:24:44Z</time>
			</trkpt>
			<trkpt lat="45.79996943473816" lon="11.066064476966858">
				<ele>1765.60009765625</ele>
				<time>2026-08-29T13:24:45Z</time>
			</trkpt>
			<trkpt lat="45.79998815059662" lon="11.066072344779968">
				<ele>1765.800048828125</ele>
				<time>2026-08-29T13:24:47Z</time>
			</trkpt>
			<trkpt lat="45.79999887943268" lon="11.066077828407288">
				<ele>1765.800048828125</ele>
				<time>2026-08-29T13:24:48Z</time>
			</trkpt>
			<trkpt lat="45.800010442733765" lon="11.066083312034607">
				<ele>1766.0</ele>
				<time>2026-08-29T13:24:49Z</time>
			</trkpt>
			<trkpt lat="45.800021171569824" lon="11.066084742546082">
				<ele>1766.0</ele>
				<time>2026-08-29T13:24:50Z</time>
			</trkpt>
			<trkpt lat="45.80009460449219" lon="11.066084504127502">
				<ele>1766.60009765625</ele>
				<time>2026-08-29T13:24:57Z</time>
			</trkpt>
			<trkpt lat="45.800103425979614" lon="11.066087245941162">
				<ele>1766.800048828125</ele>
				<time>2026-08-29T13:24:58Z</time>
			</trkpt>
			<trkpt lat="45.80011487007141" lon="11.066091775894165">
				<ele>1766.800048828125</ele>
				<time>2026-08-29T13:24:59Z</time>
			</trkpt>
			<trkpt lat="45.80021417140961" lon="11.066099882125854">
				<ele>1767.60009765625</ele>
				<time>2026-08-29T13:25:08Z</time>
			</trkpt>
			<trkpt lat="45.800225257873535" lon="11.06609833240509">
				<ele>1767.60009765625</ele>
				<time>2026-08-29T13:25:09Z</time>
			</trkpt>
			<trkpt lat="45.800235867500305" lon="11.066101431846619">
				<ele>1767.800048828125</ele>
				<time>2026-08-29T13:25:10Z</time>
			</trkpt>
			<trkpt lat="45.8002473115921" lon="11.066104531288147">
				<ele>1768.0</ele>
				<time>2026-08-29T13:25:11Z</time>
			</trkpt>
			<trkpt lat="45.80025839805603" lon="11.066103458404541">
				<ele>1768.0</ele>
				<time>2026-08-29T13:25:12Z</time>
			</trkpt>
			<trkpt lat="45.80026876926422" lon="11.066101551055908">
				<ele>1768.199951171875</ele>
				<time>2026-08-29T13:25:13Z</time>
			</trkpt>
			<trkpt lat="45.80031371116638" lon="11.06609320640564">
				<ele>1768.39990234375</ele>
				<time>2026-08-29T13:25:17Z</time>
			</trkpt>
			<trkpt lat="45.80037271976471" lon="11.066091537475586">
				<ele>1768.800048828125</ele>
				<time>2026-08-29T13:25:22Z</time>
			</trkpt>
			<trkpt lat="45.800392508506775" lon="11.066086769104004">
				<ele>1769.0</ele>
				<time>2026-08-29T13:25:24Z</time>
			</trkpt>
			<trkpt lat="45.8004047870636" lon="11.066088080406189">
				<ele>1769.199951171875</ele>
				<time>2026-08-29T13:25:25Z</time>
			</trkpt>
			<trkpt lat="45.80056142807007" lon="11.06608247756958">
				<ele>1770.39990234375</ele>
				<time>2026-08-29T13:25:39Z</time>
			</trkpt>
			<trkpt lat="45.800604820251465" lon="11.066071152687073">
				<ele>1770.60009765625</ele>
				<time>2026-08-29T13:25:43Z</time>
			</trkpt>
			<trkpt lat="45.80074882507324" lon="11.066023826599121">
				<ele>1771.39990234375</ele>
				<time>2026-08-29T13:25:57Z</time>
			</trkpt>
			<trkpt lat="45.80078601837158" lon="11.065999984741211">
				<ele>1771.800048828125</ele>
				<time>2026-08-29T13:26:01Z</time>
			</trkpt>
			<trkpt lat="45.80079662799835" lon="11.065994143486023">
				<ele>1772.0</ele>
				<time>2026-08-29T13:26:02Z</time>
			</trkpt>
			<trkpt lat="45.80080699920654" lon="11.065990209579468">
				<ele>1772.0</ele>
				<time>2026-08-29T13:26:03Z</time>
			</trkpt>
			<trkpt lat="45.80081641674042" lon="11.065985798835754">
				<ele>1772.199951171875</ele>
				<time>2026-08-29T13:26:04Z</time>
			</trkpt>
			<trkpt lat="45.80082440376282" lon="11.065974950790405">
				<ele>1772.199951171875</ele>
				<time>2026-08-29T13:26:05Z</time>
			</trkpt>
			<trkpt lat="45.800833225250244" lon="11.065965294837952">
				<ele>1772.199951171875</ele>
				<time>2026-08-29T13:26:06Z</time>
			</trkpt>
			<trkpt lat="45.800843715667725" lon="11.06595766544342">
				<ele>1772.39990234375</ele>
				<time>2026-08-29T13:26:07Z</time>
			</trkpt>
			<trkpt lat="45.800854206085205" lon="11.065949201583862">
				<ele>1772.39990234375</ele>
				<time>2026-08-29T13:26:08Z</time>
			</trkpt>
			<trkpt lat="45.80088484287262" lon="11.065925240516663">
				<ele>1772.39990234375</ele>
				<time>2026-08-29T13:26:11Z</time>
			</trkpt>
			<trkpt lat="45.80089199542999" lon="11.065913677215576">
				<ele>1772.60009765625</ele>
				<time>2026-08-29T13:26:12Z</time>
			</trkpt>
			<trkpt lat="45.80090248584747" lon="11.065906643867493">
				<ele>1772.60009765625</ele>
				<time>2026-08-29T13:26:13Z</time>
			</trkpt>
			<trkpt lat="45.800912976264954" lon="11.065902471542358">
				<ele>1772.800048828125</ele>
				<time>2026-08-29T13:26:14Z</time>
			</trkpt>
			<trkpt lat="45.800922870635986" lon="11.065896391868591">
				<ele>1772.800048828125</ele>
				<time>2026-08-29T13:26:15Z</time>
			</trkpt>
			<trkpt lat="45.80093240737915" lon="11.065887928009033">
				<ele>1773.0</ele>
				<time>2026-08-29T13:26:16Z</time>
			</trkpt>
			<trkpt lat="45.80096745491028" lon="11.06585168838501">
				<ele>1773.39990234375</ele>
				<time>2026-08-29T13:26:20Z</time>
			</trkpt>
			<trkpt lat="45.80097675323486" lon="11.065842390060425">
				<ele>1773.39990234375</ele>
				<time>2026-08-29T13:26:21Z</time>
			</trkpt>
			<trkpt lat="45.800987243652344" lon="11.0658358335495">
				<ele>1773.39990234375</ele>
				<time>2026-08-29T13:26:22Z</time>
			</trkpt>
			<trkpt lat="45.80099630355835" lon="11.065828442573547">
				<ele>1773.60009765625</ele>
				<time>2026-08-29T13:26:23Z</time>
			</trkpt>
			<trkpt lat="45.80102324485779" lon="11.065780997276306">
				<ele>1774.39990234375</ele>
				<time>2026-08-29T13:26:28Z</time>
			</trkpt>
			<trkpt lat="45.801146030426025" lon="11.065577387809753">
				<ele>1776.0</ele>
				<time>2026-08-29T13:26:45Z</time>
			</trkpt>
			<trkpt lat="45.80129778385162" lon="11.065392971038818">
				<ele>1775.800048828125</ele>
				<time>2026-08-29T13:27:03Z</time>
			</trkpt>
			<trkpt lat="45.801470160484314" lon="11.065368175506592">
				<ele>1774.39990234375</ele>
				<time>2026-08-29T13:27:19Z</time>
			</trkpt>
			<trkpt lat="45.80152213573456" lon="11.065390586853027">
				<ele>1773.60009765625</ele>
				<time>2026-08-29T13:27:28Z</time>
			</trkpt>
			<trkpt lat="45.80154550075531" lon="11.06540858745575">
				<ele>1773.39990234375</ele>
				<time>2026-08-29T13:27:31Z</time>
			</trkpt>
			<trkpt lat="45.8015718460083" lon="11.065441250801086">
				<ele>1773.39990234375</ele>
				<time>2026-08-29T13:27:34Z</time>
			</trkpt>
			<trkpt lat="45.80173075199127" lon="11.06567633152008">
				<ele>1774.0</ele>
				<time>2026-08-29T13:27:54Z</time>
			</trkpt>
			<trkpt lat="45.80174934864044" lon="11.065956234931946">
				<ele>1773.199951171875</ele>
				<time>2026-08-29T13:28:12Z</time>
			</trkpt>
			<trkpt lat="45.80174243450165" lon="11.066177368164062">
				<ele>1772.199951171875</ele>
				<time>2026-08-29T13:28:28Z</time>
			</trkpt>
			<trkpt lat="45.80176377296448" lon="11.066322207450867">
				<ele>1772.60009765625</ele>
				<time>2026-08-29T13:28:49Z</time>
			</trkpt>
			<trkpt lat="45.801761984825134" lon="11.066331148147583">
				<ele>1772.39990234375</ele>
				<time>2026-08-29T13:29:10Z</time>
			</trkpt>
			<trkpt lat="45.80174970626831" lon="11.066314578056335">
				<ele>1772.39990234375</ele>
				<time>2026-08-29T13:29:45Z</time>
			</trkpt>
			<trkpt lat="45.801743507385254" lon="11.066294193267822">
				<ele>1771.800048828125</ele>
				<time>2026-08-29T13:30:21Z</time>
			</trkpt>
			<trkpt lat="45.80173695087433" lon="11.066301822662354">
				<ele>1772.199951171875</ele>
				<time>2026-08-29T13:30:57Z</time>
			</trkpt>
			<trkpt lat="45.80176329612732" lon="11.066208124160767">
				<ele>1771.60009765625</ele>
				<time>2026-08-29T13:31:27Z</time>
			</trkpt>
			<trkpt lat="45.80182886123657" lon="11.06617558002472">
				<ele>1770.800048828125</ele>
				<time>2026-08-29T13:31:42Z</time>
			</trkpt>
			<trkpt lat="45.80195593833923" lon="11.06612777709961">
				<ele>1770.39990234375</ele>
				<time>2026-08-29T13:31:58Z</time>
			</trkpt>
			<trkpt lat="45.80196499824524" lon="11.066131114959717">
				<ele>1770.39990234375</ele>
				<time>2026-08-29T13:31:59Z</time>
			</trkpt>
			<trkpt lat="45.8020201921463" lon="11.066147208213806">
				<ele>1769.199951171875</ele>
				<time>2026-08-29T13:32:05Z</time>
			</trkpt>
			<trkpt lat="45.80203902721405" lon="11.06613826751709">
				<ele>1769.0</ele>
				<time>2026-08-29T13:32:07Z</time>
			</trkpt>
			<trkpt lat="45.80204737186432" lon="11.066127061843872">
				<ele>1768.800048828125</ele>
				<time>2026-08-29T13:32:08Z</time>
			</trkpt>
			<trkpt lat="45.80205476284027" lon="11.066114068031311">
				<ele>1768.60009765625</ele>
				<time>2026-08-29T13:32:09Z</time>
			</trkpt>
			<trkpt lat="45.802058696746826" lon="11.066100597381592">
				<ele>1768.39990234375</ele>
				<time>2026-08-29T13:32:10Z</time>
			</trkpt>
			<trkpt lat="45.802061438560486" lon="11.066086530685425">
				<ele>1768.39990234375</ele>
				<time>2026-08-29T13:32:11Z</time>
			</trkpt>
			<trkpt lat="45.80219089984894" lon="11.065841674804688">
				<ele>1766.39990234375</ele>
				<time>2026-08-29T13:32:30Z</time>
			</trkpt>
			<trkpt lat="45.8022096157074" lon="11.065827488899231">
				<ele>1766.39990234375</ele>
				<time>2026-08-29T13:32:32Z</time>
			</trkpt>
			<trkpt lat="45.80222046375275" lon="11.065819501876831">
				<ele>1766.199951171875</ele>
				<time>2026-08-29T13:32:33Z</time>
			</trkpt>
			<trkpt lat="45.80223023891449" lon="11.065808892250061">
				<ele>1766.199951171875</ele>
				<time>2026-08-29T13:32:34Z</time>
			</trkpt>
			<trkpt lat="45.80224013328552" lon="11.065798997879028">
				<ele>1766.0</ele>
				<time>2026-08-29T13:32:35Z</time>
			</trkpt>
			<trkpt lat="45.80224967002869" lon="11.065790295600891">
				<ele>1766.0</ele>
				<time>2026-08-29T13:32:36Z</time>
			</trkpt>
			<trkpt lat="45.802260518074036" lon="11.065783500671387">
				<ele>1766.0</ele>
				<time>2026-08-29T13:32:37Z</time>
			</trkpt>
			<trkpt lat="45.80227172374725" lon="11.065777897834778">
				<ele>1765.800048828125</ele>
				<time>2026-08-29T13:32:38Z</time>
			</trkpt>
			<trkpt lat="45.802284836769104" lon="11.065776467323303">
				<ele>1765.800048828125</ele>
				<time>2026-08-29T13:32:39Z</time>
			</trkpt>
			<trkpt lat="45.80229568481445" lon="11.065771698951721">
				<ele>1765.800048828125</ele>
				<time>2026-08-29T13:32:40Z</time>
			</trkpt>
			<trkpt lat="45.802305579185486" lon="11.065763711929321">
				<ele>1765.60009765625</ele>
				<time>2026-08-29T13:32:41Z</time>
			</trkpt>
			<trkpt lat="45.80246913433075" lon="11.065731287002563">
				<ele>1764.39990234375</ele>
				<time>2026-08-29T13:33:00Z</time>
			</trkpt>
			<trkpt lat="45.802490234375" lon="11.06573235988617">
				<ele>1764.39990234375</ele>
				<time>2026-08-29T13:33:02Z</time>
			</trkpt>
			<trkpt lat="45.802520871162415" lon="11.065736889839172">
				<ele>1764.39990234375</ele>
				<time>2026-08-29T13:33:05Z</time>
			</trkpt>
			<trkpt lat="45.80257773399353" lon="11.065738439559937">
				<ele>1764.199951171875</ele>
				<time>2026-08-29T13:33:12Z</time>
			</trkpt>
			<trkpt lat="45.80262327194214" lon="11.06573498249054">
				<ele>1764.60009765625</ele>
				<time>2026-08-29T13:33:16Z</time>
			</trkpt>
			<trkpt lat="45.802807569503784" lon="11.065797448158264">
				<ele>1764.199951171875</ele>
				<time>2026-08-29T13:33:33Z</time>
			</trkpt>
			<trkpt lat="45.8029967546463" lon="11.065907835960388">
				<ele>1763.800048828125</ele>
				<time>2026-08-29T13:33:51Z</time>
			</trkpt>
			<trkpt lat="45.80319273471832" lon="11.065879106521606">
				<ele>1761.800048828125</ele>
				<time>2026-08-29T13:34:09Z</time>
			</trkpt>
			<trkpt lat="45.80331468582153" lon="11.065821290016174">
				<ele>1758.800048828125</ele>
				<time>2026-08-29T13:34:23Z</time>
			</trkpt>
			<trkpt lat="45.80349314212799" lon="11.065804719924927">
				<ele>1756.199951171875</ele>
				<time>2026-08-29T13:34:38Z</time>
			</trkpt>
			<trkpt lat="45.803650856018066" lon="11.065821886062622">
				<ele>1753.199951171875</ele>
				<time>2026-08-29T13:34:51Z</time>
			</trkpt>
			<trkpt lat="45.803839325904846" lon="11.065796732902527">
				<ele>1750.39990234375</ele>
				<time>2026-08-29T13:35:07Z</time>
			</trkpt>
			<trkpt lat="45.80397880077362" lon="11.065731763839722">
				<ele>1747.199951171875</ele>
				<time>2026-08-29T13:35:21Z</time>
			</trkpt>
			<trkpt lat="45.80402386188507" lon="11.065719604492188">
				<ele>1746.60009765625</ele>
				<time>2026-08-29T13:35:25Z</time>
			</trkpt>
			<trkpt lat="45.8040326833725" lon="11.065712094306946">
				<ele>1746.199951171875</ele>
				<time>2026-08-29T13:35:26Z</time>
			</trkpt>
			<trkpt lat="45.804043769836426" lon="11.065703272819519">
				<ele>1746.0</ele>
				<time>2026-08-29T13:35:27Z</time>
			</trkpt>
			<trkpt lat="45.8040566444397" lon="11.065696239471436">
				<ele>1745.800048828125</ele>
				<time>2026-08-29T13:35:28Z</time>
			</trkpt>
			<trkpt lat="45.8040691614151" lon="11.06568968296051">
				<ele>1745.60009765625</ele>
				<time>2026-08-29T13:35:29Z</time>
			</trkpt>
			<trkpt lat="45.804081320762634" lon="11.065683007240295">
				<ele>1745.39990234375</ele>
				<time>2026-08-29T13:35:30Z</time>
			</trkpt>
			<trkpt lat="45.80409252643585" lon="11.065673232078552">
				<ele>1745.199951171875</ele>
				<time>2026-08-29T13:35:31Z</time>
			</trkpt>
			<trkpt lat="45.80410444736481" lon="11.06566309928894">
				<ele>1744.800048828125</ele>
				<time>2026-08-29T13:35:32Z</time>
			</trkpt>
			<trkpt lat="45.80411767959595" lon="11.06565248966217">
				<ele>1744.60009765625</ele>
				<time>2026-08-29T13:35:33Z</time>
			</trkpt>
			<trkpt lat="45.80424892902374" lon="11.065473675727844">
				<ele>1741.39990234375</ele>
				<time>2026-08-29T13:35:48Z</time>
			</trkpt>
			<trkpt lat="45.80431401729584" lon="11.065415859222412">
				<ele>1740.60009765625</ele>
				<time>2026-08-29T13:35:55Z</time>
			</trkpt>
			<trkpt lat="45.804338455200195" lon="11.065417408943176">
				<ele>1740.199951171875</ele>
				<time>2026-08-29T13:35:57Z</time>
			</trkpt>
			<trkpt lat="45.80435287952423" lon="11.06542444229126">
				<ele>1740.199951171875</ele>
				<time>2026-08-29T13:35:58Z</time>
			</trkpt>
			<trkpt lat="45.804481506347656" lon="11.065479397773743">
				<ele>1737.0</ele>
				<time>2026-08-29T13:36:11Z</time>
			</trkpt>
			<trkpt lat="45.804590582847595" lon="11.065414667129517">
				<ele>1734.199951171875</ele>
				<time>2026-08-29T13:36:24Z</time>
			</trkpt>
			<trkpt lat="45.804718136787415" lon="11.065388798713684">
				<ele>1731.199951171875</ele>
				<time>2026-08-29T13:36:35Z</time>
			</trkpt>
			<trkpt lat="45.80483531951904" lon="11.065361380577087">
				<ele>1728.0</ele>
				<time>2026-08-29T13:36:47Z</time>
			</trkpt>
			<trkpt lat="45.80493116378784" lon="11.065311193466187">
				<ele>1724.800048828125</ele>
				<time>2026-08-29T13:36:59Z</time>
			</trkpt>
			<trkpt lat="45.80493998527527" lon="11.065306305885315">
				<ele>1724.60009765625</ele>
				<time>2026-08-29T13:37:00Z</time>
			</trkpt>
			<trkpt lat="45.80499613285065" lon="11.065154433250427">
				<ele>1721.60009765625</ele>
				<time>2026-08-29T13:37:15Z</time>
			</trkpt>
			<trkpt lat="45.80499029159546" lon="11.065090775489807">
				<ele>1720.60009765625</ele>
				<time>2026-08-29T13:37:20Z</time>
			</trkpt>
			<trkpt lat="45.80498766899109" lon="11.065076351165771">
				<ele>1720.60009765625</ele>
				<time>2026-08-29T13:37:21Z</time>
			</trkpt>
			<trkpt lat="45.8049840927124" lon="11.065061211585999">
				<ele>1720.199951171875</ele>
				<time>2026-08-29T13:37:22Z</time>
			</trkpt>
			<trkpt lat="45.80497932434082" lon="11.065045714378357">
				<ele>1720.0</ele>
				<time>2026-08-29T13:37:23Z</time>
			</trkpt>
			<trkpt lat="45.804975152015686" lon="11.065030097961426">
				<ele>1720.0</ele>
				<time>2026-08-29T13:37:24Z</time>
			</trkpt>
			<trkpt lat="45.80488669872284" lon="11.064829230308533">
				<ele>1716.800048828125</ele>
				<time>2026-08-29T13:37:40Z</time>
			</trkpt>
			<trkpt lat="45.80482804775238" lon="11.064685940742493">
				<ele>1715.0</ele>
				<time>2026-08-29T13:37:51Z</time>
			</trkpt>
			<trkpt lat="45.80482351779938" lon="11.06467056274414">
				<ele>1714.800048828125</ele>
				<time>2026-08-29T13:37:52Z</time>
			</trkpt>
			<trkpt lat="45.80481827259064" lon="11.06465470790863">
				<ele>1714.60009765625</ele>
				<time>2026-08-29T13:37:53Z</time>
			</trkpt>
			<trkpt lat="45.80481231212616" lon="11.064640522003174">
				<ele>1714.39990234375</ele>
				<time>2026-08-29T13:37:54Z</time>
			</trkpt>
			<trkpt lat="45.80480647087097" lon="11.064626812934875">
				<ele>1714.199951171875</ele>
				<time>2026-08-29T13:37:55Z</time>
			</trkpt>
			<trkpt lat="45.804723024368286" lon="11.064394354820251">
				<ele>1711.39990234375</ele>
				<time>2026-08-29T13:38:11Z</time>
			</trkpt>
			<trkpt lat="45.80473327636719" lon="11.064318299293518">
				<ele>1710.60009765625</ele>
				<time>2026-08-29T13:38:17Z</time>
			</trkpt>
			<trkpt lat="45.80477333068848" lon="11.064265489578247">
				<ele>1709.60009765625</ele>
				<time>2026-08-29T13:38:22Z</time>
			</trkpt>
			<trkpt lat="45.80495202541351" lon="11.064211368560791">
				<ele>1706.60009765625</ele>
				<time>2026-08-29T13:38:39Z</time>
			</trkpt>
			<trkpt lat="45.80503189563751" lon="11.06417429447174">
				<ele>1704.60009765625</ele>
				<time>2026-08-29T13:38:51Z</time>
			</trkpt>
			<trkpt lat="45.80504262447357" lon="11.064168214797974">
				<ele>1704.60009765625</ele>
				<time>2026-08-29T13:38:52Z</time>
			</trkpt>
			<trkpt lat="45.80505406856537" lon="11.064162135124207">
				<ele>1704.39990234375</ele>
				<time>2026-08-29T13:38:53Z</time>
			</trkpt>
			<trkpt lat="45.80506658554077" lon="11.06415581703186">
				<ele>1704.39990234375</ele>
				<time>2026-08-29T13:38:54Z</time>
			</trkpt>
			<trkpt lat="45.80508041381836" lon="11.064149618148804">
				<ele>1704.39990234375</ele>
				<time>2026-08-29T13:38:55Z</time>
			</trkpt>
			<trkpt lat="45.80525183677673" lon="11.064052104949951">
				<ele>1702.199951171875</ele>
				<time>2026-08-29T13:39:11Z</time>
			</trkpt>
			<trkpt lat="45.805434226989746" lon="11.063965797424316">
				<ele>1699.199951171875</ele>
				<time>2026-08-29T13:39:26Z</time>
			</trkpt>
			<trkpt lat="45.805487513542175" lon="11.06395936012268">
				<ele>1698.199951171875</ele>
				<time>2026-08-29T13:39:31Z</time>
			</trkpt>
			<trkpt lat="45.80565392971039" lon="11.063901662826538">
				<ele>1695.39990234375</ele>
				<time>2026-08-29T13:39:47Z</time>
			</trkpt>
			<trkpt lat="45.80581974983215" lon="11.063832759857178">
				<ele>1692.39990234375</ele>
				<time>2026-08-29T13:40:02Z</time>
			</trkpt>
			<trkpt lat="45.80594825744629" lon="11.063777208328247">
				<ele>1689.800048828125</ele>
				<time>2026-08-29T13:40:14Z</time>
			</trkpt>
			<trkpt lat="45.80595505237579" lon="11.063761830329895">
				<ele>1689.39990234375</ele>
				<time>2026-08-29T13:40:15Z</time>
			</trkpt>
			<trkpt lat="45.80595946311951" lon="11.063746333122253">
				<ele>1689.199951171875</ele>
				<time>2026-08-29T13:40:16Z</time>
			</trkpt>
			<trkpt lat="45.80596315860748" lon="11.0637286901474">
				<ele>1689.0</ele>
				<time>2026-08-29T13:40:17Z</time>
			</trkpt>
			<trkpt lat="45.80596053600311" lon="11.06370997428894">
				<ele>1688.800048828125</ele>
				<time>2026-08-29T13:40:18Z</time>
			</trkpt>
			<trkpt lat="45.80595576763153" lon="11.063692450523376">
				<ele>1688.60009765625</ele>
				<time>2026-08-29T13:40:19Z</time>
			</trkpt>
			<trkpt lat="45.80595135688782" lon="11.063677310943604">
				<ele>1688.39990234375</ele>
				<time>2026-08-29T13:40:20Z</time>
			</trkpt>
			<trkpt lat="45.80594313144684" lon="11.063663601875305">
				<ele>1688.199951171875</ele>
				<time>2026-08-29T13:40:21Z</time>
			</trkpt>
			<trkpt lat="45.80593264102936" lon="11.063650846481323">
				<ele>1688.0</ele>
				<time>2026-08-29T13:40:22Z</time>
			</trkpt>
			<trkpt lat="45.80592119693756" lon="11.063641428947449">
				<ele>1688.0</ele>
				<time>2026-08-29T13:40:23Z</time>
			</trkpt>
			<trkpt lat="45.80590879917145" lon="11.063635110855103">
				<ele>1687.800048828125</ele>
				<time>2026-08-29T13:40:24Z</time>
			</trkpt>
			<trkpt lat="45.805691719055176" lon="11.06346344947815">
				<ele>1685.199951171875</ele>
				<time>2026-08-29T13:40:44Z</time>
			</trkpt>
			<trkpt lat="45.80551207065582" lon="11.06334102153778">
				<ele>1682.39990234375</ele>
				<time>2026-08-29T13:41:00Z</time>
			</trkpt>
			<trkpt lat="45.80548441410065" lon="11.063324809074402">
				<ele>1681.800048828125</ele>
				<time>2026-08-29T13:41:03Z</time>
			</trkpt>
			<trkpt lat="45.8053218126297" lon="11.063162684440613">
				<ele>1679.0</ele>
				<time>2026-08-29T13:41:18Z</time>
			</trkpt>
			<trkpt lat="45.80513858795166" lon="11.062984704971313">
				<ele>1676.199951171875</ele>
				<time>2026-08-29T13:41:34Z</time>
			</trkpt>
			<trkpt lat="45.80507516860962" lon="11.062938928604126">
				<ele>1675.60009765625</ele>
				<time>2026-08-29T13:41:39Z</time>
			</trkpt>
			<trkpt lat="45.80506432056427" lon="11.06293499469757">
				<ele>1675.60009765625</ele>
				<time>2026-08-29T13:41:40Z</time>
			</trkpt>
			<trkpt lat="45.80505442619324" lon="11.06292724609375">
				<ele>1675.39990234375</ele>
				<time>2026-08-29T13:41:41Z</time>
			</trkpt>
			<trkpt lat="45.804855823516846" lon="11.06274962425232">
				<ele>1672.39990234375</ele>
				<time>2026-08-29T13:42:00Z</time>
			</trkpt>
			<trkpt lat="45.80475914478302" lon="11.062569260597229">
				<ele>1670.60009765625</ele>
				<time>2026-08-29T13:42:12Z</time>
			</trkpt>
			<trkpt lat="45.80471456050873" lon="11.062481164932251">
				<ele>1670.199951171875</ele>
				<time>2026-08-29T13:42:18Z</time>
			</trkpt>
			<trkpt lat="45.804704785346985" lon="11.06246829032898">
				<ele>1670.199951171875</ele>
				<time>2026-08-29T13:42:19Z</time>
			</trkpt>
			<trkpt lat="45.80465495586395" lon="11.062406063079834">
				<ele>1669.800048828125</ele>
				<time>2026-08-29T13:42:26Z</time>
			</trkpt>
			<trkpt lat="45.804641366004944" lon="11.06239104270935">
				<ele>1669.800048828125</ele>
				<time>2026-08-29T13:42:27Z</time>
			</trkpt>
			<trkpt lat="45.804627776145935" lon="11.062379956245422">
				<ele>1669.60009765625</ele>
				<time>2026-08-29T13:42:28Z</time>
			</trkpt>
			<trkpt lat="45.80447793006897" lon="11.062256336212158">
				<ele>1668.0</ele>
				<time>2026-08-29T13:42:43Z</time>
			</trkpt>
			<trkpt lat="45.80434262752533" lon="11.062016010284424">
				<ele>1664.800048828125</ele>
				<time>2026-08-29T13:43:00Z</time>
			</trkpt>
			<trkpt lat="45.80436062812805" lon="11.06176471710205">
				<ele>1662.800048828125</ele>
				<time>2026-08-29T13:43:13Z</time>
			</trkpt>
			<trkpt lat="45.804478764534" lon="11.061549305915833">
				<ele>1661.39990234375</ele>
				<time>2026-08-29T13:43:28Z</time>
			</trkpt>
			<trkpt lat="45.8046555519104" lon="11.061503291130066">
				<ele>1660.39990234375</ele>
				<time>2026-08-29T13:43:42Z</time>
			</trkpt>
			<trkpt lat="45.804839849472046" lon="11.061525225639343">
				<ele>1658.60009765625</ele>
				<time>2026-08-29T13:43:55Z</time>
			</trkpt>
			<trkpt lat="45.80503046512604" lon="11.061633110046387">
				<ele>1655.39990234375</ele>
				<time>2026-08-29T13:44:11Z</time>
			</trkpt>
			<trkpt lat="45.805163502693176" lon="11.061670541763306">
				<ele>1652.800048828125</ele>
				<time>2026-08-29T13:44:23Z</time>
			</trkpt>
			<trkpt lat="45.80517220497131" lon="11.061694383621216">
				<ele>1650.199951171875</ele>
				<time>2026-08-29T13:44:36Z</time>
			</trkpt>
			<trkpt lat="45.80514419078827" lon="11.061766743659973">
				<ele>1649.800048828125</ele>
				<time>2026-08-29T13:45:36Z</time>
			</trkpt>
			<trkpt lat="45.80513405799866" lon="11.061826348304749">
				<ele>1650.0</ele>
				<time>2026-08-29T13:46:42Z</time>
			</trkpt>
			<trkpt lat="45.80513942241669" lon="11.061795949935913">
				<ele>1649.39990234375</ele>
				<time>2026-08-29T13:47:47Z</time>
			</trkpt>
			<trkpt lat="45.805156230926514" lon="11.061760425567627">
				<ele>1649.800048828125</ele>
				<time>2026-08-29T13:48:56Z</time>
			</trkpt>
			<trkpt lat="45.80512988567352" lon="11.06168532371521">
				<ele>1650.0</ele>
				<time>2026-08-29T13:49:37Z</time>
			</trkpt>
			<trkpt lat="45.80513298511505" lon="11.061660170555115">
				<ele>1650.0</ele>
				<time>2026-08-29T13:49:38Z</time>
			</trkpt>
			<trkpt lat="45.80513942241669" lon="11.061638832092285">
				<ele>1650.0</ele>
				<time>2026-08-29T13:49:39Z</time>
			</trkpt>
			<trkpt lat="45.80514883995056" lon="11.061620116233826">
				<ele>1650.0</ele>
				<time>2026-08-29T13:49:40Z</time>
			</trkpt>
			<trkpt lat="45.80516064167023" lon="11.061604857444763">
				<ele>1650.0</ele>
				<time>2026-08-29T13:49:41Z</time>
			</trkpt>
			<trkpt lat="45.805171489715576" lon="11.061588644981384">
				<ele>1650.0</ele>
				<time>2026-08-29T13:49:42Z</time>
			</trkpt>
			<trkpt lat="45.805182337760925" lon="11.061572670936584">
				<ele>1650.0</ele>
				<time>2026-08-29T13:49:43Z</time>
			</trkpt>
			<trkpt lat="45.80519139766693" lon="11.061554312705994">
				<ele>1649.800048828125</ele>
				<time>2026-08-29T13:49:44Z</time>
			</trkpt>
			<trkpt lat="45.80520176887512" lon="11.061540007591248">
				<ele>1649.800048828125</ele>
				<time>2026-08-29T13:49:45Z</time>
			</trkpt>
			<trkpt lat="45.80521261692047" lon="11.061523675918579">
				<ele>1649.60009765625</ele>
				<time>2026-08-29T13:49:46Z</time>
			</trkpt>
			<trkpt lat="45.80540680885315" lon="11.061295747756958">
				<ele>1649.0</ele>
				<time>2026-08-29T13:50:02Z</time>
			</trkpt>
			<trkpt lat="45.805591344833374" lon="11.061112761497498">
				<ele>1647.199951171875</ele>
				<time>2026-08-29T13:50:18Z</time>
			</trkpt>
			<trkpt lat="45.80575203895569" lon="11.060856699943542">
				<ele>1644.60009765625</ele>
				<time>2026-08-29T13:50:35Z</time>
			</trkpt>
			<trkpt lat="45.80578434467316" lon="11.060710549354553">
				<ele>1643.39990234375</ele>
				<time>2026-08-29T13:50:44Z</time>
			</trkpt>
			<trkpt lat="45.80578327178955" lon="11.06068766117096">
				<ele>1643.199951171875</ele>
				<time>2026-08-29T13:50:45Z</time>
			</trkpt>
			<trkpt lat="45.80578565597534" lon="11.060670018196106">
				<ele>1643.199951171875</ele>
				<time>2026-08-29T13:50:46Z</time>
			</trkpt>
			<trkpt lat="45.8057781457901" lon="11.060396075248718">
				<ele>1641.60009765625</ele>
				<time>2026-08-29T13:50:59Z</time>
			</trkpt>
			<trkpt lat="45.80584216117859" lon="11.060106039047241">
				<ele>1639.800048828125</ele>
				<time>2026-08-29T13:51:14Z</time>
			</trkpt>
			<trkpt lat="45.805949687957764" lon="11.059852838516235">
				<ele>1638.199951171875</ele>
				<time>2026-08-29T13:51:29Z</time>
			</trkpt>
			<trkpt lat="45.80610239505768" lon="11.05960988998413">
				<ele>1636.199951171875</ele>
				<time>2026-08-29T13:51:47Z</time>
			</trkpt>
			<trkpt lat="45.806151270866394" lon="11.059517741203308">
				<ele>1635.39990234375</ele>
				<time>2026-08-29T13:51:59Z</time>
			</trkpt>
			<trkpt lat="45.80616068840027" lon="11.059506058692932">
				<ele>1635.199951171875</ele>
				<time>2026-08-29T13:52:00Z</time>
			</trkpt>
			<trkpt lat="45.8061705827713" lon="11.05949330329895">
				<ele>1635.199951171875</ele>
				<time>2026-08-29T13:52:01Z</time>
			</trkpt>
			<trkpt lat="45.80617952346802" lon="11.059478282928467">
				<ele>1635.199951171875</ele>
				<time>2026-08-29T13:52:02Z</time>
			</trkpt>
			<trkpt lat="45.80618703365326" lon="11.059461236000061">
				<ele>1635.0</ele>
				<time>2026-08-29T13:52:03Z</time>
			</trkpt>
			<trkpt lat="45.80619513988495" lon="11.059445261955261">
				<ele>1635.0</ele>
				<time>2026-08-29T13:52:04Z</time>
			</trkpt>
			<trkpt lat="45.80620300769806" lon="11.059431552886963">
				<ele>1635.0</ele>
				<time>2026-08-29T13:52:05Z</time>
			</trkpt>
			<trkpt lat="45.80635631084442" lon="11.059181451797485">
				<ele>1632.800048828125</ele>
				<time>2026-08-29T13:52:22Z</time>
			</trkpt>
			<trkpt lat="45.80640983581543" lon="11.059089541435242">
				<ele>1631.39990234375</ele>
				<time>2026-08-29T13:52:35Z</time>
			</trkpt>
			<trkpt lat="45.80641782283783" lon="11.059075951576233">
				<ele>1631.39990234375</ele>
				<time>2026-08-29T13:52:36Z</time>
			</trkpt>
			<trkpt lat="45.80642580986023" lon="11.059061169624329">
				<ele>1631.39990234375</ele>
				<time>2026-08-29T13:52:37Z</time>
			</trkpt>
			<trkpt lat="45.806434750556946" lon="11.059047222137451">
				<ele>1631.39990234375</ele>
				<time>2026-08-29T13:52:38Z</time>
			</trkpt>
			<trkpt lat="45.80644464492798" lon="11.059033632278442">
				<ele>1631.39990234375</ele>
				<time>2026-08-29T13:52:39Z</time>
			</trkpt>
			<trkpt lat="45.806607127189636" lon="11.058842539787292">
				<ele>1629.60009765625</ele>
				<time>2026-08-29T13:52:56Z</time>
			</trkpt>
			<trkpt lat="45.80683946609497" lon="11.058708429336548">
				<ele>1626.800048828125</ele>
				<time>2026-08-29T13:53:17Z</time>
			</trkpt>
			<trkpt lat="45.80686700344086" lon="11.058696269989014">
				<ele>1626.60009765625</ele>
				<time>2026-08-29T13:53:20Z</time>
			</trkpt>
			<trkpt lat="45.80687952041626" lon="11.058689713478088">
				<ele>1626.60009765625</ele>
				<time>2026-08-29T13:53:21Z</time>
			</trkpt>
			<trkpt lat="45.806891083717346" lon="11.0586838722229">
				<ele>1626.60009765625</ele>
				<time>2026-08-29T13:53:22Z</time>
			</trkpt>
			<trkpt lat="45.8071483373642" lon="11.058526277542114">
				<ele>1624.199951171875</ele>
				<time>2026-08-29T13:53:44Z</time>
			</trkpt>
			<trkpt lat="45.80739068984985" lon="11.058453440666199">
				<ele>1622.60009765625</ele>
				<time>2026-08-29T13:54:04Z</time>
			</trkpt>
			<trkpt lat="45.80762207508087" lon="11.058380126953125">
				<ele>1619.800048828125</ele>
				<time>2026-08-29T13:54:22Z</time>
			</trkpt>
			<trkpt lat="45.80784249305725" lon="11.058318972587585">
				<ele>1618.199951171875</ele>
				<time>2026-08-29T13:54:41Z</time>
			</trkpt>
			<trkpt lat="45.807926297187805" lon="11.058211326599121">
				<ele>1617.60009765625</ele>
				<time>2026-08-29T13:54:59Z</time>
			</trkpt>
			<trkpt lat="45.80788314342499" lon="11.058232188224792">
				<ele>1617.60009765625</ele>
				<time>2026-08-29T13:55:13Z</time>
			</trkpt>
			<trkpt lat="45.80791914463043" lon="11.058214783668518">
				<ele>1617.39990234375</ele>
				<time>2026-08-29T13:55:30Z</time>
			</trkpt>
			<trkpt lat="45.807892203330994" lon="11.05821144580841">
				<ele>1617.199951171875</ele>
				<time>2026-08-29T13:55:42Z</time>
			</trkpt>
			<trkpt lat="45.80786454677582" lon="11.058085799217224">
				<ele>1617.60009765625</ele>
				<time>2026-08-29T13:55:54Z</time>
			</trkpt>
			<trkpt lat="45.80782210826874" lon="11.05811595916748">
				<ele>1617.39990234375</ele>
				<time>2026-08-29T13:56:12Z</time>
			</trkpt>
			<trkpt lat="45.80782186985016" lon="11.058108687400818">
				<ele>1614.199951171875</ele>
				<time>2026-08-29T13:56:17Z</time>
			</trkpt>
			<trkpt lat="45.8078248500824" lon="11.058104276657104">
				<ele>1613.60009765625</ele>
				<time>2026-08-29T13:56:23Z</time>
			</trkpt>
		</trkseg>
	</trk>
</gpx>
