<?xml version="1.0" encoding="utf-8"?>
<gpx creator="Garmin Explore App" version="1.1" xmlns:adv="http://www.garmin.com/xmlschemas/AdventuresExtensions/v1" xmlns:gpxtpx="http://www.garmin.com/xmlschemas/TrackPointExtension/v1" xmlns:gpxtrx="http://www.garmin.com/xmlschemas/GpxExtensions/v3" xmlns:gpxx="http://www.garmin.com/xmlschemas/GpxExtensions/v3" xmlns:trp="http://www.garmin.com/xmlschemas/TripExtensions/v1" xmlns:wptx1="http://www.garmin.com/xmlschemas/WaypointExtension/v1" xmlns:xsi="http://www.w3.org/2001/XMLSchema-instance" xmlns="http://www.topografix.com/GPX/1/1" xsi:schemaLocation="http://www.topografix.com/GPX/1/1 http://www.topografix.com/GPX/1/1/gpx.xsd http://www.garmin.com/xmlschemas/WaypointExtension/v1 http://www8.garmin.com/xmlschemas/WaypointExtensionv1.xsd http://www.garmin.com/xmlschemas/TrackPointExtension/v1 http://www.garmin.com/xmlschemas/TrackPointExtensionv1.xsd http://www.garmin.com/xmlschemas/GpxExtensions/v3 http://www8.garmin.com/xmlschemas/GpxExtensionsv3.xsd http://www.garmin.com/xmlschemas/ActivityExtension/v1 http://www8.garmin.com/xmlschemas/ActivityExtensionv1.xsd http://www.garmin.com/xmlschemas/AdventuresExtensions/v1 http://www8.garmin.com/xmlschemas/AdventuresExtensionv1.xsd http://www.garmin.com/xmlschemas/PressureExtension/v1 http://www.garmin.com/xmlschemas/PressureExtensionv1.xsd">
	<metadata>
		<name>2026-08-14 16.16.57</name>
		<link href="http://www.garmin.com">
			<text>Garmin International</text>
		</link>
		<time>2026-08-14T17:39:42Z</time>
	</metadata>
	<trk>
		<name>2026-08-14 16.16.57</name>
		<extensions>
			<gpxx:TrackExtension>
				<gpxx:DisplayColor>DarkGreen</gpxx:DisplayColor>
			</gpxx:TrackExtension>
		</extensions>
		<trkseg>
			<trkpt lat="45.781012535095215" lon="10.940861344337463">
				<ele>1247.800048828125</ele>
				<time>2026-08-14T08:32:23Z</time>
			</trkpt>
			<trkpt lat="45.78101360797882" lon="10.940860033035278">
				<ele>1247.800048828125</ele>
				<time>2026-08-14T08:32:24Z</time>
			</trkpt>
			<trkpt lat="45.781017661094666" lon="10.94088101387024">
				<ele>1248.199951171875</ele>
				<time>2026-08-14T08:32:45Z</time>
			</trkpt>
			<trkpt lat="45.78096532821655" lon="10.940873384475708">
				<ele>1248.800048828125</ele>
				<time>2026-08-14T08:33:08Z</time>
			</trkpt>
			<trkpt lat="45.78095746040344" lon="10.940866351127625">
				<ele>1248.800048828125</ele>
				<time>2026-08-14T08:33:09Z</time>
			</trkpt>
			<trkpt lat="45.780906081199646" lon="10.94083309173584">
				<ele>1249.0</ele>
				<time>2026-08-14T08:33:14Z</time>
			</trkpt>
			<trkpt lat="45.78071117401123" lon="10.940916180610657">
				<ele>1250.800048828125</ele>
				<time>2026-08-14T08:33:33Z</time>
			</trkpt>
			<trkpt lat="45.78068459033966" lon="10.940937519073486">
				<ele>1251.0</ele>
				<time>2026-08-14T08:33:36Z</time>
			</trkpt>
			<trkpt lat="45.7805871963501" lon="10.9411141872406">
				<ele>1253.5999755859375</ele>
				<time>2026-08-14T08:33:52Z</time>
			</trkpt>
			<trkpt lat="45.78051543235779" lon="10.941253900527954">
				<ele>1256.5999755859375</ele>
				<time>2026-08-14T08:34:06Z</time>
			</trkpt>
			<trkpt lat="45.78043007850647" lon="10.941396713256836">
				<ele>1259.5999755859375</ele>
				<time>2026-08-14T08:34:21Z</time>
			</trkpt>
			<trkpt lat="45.78039276599884" lon="10.941454887390137">
				<ele>1261.5999755859375</ele>
				<time>2026-08-14T08:34:36Z</time>
			</trkpt>
			<trkpt lat="45.78030705451965" lon="10.941557168960571">
				<ele>1262.5999755859375</ele>
				<time>2026-08-14T08:34:52Z</time>
			</trkpt>
			<trkpt lat="45.78028392791748" lon="10.941587090492249">
				<ele>1263.199951171875</ele>
				<time>2026-08-14T08:34:58Z</time>
			</trkpt>
			<trkpt lat="45.78018510341644" lon="10.941736578941345">
				<ele>1265.800048828125</ele>
				<time>2026-08-14T08:35:15Z</time>
			</trkpt>
			<trkpt lat="45.78009736537933" lon="10.941854238510132">
				<ele>1268.800048828125</ele>
				<time>2026-08-14T08:35:31Z</time>
			</trkpt>
			<trkpt lat="45.780004143714905" lon="10.941980004310608">
				<ele>1271.800048828125</ele>
				<time>2026-08-14T08:35:47Z</time>
			</trkpt>
			<trkpt lat="45.77992224693298" lon="10.9420907497406">
				<ele>1274.0</ele>
				<time>2026-08-14T08:36:00Z</time>
			</trkpt>
			<trkpt lat="45.779857754707336" lon="10.942159056663513">
				<ele>1277.199951171875</ele>
				<time>2026-08-14T08:36:19Z</time>
			</trkpt>
			<trkpt lat="45.779847621917725" lon="10.942164778709412">
				<ele>1278.0</ele>
				<time>2026-08-14T08:36:38Z</time>
			</trkpt>
			<trkpt lat="45.779789209365845" lon="10.942253351211548">
				<ele>1277.800048828125</ele>
				<time>2026-08-14T08:37:03Z</time>
			</trkpt>
			<trkpt lat="45.77971112728119" lon="10.942354679107666">
				<ele>1279.800048828125</ele>
				<time>2026-08-14T08:37:15Z</time>
			</trkpt>
			<trkpt lat="45.7796231508255" lon="10.942502617835999">
				<ele>1282.800048828125</ele>
				<time>2026-08-14T08:37:31Z</time>
			</trkpt>
			<trkpt lat="45.77955448627472" lon="10.94262957572937">
				<ele>1285.4000244140625</ele>
				<time>2026-08-14T08:37:46Z</time>
			</trkpt>
			<trkpt lat="45.77949380874634" lon="10.942749857902527">
				<ele>1288.5999755859375</ele>
				<time>2026-08-14T08:38:00Z</time>
			</trkpt>
			<trkpt lat="45.779425501823425" lon="10.942829847335815">
				<ele>1291.800048828125</ele>
				<time>2026-08-14T08:38:17Z</time>
			</trkpt>
			<trkpt lat="45.77941608428955" lon="10.942881107330322">
				<ele>1292.4000244140625</ele>
				<time>2026-08-14T08:38:41Z</time>
			</trkpt>
			<trkpt lat="45.77950072288513" lon="10.943097114562988">
				<ele>1293.199951171875</ele>
				<time>2026-08-14T08:38:57Z</time>
			</trkpt>
			<trkpt lat="45.77951645851135" lon="10.94319748878479">
				<ele>1293.800048828125</ele>
				<time>2026-08-14T08:39:08Z</time>
			</trkpt>
			<trkpt lat="45.77951264381409" lon="10.943214178085327">
				<ele>1293.800048828125</ele>
				<time>2026-08-14T08:39:09Z</time>
			</trkpt>
			<trkpt lat="45.779507994651794" lon="10.94322943687439">
				<ele>1293.800048828125</ele>
				<time>2026-08-14T08:39:10Z</time>
			</trkpt>
			<trkpt lat="45.779479026794434" lon="10.943318605422974">
				<ele>1294.199951171875</ele>
				<time>2026-08-14T08:39:16Z</time>
			</trkpt>
			<trkpt lat="45.77947533130646" lon="10.943336367607117">
				<ele>1294.199951171875</ele>
				<time>2026-08-14T08:39:17Z</time>
			</trkpt>
			<trkpt lat="45.77947175502777" lon="10.943353056907654">
				<ele>1294.199951171875</ele>
				<time>2026-08-14T08:39:18Z</time>
			</trkpt>
			<trkpt lat="45.779494643211365" lon="10.943674683570862">
				<ele>1295.0</ele>
				<time>2026-08-14T08:39:37Z</time>
			</trkpt>
			<trkpt lat="45.779584527015686" lon="10.943952441215515">
				<ele>1296.0</ele>
				<time>2026-08-14T08:39:54Z</time>
			</trkpt>
			<trkpt lat="45.77966487407684" lon="10.944213390350342">
				<ele>1297.0</ele>
				<time>2026-08-14T08:40:13Z</time>
			</trkpt>
			<trkpt lat="45.77966904640198" lon="10.944262862205505">
				<ele>1297.199951171875</ele>
				<time>2026-08-14T08:40:35Z</time>
			</trkpt>
			<trkpt lat="45.779680490493774" lon="10.944288849830627">
				<ele>1297.4000244140625</ele>
				<time>2026-08-14T08:40:37Z</time>
			</trkpt>
			<trkpt lat="45.77968645095825" lon="10.944303035736084">
				<ele>1297.4000244140625</ele>
				<time>2026-08-14T08:40:38Z</time>
			</trkpt>
			<trkpt lat="45.77969169616699" lon="10.944316387176514">
				<ele>1297.4000244140625</ele>
				<time>2026-08-14T08:40:39Z</time>
			</trkpt>
			<trkpt lat="45.7797771692276" lon="10.944557189941406">
				<ele>1298.4000244140625</ele>
				<time>2026-08-14T08:40:55Z</time>
			</trkpt>
			<trkpt lat="45.77988255023956" lon="10.944831371307373">
				<ele>1300.199951171875</ele>
				<time>2026-08-14T08:41:14Z</time>
			</trkpt>
			<trkpt lat="45.77997350692749" lon="10.945069909095764">
				<ele>1301.800048828125</ele>
				<time>2026-08-14T08:41:29Z</time>
			</trkpt>
			<trkpt lat="45.78007090091705" lon="10.945325255393982">
				<ele>1303.5999755859375</ele>
				<time>2026-08-14T08:41:45Z</time>
			</trkpt>
			<trkpt lat="45.78015089035034" lon="10.945604681968689">
				<ele>1304.5999755859375</ele>
				<time>2026-08-14T08:42:02Z</time>
			</trkpt>
			<trkpt lat="45.7802209854126" lon="10.945852160453796">
				<ele>1305.5999755859375</ele>
				<time>2026-08-14T08:42:17Z</time>
			</trkpt>
			<trkpt lat="45.78028738498688" lon="10.946147441864014">
				<ele>1307.4000244140625</ele>
				<time>2026-08-14T08:42:35Z</time>
			</trkpt>
			<trkpt lat="45.78033185005188" lon="10.946411728858948">
				<ele>1309.0</ele>
				<time>2026-08-14T08:42:51Z</time>
			</trkpt>
			<trkpt lat="45.780344128608704" lon="10.946475863456726">
				<ele>1309.800048828125</ele>
				<time>2026-08-14T08:43:07Z</time>
			</trkpt>
			<trkpt lat="45.780349135398865" lon="10.946490406990051">
				<ele>1309.800048828125</ele>
				<time>2026-08-14T08:43:08Z</time>
			</trkpt>
			<trkpt lat="45.780354142189026" lon="10.946506381034851">
				<ele>1309.800048828125</ele>
				<time>2026-08-14T08:43:09Z</time>
			</trkpt>
			<trkpt lat="45.78035640716553" lon="10.94652259349823">
				<ele>1309.800048828125</ele>
				<time>2026-08-14T08:43:10Z</time>
			</trkpt>
			<trkpt lat="45.780359506607056" lon="10.946538090705872">
				<ele>1310.0</ele>
				<time>2026-08-14T08:43:11Z</time>
			</trkpt>
			<trkpt lat="45.78036367893219" lon="10.946553587913513">
				<ele>1310.0</ele>
				<time>2026-08-14T08:43:12Z</time>
			</trkpt>
			<trkpt lat="45.78036880493164" lon="10.94657027721405">
				<ele>1310.0</ele>
				<time>2026-08-14T08:43:13Z</time>
			</trkpt>
			<trkpt lat="45.78037130832672" lon="10.946589469909668">
				<ele>1310.199951171875</ele>
				<time>2026-08-14T08:43:14Z</time>
			</trkpt>
			<trkpt lat="45.78037476539612" lon="10.94660758972168">
				<ele>1310.199951171875</ele>
				<time>2026-08-14T08:43:15Z</time>
			</trkpt>
			<trkpt lat="45.780378222465515" lon="10.946624517440796">
				<ele>1310.4000244140625</ele>
				<time>2026-08-14T08:43:16Z</time>
			</trkpt>
			<trkpt lat="45.78043973445892" lon="10.946927905082703">
				<ele>1311.5999755859375</ele>
				<time>2026-08-14T08:43:34Z</time>
			</trkpt>
			<trkpt lat="45.78047966957092" lon="10.94722032546997">
				<ele>1313.199951171875</ele>
				<time>2026-08-14T08:43:51Z</time>
			</trkpt>
			<trkpt lat="45.780468821525574" lon="10.947489261627197">
				<ele>1315.199951171875</ele>
				<time>2026-08-14T08:44:07Z</time>
			</trkpt>
			<trkpt lat="45.78040552139282" lon="10.947763204574585">
				<ele>1316.4000244140625</ele>
				<time>2026-08-14T08:44:24Z</time>
			</trkpt>
			<trkpt lat="45.78036034107208" lon="10.947918176651001">
				<ele>1317.800048828125</ele>
				<time>2026-08-14T08:44:39Z</time>
			</trkpt>
			<trkpt lat="45.780354142189026" lon="10.947956681251526">
				<ele>1318.199951171875</ele>
				<time>2026-08-14T08:44:49Z</time>
			</trkpt>
			<trkpt lat="45.78034067153931" lon="10.947994470596313">
				<ele>1319.0</ele>
				<time>2026-08-14T08:44:52Z</time>
			</trkpt>
			<trkpt lat="45.78020238876343" lon="10.94817316532135">
				<ele>1320.199951171875</ele>
				<time>2026-08-14T08:45:09Z</time>
			</trkpt>
			<trkpt lat="45.78002679347992" lon="10.948253870010376">
				<ele>1321.0</ele>
				<time>2026-08-14T08:45:25Z</time>
			</trkpt>
			<trkpt lat="45.779829263687134" lon="10.948318481445312">
				<ele>1322.5999755859375</ele>
				<time>2026-08-14T08:45:43Z</time>
			</trkpt>
			<trkpt lat="45.77967429161072" lon="10.948463678359985">
				<ele>1323.5999755859375</ele>
				<time>2026-08-14T08:45:59Z</time>
			</trkpt>
			<trkpt lat="45.779690623283386" lon="10.948716163635254">
				<ele>1325.0</ele>
				<time>2026-08-14T08:46:14Z</time>
			</trkpt>
			<trkpt lat="45.7797646522522" lon="10.948958039283752">
				<ele>1326.800048828125</ele>
				<time>2026-08-14T08:46:29Z</time>
			</trkpt>
			<trkpt lat="45.77980899810791" lon="10.949203610420227">
				<ele>1328.5999755859375</ele>
				<time>2026-08-14T08:46:44Z</time>
			</trkpt>
			<trkpt lat="45.77981233596802" lon="10.949248552322388">
				<ele>1329.4000244140625</ele>
				<time>2026-08-14T08:47:01Z</time>
			</trkpt>
			<trkpt lat="45.77981340885162" lon="10.949282050132751">
				<ele>1329.5999755859375</ele>
				<time>2026-08-14T08:47:03Z</time>
			</trkpt>
			<trkpt lat="45.7798136472702" lon="10.949299335479736">
				<ele>1329.5999755859375</ele>
				<time>2026-08-14T08:47:04Z</time>
			</trkpt>
			<trkpt lat="45.77981173992157" lon="10.949316024780273">
				<ele>1329.800048828125</ele>
				<time>2026-08-14T08:47:05Z</time>
			</trkpt>
			<trkpt lat="45.77975833415985" lon="10.949577927589417">
				<ele>1330.199951171875</ele>
				<time>2026-08-14T08:47:21Z</time>
			</trkpt>
			<trkpt lat="45.77965021133423" lon="10.949755311012268">
				<ele>1331.4000244140625</ele>
				<time>2026-08-14T08:47:36Z</time>
			</trkpt>
			<trkpt lat="45.77961730957031" lon="10.949775099754333">
				<ele>1331.5999755859375</ele>
				<time>2026-08-14T08:47:39Z</time>
			</trkpt>
			<trkpt lat="45.779520988464355" lon="10.949879765510559">
				<ele>1332.5999755859375</ele>
				<time>2026-08-14T08:47:50Z</time>
			</trkpt>
			<trkpt lat="45.77943027019501" lon="10.949930310249329">
				<ele>1333.5999755859375</ele>
				<time>2026-08-14T08:47:59Z</time>
			</trkpt>
			<trkpt lat="45.77941906452179" lon="10.949933648109436">
				<ele>1333.800048828125</ele>
				<time>2026-08-14T08:48:00Z</time>
			</trkpt>
			<trkpt lat="45.77926230430603" lon="10.949995756149292">
				<ele>1335.199951171875</ele>
				<time>2026-08-14T08:48:14Z</time>
			</trkpt>
			<trkpt lat="45.77918303012848" lon="10.950021028518677">
				<ele>1336.4000244140625</ele>
				<time>2026-08-14T08:48:24Z</time>
			</trkpt>
			<trkpt lat="45.77917420864105" lon="10.950022101402283">
				<ele>1336.5999755859375</ele>
				<time>2026-08-14T08:48:25Z</time>
			</trkpt>
			<trkpt lat="45.7791645526886" lon="10.950025081634521">
				<ele>1336.800048828125</ele>
				<time>2026-08-14T08:48:26Z</time>
			</trkpt>
			<trkpt lat="45.77896595001221" lon="10.950114488601685">
				<ele>1338.199951171875</ele>
				<time>2026-08-14T08:48:43Z</time>
			</trkpt>
			<trkpt lat="45.778813123703" lon="10.950260877609253">
				<ele>1339.4000244140625</ele>
				<time>2026-08-14T08:48:58Z</time>
			</trkpt>
			<trkpt lat="45.7786819934845" lon="10.950404047966003">
				<ele>1340.199951171875</ele>
				<time>2026-08-14T08:49:12Z</time>
			</trkpt>
			<trkpt lat="45.77847743034363" lon="10.950440049171448">
				<ele>1341.800048828125</ele>
				<time>2026-08-14T08:49:30Z</time>
			</trkpt>
			<trkpt lat="45.77826201915741" lon="10.950413346290588">
				<ele>1343.4000244140625</ele>
				<time>2026-08-14T08:49:48Z</time>
			</trkpt>
			<trkpt lat="45.77806222438812" lon="10.950379490852356">
				<ele>1344.5999755859375</ele>
				<time>2026-08-14T08:50:05Z</time>
			</trkpt>
			<trkpt lat="45.77790284156799" lon="10.950344443321228">
				<ele>1345.800048828125</ele>
				<time>2026-08-14T08:50:19Z</time>
			</trkpt>
			<trkpt lat="45.77771854400635" lon="10.95033884048462">
				<ele>1347.199951171875</ele>
				<time>2026-08-14T08:50:35Z</time>
			</trkpt>
			<trkpt lat="45.77761769294739" lon="10.950350165367126">
				<ele>1347.800048828125</ele>
				<time>2026-08-14T08:50:44Z</time>
			</trkpt>
			<trkpt lat="45.77739131450653" lon="10.950377345085144">
				<ele>1349.4000244140625</ele>
				<time>2026-08-14T08:51:03Z</time>
			</trkpt>
			<trkpt lat="45.77734637260437" lon="10.950387001037598">
				<ele>1349.800048828125</ele>
				<time>2026-08-14T08:51:07Z</time>
			</trkpt>
			<trkpt lat="45.77733361721039" lon="10.950385212898254">
				<ele>1349.800048828125</ele>
				<time>2026-08-14T08:51:08Z</time>
			</trkpt>
			<trkpt lat="45.777321219444275" lon="10.950385689735413">
				<ele>1350.0</ele>
				<time>2026-08-14T08:51:09Z</time>
			</trkpt>
			<trkpt lat="45.77712261676788" lon="10.950422763824463">
				<ele>1351.800048828125</ele>
				<time>2026-08-14T08:51:26Z</time>
			</trkpt>
			<trkpt lat="45.777076840400696" lon="10.950430750846863">
				<ele>1352.199951171875</ele>
				<time>2026-08-14T08:51:30Z</time>
			</trkpt>
			<trkpt lat="45.77706587314606" lon="10.95042884349823">
				<ele>1352.4000244140625</ele>
				<time>2026-08-14T08:51:31Z</time>
			</trkpt>
			<trkpt lat="45.777052879333496" lon="10.950426697731018">
				<ele>1352.5999755859375</ele>
				<time>2026-08-14T08:51:32Z</time>
			</trkpt>
			<trkpt lat="45.777039766311646" lon="10.950426459312439">
				<ele>1352.5999755859375</ele>
				<time>2026-08-14T08:51:33Z</time>
			</trkpt>
			<trkpt lat="45.77702760696411" lon="10.950425624847412">
				<ele>1352.5999755859375</ele>
				<time>2026-08-14T08:51:34Z</time>
			</trkpt>
			<trkpt lat="45.777015805244446" lon="10.950425386428833">
				<ele>1352.800048828125</ele>
				<time>2026-08-14T08:51:35Z</time>
			</trkpt>
			<trkpt lat="45.77700364589691" lon="10.950428128242493">
				<ele>1352.800048828125</ele>
				<time>2026-08-14T08:51:36Z</time>
			</trkpt>
			<trkpt lat="45.77699255943298" lon="10.950431823730469">
				<ele>1353.0</ele>
				<time>2026-08-14T08:51:37Z</time>
			</trkpt>
			<trkpt lat="45.77698242664337" lon="10.9504314661026">
				<ele>1353.0</ele>
				<time>2026-08-14T08:51:38Z</time>
			</trkpt>
			<trkpt lat="45.77697134017944" lon="10.95042896270752">
				<ele>1353.0</ele>
				<time>2026-08-14T08:51:39Z</time>
			</trkpt>
			<trkpt lat="45.7769593000412" lon="10.950429558753967">
				<ele>1353.199951171875</ele>
				<time>2026-08-14T08:51:40Z</time>
			</trkpt>
			<trkpt lat="45.77694880962372" lon="10.950429916381836">
				<ele>1353.199951171875</ele>
				<time>2026-08-14T08:51:41Z</time>
			</trkpt>
			<trkpt lat="45.776936650276184" lon="10.950429320335388">
				<ele>1353.4000244140625</ele>
				<time>2026-08-14T08:51:42Z</time>
			</trkpt>
			<trkpt lat="45.77692461013794" lon="10.950432777404785">
				<ele>1353.4000244140625</ele>
				<time>2026-08-14T08:51:43Z</time>
			</trkpt>
			<trkpt lat="45.776904463768005" lon="10.950438380241394">
				<ele>1353.5999755859375</ele>
				<time>2026-08-14T08:51:45Z</time>
			</trkpt>
			<trkpt lat="45.7768931388855" lon="10.950438737869263">
				<ele>1353.800048828125</ele>
				<time>2026-08-14T08:51:46Z</time>
			</trkpt>
			<trkpt lat="45.77688121795654" lon="10.950441718101501">
				<ele>1353.800048828125</ele>
				<time>2026-08-14T08:51:47Z</time>
			</trkpt>
			<trkpt lat="45.776870250701904" lon="10.95044469833374">
				<ele>1354.0</ele>
				<time>2026-08-14T08:51:48Z</time>
			</trkpt>
			<trkpt lat="45.776859283447266" lon="10.950447797775269">
				<ele>1354.0</ele>
				<time>2026-08-14T08:51:49Z</time>
			</trkpt>
			<trkpt lat="45.77684772014618" lon="10.950452327728271">
				<ele>1354.0</ele>
				<time>2026-08-14T08:51:50Z</time>
			</trkpt>
			<trkpt lat="45.776737689971924" lon="10.950466513633728">
				<ele>1355.0</ele>
				<time>2026-08-14T08:52:00Z</time>
			</trkpt>
			<trkpt lat="45.77672529220581" lon="10.950468182563782">
				<ele>1355.199951171875</ele>
				<time>2026-08-14T08:52:01Z</time>
			</trkpt>
			<trkpt lat="45.776713609695435" lon="10.950472235679626">
				<ele>1355.199951171875</ele>
				<time>2026-08-14T08:52:02Z</time>
			</trkpt>
			<trkpt lat="45.776702642440796" lon="10.950474500656128">
				<ele>1355.4000244140625</ele>
				<time>2026-08-14T08:52:03Z</time>
			</trkpt>
			<trkpt lat="45.77669060230255" lon="10.950477361679077">
				<ele>1355.4000244140625</ele>
				<time>2026-08-14T08:52:04Z</time>
			</trkpt>
			<trkpt lat="45.77667856216431" lon="10.950484871864319">
				<ele>1355.5999755859375</ele>
				<time>2026-08-14T08:52:05Z</time>
			</trkpt>
			<trkpt lat="45.776668190956116" lon="10.950493693351746">
				<ele>1355.5999755859375</ele>
				<time>2026-08-14T08:52:06Z</time>
			</trkpt>
			<trkpt lat="45.7765257358551" lon="10.950602412223816">
				<ele>1356.5999755859375</ele>
				<time>2026-08-14T08:52:20Z</time>
			</trkpt>
			<trkpt lat="45.77636539936066" lon="10.95074188709259">
				<ele>1358.0</ele>
				<time>2026-08-14T08:52:35Z</time>
			</trkpt>
			<trkpt lat="45.77632486820221" lon="10.950783848762512">
				<ele>1358.199951171875</ele>
				<time>2026-08-14T08:52:39Z</time>
			</trkpt>
			<trkpt lat="45.77631735801697" lon="10.9507976770401">
				<ele>1358.199951171875</ele>
				<time>2026-08-14T08:52:40Z</time>
			</trkpt>
			<trkpt lat="45.77630937099457" lon="10.950807929039001">
				<ele>1358.4000244140625</ele>
				<time>2026-08-14T08:52:41Z</time>
			</trkpt>
			<trkpt lat="45.776299715042114" lon="10.950817823410034">
				<ele>1358.5999755859375</ele>
				<time>2026-08-14T08:52:42Z</time>
			</trkpt>
			<trkpt lat="45.7762895822525" lon="10.950828790664673">
				<ele>1358.5999755859375</ele>
				<time>2026-08-14T08:52:43Z</time>
			</trkpt>
			<trkpt lat="45.776281118392944" lon="10.95084261894226">
				<ele>1358.800048828125</ele>
				<time>2026-08-14T08:52:44Z</time>
			</trkpt>
			<trkpt lat="45.77627122402191" lon="10.950853943824768">
				<ele>1358.800048828125</ele>
				<time>2026-08-14T08:52:45Z</time>
			</trkpt>
			<trkpt lat="45.77626049518585" lon="10.950864553451538">
				<ele>1358.800048828125</ele>
				<time>2026-08-14T08:52:46Z</time>
			</trkpt>
			<trkpt lat="45.77625131607056" lon="10.950877666473389">
				<ele>1359.0</ele>
				<time>2026-08-14T08:52:47Z</time>
			</trkpt>
			<trkpt lat="45.77624225616455" lon="10.950891971588135">
				<ele>1359.199951171875</ele>
				<time>2026-08-14T08:52:48Z</time>
			</trkpt>
			<trkpt lat="45.776103019714355" lon="10.951068997383118">
				<ele>1361.199951171875</ele>
				<time>2026-08-14T08:53:03Z</time>
			</trkpt>
			<trkpt lat="45.77592623233795" lon="10.951198101043701">
				<ele>1363.0</ele>
				<time>2026-08-14T08:53:19Z</time>
			</trkpt>
			<trkpt lat="45.775758385658264" lon="10.951273202896118">
				<ele>1364.800048828125</ele>
				<time>2026-08-14T08:53:34Z</time>
			</trkpt>
			<trkpt lat="45.77557861804962" lon="10.951372742652893">
				<ele>1366.800048828125</ele>
				<time>2026-08-14T08:53:50Z</time>
			</trkpt>
			<trkpt lat="45.77546167373657" lon="10.951438069343567">
				<ele>1367.800048828125</ele>
				<time>2026-08-14T08:54:00Z</time>
			</trkpt>
			<trkpt lat="45.77545142173767" lon="10.951446890830994">
				<ele>1367.800048828125</ele>
				<time>2026-08-14T08:54:01Z</time>
			</trkpt>
			<trkpt lat="45.77544116973877" lon="10.951453447341919">
				<ele>1368.0</ele>
				<time>2026-08-14T08:54:02Z</time>
			</trkpt>
			<trkpt lat="45.77543020248413" lon="10.951460480690002">
				<ele>1368.0</ele>
				<time>2026-08-14T08:54:03Z</time>
			</trkpt>
			<trkpt lat="45.77541923522949" lon="10.951470255851746">
				<ele>1368.0</ele>
				<time>2026-08-14T08:54:04Z</time>
			</trkpt>
			<trkpt lat="45.77540826797485" lon="10.951482057571411">
				<ele>1368.199951171875</ele>
				<time>2026-08-14T08:54:05Z</time>
			</trkpt>
			<trkpt lat="45.77531909942627" lon="10.951713681221008">
				<ele>1369.5999755859375</ele>
				<time>2026-08-14T08:54:21Z</time>
			</trkpt>
			<trkpt lat="45.775331020355225" lon="10.9518723487854">
				<ele>1371.199951171875</ele>
				<time>2026-08-14T08:54:35Z</time>
			</trkpt>
			<trkpt lat="45.775325775146484" lon="10.951891779899597">
				<ele>1371.800048828125</ele>
				<time>2026-08-14T08:54:41Z</time>
			</trkpt>
			<trkpt lat="45.77532517910004" lon="10.951907753944397">
				<ele>1371.800048828125</ele>
				<time>2026-08-14T08:54:42Z</time>
			</trkpt>
			<trkpt lat="45.77532482147217" lon="10.951923131942749">
				<ele>1371.800048828125</ele>
				<time>2026-08-14T08:54:43Z</time>
			</trkpt>
			<trkpt lat="45.77532386779785" lon="10.951938509941101">
				<ele>1372.0</ele>
				<time>2026-08-14T08:54:44Z</time>
			</trkpt>
			<trkpt lat="45.77532374858856" lon="10.951955914497375">
				<ele>1372.0</ele>
				<time>2026-08-14T08:54:45Z</time>
			</trkpt>
			<trkpt lat="45.77532458305359" lon="10.951974034309387">
				<ele>1372.0</ele>
				<time>2026-08-14T08:54:46Z</time>
			</trkpt>
			<trkpt lat="45.77526938915253" lon="10.95216715335846">
				<ele>1373.0</ele>
				<time>2026-08-14T08:54:58Z</time>
			</trkpt>
			<trkpt lat="45.77526021003723" lon="10.952175736427307">
				<ele>1373.199951171875</ele>
				<time>2026-08-14T08:54:59Z</time>
			</trkpt>
			<trkpt lat="45.775248646736145" lon="10.952180981636047">
				<ele>1373.199951171875</ele>
				<time>2026-08-14T08:55:00Z</time>
			</trkpt>
			<trkpt lat="45.77523589134216" lon="10.952188730239868">
				<ele>1373.199951171875</ele>
				<time>2026-08-14T08:55:01Z</time>
			</trkpt>
			<trkpt lat="45.775224566459656" lon="10.95219898223877">
				<ele>1373.199951171875</ele>
				<time>2026-08-14T08:55:02Z</time>
			</trkpt>
			<trkpt lat="45.77515125274658" lon="10.95226001739502">
				<ele>1374.199951171875</ele>
				<time>2026-08-14T08:55:15Z</time>
			</trkpt>
			<trkpt lat="45.77511370182037" lon="10.952314376831055">
				<ele>1374.4000244140625</ele>
				<time>2026-08-14T08:55:28Z</time>
			</trkpt>
			<trkpt lat="45.775112986564636" lon="10.952347755432129">
				<ele>1374.0</ele>
				<time>2026-08-14T08:55:47Z</time>
			</trkpt>
			<trkpt lat="45.77510952949524" lon="10.952330827713013">
				<ele>1374.4000244140625</ele>
				<time>2026-08-14T08:56:15Z</time>
			</trkpt>
			<trkpt lat="45.77511131763458" lon="10.952329754829407">
				<ele>1374.800048828125</ele>
				<time>2026-08-14T08:56:56Z</time>
			</trkpt>
			<trkpt lat="45.77511787414551" lon="10.952261924743652">
				<ele>1375.0</ele>
				<time>2026-08-14T08:57:56Z</time>
			</trkpt>
			<trkpt lat="45.77508795261383" lon="10.95223617553711">
				<ele>1375.4000244140625</ele>
				<time>2026-08-14T08:58:00Z</time>
			</trkpt>
			<trkpt lat="45.775054693222046" lon="10.952207803726196">
				<ele>1375.4000244140625</ele>
				<time>2026-08-14T08:58:04Z</time>
			</trkpt>
			<trkpt lat="45.77501940727234" lon="10.952163696289062">
				<ele>1376.199951171875</ele>
				<time>2026-08-14T08:58:20Z</time>
			</trkpt>
			<trkpt lat="45.7750049829483" lon="10.952145338058472">
				<ele>1376.199951171875</ele>
				<time>2026-08-14T08:58:22Z</time>
			</trkpt>
			<trkpt lat="45.77497982978821" lon="10.952118873596191">
				<ele>1376.0</ele>
				<time>2026-08-14T08:58:25Z</time>
			</trkpt>
			<trkpt lat="45.77491307258606" lon="10.952065110206604">
				<ele>1376.4000244140625</ele>
				<time>2026-08-14T08:58:37Z</time>
			</trkpt>
			<trkpt lat="45.77490544319153" lon="10.95205545425415">
				<ele>1376.4000244140625</ele>
				<time>2026-08-14T08:58:38Z</time>
			</trkpt>
			<trkpt lat="45.77489674091339" lon="10.952046990394592">
				<ele>1376.4000244140625</ele>
				<time>2026-08-14T08:58:39Z</time>
			</trkpt>
			<trkpt lat="45.77487862110138" lon="10.952028512954712">
				<ele>1376.5999755859375</ele>
				<time>2026-08-14T08:58:41Z</time>
			</trkpt>
			<trkpt lat="45.774869084358215" lon="10.952019810676575">
				<ele>1376.5999755859375</ele>
				<time>2026-08-14T08:58:42Z</time>
			</trkpt>
			<trkpt lat="45.774698138237" lon="10.951923131942749">
				<ele>1378.0</ele>
				<time>2026-08-14T08:58:59Z</time>
			</trkpt>
			<trkpt lat="45.77452754974365" lon="10.951919078826904">
				<ele>1379.199951171875</ele>
				<time>2026-08-14T08:59:14Z</time>
			</trkpt>
			<trkpt lat="45.774423003196716" lon="10.952079892158508">
				<ele>1380.199951171875</ele>
				<time>2026-08-14T08:59:28Z</time>
			</trkpt>
			<trkpt lat="45.77441358566284" lon="10.952128410339355">
				<ele>1381.0</ele>
				<time>2026-08-14T08:59:38Z</time>
			</trkpt>
			<trkpt lat="45.77441430091858" lon="10.952145338058472">
				<ele>1381.0</ele>
				<time>2026-08-14T08:59:39Z</time>
			</trkpt>
			<trkpt lat="45.7744175195694" lon="10.952162027359009">
				<ele>1381.0</ele>
				<time>2026-08-14T08:59:40Z</time>
			</trkpt>
			<trkpt lat="45.77447760105133" lon="10.952423453330994">
				<ele>1382.4000244140625</ele>
				<time>2026-08-14T08:59:57Z</time>
			</trkpt>
			<trkpt lat="45.77449667453766" lon="10.952667713165283">
				<ele>1384.0</ele>
				<time>2026-08-14T09:00:12Z</time>
			</trkpt>
			<trkpt lat="45.7744505405426" lon="10.952942609786987">
				<ele>1386.0</ele>
				<time>2026-08-14T09:00:29Z</time>
			</trkpt>
			<trkpt lat="45.77441847324371" lon="10.953047752380371">
				<ele>1386.5999755859375</ele>
				<time>2026-08-14T09:00:36Z</time>
			</trkpt>
			<trkpt lat="45.77441132068634" lon="10.953059911727905">
				<ele>1386.800048828125</ele>
				<time>2026-08-14T09:00:37Z</time>
			</trkpt>
			<trkpt lat="45.77440416812897" lon="10.953073263168335">
				<ele>1386.800048828125</ele>
				<time>2026-08-14T09:00:38Z</time>
			</trkpt>
			<trkpt lat="45.77434730529785" lon="10.95315408706665">
				<ele>1387.4000244140625</ele>
				<time>2026-08-14T09:00:45Z</time>
			</trkpt>
			<trkpt lat="45.774335861206055" lon="10.953162670135498">
				<ele>1387.5999755859375</ele>
				<time>2026-08-14T09:00:46Z</time>
			</trkpt>
			<trkpt lat="45.774325251579285" lon="10.953173875808716">
				<ele>1387.5999755859375</ele>
				<time>2026-08-14T09:00:47Z</time>
			</trkpt>
			<trkpt lat="45.77418112754822" lon="10.953280091285706">
				<ele>1388.5999755859375</ele>
				<time>2026-08-14T09:01:01Z</time>
			</trkpt>
			<trkpt lat="45.77408063411713" lon="10.953333139419556">
				<ele>1389.4000244140625</ele>
				<time>2026-08-14T09:01:10Z</time>
			</trkpt>
			<trkpt lat="45.774070739746094" lon="10.95333993434906">
				<ele>1389.4000244140625</ele>
				<time>2026-08-14T09:01:11Z</time>
			</trkpt>
			<trkpt lat="45.77402102947235" lon="10.95338249206543">
				<ele>1389.5999755859375</ele>
				<time>2026-08-14T09:01:16Z</time>
			</trkpt>
			<trkpt lat="45.774009108543396" lon="10.953388571739197">
				<ele>1389.5999755859375</ele>
				<time>2026-08-14T09:01:17Z</time>
			</trkpt>
			<trkpt lat="45.773860931396484" lon="10.953484654426575">
				<ele>1390.800048828125</ele>
				<time>2026-08-14T09:01:31Z</time>
			</trkpt>
			<trkpt lat="45.77384960651398" lon="10.953490734100342">
				<ele>1390.800048828125</ele>
				<time>2026-08-14T09:01:32Z</time>
			</trkpt>
			<trkpt lat="45.77377676963806" lon="10.95352840423584">
				<ele>1391.4000244140625</ele>
				<time>2026-08-14T09:01:39Z</time>
			</trkpt>
			<trkpt lat="45.77376461029053" lon="10.953533291816711">
				<ele>1391.5999755859375</ele>
				<time>2026-08-14T09:01:40Z</time>
			</trkpt>
			<trkpt lat="45.773603439331055" lon="10.953576803207397">
				<ele>1392.5999755859375</ele>
				<time>2026-08-14T09:01:54Z</time>
			</trkpt>
			<trkpt lat="45.77343237400055" lon="10.953643202781677">
				<ele>1394.4000244140625</ele>
				<time>2026-08-14T09:02:09Z</time>
			</trkpt>
			<trkpt lat="45.77336084842682" lon="10.953654170036316">
				<ele>1394.800048828125</ele>
				<time>2026-08-14T09:02:15Z</time>
			</trkpt>
			<trkpt lat="45.77335011959076" lon="10.953655123710632">
				<ele>1394.800048828125</ele>
				<time>2026-08-14T09:02:16Z</time>
			</trkpt>
			<trkpt lat="45.773160099983215" lon="10.953671097755432">
				<ele>1396.800048828125</ele>
				<time>2026-08-14T09:02:32Z</time>
			</trkpt>
			<trkpt lat="45.77298986911774" lon="10.95367705821991">
				<ele>1398.4000244140625</ele>
				<time>2026-08-14T09:02:47Z</time>
			</trkpt>
			<trkpt lat="45.77279615402222" lon="10.953675389289856">
				<ele>1400.0</ele>
				<time>2026-08-14T09:03:04Z</time>
			</trkpt>
			<trkpt lat="45.772600531578064" lon="10.95371663570404">
				<ele>1401.800048828125</ele>
				<time>2026-08-14T09:03:21Z</time>
			</trkpt>
			<trkpt lat="45.77241003513336" lon="10.953779816627502">
				<ele>1403.199951171875</ele>
				<time>2026-08-14T09:03:38Z</time>
			</trkpt>
			<trkpt lat="45.772398710250854" lon="10.95378053188324">
				<ele>1403.4000244140625</ele>
				<time>2026-08-14T09:03:39Z</time>
			</trkpt>
			<trkpt lat="45.77238738536835" lon="10.953782677650452">
				<ele>1403.4000244140625</ele>
				<time>2026-08-14T09:03:40Z</time>
			</trkpt>
			<trkpt lat="45.772377490997314" lon="10.953785181045532">
				<ele>1403.4000244140625</ele>
				<time>2026-08-14T09:03:41Z</time>
			</trkpt>
			<trkpt lat="45.772366642951965" lon="10.95378863811493">
				<ele>1403.4000244140625</ele>
				<time>2026-08-14T09:03:42Z</time>
			</trkpt>
			<trkpt lat="45.77235543727875" lon="10.95379650592804">
				<ele>1403.5999755859375</ele>
				<time>2026-08-14T09:03:43Z</time>
			</trkpt>
			<trkpt lat="45.77234470844269" lon="10.953802824020386">
				<ele>1403.5999755859375</ele>
				<time>2026-08-14T09:03:44Z</time>
			</trkpt>
			<trkpt lat="45.7723343372345" lon="10.953804969787598">
				<ele>1403.800048828125</ele>
				<time>2026-08-14T09:03:45Z</time>
			</trkpt>
			<trkpt lat="45.772321343421936" lon="10.9538072347641">
				<ele>1403.800048828125</ele>
				<time>2026-08-14T09:03:46Z</time>
			</trkpt>
			<trkpt lat="45.77214014530182" lon="10.95387351512909">
				<ele>1405.0</ele>
				<time>2026-08-14T09:04:02Z</time>
			</trkpt>
			<trkpt lat="45.77202367782593" lon="10.953909993171692">
				<ele>1405.5999755859375</ele>
				<time>2026-08-14T09:04:12Z</time>
			</trkpt>
			<trkpt lat="45.77190434932709" lon="10.95408296585083">
				<ele>1407.0</ele>
				<time>2026-08-14T09:04:26Z</time>
			</trkpt>
			<trkpt lat="45.77186048030853" lon="10.954320192337036">
				<ele>1408.199951171875</ele>
				<time>2026-08-14T09:04:40Z</time>
			</trkpt>
			<trkpt lat="45.77193605899811" lon="10.954606413841248">
				<ele>1410.5999755859375</ele>
				<time>2026-08-14T09:04:58Z</time>
			</trkpt>
			<trkpt lat="45.77209830284119" lon="10.954740643501282">
				<ele>1412.199951171875</ele>
				<time>2026-08-14T09:05:14Z</time>
			</trkpt>
			<trkpt lat="45.772252678871155" lon="10.954942464828491">
				<ele>1414.800048828125</ele>
				<time>2026-08-14T09:05:32Z</time>
			</trkpt>
			<trkpt lat="45.77227282524109" lon="10.954997301101685">
				<ele>1416.0</ele>
				<time>2026-08-14T09:05:47Z</time>
			</trkpt>
			<trkpt lat="45.772276282310486" lon="10.9550039768219">
				<ele>1417.0</ele>
				<time>2026-08-14T09:06:18Z</time>
			</trkpt>
			<trkpt lat="45.772284388542175" lon="10.955036878585815">
				<ele>1417.5999755859375</ele>
				<time>2026-08-14T09:06:37Z</time>
			</trkpt>
			<trkpt lat="45.77228832244873" lon="10.955052852630615">
				<ele>1417.5999755859375</ele>
				<time>2026-08-14T09:06:38Z</time>
			</trkpt>
			<trkpt lat="45.77229344844818" lon="10.955069184303284">
				<ele>1417.800048828125</ele>
				<time>2026-08-14T09:06:39Z</time>
			</trkpt>
			<trkpt lat="45.772297382354736" lon="10.955083847045898">
				<ele>1417.800048828125</ele>
				<time>2026-08-14T09:06:40Z</time>
			</trkpt>
			<trkpt lat="45.77229964733124" lon="10.95509922504425">
				<ele>1417.800048828125</ele>
				<time>2026-08-14T09:06:41Z</time>
			</trkpt>
			<trkpt lat="45.77230131626129" lon="10.955116868019104">
				<ele>1417.800048828125</ele>
				<time>2026-08-14T09:06:42Z</time>
			</trkpt>
			<trkpt lat="45.77235209941864" lon="10.955403685569763">
				<ele>1418.800048828125</ele>
				<time>2026-08-14T09:06:59Z</time>
			</trkpt>
			<trkpt lat="45.77239727973938" lon="10.955580115318298">
				<ele>1419.800048828125</ele>
				<time>2026-08-14T09:07:15Z</time>
			</trkpt>
			<trkpt lat="45.77239525318146" lon="10.955604314804077">
				<ele>1420.199951171875</ele>
				<time>2026-08-14T09:07:20Z</time>
			</trkpt>
			<trkpt lat="45.772417187690735" lon="10.955650568008423">
				<ele>1420.199951171875</ele>
				<time>2026-08-14T09:07:30Z</time>
			</trkpt>
			<trkpt lat="45.77244257926941" lon="10.95568072795868">
				<ele>1420.199951171875</ele>
				<time>2026-08-14T09:07:33Z</time>
			</trkpt>
			<trkpt lat="45.772449135780334" lon="10.955692172050476">
				<ele>1420.199951171875</ele>
				<time>2026-08-14T09:07:34Z</time>
			</trkpt>
			<trkpt lat="45.77245485782623" lon="10.955704927444458">
				<ele>1420.199951171875</ele>
				<time>2026-08-14T09:07:35Z</time>
			</trkpt>
			<trkpt lat="45.77256381511688" lon="10.955931186676025">
				<ele>1421.0</ele>
				<time>2026-08-14T09:07:50Z</time>
			</trkpt>
			<trkpt lat="45.77263414859772" lon="10.956265091896057">
				<ele>1423.199951171875</ele>
				<time>2026-08-14T09:08:09Z</time>
			</trkpt>
			<trkpt lat="45.77265977859497" lon="10.956596851348877">
				<ele>1425.199951171875</ele>
				<time>2026-08-14T09:08:27Z</time>
			</trkpt>
			<trkpt lat="45.77263557910919" lon="10.956863522529602">
				<ele>1426.5999755859375</ele>
				<time>2026-08-14T09:08:45Z</time>
			</trkpt>
			<trkpt lat="45.77263534069061" lon="10.956883668899536">
				<ele>1427.0</ele>
				<time>2026-08-14T09:08:56Z</time>
			</trkpt>
			<trkpt lat="45.77263021469116" lon="10.956898093223572">
				<ele>1427.0</ele>
				<time>2026-08-14T09:08:57Z</time>
			</trkpt>
			<trkpt lat="45.77262568473816" lon="10.956913709640503">
				<ele>1427.0</ele>
				<time>2026-08-14T09:08:58Z</time>
			</trkpt>
			<trkpt lat="45.77262258529663" lon="10.956929564476013">
				<ele>1427.0</ele>
				<time>2026-08-14T09:08:59Z</time>
			</trkpt>
			<trkpt lat="45.772618770599365" lon="10.956945300102234">
				<ele>1427.0</ele>
				<time>2026-08-14T09:09:00Z</time>
			</trkpt>
			<trkpt lat="45.77261567115784" lon="10.956960678100586">
				<ele>1427.0</ele>
				<time>2026-08-14T09:09:01Z</time>
			</trkpt>
			<trkpt lat="45.77261245250702" lon="10.956976294517517">
				<ele>1427.199951171875</ele>
				<time>2026-08-14T09:09:02Z</time>
			</trkpt>
			<trkpt lat="45.77260172367096" lon="10.957005262374878">
				<ele>1427.800048828125</ele>
				<time>2026-08-14T09:09:20Z</time>
			</trkpt>
			<trkpt lat="45.77258372306824" lon="10.95700216293335">
				<ele>1427.199951171875</ele>
				<time>2026-08-14T09:09:31Z</time>
			</trkpt>
			<trkpt lat="45.772585272789" lon="10.957021594047546">
				<ele>1427.199951171875</ele>
				<time>2026-08-14T09:09:32Z</time>
			</trkpt>
			<trkpt lat="45.77258563041687" lon="10.95704174041748">
				<ele>1427.199951171875</ele>
				<time>2026-08-14T09:09:33Z</time>
			</trkpt>
			<trkpt lat="45.772584319114685" lon="10.957058787345886">
				<ele>1427.199951171875</ele>
				<time>2026-08-14T09:09:34Z</time>
			</trkpt>
			<trkpt lat="45.77258312702179" lon="10.957074046134949">
				<ele>1427.199951171875</ele>
				<time>2026-08-14T09:09:35Z</time>
			</trkpt>
			<trkpt lat="45.77252006530762" lon="10.957243800163269">
				<ele>1427.800048828125</ele>
				<time>2026-08-14T09:09:47Z</time>
			</trkpt>
			<trkpt lat="45.77251625061035" lon="10.957258820533752">
				<ele>1427.800048828125</ele>
				<time>2026-08-14T09:09:48Z</time>
			</trkpt>
			<trkpt lat="45.77251076698303" lon="10.957274675369263">
				<ele>1427.800048828125</ele>
				<time>2026-08-14T09:09:49Z</time>
			</trkpt>
			<trkpt lat="45.77250349521637" lon="10.957288146018982">
				<ele>1428.0</ele>
				<time>2026-08-14T09:09:50Z</time>
			</trkpt>
			<trkpt lat="45.772496700286865" lon="10.957300305366516">
				<ele>1428.0</ele>
				<time>2026-08-14T09:09:51Z</time>
			</trkpt>
			<trkpt lat="45.77234244346619" lon="10.957516074180603">
				<ele>1429.199951171875</ele>
				<time>2026-08-14T09:10:09Z</time>
			</trkpt>
			<trkpt lat="45.77216458320618" lon="10.95765233039856">
				<ele>1430.4000244140625</ele>
				<time>2026-08-14T09:10:25Z</time>
			</trkpt>
			<trkpt lat="45.7720011472702" lon="10.957738876342773">
				<ele>1431.4000244140625</ele>
				<time>2026-08-14T09:10:39Z</time>
			</trkpt>
			<trkpt lat="45.77180516719818" lon="10.957800269126892">
				<ele>1433.0</ele>
				<time>2026-08-14T09:10:55Z</time>
			</trkpt>
			<trkpt lat="45.7716429233551" lon="10.957854509353638">
				<ele>1434.0</ele>
				<time>2026-08-14T09:11:09Z</time>
			</trkpt>
			<trkpt lat="45.771488547325134" lon="10.957916259765625">
				<ele>1435.800048828125</ele>
				<time>2026-08-14T09:11:22Z</time>
			</trkpt>
			<trkpt lat="45.771408915519714" lon="10.957956671714783">
				<ele>1436.5999755859375</ele>
				<time>2026-08-14T09:11:29Z</time>
			</trkpt>
			<trkpt lat="45.77134847640991" lon="10.95799207687378">
				<ele>1437.800048828125</ele>
				<time>2026-08-14T09:11:42Z</time>
			</trkpt>
			<trkpt lat="45.77129304409027" lon="10.957994818687439">
				<ele>1439.5999755859375</ele>
				<time>2026-08-14T09:12:22Z</time>
			</trkpt>
			<trkpt lat="45.77128255367279" lon="10.957997918128967">
				<ele>1439.5999755859375</ele>
				<time>2026-08-14T09:12:23Z</time>
			</trkpt>
			<trkpt lat="45.77127134799957" lon="10.958001255989075">
				<ele>1439.800048828125</ele>
				<time>2026-08-14T09:12:24Z</time>
			</trkpt>
			<trkpt lat="45.77126121520996" lon="10.958005785942078">
				<ele>1439.800048828125</ele>
				<time>2026-08-14T09:12:25Z</time>
			</trkpt>
			<trkpt lat="45.77113330364227" lon="10.958053231239319">
				<ele>1440.5999755859375</ele>
				<time>2026-08-14T09:12:36Z</time>
			</trkpt>
			<trkpt lat="45.77099573612213" lon="10.958150386810303">
				<ele>1442.0</ele>
				<time>2026-08-14T09:12:49Z</time>
			</trkpt>
			<trkpt lat="45.77090787887573" lon="10.958196878433228">
				<ele>1442.4000244140625</ele>
				<time>2026-08-14T09:12:57Z</time>
			</trkpt>
			<trkpt lat="45.770896673202515" lon="10.95820152759552">
				<ele>1442.4000244140625</ele>
				<time>2026-08-14T09:12:58Z</time>
			</trkpt>
			<trkpt lat="45.77088403701782" lon="10.958206415176392">
				<ele>1442.4000244140625</ele>
				<time>2026-08-14T09:12:59Z</time>
			</trkpt>
			<trkpt lat="45.77075660228729" lon="10.95827603340149">
				<ele>1443.5999755859375</ele>
				<time>2026-08-14T09:13:10Z</time>
			</trkpt>
			<trkpt lat="45.77074456214905" lon="10.958281755447388">
				<ele>1443.5999755859375</ele>
				<time>2026-08-14T09:13:11Z</time>
			</trkpt>
			<trkpt lat="45.77071738243103" lon="10.958298563957214">
				<ele>1443.5999755859375</ele>
				<time>2026-08-14T09:13:14Z</time>
			</trkpt>
			<trkpt lat="45.770705819129944" lon="10.958309888839722">
				<ele>1443.5999755859375</ele>
				<time>2026-08-14T09:13:15Z</time>
			</trkpt>
			<trkpt lat="45.77069306373596" lon="10.958320021629333">
				<ele>1443.800048828125</ele>
				<time>2026-08-14T09:13:16Z</time>
			</trkpt>
			<trkpt lat="45.77068209648132" lon="10.958325147628784">
				<ele>1443.800048828125</ele>
				<time>2026-08-14T09:13:17Z</time>
			</trkpt>
			<trkpt lat="45.770671010017395" lon="10.958328247070312">
				<ele>1443.800048828125</ele>
				<time>2026-08-14T09:13:18Z</time>
			</trkpt>
			<trkpt lat="45.77065849304199" lon="10.958333492279053">
				<ele>1444.0</ele>
				<time>2026-08-14T09:13:19Z</time>
			</trkpt>
			<trkpt lat="45.77064609527588" lon="10.958343863487244">
				<ele>1444.0</ele>
				<time>2026-08-14T09:13:20Z</time>
			</trkpt>
			<trkpt lat="45.77063345909119" lon="10.958358407020569">
				<ele>1444.199951171875</ele>
				<time>2026-08-14T09:13:21Z</time>
			</trkpt>
			<trkpt lat="45.77062129974365" lon="10.958372354507446">
				<ele>1444.199951171875</ele>
				<time>2026-08-14T09:13:22Z</time>
			</trkpt>
			<trkpt lat="45.77060949802399" lon="10.958384275436401">
				<ele>1444.4000244140625</ele>
				<time>2026-08-14T09:13:23Z</time>
			</trkpt>
			<trkpt lat="45.77059864997864" lon="10.958390593528748">
				<ele>1444.4000244140625</ele>
				<time>2026-08-14T09:13:24Z</time>
			</trkpt>
			<trkpt lat="45.7705203294754" lon="10.958465337753296">
				<ele>1444.800048828125</ele>
				<time>2026-08-14T09:13:32Z</time>
			</trkpt>
			<trkpt lat="45.770508885383606" lon="10.95847463607788">
				<ele>1445.0</ele>
				<time>2026-08-14T09:13:33Z</time>
			</trkpt>
			<trkpt lat="45.77049767971039" lon="10.958487629890442">
				<ele>1445.0</ele>
				<time>2026-08-14T09:13:34Z</time>
			</trkpt>
			<trkpt lat="45.770487666130066" lon="10.958496928215027">
				<ele>1445.0</ele>
				<time>2026-08-14T09:13:35Z</time>
			</trkpt>
			<trkpt lat="45.770477414131165" lon="10.958502411842346">
				<ele>1445.0</ele>
				<time>2026-08-14T09:13:36Z</time>
			</trkpt>
			<trkpt lat="45.77046740055084" lon="10.958509802818298">
				<ele>1445.199951171875</ele>
				<time>2026-08-14T09:13:37Z</time>
			</trkpt>
			<trkpt lat="45.77041733264923" lon="10.958553791046143">
				<ele>1445.4000244140625</ele>
				<time>2026-08-14T09:13:42Z</time>
			</trkpt>
			<trkpt lat="45.77040481567383" lon="10.958561182022095">
				<ele>1445.4000244140625</ele>
				<time>2026-08-14T09:13:43Z</time>
			</trkpt>
			<trkpt lat="45.77039349079132" lon="10.958570957183838">
				<ele>1445.5999755859375</ele>
				<time>2026-08-14T09:13:44Z</time>
			</trkpt>
			<trkpt lat="45.77038395404816" lon="10.958582401275635">
				<ele>1445.5999755859375</ele>
				<time>2026-08-14T09:13:45Z</time>
			</trkpt>
			<trkpt lat="45.77027940750122" lon="10.958708047866821">
				<ele>1446.199951171875</ele>
				<time>2026-08-14T09:13:56Z</time>
			</trkpt>
			<trkpt lat="45.77027237415314" lon="10.958728075027466">
				<ele>1446.4000244140625</ele>
				<time>2026-08-14T09:13:57Z</time>
			</trkpt>
			<trkpt lat="45.77026450634003" lon="10.958744168281555">
				<ele>1446.4000244140625</ele>
				<time>2026-08-14T09:13:58Z</time>
			</trkpt>
			<trkpt lat="45.77025532722473" lon="10.95875358581543">
				<ele>1446.4000244140625</ele>
				<time>2026-08-14T09:13:59Z</time>
			</trkpt>
			<trkpt lat="45.77024531364441" lon="10.95876145362854">
				<ele>1446.4000244140625</ele>
				<time>2026-08-14T09:14:00Z</time>
			</trkpt>
			<trkpt lat="45.77010762691498" lon="10.958930015563965">
				<ele>1447.4000244140625</ele>
				<time>2026-08-14T09:14:15Z</time>
			</trkpt>
			<trkpt lat="45.76997900009155" lon="10.959089040756226">
				<ele>1448.4000244140625</ele>
				<time>2026-08-14T09:14:29Z</time>
			</trkpt>
			<trkpt lat="45.769968152046204" lon="10.959099888801575">
				<ele>1448.5999755859375</ele>
				<time>2026-08-14T09:14:30Z</time>
			</trkpt>
			<trkpt lat="45.769959926605225" lon="10.959114670753479">
				<ele>1448.5999755859375</ele>
				<time>2026-08-14T09:14:31Z</time>
			</trkpt>
			<trkpt lat="45.76995277404785" lon="10.959128975868225">
				<ele>1448.5999755859375</ele>
				<time>2026-08-14T09:14:32Z</time>
			</trkpt>
			<trkpt lat="45.76984941959381" lon="10.959266543388367">
				<ele>1449.5999755859375</ele>
				<time>2026-08-14T09:14:44Z</time>
			</trkpt>
			<trkpt lat="45.76979601383209" lon="10.959345936775208">
				<ele>1450.0</ele>
				<time>2026-08-14T09:14:51Z</time>
			</trkpt>
			<trkpt lat="45.7697856426239" lon="10.959359884262085">
				<ele>1450.0</ele>
				<time>2026-08-14T09:14:52Z</time>
			</trkpt>
			<trkpt lat="45.76977789402008" lon="10.959375023841858">
				<ele>1450.199951171875</ele>
				<time>2026-08-14T09:14:53Z</time>
			</trkpt>
			<trkpt lat="45.769771456718445" lon="10.95938766002655">
				<ele>1450.199951171875</ele>
				<time>2026-08-14T09:14:54Z</time>
			</trkpt>
			<trkpt lat="45.76968455314636" lon="10.959530234336853">
				<ele>1451.4000244140625</ele>
				<time>2026-08-14T09:15:07Z</time>
			</trkpt>
			<trkpt lat="45.7696590423584" lon="10.959581732749939">
				<ele>1452.0</ele>
				<time>2026-08-14T09:15:16Z</time>
			</trkpt>
			<trkpt lat="45.76965153217316" lon="10.959595680236816">
				<ele>1452.199951171875</ele>
				<time>2026-08-14T09:15:17Z</time>
			</trkpt>
			<trkpt lat="45.76964497566223" lon="10.959609031677246">
				<ele>1452.199951171875</ele>
				<time>2026-08-14T09:15:18Z</time>
			</trkpt>
			<trkpt lat="45.76953625679016" lon="10.959826111793518">
				<ele>1453.4000244140625</ele>
				<time>2026-08-14T09:15:35Z</time>
			</trkpt>
			<trkpt lat="45.76954698562622" lon="10.959853887557983">
				<ele>1453.800048828125</ele>
				<time>2026-08-14T09:15:38Z</time>
			</trkpt>
			<trkpt lat="45.76955223083496" lon="10.959866762161255">
				<ele>1453.800048828125</ele>
				<time>2026-08-14T09:15:39Z</time>
			</trkpt>
			<trkpt lat="45.769556522369385" lon="10.95988130569458">
				<ele>1453.800048828125</ele>
				<time>2026-08-14T09:15:40Z</time>
			</trkpt>
			<trkpt lat="45.76956057548523" lon="10.959896922111511">
				<ele>1454.0</ele>
				<time>2026-08-14T09:15:41Z</time>
			</trkpt>
			<trkpt lat="45.769566893577576" lon="10.95991313457489">
				<ele>1454.199951171875</ele>
				<time>2026-08-14T09:15:55Z</time>
			</trkpt>
			<trkpt lat="45.76957428455353" lon="10.95992362499237">
				<ele>1454.5999755859375</ele>
				<time>2026-08-14T09:16:13Z</time>
			</trkpt>
			<trkpt lat="45.76957559585571" lon="10.959932804107666">
				<ele>1455.0</ele>
				<time>2026-08-14T09:17:18Z</time>
			</trkpt>
			<trkpt lat="45.76958954334259" lon="10.959935903549194">
				<ele>1456.0</ele>
				<time>2026-08-14T09:18:31Z</time>
			</trkpt>
			<trkpt lat="45.76958763599396" lon="10.959947228431702">
				<ele>1455.5999755859375</ele>
				<time>2026-08-14T09:19:18Z</time>
			</trkpt>
			<trkpt lat="45.769577980041504" lon="10.959952473640442">
				<ele>1456.5999755859375</ele>
				<time>2026-08-14T09:20:11Z</time>
			</trkpt>
			<trkpt lat="45.76957070827484" lon="10.959949254989624">
				<ele>1456.800048828125</ele>
				<time>2026-08-14T09:20:27Z</time>
			</trkpt>
			<trkpt lat="45.769590616226196" lon="10.959998607635498">
				<ele>1457.199951171875</ele>
				<time>2026-08-14T09:20:55Z</time>
			</trkpt>
			<trkpt lat="45.76959478855133" lon="10.96001398563385">
				<ele>1457.199951171875</ele>
				<time>2026-08-14T09:20:56Z</time>
			</trkpt>
			<trkpt lat="45.76959848403931" lon="10.960028529167175">
				<ele>1457.199951171875</ele>
				<time>2026-08-14T09:20:57Z</time>
			</trkpt>
			<trkpt lat="45.769601464271545" lon="10.960042119026184">
				<ele>1457.199951171875</ele>
				<time>2026-08-14T09:20:58Z</time>
			</trkpt>
			<trkpt lat="45.76960527896881" lon="10.960058450698853">
				<ele>1457.199951171875</ele>
				<time>2026-08-14T09:20:59Z</time>
			</trkpt>
			<trkpt lat="45.769633531570435" lon="10.960217356681824">
				<ele>1458.199951171875</ele>
				<time>2026-08-14T09:21:13Z</time>
			</trkpt>
			<trkpt lat="45.76962637901306" lon="10.960275173187256">
				<ele>1458.5999755859375</ele>
				<time>2026-08-14T09:21:31Z</time>
			</trkpt>
			<trkpt lat="45.769623041152954" lon="10.96029019355774">
				<ele>1458.5999755859375</ele>
				<time>2026-08-14T09:21:32Z</time>
			</trkpt>
			<trkpt lat="45.76962077617645" lon="10.960307240486145">
				<ele>1458.5999755859375</ele>
				<time>2026-08-14T09:21:33Z</time>
			</trkpt>
			<trkpt lat="45.769617438316345" lon="10.960323810577393">
				<ele>1458.5999755859375</ele>
				<time>2026-08-14T09:21:34Z</time>
			</trkpt>
			<trkpt lat="45.76961278915405" lon="10.96033787727356">
				<ele>1458.5999755859375</ele>
				<time>2026-08-14T09:21:35Z</time>
			</trkpt>
			<trkpt lat="45.769609451293945" lon="10.960352897644043">
				<ele>1458.5999755859375</ele>
				<time>2026-08-14T09:21:36Z</time>
			</trkpt>
			<trkpt lat="45.76960551738739" lon="10.960368156433105">
				<ele>1458.800048828125</ele>
				<time>2026-08-14T09:21:37Z</time>
			</trkpt>
			<trkpt lat="45.76960062980652" lon="10.960383176803589">
				<ele>1458.800048828125</ele>
				<time>2026-08-14T09:21:38Z</time>
			</trkpt>
			<trkpt lat="45.769595980644226" lon="10.960397839546204">
				<ele>1458.800048828125</ele>
				<time>2026-08-14T09:21:39Z</time>
			</trkpt>
			<trkpt lat="45.7695095539093" lon="10.960665941238403">
				<ele>1459.5999755859375</ele>
				<time>2026-08-14T09:21:56Z</time>
			</trkpt>
			<trkpt lat="45.76941633224487" lon="10.960916757583618">
				<ele>1461.199951171875</ele>
				<time>2026-08-14T09:22:12Z</time>
			</trkpt>
			<trkpt lat="45.76933455467224" lon="10.961241364479065">
				<ele>1462.800048828125</ele>
				<time>2026-08-14T09:22:30Z</time>
			</trkpt>
			<trkpt lat="45.76931595802307" lon="10.96139645576477">
				<ele>1463.5999755859375</ele>
				<time>2026-08-14T09:22:38Z</time>
			</trkpt>
			<trkpt lat="45.769320130348206" lon="10.961414217948914">
				<ele>1463.5999755859375</ele>
				<time>2026-08-14T09:22:39Z</time>
			</trkpt>
			<trkpt lat="45.76932680606842" lon="10.961434125900269">
				<ele>1463.800048828125</ele>
				<time>2026-08-14T09:22:40Z</time>
			</trkpt>
			<trkpt lat="45.76932990550995" lon="10.961453199386597">
				<ele>1464.0</ele>
				<time>2026-08-14T09:22:41Z</time>
			</trkpt>
			<trkpt lat="45.769330739974976" lon="10.961471199989319">
				<ele>1464.199951171875</ele>
				<time>2026-08-14T09:22:42Z</time>
			</trkpt>
			<trkpt lat="45.769331097602844" lon="10.961489081382751">
				<ele>1464.199951171875</ele>
				<time>2026-08-14T09:22:43Z</time>
			</trkpt>
			<trkpt lat="45.76933252811432" lon="10.961506366729736">
				<ele>1464.4000244140625</ele>
				<time>2026-08-14T09:22:44Z</time>
			</trkpt>
			<trkpt lat="45.769331097602844" lon="10.961525321006775">
				<ele>1464.5999755859375</ele>
				<time>2026-08-14T09:22:45Z</time>
			</trkpt>
			<trkpt lat="45.76937818527222" lon="10.961714029312134">
				<ele>1466.0</ele>
				<time>2026-08-14T09:22:56Z</time>
			</trkpt>
			<trkpt lat="45.76938271522522" lon="10.961729645729065">
				<ele>1466.199951171875</ele>
				<time>2026-08-14T09:22:57Z</time>
			</trkpt>
			<trkpt lat="45.769389629364014" lon="10.96174693107605">
				<ele>1466.4000244140625</ele>
				<time>2026-08-14T09:22:58Z</time>
			</trkpt>
			<trkpt lat="45.769394755363464" lon="10.961764812469482">
				<ele>1466.4000244140625</ele>
				<time>2026-08-14T09:22:59Z</time>
			</trkpt>
			<trkpt lat="45.76939821243286" lon="10.96178138256073">
				<ele>1466.5999755859375</ele>
				<time>2026-08-14T09:23:00Z</time>
			</trkpt>
			<trkpt lat="45.76944601535797" lon="10.961905241012573">
				<ele>1467.4000244140625</ele>
				<time>2026-08-14T09:23:08Z</time>
			</trkpt>
			<trkpt lat="45.769458413124084" lon="10.961919069290161">
				<ele>1467.5999755859375</ele>
				<time>2026-08-14T09:23:09Z</time>
			</trkpt>
			<trkpt lat="45.76946771144867" lon="10.961933493614197">
				<ele>1467.800048828125</ele>
				<time>2026-08-14T09:23:10Z</time>
			</trkpt>
			<trkpt lat="45.76947593688965" lon="10.961948037147522">
				<ele>1467.800048828125</ele>
				<time>2026-08-14T09:23:11Z</time>
			</trkpt>
			<trkpt lat="45.76948440074921" lon="10.9619619846344">
				<ele>1468.0</ele>
				<time>2026-08-14T09:23:12Z</time>
			</trkpt>
			<trkpt lat="45.7695552110672" lon="10.96212637424469">
				<ele>1469.5999755859375</ele>
				<time>2026-08-14T09:23:27Z</time>
			</trkpt>
			<trkpt lat="45.769577622413635" lon="10.962160348892212">
				<ele>1470.4000244140625</ele>
				<time>2026-08-14T09:23:51Z</time>
			</trkpt>
			<trkpt lat="45.769590973854065" lon="10.962188839912415">
				<ele>1470.4000244140625</ele>
				<time>2026-08-14T09:23:53Z</time>
			</trkpt>
			<trkpt lat="45.76959681510925" lon="10.962203025817871">
				<ele>1470.4000244140625</ele>
				<time>2026-08-14T09:23:54Z</time>
			</trkpt>
			<trkpt lat="45.769601345062256" lon="10.962218046188354">
				<ele>1470.4000244140625</ele>
				<time>2026-08-14T09:23:55Z</time>
			</trkpt>
			<trkpt lat="45.769603848457336" lon="10.96223258972168">
				<ele>1470.4000244140625</ele>
				<time>2026-08-14T09:23:56Z</time>
			</trkpt>
			<trkpt lat="45.76960778236389" lon="10.962246179580688">
				<ele>1470.4000244140625</ele>
				<time>2026-08-14T09:23:57Z</time>
			</trkpt>
			<trkpt lat="45.76961302757263" lon="10.962259531021118">
				<ele>1470.4000244140625</ele>
				<time>2026-08-14T09:23:58Z</time>
			</trkpt>
			<trkpt lat="45.76962053775787" lon="10.962271928787231">
				<ele>1470.5999755859375</ele>
				<time>2026-08-14T09:23:59Z</time>
			</trkpt>
			<trkpt lat="45.76963007450104" lon="10.962283492088318">
				<ele>1470.5999755859375</ele>
				<time>2026-08-14T09:24:00Z</time>
			</trkpt>
			<trkpt lat="45.7696408033371" lon="10.962296843528748">
				<ele>1470.5999755859375</ele>
				<time>2026-08-14T09:24:01Z</time>
			</trkpt>
			<trkpt lat="45.76965093612671" lon="10.962311029434204">
				<ele>1470.5999755859375</ele>
				<time>2026-08-14T09:24:02Z</time>
			</trkpt>
			<trkpt lat="45.7697651386261" lon="10.962542653083801">
				<ele>1472.199951171875</ele>
				<time>2026-08-14T09:24:18Z</time>
			</trkpt>
			<trkpt lat="45.76992642879486" lon="10.962710976600647">
				<ele>1473.5999755859375</ele>
				<time>2026-08-14T09:24:34Z</time>
			</trkpt>
			<trkpt lat="45.770065665245056" lon="10.962884902954102">
				<ele>1474.800048828125</ele>
				<time>2026-08-14T09:24:49Z</time>
			</trkpt>
			<trkpt lat="45.77013289928436" lon="10.963163137435913">
				<ele>1476.199951171875</ele>
				<time>2026-08-14T09:25:05Z</time>
			</trkpt>
			<trkpt lat="45.770142793655396" lon="10.963480114936829">
				<ele>1477.5999755859375</ele>
				<time>2026-08-14T09:25:23Z</time>
			</trkpt>
			<trkpt lat="45.770129323005676" lon="10.963594436645508">
				<ele>1478.199951171875</ele>
				<time>2026-08-14T09:25:30Z</time>
			</trkpt>
			<trkpt lat="45.77012252807617" lon="10.963611125946045">
				<ele>1478.199951171875</ele>
				<time>2026-08-14T09:25:31Z</time>
			</trkpt>
			<trkpt lat="45.77005076408386" lon="10.963899731636047">
				<ele>1479.5999755859375</ele>
				<time>2026-08-14T09:25:49Z</time>
			</trkpt>
			<trkpt lat="45.770055055618286" lon="10.964035749435425">
				<ele>1480.800048828125</ele>
				<time>2026-08-14T09:26:06Z</time>
			</trkpt>
			<trkpt lat="45.77005159854889" lon="10.964054942131042">
				<ele>1481.0</ele>
				<time>2026-08-14T09:26:31Z</time>
			</trkpt>
			<trkpt lat="45.770023703575134" lon="10.96414053440094">
				<ele>1481.800048828125</ele>
				<time>2026-08-14T09:26:46Z</time>
			</trkpt>
			<trkpt lat="45.77002310752869" lon="10.964158773422241">
				<ele>1481.800048828125</ele>
				<time>2026-08-14T09:26:47Z</time>
			</trkpt>
			<trkpt lat="45.770023822784424" lon="10.964174747467041">
				<ele>1481.800048828125</ele>
				<time>2026-08-14T09:26:48Z</time>
			</trkpt>
			<trkpt lat="45.77004277706146" lon="10.964304685592651">
				<ele>1480.800048828125</ele>
				<time>2026-08-14T09:27:02Z</time>
			</trkpt>
			<trkpt lat="45.77010178565979" lon="10.964165210723877">
				<ele>1479.5999755859375</ele>
				<time>2026-08-14T09:27:14Z</time>
			</trkpt>
			<trkpt lat="45.770201206207275" lon="10.964174628257751">
				<ele>1477.5999755859375</ele>
				<time>2026-08-14T09:27:27Z</time>
			</trkpt>
			<trkpt lat="45.77022397518158" lon="10.964199423789978">
				<ele>1476.800048828125</ele>
				<time>2026-08-14T09:27:33Z</time>
			</trkpt>
			<trkpt lat="45.770256757736206" lon="10.964260697364807">
				<ele>1476.4000244140625</ele>
				<time>2026-08-14T09:27:47Z</time>
			</trkpt>
			<trkpt lat="45.770249247550964" lon="10.964334487915039">
				<ele>1476.4000244140625</ele>
				<time>2026-08-14T09:28:05Z</time>
			</trkpt>
			<trkpt lat="45.77021646499634" lon="10.964444279670715">
				<ele>1476.5999755859375</ele>
				<time>2026-08-14T09:28:17Z</time>
			</trkpt>
			<trkpt lat="45.77021634578705" lon="10.96440315246582">
				<ele>1476.5999755859375</ele>
				<time>2026-08-14T09:28:33Z</time>
			</trkpt>
			<trkpt lat="45.77021872997284" lon="10.964282274246216">
				<ele>1476.199951171875</ele>
				<time>2026-08-14T09:28:41Z</time>
			</trkpt>
			<trkpt lat="45.77019393444061" lon="10.964188694953918">
				<ele>1476.0</ele>
				<time>2026-08-14T09:28:49Z</time>
			</trkpt>
			<trkpt lat="45.77012073993683" lon="10.964165449142456">
				<ele>1476.199951171875</ele>
				<time>2026-08-14T09:29:00Z</time>
			</trkpt>
			<trkpt lat="45.77011156082153" lon="10.96416699886322">
				<ele>1477.800048828125</ele>
				<time>2026-08-14T09:29:14Z</time>
			</trkpt>
			<trkpt lat="45.77009856700897" lon="10.964175939559937">
				<ele>1477.800048828125</ele>
				<time>2026-08-14T09:29:16Z</time>
			</trkpt>
			<trkpt lat="45.77005195617676" lon="10.96435809135437">
				<ele>1478.800048828125</ele>
				<time>2026-08-14T09:29:29Z</time>
			</trkpt>
			<trkpt lat="45.769965171813965" lon="10.964598774909973">
				<ele>1479.800048828125</ele>
				<time>2026-08-14T09:29:45Z</time>
			</trkpt>
			<trkpt lat="45.76986467838287" lon="10.964858889579773">
				<ele>1479.800048828125</ele>
				<time>2026-08-14T09:30:02Z</time>
			</trkpt>
			<trkpt lat="45.769819378852844" lon="10.964948534965515">
				<ele>1479.800048828125</ele>
				<time>2026-08-14T09:30:16Z</time>
			</trkpt>
			<trkpt lat="45.76975393295288" lon="10.965130090713501">
				<ele>1480.0</ele>
				<time>2026-08-14T09:30:29Z</time>
			</trkpt>
			<trkpt lat="45.76971793174744" lon="10.965301036834717">
				<ele>1481.800048828125</ele>
				<time>2026-08-14T09:30:42Z</time>
			</trkpt>
			<trkpt lat="45.76970660686493" lon="10.96536660194397">
				<ele>1483.5999755859375</ele>
				<time>2026-08-14T09:30:56Z</time>
			</trkpt>
			<trkpt lat="45.76970195770264" lon="10.965434074401855">
				<ele>1483.5999755859375</ele>
				<time>2026-08-14T09:31:13Z</time>
			</trkpt>
			<trkpt lat="45.76969134807587" lon="10.965553283691406">
				<ele>1484.4000244140625</ele>
				<time>2026-08-14T09:31:48Z</time>
			</trkpt>
			<trkpt lat="45.76969122886658" lon="10.965564727783203">
				<ele>1486.0</ele>
				<time>2026-08-14T09:32:08Z</time>
			</trkpt>
			<trkpt lat="45.76962053775787" lon="10.96566653251648">
				<ele>1486.800048828125</ele>
				<time>2026-08-14T09:32:22Z</time>
			</trkpt>
			<trkpt lat="45.7695335149765" lon="10.965750932693481">
				<ele>1489.199951171875</ele>
				<time>2026-08-14T09:32:35Z</time>
			</trkpt>
			<trkpt lat="45.7695289850235" lon="10.965768456459045">
				<ele>1489.4000244140625</ele>
				<time>2026-08-14T09:32:36Z</time>
			</trkpt>
			<trkpt lat="45.769527316093445" lon="10.96578586101532">
				<ele>1489.4000244140625</ele>
				<time>2026-08-14T09:32:37Z</time>
			</trkpt>
			<trkpt lat="45.76952624320984" lon="10.965803980827332">
				<ele>1489.800048828125</ele>
				<time>2026-08-14T09:32:38Z</time>
			</trkpt>
			<trkpt lat="45.76952362060547" lon="10.96582317352295">
				<ele>1489.800048828125</ele>
				<time>2026-08-14T09:32:39Z</time>
			</trkpt>
			<trkpt lat="45.769519090652466" lon="10.965842604637146">
				<ele>1490.0</ele>
				<time>2026-08-14T09:32:40Z</time>
			</trkpt>
			<trkpt lat="45.76951277256012" lon="10.965861439704895">
				<ele>1490.199951171875</ele>
				<time>2026-08-14T09:32:41Z</time>
			</trkpt>
			<trkpt lat="45.769505739212036" lon="10.9658784866333">
				<ele>1490.4000244140625</ele>
				<time>2026-08-14T09:32:42Z</time>
			</trkpt>
			<trkpt lat="45.769500494003296" lon="10.965892910957336">
				<ele>1490.4000244140625</ele>
				<time>2026-08-14T09:32:43Z</time>
			</trkpt>
			<trkpt lat="45.76949489116669" lon="10.965907096862793">
				<ele>1490.800048828125</ele>
				<time>2026-08-14T09:32:44Z</time>
			</trkpt>
			<trkpt lat="45.769487142562866" lon="10.965920329093933">
				<ele>1490.800048828125</ele>
				<time>2026-08-14T09:32:45Z</time>
			</trkpt>
			<trkpt lat="45.769460916519165" lon="10.965982675552368">
				<ele>1492.5999755859375</ele>
				<time>2026-08-14T09:32:58Z</time>
			</trkpt>
			<trkpt lat="45.76945197582245" lon="10.965991497039795">
				<ele>1492.5999755859375</ele>
				<time>2026-08-14T09:32:59Z</time>
			</trkpt>
			<trkpt lat="45.76944279670715" lon="10.966000199317932">
				<ele>1492.5999755859375</ele>
				<time>2026-08-14T09:33:00Z</time>
			</trkpt>
			<trkpt lat="45.76943361759186" lon="10.96600878238678">
				<ele>1492.800048828125</ele>
				<time>2026-08-14T09:33:01Z</time>
			</trkpt>
			<trkpt lat="45.769423604011536" lon="10.966017961502075">
				<ele>1492.800048828125</ele>
				<time>2026-08-14T09:33:02Z</time>
			</trkpt>
			<trkpt lat="45.76941382884979" lon="10.966026306152344">
				<ele>1493.0</ele>
				<time>2026-08-14T09:33:03Z</time>
			</trkpt>
			<trkpt lat="45.76935625076294" lon="10.966076493263245">
				<ele>1494.0</ele>
				<time>2026-08-14T09:33:19Z</time>
			</trkpt>
			<trkpt lat="45.76936113834381" lon="10.96606457233429">
				<ele>1493.800048828125</ele>
				<time>2026-08-14T09:33:38Z</time>
			</trkpt>
			<trkpt lat="45.769386529922485" lon="10.966097235679626">
				<ele>1494.5999755859375</ele>
				<time>2026-08-14T09:33:42Z</time>
			</trkpt>
			<trkpt lat="45.769387006759644" lon="10.966125726699829">
				<ele>1494.0</ele>
				<time>2026-08-14T09:33:59Z</time>
			</trkpt>
			<trkpt lat="45.769370794296265" lon="10.966128706932068">
				<ele>1492.5999755859375</ele>
				<time>2026-08-14T09:34:14Z</time>
			</trkpt>
			<trkpt lat="45.76940608024597" lon="10.966153025627136">
				<ele>1493.5999755859375</ele>
				<time>2026-08-14T09:34:26Z</time>
			</trkpt>
			<trkpt lat="45.76939404010773" lon="10.966172099113464">
				<ele>1493.800048828125</ele>
				<time>2026-08-14T09:34:41Z</time>
			</trkpt>
			<trkpt lat="45.76941907405853" lon="10.966178297996521">
				<ele>1493.4000244140625</ele>
				<time>2026-08-14T09:34:59Z</time>
			</trkpt>
			<trkpt lat="45.76943278312683" lon="10.966205477714539">
				<ele>1493.4000244140625</ele>
				<time>2026-08-14T09:35:05Z</time>
			</trkpt>
			<trkpt lat="45.769439935684204" lon="10.96623182296753">
				<ele>1493.4000244140625</ele>
				<time>2026-08-14T09:35:07Z</time>
			</trkpt>
			<trkpt lat="45.769455313682556" lon="10.966278553009033">
				<ele>1493.800048828125</ele>
				<time>2026-08-14T09:35:22Z</time>
			</trkpt>
			<trkpt lat="45.769460916519165" lon="10.966293334960938">
				<ele>1493.800048828125</ele>
				<time>2026-08-14T09:35:23Z</time>
			</trkpt>
			<trkpt lat="45.76946687698364" lon="10.966308832168579">
				<ele>1493.800048828125</ele>
				<time>2026-08-14T09:35:24Z</time>
			</trkpt>
			<trkpt lat="45.76955962181091" lon="10.966605544090271">
				<ele>1495.5999755859375</ele>
				<time>2026-08-14T09:35:43Z</time>
			</trkpt>
			<trkpt lat="45.76956331729889" lon="10.966621398925781">
				<ele>1495.5999755859375</ele>
				<time>2026-08-14T09:35:44Z</time>
			</trkpt>
			<trkpt lat="45.76956880092621" lon="10.966634392738342">
				<ele>1495.800048828125</ele>
				<time>2026-08-14T09:35:45Z</time>
			</trkpt>
			<trkpt lat="45.76957643032074" lon="10.96667194366455">
				<ele>1496.199951171875</ele>
				<time>2026-08-14T09:35:48Z</time>
			</trkpt>
			<trkpt lat="45.769577622413635" lon="10.966687798500061">
				<ele>1496.4000244140625</ele>
				<time>2026-08-14T09:35:49Z</time>
			</trkpt>
			<trkpt lat="45.769580364227295" lon="10.966781973838806">
				<ele>1497.199951171875</ele>
				<time>2026-08-14T09:35:55Z</time>
			</trkpt>
			<trkpt lat="45.769577622413635" lon="10.966796875">
				<ele>1497.4000244140625</ele>
				<time>2026-08-14T09:35:56Z</time>
			</trkpt>
			<trkpt lat="45.76957356929779" lon="10.966811895370483">
				<ele>1497.5999755859375</ele>
				<time>2026-08-14T09:35:57Z</time>
			</trkpt>
			<trkpt lat="45.76957023143768" lon="10.966827511787415">
				<ele>1497.800048828125</ele>
				<time>2026-08-14T09:35:58Z</time>
			</trkpt>
			<trkpt lat="45.7695677280426" lon="10.966842412948608">
				<ele>1498.0</ele>
				<time>2026-08-14T09:35:59Z</time>
			</trkpt>
			<trkpt lat="45.76956355571747" lon="10.966858506202698">
				<ele>1498.199951171875</ele>
				<time>2026-08-14T09:36:00Z</time>
			</trkpt>
			<trkpt lat="45.76956009864807" lon="10.96687364578247">
				<ele>1498.4000244140625</ele>
				<time>2026-08-14T09:36:01Z</time>
			</trkpt>
			<trkpt lat="45.76953363418579" lon="10.966983199119568">
				<ele>1501.0</ele>
				<time>2026-08-14T09:36:16Z</time>
			</trkpt>
			<trkpt lat="45.769519448280334" lon="10.966990113258362">
				<ele>1502.5999755859375</ele>
				<time>2026-08-14T09:37:00Z</time>
			</trkpt>
			<trkpt lat="45.76950287818909" lon="10.967064619064331">
				<ele>1502.5999755859375</ele>
				<time>2026-08-14T09:37:11Z</time>
			</trkpt>
			<trkpt lat="45.76949989795685" lon="10.96707820892334">
				<ele>1502.5999755859375</ele>
				<time>2026-08-14T09:37:12Z</time>
			</trkpt>
			<trkpt lat="45.76946043968201" lon="10.967310428619385">
				<ele>1504.800048828125</ele>
				<time>2026-08-14T09:37:28Z</time>
			</trkpt>
			<trkpt lat="45.769444823265076" lon="10.967352390289307">
				<ele>1505.199951171875</ele>
				<time>2026-08-14T09:37:31Z</time>
			</trkpt>
			<trkpt lat="45.769442319869995" lon="10.967368721961975">
				<ele>1505.199951171875</ele>
				<time>2026-08-14T09:37:32Z</time>
			</trkpt>
			<trkpt lat="45.76943254470825" lon="10.967453479766846">
				<ele>1506.199951171875</ele>
				<time>2026-08-14T09:37:37Z</time>
			</trkpt>
			<trkpt lat="45.76943016052246" lon="10.967468619346619">
				<ele>1506.5999755859375</ele>
				<time>2026-08-14T09:37:38Z</time>
			</trkpt>
			<trkpt lat="45.76942491531372" lon="10.967482924461365">
				<ele>1507.0</ele>
				<time>2026-08-14T09:37:39Z</time>
			</trkpt>
			<trkpt lat="45.76941800117493" lon="10.967495083808899">
				<ele>1507.0</ele>
				<time>2026-08-14T09:37:40Z</time>
			</trkpt>
			<trkpt lat="45.76941192150116" lon="10.967507243156433">
				<ele>1507.199951171875</ele>
				<time>2026-08-14T09:37:41Z</time>
			</trkpt>
			<trkpt lat="45.76940965652466" lon="10.967521786689758">
				<ele>1507.4000244140625</ele>
				<time>2026-08-14T09:37:42Z</time>
			</trkpt>
			<trkpt lat="45.769408106803894" lon="10.967537879943848">
				<ele>1507.5999755859375</ele>
				<time>2026-08-14T09:37:43Z</time>
			</trkpt>
			<trkpt lat="45.769404888153076" lon="10.967554211616516">
				<ele>1507.5999755859375</ele>
				<time>2026-08-14T09:37:44Z</time>
			</trkpt>
			<trkpt lat="45.76939797401428" lon="10.967582702636719">
				<ele>1508.0</ele>
				<time>2026-08-14T09:37:46Z</time>
			</trkpt>
			<trkpt lat="45.7693954706192" lon="10.96759843826294">
				<ele>1508.199951171875</ele>
				<time>2026-08-14T09:37:47Z</time>
			</trkpt>
			<trkpt lat="45.7693897485733" lon="10.967611312866211">
				<ele>1508.4000244140625</ele>
				<time>2026-08-14T09:37:48Z</time>
			</trkpt>
			<trkpt lat="45.769378542900085" lon="10.967666029930115">
				<ele>1509.4000244140625</ele>
				<time>2026-08-14T09:37:52Z</time>
			</trkpt>
			<trkpt lat="45.76937484741211" lon="10.967679023742676">
				<ele>1509.5999755859375</ele>
				<time>2026-08-14T09:37:53Z</time>
			</trkpt>
			<trkpt lat="45.769373297691345" lon="10.96769404411316">
				<ele>1509.800048828125</ele>
				<time>2026-08-14T09:37:54Z</time>
			</trkpt>
			<trkpt lat="45.769370675086975" lon="10.967708706855774">
				<ele>1510.0</ele>
				<time>2026-08-14T09:37:55Z</time>
			</trkpt>
			<trkpt lat="45.76936590671539" lon="10.967721700668335">
				<ele>1510.199951171875</ele>
				<time>2026-08-14T09:37:56Z</time>
			</trkpt>
			<trkpt lat="45.769362688064575" lon="10.967735528945923">
				<ele>1510.4000244140625</ele>
				<time>2026-08-14T09:37:57Z</time>
			</trkpt>
			<trkpt lat="45.76936066150665" lon="10.967750191688538">
				<ele>1510.800048828125</ele>
				<time>2026-08-14T09:37:58Z</time>
			</trkpt>
			<trkpt lat="45.76934468746185" lon="10.967817306518555">
				<ele>1511.800048828125</ele>
				<time>2026-08-14T09:38:03Z</time>
			</trkpt>
			<trkpt lat="45.76933968067169" lon="10.96785819530487">
				<ele>1512.199951171875</ele>
				<time>2026-08-14T09:38:06Z</time>
			</trkpt>
			<trkpt lat="45.76931047439575" lon="10.96791923046112">
				<ele>1514.4000244140625</ele>
				<time>2026-08-14T09:38:20Z</time>
			</trkpt>
			<trkpt lat="45.76927971839905" lon="10.96802294254303">
				<ele>1516.5999755859375</ele>
				<time>2026-08-14T09:38:48Z</time>
			</trkpt>
			<trkpt lat="45.769278168678284" lon="10.968067526817322">
				<ele>1519.0</ele>
				<time>2026-08-14T09:39:07Z</time>
			</trkpt>
			<trkpt lat="45.76926279067993" lon="10.968104004859924">
				<ele>1519.0</ele>
				<time>2026-08-14T09:39:10Z</time>
			</trkpt>
			<trkpt lat="45.76922798156738" lon="10.968196392059326">
				<ele>1520.0</ele>
				<time>2026-08-14T09:39:33Z</time>
			</trkpt>
			<trkpt lat="45.76919341087341" lon="10.968334794044495">
				<ele>1520.800048828125</ele>
				<time>2026-08-14T09:39:58Z</time>
			</trkpt>
			<trkpt lat="45.76917886734009" lon="10.968352437019348">
				<ele>1523.199951171875</ele>
				<time>2026-08-14T09:40:20Z</time>
			</trkpt>
			<trkpt lat="45.76916015148163" lon="10.968478679656982">
				<ele>1524.199951171875</ele>
				<time>2026-08-14T09:40:46Z</time>
			</trkpt>
			<trkpt lat="45.76915085315704" lon="10.968496918678284">
				<ele>1524.5999755859375</ele>
				<time>2026-08-14T09:41:20Z</time>
			</trkpt>
			<trkpt lat="45.769132018089294" lon="10.968673706054688">
				<ele>1525.5999755859375</ele>
				<time>2026-08-14T09:41:36Z</time>
			</trkpt>
			<trkpt lat="45.76915693283081" lon="10.96882164478302">
				<ele>1528.5999755859375</ele>
				<time>2026-08-14T09:41:48Z</time>
			</trkpt>
			<trkpt lat="45.76917040348053" lon="10.968891263008118">
				<ele>1530.0</ele>
				<time>2026-08-14T09:41:53Z</time>
			</trkpt>
			<trkpt lat="45.76917338371277" lon="10.968907713890076">
				<ele>1530.199951171875</ele>
				<time>2026-08-14T09:41:54Z</time>
			</trkpt>
			<trkpt lat="45.76917564868927" lon="10.96892499923706">
				<ele>1530.4000244140625</ele>
				<time>2026-08-14T09:41:55Z</time>
			</trkpt>
			<trkpt lat="45.76917600631714" lon="10.968979120254517">
				<ele>1531.5999755859375</ele>
				<time>2026-08-14T09:42:12Z</time>
			</trkpt>
			<trkpt lat="45.769171357154846" lon="10.968968391418457">
				<ele>1530.4000244140625</ele>
				<time>2026-08-14T09:43:14Z</time>
			</trkpt>
			<trkpt lat="45.769195318222046" lon="10.968960881233215">
				<ele>1530.5999755859375</ele>
				<time>2026-08-14T09:43:43Z</time>
			</trkpt>
			<trkpt lat="45.769261717796326" lon="10.968865990638733">
				<ele>1531.800048828125</ele>
				<time>2026-08-14T09:44:00Z</time>
			</trkpt>
			<trkpt lat="45.76934778690338" lon="10.968717455863953">
				<ele>1534.199951171875</ele>
				<time>2026-08-14T09:44:15Z</time>
			</trkpt>
			<trkpt lat="45.76935017108917" lon="10.968743681907654">
				<ele>1534.5999755859375</ele>
				<time>2026-08-14T09:44:17Z</time>
			</trkpt>
			<trkpt lat="45.76937747001648" lon="10.968897342681885">
				<ele>1537.5999755859375</ele>
				<time>2026-08-14T09:44:28Z</time>
			</trkpt>
			<trkpt lat="45.769416093826294" lon="10.968977093696594">
				<ele>1540.199951171875</ele>
				<time>2026-08-14T09:44:44Z</time>
			</trkpt>
			<trkpt lat="45.769543528556824" lon="10.969085574150085">
				<ele>1543.4000244140625</ele>
				<time>2026-08-14T09:45:03Z</time>
			</trkpt>
			<trkpt lat="45.76963174343109" lon="10.969180822372437">
				<ele>1546.4000244140625</ele>
				<time>2026-08-14T09:45:19Z</time>
			</trkpt>
			<trkpt lat="45.76971232891083" lon="10.969278216362">
				<ele>1549.0</ele>
				<time>2026-08-14T09:45:39Z</time>
			</trkpt>
			<trkpt lat="45.769760489463806" lon="10.969300985336304">
				<ele>1551.199951171875</ele>
				<time>2026-08-14T09:45:56Z</time>
			</trkpt>
			<trkpt lat="45.7697616815567" lon="10.96929919719696">
				<ele>1551.60009765625</ele>
				<time>2026-08-14T09:46:33Z</time>
			</trkpt>
			<trkpt lat="45.76971995830536" lon="10.969163298606873">
				<ele>1552.800048828125</ele>
				<time>2026-08-14T09:46:58Z</time>
			</trkpt>
			<trkpt lat="45.76969528198242" lon="10.96903371810913">
				<ele>1553.60009765625</ele>
				<time>2026-08-14T09:47:12Z</time>
			</trkpt>
			<trkpt lat="45.76976835727692" lon="10.969077467918396">
				<ele>1556.39990234375</ele>
				<time>2026-08-14T09:47:29Z</time>
			</trkpt>
			<trkpt lat="45.769837617874146" lon="10.969117403030396">
				<ele>1559.39990234375</ele>
				<time>2026-08-14T09:47:43Z</time>
			</trkpt>
			<trkpt lat="45.769909024238586" lon="10.969102501869202">
				<ele>1562.60009765625</ele>
				<time>2026-08-14T09:48:02Z</time>
			</trkpt>
			<trkpt lat="45.76992070674896" lon="10.96909213066101">
				<ele>1563.60009765625</ele>
				<time>2026-08-14T09:48:23Z</time>
			</trkpt>
			<trkpt lat="45.7699236869812" lon="10.969102501869202">
				<ele>1563.800048828125</ele>
				<time>2026-08-14T09:49:02Z</time>
			</trkpt>
			<trkpt lat="45.76992356777191" lon="10.969111919403076">
				<ele>1564.0</ele>
				<time>2026-08-14T09:49:41Z</time>
			</trkpt>
			<trkpt lat="45.7699191570282" lon="10.969120621681213">
				<ele>1563.800048828125</ele>
				<time>2026-08-14T09:50:22Z</time>
			</trkpt>
			<trkpt lat="45.76991319656372" lon="10.969127774238586">
				<ele>1564.0</ele>
				<time>2026-08-14T09:51:08Z</time>
			</trkpt>
			<trkpt lat="45.769904017448425" lon="10.96912682056427">
				<ele>1564.199951171875</ele>
				<time>2026-08-14T09:51:48Z</time>
			</trkpt>
			<trkpt lat="45.769901156425476" lon="10.969107627868652">
				<ele>1564.800048828125</ele>
				<time>2026-08-14T09:52:11Z</time>
			</trkpt>
			<trkpt lat="45.76987385749817" lon="10.96901559829712">
				<ele>1565.39990234375</ele>
				<time>2026-08-14T09:52:24Z</time>
			</trkpt>
			<trkpt lat="45.769874572753906" lon="10.968894004821777">
				<ele>1567.39990234375</ele>
				<time>2026-08-14T09:52:40Z</time>
			</trkpt>
			<trkpt lat="45.769890785217285" lon="10.968825817108154">
				<ele>1569.60009765625</ele>
				<time>2026-08-14T09:52:53Z</time>
			</trkpt>
			<trkpt lat="45.76991283893585" lon="10.968721985816956">
				<ele>1571.39990234375</ele>
				<time>2026-08-14T09:53:09Z</time>
			</trkpt>
			<trkpt lat="45.76993811130524" lon="10.96869683265686">
				<ele>1572.0</ele>
				<time>2026-08-14T09:53:40Z</time>
			</trkpt>
			<trkpt lat="45.769938349723816" lon="10.968746662139893">
				<ele>1572.39990234375</ele>
				<time>2026-08-14T09:53:53Z</time>
			</trkpt>
			<trkpt lat="45.77000021934509" lon="10.968776226043701">
				<ele>1575.199951171875</ele>
				<time>2026-08-14T09:54:09Z</time>
			</trkpt>
			<trkpt lat="45.77001225948334" lon="10.968789458274841">
				<ele>1578.199951171875</ele>
				<time>2026-08-14T09:54:26Z</time>
			</trkpt>
			<trkpt lat="45.77000391483307" lon="10.968798637390137">
				<ele>1578.39990234375</ele>
				<time>2026-08-14T09:54:45Z</time>
			</trkpt>
			<trkpt lat="45.769996762275696" lon="10.968843579292297">
				<ele>1579.199951171875</ele>
				<time>2026-08-14T09:55:37Z</time>
			</trkpt>
			<trkpt lat="45.77005982398987" lon="10.968806147575378">
				<ele>1579.39990234375</ele>
				<time>2026-08-14T09:55:51Z</time>
			</trkpt>
			<trkpt lat="45.770092487335205" lon="10.968758940696716">
				<ele>1580.60009765625</ele>
				<time>2026-08-14T09:56:17Z</time>
			</trkpt>
			<trkpt lat="45.770100474357605" lon="10.968822002410889">
				<ele>1581.800048828125</ele>
				<time>2026-08-14T09:56:49Z</time>
			</trkpt>
			<trkpt lat="45.77015674114227" lon="10.968788027763367">
				<ele>1582.199951171875</ele>
				<time>2026-08-14T09:57:04Z</time>
			</trkpt>
			<trkpt lat="45.77016997337341" lon="10.968760371208191">
				<ele>1583.199951171875</ele>
				<time>2026-08-14T09:57:21Z</time>
			</trkpt>
			<trkpt lat="45.770169377326965" lon="10.96874737739563">
				<ele>1583.199951171875</ele>
				<time>2026-08-14T09:57:41Z</time>
			</trkpt>
			<trkpt lat="45.77015841007233" lon="10.968765258789062">
				<ele>1583.199951171875</ele>
				<time>2026-08-14T09:58:01Z</time>
			</trkpt>
			<trkpt lat="45.770179271698" lon="10.96877896785736">
				<ele>1583.60009765625</ele>
				<time>2026-08-14T09:58:17Z</time>
			</trkpt>
			<trkpt lat="45.7702442407608" lon="10.96877932548523">
				<ele>1584.0</ele>
				<time>2026-08-14T09:58:29Z</time>
			</trkpt>
			<trkpt lat="45.77026188373566" lon="10.96879494190216">
				<ele>1585.800048828125</ele>
				<time>2026-08-14T09:58:53Z</time>
			</trkpt>
			<trkpt lat="45.77028453350067" lon="10.96878969669342">
				<ele>1586.199951171875</ele>
				<time>2026-08-14T09:59:26Z</time>
			</trkpt>
			<trkpt lat="45.770323038101196" lon="10.968769669532776">
				<ele>1585.60009765625</ele>
				<time>2026-08-14T09:59:34Z</time>
			</trkpt>
			<trkpt lat="45.77032804489136" lon="10.968781590461731">
				<ele>1585.39990234375</ele>
				<time>2026-08-14T09:59:35Z</time>
			</trkpt>
			<trkpt lat="45.77033758163452" lon="10.968814611434937">
				<ele>1585.0</ele>
				<time>2026-08-14T09:59:38Z</time>
			</trkpt>
			<trkpt lat="45.77043926715851" lon="10.96889078617096">
				<ele>1585.60009765625</ele>
				<time>2026-08-14T09:59:53Z</time>
			</trkpt>
			<trkpt lat="45.7704918384552" lon="10.96890103816986">
				<ele>1586.800048828125</ele>
				<time>2026-08-14T10:00:10Z</time>
			</trkpt>
			<trkpt lat="45.770512342453" lon="10.968881726264954">
				<ele>1587.199951171875</ele>
				<time>2026-08-14T10:00:30Z</time>
			</trkpt>
			<trkpt lat="45.77052438259125" lon="10.968892455101013">
				<ele>1587.39990234375</ele>
				<time>2026-08-14T10:00:50Z</time>
			</trkpt>
			<trkpt lat="45.77058827877045" lon="10.968853235244751">
				<ele>1588.199951171875</ele>
				<time>2026-08-14T10:01:06Z</time>
			</trkpt>
			<trkpt lat="45.770638823509216" lon="10.96882426738739">
				<ele>1588.60009765625</ele>
				<time>2026-08-14T10:01:27Z</time>
			</trkpt>
			<trkpt lat="45.770649909973145" lon="10.968825817108154">
				<ele>1588.800048828125</ele>
				<time>2026-08-14T10:01:28Z</time>
			</trkpt>
			<trkpt lat="45.770660281181335" lon="10.968827962875366">
				<ele>1588.800048828125</ele>
				<time>2026-08-14T10:01:29Z</time>
			</trkpt>
			<trkpt lat="45.7706823348999" lon="10.96882963180542">
				<ele>1589.0</ele>
				<time>2026-08-14T10:01:31Z</time>
			</trkpt>
			<trkpt lat="45.77070736885071" lon="10.968854308128357">
				<ele>1587.39990234375</ele>
				<time>2026-08-14T10:01:48Z</time>
			</trkpt>
			<trkpt lat="45.7706995010376" lon="10.968879342079163">
				<ele>1587.39990234375</ele>
				<time>2026-08-14T10:02:04Z</time>
			</trkpt>
			<trkpt lat="45.77077269554138" lon="10.968904972076416">
				<ele>1587.39990234375</ele>
				<time>2026-08-14T10:02:16Z</time>
			</trkpt>
			<trkpt lat="45.77080202102661" lon="10.968921899795532">
				<ele>1587.60009765625</ele>
				<time>2026-08-14T10:02:20Z</time>
			</trkpt>
			<trkpt lat="45.77082085609436" lon="10.968942403793335">
				<ele>1587.0</ele>
				<time>2026-08-14T10:02:35Z</time>
			</trkpt>
			<trkpt lat="45.77083647251129" lon="10.968961596488953">
				<ele>1586.800048828125</ele>
				<time>2026-08-14T10:02:38Z</time>
			</trkpt>
			<trkpt lat="45.770869970321655" lon="10.969048023223877">
				<ele>1586.60009765625</ele>
				<time>2026-08-14T10:02:44Z</time>
			</trkpt>
			<trkpt lat="45.77087473869324" lon="10.969211339950562">
				<ele>1586.39990234375</ele>
				<time>2026-08-14T10:02:58Z</time>
			</trkpt>
			<trkpt lat="45.77083504199982" lon="10.969185590744019">
				<ele>1586.39990234375</ele>
				<time>2026-08-14T10:03:23Z</time>
			</trkpt>
			<trkpt lat="45.770761370658875" lon="10.969114542007446">
				<ele>1588.800048828125</ele>
				<time>2026-08-14T10:03:43Z</time>
			</trkpt>
			<trkpt lat="45.770779728889465" lon="10.96912705898285">
				<ele>1589.39990234375</ele>
				<time>2026-08-14T10:04:02Z</time>
			</trkpt>
			<trkpt lat="45.77076315879822" lon="10.969023704528809">
				<ele>1589.0</ele>
				<time>2026-08-14T10:04:16Z</time>
			</trkpt>
			<trkpt lat="45.77074110507965" lon="10.969008445739746">
				<ele>1589.199951171875</ele>
				<time>2026-08-14T10:04:31Z</time>
			</trkpt>
			<trkpt lat="45.770684242248535" lon="10.968995809555054">
				<ele>1590.39990234375</ele>
				<time>2026-08-14T10:04:45Z</time>
			</trkpt>
			<trkpt lat="45.77066195011139" lon="10.969011425971985">
				<ele>1590.199951171875</ele>
				<time>2026-08-14T10:05:04Z</time>
			</trkpt>
			<trkpt lat="45.77064919471741" lon="10.969014525413513">
				<ele>1590.39990234375</ele>
				<time>2026-08-14T10:05:20Z</time>
			</trkpt>
			<trkpt lat="45.77065110206604" lon="10.96900999546051">
				<ele>1589.60009765625</ele>
				<time>2026-08-14T10:06:06Z</time>
			</trkpt>
			<trkpt lat="45.77065181732178" lon="10.969001173973083">
				<ele>1589.39990234375</ele>
				<time>2026-08-14T10:07:11Z</time>
			</trkpt>
			<trkpt lat="45.7706503868103" lon="10.969001173973083">
				<ele>1587.800048828125</ele>
				<time>2026-08-14T10:08:52Z</time>
			</trkpt>
			<trkpt lat="45.770647048950195" lon="10.96900224685669">
				<ele>1587.60009765625</ele>
				<time>2026-08-14T10:10:22Z</time>
			</trkpt>
			<trkpt lat="45.77064871788025" lon="10.968997836112976">
				<ele>1588.60009765625</ele>
				<time>2026-08-14T10:11:39Z</time>
			</trkpt>
			<trkpt lat="45.77065134048462" lon="10.969001173973083">
				<ele>1587.60009765625</ele>
				<time>2026-08-14T10:12:43Z</time>
			</trkpt>
			<trkpt lat="45.770641803741455" lon="10.96899926662445">
				<ele>1588.60009765625</ele>
				<time>2026-08-14T10:14:02Z</time>
			</trkpt>
			<trkpt lat="45.770644187927246" lon="10.968998074531555">
				<ele>1589.0</ele>
				<time>2026-08-14T10:15:33Z</time>
			</trkpt>
			<trkpt lat="45.77064287662506" lon="10.968997955322266">
				<ele>1589.0</ele>
				<time>2026-08-14T10:16:58Z</time>
			</trkpt>
			<trkpt lat="45.77065074443817" lon="10.969019532203674">
				<ele>1590.0</ele>
				<time>2026-08-14T10:18:26Z</time>
			</trkpt>
			<trkpt lat="45.77058267593384" lon="10.969045519828796">
				<ele>1590.0</ele>
				<time>2026-08-14T10:18:50Z</time>
			</trkpt>
			<trkpt lat="45.77056610584259" lon="10.968999981880188">
				<ele>1589.800048828125</ele>
				<time>2026-08-14T10:19:07Z</time>
			</trkpt>
			<trkpt lat="45.77054989337921" lon="10.968987464904785">
				<ele>1590.0</ele>
				<time>2026-08-14T10:19:17Z</time>
			</trkpt>
			<trkpt lat="45.77051138877869" lon="10.968942999839783">
				<ele>1590.0</ele>
				<time>2026-08-14T10:19:22Z</time>
			</trkpt>
			<trkpt lat="45.7705020904541" lon="10.968936324119568">
				<ele>1590.0</ele>
				<time>2026-08-14T10:19:23Z</time>
			</trkpt>
			<trkpt lat="45.77036666870117" lon="10.968828916549683">
				<ele>1588.800048828125</ele>
				<time>2026-08-14T10:19:38Z</time>
			</trkpt>
			<trkpt lat="45.770355463027954" lon="10.968825459480286">
				<ele>1588.60009765625</ele>
				<time>2026-08-14T10:19:39Z</time>
			</trkpt>
			<trkpt lat="45.770341873168945" lon="10.96882164478302">
				<ele>1588.60009765625</ele>
				<time>2026-08-14T10:19:40Z</time>
			</trkpt>
			<trkpt lat="45.770328879356384" lon="10.96881365776062">
				<ele>1588.39990234375</ele>
				<time>2026-08-14T10:19:41Z</time>
			</trkpt>
			<trkpt lat="45.77031850814819" lon="10.96880042552948">
				<ele>1588.39990234375</ele>
				<time>2026-08-14T10:19:42Z</time>
			</trkpt>
			<trkpt lat="45.77031123638153" lon="10.96878433227539">
				<ele>1588.199951171875</ele>
				<time>2026-08-14T10:19:43Z</time>
			</trkpt>
			<trkpt lat="45.77024328708649" lon="10.968785762786865">
				<ele>1587.199951171875</ele>
				<time>2026-08-14T10:19:55Z</time>
			</trkpt>
			<trkpt lat="45.77021932601929" lon="10.968762278556824">
				<ele>1587.39990234375</ele>
				<time>2026-08-14T10:20:00Z</time>
			</trkpt>
			<trkpt lat="45.77020728588104" lon="10.968765497207642">
				<ele>1587.39990234375</ele>
				<time>2026-08-14T10:20:01Z</time>
			</trkpt>
			<trkpt lat="45.77019143104553" lon="10.968784928321838">
				<ele>1587.39990234375</ele>
				<time>2026-08-14T10:20:03Z</time>
			</trkpt>
			<trkpt lat="45.77018618583679" lon="10.968798160552979">
				<ele>1587.199951171875</ele>
				<time>2026-08-14T10:20:04Z</time>
			</trkpt>
			<trkpt lat="45.77017867565155" lon="10.968806862831116">
				<ele>1587.199951171875</ele>
				<time>2026-08-14T10:20:05Z</time>
			</trkpt>
			<trkpt lat="45.77016854286194" lon="10.968809485435486">
				<ele>1587.199951171875</ele>
				<time>2026-08-14T10:20:06Z</time>
			</trkpt>
			<trkpt lat="45.77010893821716" lon="10.9688401222229">
				<ele>1586.39990234375</ele>
				<time>2026-08-14T10:20:18Z</time>
			</trkpt>
			<trkpt lat="45.770092725753784" lon="10.96885859966278">
				<ele>1586.199951171875</ele>
				<time>2026-08-14T10:20:20Z</time>
			</trkpt>
			<trkpt lat="45.7700799703598" lon="10.968859553337097">
				<ele>1586.0</ele>
				<time>2026-08-14T10:20:21Z</time>
			</trkpt>
			<trkpt lat="45.7700697183609" lon="10.968854427337646">
				<ele>1585.800048828125</ele>
				<time>2026-08-14T10:20:22Z</time>
			</trkpt>
			<trkpt lat="45.770060658454895" lon="10.968847632408142">
				<ele>1585.60009765625</ele>
				<time>2026-08-14T10:20:23Z</time>
			</trkpt>
			<trkpt lat="45.77005159854889" lon="10.968839764595032">
				<ele>1585.39990234375</ele>
				<time>2026-08-14T10:20:24Z</time>
			</trkpt>
			<trkpt lat="45.76999795436859" lon="10.968816041946411">
				<ele>1583.39990234375</ele>
				<time>2026-08-14T10:20:37Z</time>
			</trkpt>
			<trkpt lat="45.769981265068054" lon="10.968763828277588">
				<ele>1582.800048828125</ele>
				<time>2026-08-14T10:21:22Z</time>
			</trkpt>
			<trkpt lat="45.76996397972107" lon="10.968773126602173">
				<ele>1582.39990234375</ele>
				<time>2026-08-14T10:21:24Z</time>
			</trkpt>
			<trkpt lat="45.76994550228119" lon="10.968780040740967">
				<ele>1582.199951171875</ele>
				<time>2026-08-14T10:21:26Z</time>
			</trkpt>
			<trkpt lat="45.76995849609375" lon="10.968674778938293">
				<ele>1579.39990234375</ele>
				<time>2026-08-14T10:21:38Z</time>
			</trkpt>
			<trkpt lat="45.76987946033478" lon="10.968832612037659">
				<ele>1577.199951171875</ele>
				<time>2026-08-14T10:21:52Z</time>
			</trkpt>
			<trkpt lat="45.76986050605774" lon="10.96894109249115">
				<ele>1575.800048828125</ele>
				<time>2026-08-14T10:22:05Z</time>
			</trkpt>
			<trkpt lat="45.769864201545715" lon="10.968955755233765">
				<ele>1575.60009765625</ele>
				<time>2026-08-14T10:22:06Z</time>
			</trkpt>
			<trkpt lat="45.76986873149872" lon="10.96898090839386">
				<ele>1575.199951171875</ele>
				<time>2026-08-14T10:22:08Z</time>
			</trkpt>
			<trkpt lat="45.769869923591614" lon="10.969012379646301">
				<ele>1574.800048828125</ele>
				<time>2026-08-14T10:22:10Z</time>
			</trkpt>
			<trkpt lat="45.76989781856537" lon="10.969122409820557">
				<ele>1571.60009765625</ele>
				<time>2026-08-14T10:22:23Z</time>
			</trkpt>
			<trkpt lat="45.769816756248474" lon="10.96914541721344">
				<ele>1568.39990234375</ele>
				<time>2026-08-14T10:22:35Z</time>
			</trkpt>
			<trkpt lat="45.76975059509277" lon="10.969076752662659">
				<ele>1565.39990234375</ele>
				<time>2026-08-14T10:22:47Z</time>
			</trkpt>
			<trkpt lat="45.769678592681885" lon="10.969022274017334">
				<ele>1562.199951171875</ele>
				<time>2026-08-14T10:22:59Z</time>
			</trkpt>
			<trkpt lat="45.76967144012451" lon="10.969014525413513">
				<ele>1562.0</ele>
				<time>2026-08-14T10:23:00Z</time>
			</trkpt>
			<trkpt lat="45.76965939998627" lon="10.968994379043579">
				<ele>1561.39990234375</ele>
				<time>2026-08-14T10:23:02Z</time>
			</trkpt>
			<trkpt lat="45.769609808921814" lon="10.968928933143616">
				<ele>1559.199951171875</ele>
				<time>2026-08-14T10:23:10Z</time>
			</trkpt>
			<trkpt lat="45.76960206031799" lon="10.968920111656189">
				<ele>1559.0</ele>
				<time>2026-08-14T10:23:11Z</time>
			</trkpt>
			<trkpt lat="45.769593954086304" lon="10.968911528587341">
				<ele>1558.800048828125</ele>
				<time>2026-08-14T10:23:12Z</time>
			</trkpt>
			<trkpt lat="45.769585490226746" lon="10.968902707099915">
				<ele>1558.39990234375</ele>
				<time>2026-08-14T10:23:13Z</time>
			</trkpt>
			<trkpt lat="45.7695734500885" lon="10.968866467475891">
				<ele>1557.60009765625</ele>
				<time>2026-08-14T10:23:16Z</time>
			</trkpt>
			<trkpt lat="45.76956510543823" lon="10.96882450580597">
				<ele>1556.800048828125</ele>
				<time>2026-08-14T10:23:19Z</time>
			</trkpt>
			<trkpt lat="45.769558906555176" lon="10.968745350837708">
				<ele>1554.0</ele>
				<time>2026-08-14T10:23:35Z</time>
			</trkpt>
			<trkpt lat="45.76957952976227" lon="10.968632340431213">
				<ele>1552.39990234375</ele>
				<time>2026-08-14T10:23:53Z</time>
			</trkpt>
			<trkpt lat="45.76954364776611" lon="10.968640089035034">
				<ele>1551.60009765625</ele>
				<time>2026-08-14T10:23:59Z</time>
			</trkpt>
			<trkpt lat="45.769535064697266" lon="10.968648433685303">
				<ele>1551.60009765625</ele>
				<time>2026-08-14T10:24:00Z</time>
			</trkpt>
			<trkpt lat="45.769521594047546" lon="10.968667984008789">
				<ele>1551.39990234375</ele>
				<time>2026-08-14T10:24:02Z</time>
			</trkpt>
			<trkpt lat="45.76943588256836" lon="10.968843698501587">
				<ele>1549.0</ele>
				<time>2026-08-14T10:24:17Z</time>
			</trkpt>
			<trkpt lat="45.769399642944336" lon="10.968975186347961">
				<ele>1547.199951171875</ele>
				<time>2026-08-14T10:24:27Z</time>
			</trkpt>
			<trkpt lat="45.769373178482056" lon="10.96885085105896">
				<ele>1544.800048828125</ele>
				<time>2026-08-14T10:24:38Z</time>
			</trkpt>
			<trkpt lat="45.769370794296265" lon="10.968836903572083">
				<ele>1544.5999755859375</ele>
				<time>2026-08-14T10:24:39Z</time>
			</trkpt>
			<trkpt lat="45.76933789253235" lon="10.968705534934998">
				<ele>1542.199951171875</ele>
				<time>2026-08-14T10:24:52Z</time>
			</trkpt>
			<trkpt lat="45.769312500953674" lon="10.96872341632843">
				<ele>1541.800048828125</ele>
				<time>2026-08-14T10:24:56Z</time>
			</trkpt>
			<trkpt lat="45.769307374954224" lon="10.968736410140991">
				<ele>1541.5999755859375</ele>
				<time>2026-08-14T10:24:57Z</time>
			</trkpt>
			<trkpt lat="45.76921308040619" lon="10.968960523605347">
				<ele>1539.199951171875</ele>
				<time>2026-08-14T10:25:14Z</time>
			</trkpt>
			<trkpt lat="45.76919364929199" lon="10.968960881233215">
				<ele>1539.0</ele>
				<time>2026-08-14T10:25:16Z</time>
			</trkpt>
			<trkpt lat="45.76918148994446" lon="10.96895444393158">
				<ele>1538.800048828125</ele>
				<time>2026-08-14T10:25:17Z</time>
			</trkpt>
			<trkpt lat="45.76917040348053" lon="10.968946933746338">
				<ele>1538.5999755859375</ele>
				<time>2026-08-14T10:25:18Z</time>
			</trkpt>
			<trkpt lat="45.769163608551025" lon="10.96893584728241">
				<ele>1538.4000244140625</ele>
				<time>2026-08-14T10:25:19Z</time>
			</trkpt>
			<trkpt lat="45.76916456222534" lon="10.968892931938171">
				<ele>1538.0</ele>
				<time>2026-08-14T10:25:22Z</time>
			</trkpt>
			<trkpt lat="45.76914203166962" lon="10.968703269958496">
				<ele>1535.0</ele>
				<time>2026-08-14T10:25:37Z</time>
			</trkpt>
			<trkpt lat="45.76915097236633" lon="10.968570113182068">
				<ele>1531.800048828125</ele>
				<time>2026-08-14T10:25:48Z</time>
			</trkpt>
			<trkpt lat="45.76915192604065" lon="10.968517422676086">
				<ele>1530.800048828125</ele>
				<time>2026-08-14T10:25:52Z</time>
			</trkpt>
			<trkpt lat="45.769155859947205" lon="10.968502879142761">
				<ele>1530.4000244140625</ele>
				<time>2026-08-14T10:25:53Z</time>
			</trkpt>
			<trkpt lat="45.769167304039" lon="10.96843683719635">
				<ele>1529.0</ele>
				<time>2026-08-14T10:25:58Z</time>
			</trkpt>
			<trkpt lat="45.76919496059418" lon="10.968274474143982">
				<ele>1526.0</ele>
				<time>2026-08-14T10:26:12Z</time>
			</trkpt>
			<trkpt lat="45.76920199394226" lon="10.968262910842896">
				<ele>1525.800048828125</ele>
				<time>2026-08-14T10:26:13Z</time>
			</trkpt>
			<trkpt lat="45.76928651332855" lon="10.968111276626587">
				<ele>1523.5999755859375</ele>
				<time>2026-08-14T10:26:24Z</time>
			</trkpt>
			<trkpt lat="45.76929020881653" lon="10.968095183372498">
				<ele>1523.5999755859375</ele>
				<time>2026-08-14T10:26:25Z</time>
			</trkpt>
			<trkpt lat="45.76929593086243" lon="10.968080639839172">
				<ele>1523.4000244140625</ele>
				<time>2026-08-14T10:26:26Z</time>
			</trkpt>
			<trkpt lat="45.76930367946625" lon="10.968042612075806">
				<ele>1522.5999755859375</ele>
				<time>2026-08-14T10:26:42Z</time>
			</trkpt>
			<trkpt lat="45.76932430267334" lon="10.967942357063293">
				<ele>1522.199951171875</ele>
				<time>2026-08-14T10:26:51Z</time>
			</trkpt>
			<trkpt lat="45.76933205127716" lon="10.967916131019592">
				<ele>1521.800048828125</ele>
				<time>2026-08-14T10:26:53Z</time>
			</trkpt>
			<trkpt lat="45.769389510154724" lon="10.967657804489136">
				<ele>1518.800048828125</ele>
				<time>2026-08-14T10:27:10Z</time>
			</trkpt>
			<trkpt lat="45.76943862438202" lon="10.967496395111084">
				<ele>1515.800048828125</ele>
				<time>2026-08-14T10:27:22Z</time>
			</trkpt>
			<trkpt lat="45.76949143409729" lon="10.967310309410095">
				<ele>1512.800048828125</ele>
				<time>2026-08-14T10:27:35Z</time>
			</trkpt>
			<trkpt lat="45.76949203014374" lon="10.967294216156006">
				<ele>1512.5999755859375</ele>
				<time>2026-08-14T10:27:36Z</time>
			</trkpt>
			<trkpt lat="45.76954007148743" lon="10.967090129852295">
				<ele>1509.4000244140625</ele>
				<time>2026-08-14T10:27:50Z</time>
			</trkpt>
			<trkpt lat="45.769588470458984" lon="10.966802597045898">
				<ele>1506.800048828125</ele>
				<time>2026-08-14T10:28:08Z</time>
			</trkpt>
			<trkpt lat="45.76956224441528" lon="10.966551661491394">
				<ele>1504.0</ele>
				<time>2026-08-14T10:28:24Z</time>
			</trkpt>
			<trkpt lat="45.76946830749512" lon="10.966295003890991">
				<ele>1500.800048828125</ele>
				<time>2026-08-14T10:28:40Z</time>
			</trkpt>
			<trkpt lat="45.76943588256836" lon="10.96609079837799">
				<ele>1498.4000244140625</ele>
				<time>2026-08-14T10:28:57Z</time>
			</trkpt>
			<trkpt lat="45.769439458847046" lon="10.966113567352295">
				<ele>1497.5999755859375</ele>
				<time>2026-08-14T10:29:22Z</time>
			</trkpt>
			<trkpt lat="45.769429326057434" lon="10.966110587120056">
				<ele>1497.4000244140625</ele>
				<time>2026-08-14T10:29:41Z</time>
			</trkpt>
			<trkpt lat="45.76936709880829" lon="10.966030716896057">
				<ele>1497.0</ele>
				<time>2026-08-14T10:30:18Z</time>
			</trkpt>
			<trkpt lat="45.76936483383179" lon="10.965957641601562">
				<ele>1497.0</ele>
				<time>2026-08-14T10:30:38Z</time>
			</trkpt>
			<trkpt lat="45.76931130886078" lon="10.965942740440369">
				<ele>1497.199951171875</ele>
				<time>2026-08-14T10:30:46Z</time>
			</trkpt>
			<trkpt lat="45.769301533699036" lon="10.965936064720154">
				<ele>1497.199951171875</ele>
				<time>2026-08-14T10:30:47Z</time>
			</trkpt>
			<trkpt lat="45.769142389297485" lon="10.965734004974365">
				<ele>1497.4000244140625</ele>
				<time>2026-08-14T10:31:04Z</time>
			</trkpt>
			<trkpt lat="45.76912701129913" lon="10.965689897537231">
				<ele>1498.0</ele>
				<time>2026-08-14T10:31:22Z</time>
			</trkpt>
			<trkpt lat="45.76907467842102" lon="10.96565294265747">
				<ele>1497.5999755859375</ele>
				<time>2026-08-14T10:31:33Z</time>
			</trkpt>
			<trkpt lat="45.769065856933594" lon="10.965641260147095">
				<ele>1497.4000244140625</ele>
				<time>2026-08-14T10:31:34Z</time>
			</trkpt>
			<trkpt lat="45.76904654502869" lon="10.96561884880066">
				<ele>1497.4000244140625</ele>
				<time>2026-08-14T10:31:36Z</time>
			</trkpt>
			<trkpt lat="45.76884567737579" lon="10.965352296829224">
				<ele>1498.199951171875</ele>
				<time>2026-08-14T10:31:57Z</time>
			</trkpt>
			<trkpt lat="45.7686722278595" lon="10.965097069740295">
				<ele>1498.0</ele>
				<time>2026-08-14T10:32:16Z</time>
			</trkpt>
			<trkpt lat="45.76847469806671" lon="10.96485424041748">
				<ele>1498.800048828125</ele>
				<time>2026-08-14T10:32:36Z</time>
			</trkpt>
			<trkpt lat="45.768240094184875" lon="10.964643120765686">
				<ele>1499.0</ele>
				<time>2026-08-14T10:32:57Z</time>
			</trkpt>
			<trkpt lat="45.76806116104126" lon="10.964390397071838">
				<ele>1499.199951171875</ele>
				<time>2026-08-14T10:33:16Z</time>
			</trkpt>
			<trkpt lat="45.76801013946533" lon="10.964186072349548">
				<ele>1500.199951171875</ele>
				<time>2026-08-14T10:33:35Z</time>
			</trkpt>
			<trkpt lat="45.76801013946533" lon="10.96416187286377">
				<ele>1500.4000244140625</ele>
				<time>2026-08-14T10:33:37Z</time>
			</trkpt>
			<trkpt lat="45.76801025867462" lon="10.964147090911865">
				<ele>1500.4000244140625</ele>
				<time>2026-08-14T10:33:38Z</time>
			</trkpt>
			<trkpt lat="45.76800870895386" lon="10.9640634059906">
				<ele>1499.800048828125</ele>
				<time>2026-08-14T10:33:54Z</time>
			</trkpt>
			<trkpt lat="45.768001675605774" lon="10.964020490646362">
				<ele>1499.800048828125</ele>
				<time>2026-08-14T10:33:58Z</time>
			</trkpt>
			<trkpt lat="45.76800012588501" lon="10.964003801345825">
				<ele>1500.0</ele>
				<time>2026-08-14T10:33:59Z</time>
			</trkpt>
			<trkpt lat="45.767999053001404" lon="10.963986039161682">
				<ele>1500.0</ele>
				<time>2026-08-14T10:34:00Z</time>
			</trkpt>
			<trkpt lat="45.76799976825714" lon="10.96396791934967">
				<ele>1499.800048828125</ele>
				<time>2026-08-14T10:34:01Z</time>
			</trkpt>
			<trkpt lat="45.76800084114075" lon="10.963949203491211">
				<ele>1499.800048828125</ele>
				<time>2026-08-14T10:34:02Z</time>
			</trkpt>
			<trkpt lat="45.76800239086151" lon="10.96392810344696">
				<ele>1499.800048828125</ele>
				<time>2026-08-14T10:34:03Z</time>
			</trkpt>
			<trkpt lat="45.76800453662872" lon="10.96390688419342">
				<ele>1499.800048828125</ele>
				<time>2026-08-14T10:34:04Z</time>
			</trkpt>
			<trkpt lat="45.76802051067352" lon="10.963484287261963">
				<ele>1500.4000244140625</ele>
				<time>2026-08-14T10:34:25Z</time>
			</trkpt>
			<trkpt lat="45.76805543899536" lon="10.96304440498352">
				<ele>1500.5999755859375</ele>
				<time>2026-08-14T10:34:46Z</time>
			</trkpt>
			<trkpt lat="45.768099427223206" lon="10.962583065032959">
				<ele>1500.4000244140625</ele>
				<time>2026-08-14T10:35:09Z</time>
			</trkpt>
			<trkpt lat="45.76810300350189" lon="10.962467432022095">
				<ele>1500.0</ele>
				<time>2026-08-14T10:35:26Z</time>
			</trkpt>
			<trkpt lat="45.76809358596802" lon="10.962425827980042">
				<ele>1499.800048828125</ele>
				<time>2026-08-14T10:35:35Z</time>
			</trkpt>
			<trkpt lat="45.76809227466583" lon="10.962406158447266">
				<ele>1499.800048828125</ele>
				<time>2026-08-14T10:35:36Z</time>
			</trkpt>
			<trkpt lat="45.768091320991516" lon="10.962384939193726">
				<ele>1499.800048828125</ele>
				<time>2026-08-14T10:35:37Z</time>
			</trkpt>
			<trkpt lat="45.76808273792267" lon="10.961971282958984">
				<ele>1499.800048828125</ele>
				<time>2026-08-14T10:35:58Z</time>
			</trkpt>
			<trkpt lat="45.76809108257294" lon="10.961962819099426">
				<ele>1499.800048828125</ele>
				<time>2026-08-14T10:35:59Z</time>
			</trkpt>
			<trkpt lat="45.76810038089752" lon="10.961955904960632">
				<ele>1499.800048828125</ele>
				<time>2026-08-14T10:36:00Z</time>
			</trkpt>
			<trkpt lat="45.768107891082764" lon="10.961912035942078">
				<ele>1499.800048828125</ele>
				<time>2026-08-14T10:36:03Z</time>
			</trkpt>
			<trkpt lat="45.7681120634079" lon="10.961778283119202">
				<ele>1501.4000244140625</ele>
				<time>2026-08-14T10:36:20Z</time>
			</trkpt>
			<trkpt lat="45.7681120634079" lon="10.961763978004456">
				<ele>1502.4000244140625</ele>
				<time>2026-08-14T10:36:43Z</time>
			</trkpt>
			<trkpt lat="45.768094420433044" lon="10.961702466011047">
				<ele>1502.0</ele>
				<time>2026-08-14T10:36:57Z</time>
			</trkpt>
			<trkpt lat="45.76809501647949" lon="10.961686134338379">
				<ele>1502.0</ele>
				<time>2026-08-14T10:36:58Z</time>
			</trkpt>
			<trkpt lat="45.76809501647949" lon="10.961669087409973">
				<ele>1502.0</ele>
				<time>2026-08-14T10:36:59Z</time>
			</trkpt>
			<trkpt lat="45.76809346675873" lon="10.96164095401764">
				<ele>1502.0</ele>
				<time>2026-08-14T10:37:01Z</time>
			</trkpt>
			<trkpt lat="45.768051624298096" lon="10.961475729942322">
				<ele>1501.0</ele>
				<time>2026-08-14T10:37:16Z</time>
			</trkpt>
			<trkpt lat="45.76804077625275" lon="10.961450934410095">
				<ele>1500.4000244140625</ele>
				<time>2026-08-14T10:37:30Z</time>
			</trkpt>
			<trkpt lat="45.76803481578827" lon="10.961436152458191">
				<ele>1500.199951171875</ele>
				<time>2026-08-14T10:37:31Z</time>
			</trkpt>
			<trkpt lat="45.768022537231445" lon="10.961400151252747">
				<ele>1500.0</ele>
				<time>2026-08-14T10:37:33Z</time>
			</trkpt>
			<trkpt lat="45.76791799068451" lon="10.961015462875366">
				<ele>1501.199951171875</ele>
				<time>2026-08-14T10:37:55Z</time>
			</trkpt>
			<trkpt lat="45.76791977882385" lon="10.96072518825531">
				<ele>1502.199951171875</ele>
				<time>2026-08-14T10:38:12Z</time>
			</trkpt>
			<trkpt lat="45.76795828342438" lon="10.960502862930298">
				<ele>1503.199951171875</ele>
				<time>2026-08-14T10:38:28Z</time>
			</trkpt>
			<trkpt lat="45.76795780658722" lon="10.960480332374573">
				<ele>1504.0</ele>
				<time>2026-08-14T10:38:55Z</time>
			</trkpt>
			<trkpt lat="45.76796507835388" lon="10.960465669631958">
				<ele>1504.0</ele>
				<time>2026-08-14T10:38:56Z</time>
			</trkpt>
			<trkpt lat="45.76797330379486" lon="10.96045172214508">
				<ele>1504.0</ele>
				<time>2026-08-14T10:38:57Z</time>
			</trkpt>
			<trkpt lat="45.767983198165894" lon="10.96043872833252">
				<ele>1504.0</ele>
				<time>2026-08-14T10:38:58Z</time>
			</trkpt>
			<trkpt lat="45.767993092536926" lon="10.960425853729248">
				<ele>1504.0</ele>
				<time>2026-08-14T10:38:59Z</time>
			</trkpt>
			<trkpt lat="45.768001556396484" lon="10.96041202545166">
				<ele>1504.0</ele>
				<time>2026-08-14T10:39:00Z</time>
			</trkpt>
			<trkpt lat="45.76801002025604" lon="10.960396647453308">
				<ele>1504.0</ele>
				<time>2026-08-14T10:39:01Z</time>
			</trkpt>
			<trkpt lat="45.7680184841156" lon="10.960381031036377">
				<ele>1504.0</ele>
				<time>2026-08-14T10:39:02Z</time>
			</trkpt>
			<trkpt lat="45.768117904663086" lon="10.96014416217804">
				<ele>1504.4000244140625</ele>
				<time>2026-08-14T10:39:19Z</time>
			</trkpt>
			<trkpt lat="45.76820170879364" lon="10.959966897964478">
				<ele>1505.199951171875</ele>
				<time>2026-08-14T10:39:33Z</time>
			</trkpt>
			<trkpt lat="45.768197655677795" lon="10.959920644760132">
				<ele>1505.800048828125</ele>
				<time>2026-08-14T10:39:49Z</time>
			</trkpt>
			<trkpt lat="45.76821780204773" lon="10.959887146949768">
				<ele>1506.0</ele>
				<time>2026-08-14T10:40:01Z</time>
			</trkpt>
			<trkpt lat="45.768231987953186" lon="10.959865808486938">
				<ele>1506.0</ele>
				<time>2026-08-14T10:40:03Z</time>
			</trkpt>
			<trkpt lat="45.76823961734772" lon="10.959855198860168">
				<ele>1506.199951171875</ele>
				<time>2026-08-14T10:40:04Z</time>
			</trkpt>
			<trkpt lat="45.76826274394989" lon="10.959710597991943">
				<ele>1506.5999755859375</ele>
				<time>2026-08-14T10:40:19Z</time>
			</trkpt>
			<trkpt lat="45.76823627948761" lon="10.95968234539032">
				<ele>1507.199951171875</ele>
				<time>2026-08-14T10:40:41Z</time>
			</trkpt>
			<trkpt lat="45.76823377609253" lon="10.959704637527466">
				<ele>1507.5999755859375</ele>
				<time>2026-08-14T10:41:03Z</time>
			</trkpt>
			<trkpt lat="45.76825654506683" lon="10.959652543067932">
				<ele>1507.800048828125</ele>
				<time>2026-08-14T10:41:07Z</time>
			</trkpt>
			<trkpt lat="45.76832032203674" lon="10.959602117538452">
				<ele>1508.800048828125</ele>
				<time>2026-08-14T10:41:25Z</time>
			</trkpt>
			<trkpt lat="45.76834690570831" lon="10.959550023078918">
				<ele>1508.800048828125</ele>
				<time>2026-08-14T10:41:52Z</time>
			</trkpt>
			<trkpt lat="45.76835560798645" lon="10.95952296257019">
				<ele>1509.0</ele>
				<time>2026-08-14T10:41:54Z</time>
			</trkpt>
			<trkpt lat="45.76835310459137" lon="10.959473967552185">
				<ele>1510.4000244140625</ele>
				<time>2026-08-14T10:42:13Z</time>
			</trkpt>
			<trkpt lat="45.768324851989746" lon="10.959457635879517">
				<ele>1510.199951171875</ele>
				<time>2026-08-14T10:42:58Z</time>
			</trkpt>
			<trkpt lat="45.76831412315369" lon="10.959447503089905">
				<ele>1510.0</ele>
				<time>2026-08-14T10:42:59Z</time>
			</trkpt>
			<trkpt lat="45.76830267906189" lon="10.959437727928162">
				<ele>1510.0</ele>
				<time>2026-08-14T10:43:00Z</time>
			</trkpt>
			<trkpt lat="45.76829290390015" lon="10.959429740905762">
				<ele>1510.0</ele>
				<time>2026-08-14T10:43:01Z</time>
			</trkpt>
			<trkpt lat="45.768283009529114" lon="10.959421873092651">
				<ele>1510.0</ele>
				<time>2026-08-14T10:43:02Z</time>
			</trkpt>
			<trkpt lat="45.76818561553955" lon="10.959228277206421">
				<ele>1511.0</ele>
				<time>2026-08-14T10:43:19Z</time>
			</trkpt>
			<trkpt lat="45.76817834377289" lon="10.959176063537598">
				<ele>1511.800048828125</ele>
				<time>2026-08-14T10:43:29Z</time>
			</trkpt>
			<trkpt lat="45.76817321777344" lon="10.959159016609192">
				<ele>1511.800048828125</ele>
				<time>2026-08-14T10:43:30Z</time>
			</trkpt>
			<trkpt lat="45.768099308013916" lon="10.958925127983093">
				<ele>1513.0</ele>
				<time>2026-08-14T10:43:45Z</time>
			</trkpt>
			<trkpt lat="45.76807188987732" lon="10.958835124969482">
				<ele>1513.800048828125</ele>
				<time>2026-08-14T10:43:51Z</time>
			</trkpt>
			<trkpt lat="45.768051505088806" lon="10.958798050880432">
				<ele>1514.5999755859375</ele>
				<time>2026-08-14T10:43:56Z</time>
			</trkpt>
			<trkpt lat="45.7680447101593" lon="10.958783149719238">
				<ele>1514.800048828125</ele>
				<time>2026-08-14T10:43:57Z</time>
			</trkpt>
			<trkpt lat="45.76804053783417" lon="10.958768725395203">
				<ele>1514.800048828125</ele>
				<time>2026-08-14T10:43:58Z</time>
			</trkpt>
			<trkpt lat="45.7680367231369" lon="10.958752632141113">
				<ele>1515.199951171875</ele>
				<time>2026-08-14T10:43:59Z</time>
			</trkpt>
			<trkpt lat="45.768030881881714" lon="10.958736181259155">
				<ele>1515.4000244140625</ele>
				<time>2026-08-14T10:44:00Z</time>
			</trkpt>
			<trkpt lat="45.768025517463684" lon="10.958720684051514">
				<ele>1515.5999755859375</ele>
				<time>2026-08-14T10:44:01Z</time>
			</trkpt>
			<trkpt lat="45.768019795417786" lon="10.958704590797424">
				<ele>1515.800048828125</ele>
				<time>2026-08-14T10:44:02Z</time>
			</trkpt>
			<trkpt lat="45.76801323890686" lon="10.958688020706177">
				<ele>1515.800048828125</ele>
				<time>2026-08-14T10:44:03Z</time>
			</trkpt>
			<trkpt lat="45.768006324768066" lon="10.958671569824219">
				<ele>1515.800048828125</ele>
				<time>2026-08-14T10:44:04Z</time>
			</trkpt>
			<trkpt lat="45.76795673370361" lon="10.958520531654358">
				<ele>1516.5999755859375</ele>
				<time>2026-08-14T10:44:21Z</time>
			</trkpt>
			<trkpt lat="45.76795148849487" lon="10.958505868911743">
				<ele>1516.5999755859375</ele>
				<time>2026-08-14T10:44:22Z</time>
			</trkpt>
			<trkpt lat="45.76794421672821" lon="10.958489537239075">
				<ele>1516.5999755859375</ele>
				<time>2026-08-14T10:44:23Z</time>
			</trkpt>
			<trkpt lat="45.767937541007996" lon="10.958474278450012">
				<ele>1516.800048828125</ele>
				<time>2026-08-14T10:44:24Z</time>
			</trkpt>
			<trkpt lat="45.767836928367615" lon="10.958256602287292">
				<ele>1517.5999755859375</ele>
				<time>2026-08-14T10:44:40Z</time>
			</trkpt>
			<trkpt lat="45.7677081823349" lon="10.95801556110382">
				<ele>1519.0</ele>
				<time>2026-08-14T10:44:57Z</time>
			</trkpt>
			<trkpt lat="45.767579078674316" lon="10.957740902900696">
				<ele>1521.199951171875</ele>
				<time>2026-08-14T10:45:15Z</time>
			</trkpt>
			<trkpt lat="45.76746428012848" lon="10.95750081539154">
				<ele>1522.800048828125</ele>
				<time>2026-08-14T10:45:31Z</time>
			</trkpt>
			<trkpt lat="45.76740539073944" lon="10.957257390022278">
				<ele>1524.4000244140625</ele>
				<time>2026-08-14T10:45:46Z</time>
			</trkpt>
			<trkpt lat="45.767342925071716" lon="10.956990003585815">
				<ele>1526.199951171875</ele>
				<time>2026-08-14T10:46:02Z</time>
			</trkpt>
			<trkpt lat="45.7672153711319" lon="10.956747889518738">
				<ele>1527.5999755859375</ele>
				<time>2026-08-14T10:46:19Z</time>
			</trkpt>
			<trkpt lat="45.76708900928497" lon="10.956560015678406">
				<ele>1528.800048828125</ele>
				<time>2026-08-14T10:46:34Z</time>
			</trkpt>
			<trkpt lat="45.76704668998718" lon="10.95649528503418">
				<ele>1530.0</ele>
				<time>2026-08-14T10:46:49Z</time>
			</trkpt>
			<trkpt lat="45.767032980918884" lon="10.95647656917572">
				<ele>1530.199951171875</ele>
				<time>2026-08-14T10:46:51Z</time>
			</trkpt>
			<trkpt lat="45.7670236825943" lon="10.956463098526001">
				<ele>1530.199951171875</ele>
				<time>2026-08-14T10:46:52Z</time>
			</trkpt>
			<trkpt lat="45.76701295375824" lon="10.956448554992676">
				<ele>1530.199951171875</ele>
				<time>2026-08-14T10:46:53Z</time>
			</trkpt>
			<trkpt lat="45.76700460910797" lon="10.956435441970825">
				<ele>1530.199951171875</ele>
				<time>2026-08-14T10:46:54Z</time>
			</trkpt>
			<trkpt lat="45.766998410224915" lon="10.956422209739685">
				<ele>1530.199951171875</ele>
				<time>2026-08-14T10:46:55Z</time>
			</trkpt>
			<trkpt lat="45.76688098907471" lon="10.956256031990051">
				<ele>1531.0</ele>
				<time>2026-08-14T10:47:09Z</time>
			</trkpt>
			<trkpt lat="45.76680564880371" lon="10.956131339073181">
				<ele>1532.4000244140625</ele>
				<time>2026-08-14T10:47:19Z</time>
			</trkpt>
			<trkpt lat="45.76679599285126" lon="10.9561208486557">
				<ele>1532.5999755859375</ele>
				<time>2026-08-14T10:47:20Z</time>
			</trkpt>
			<trkpt lat="45.766786336898804" lon="10.956110835075378">
				<ele>1532.800048828125</ele>
				<time>2026-08-14T10:47:21Z</time>
			</trkpt>
			<trkpt lat="45.76677763462067" lon="10.956099152565002">
				<ele>1533.0</ele>
				<time>2026-08-14T10:47:22Z</time>
			</trkpt>
			<trkpt lat="45.766770005226135" lon="10.956086874008179">
				<ele>1533.0</ele>
				<time>2026-08-14T10:47:23Z</time>
			</trkpt>
			<trkpt lat="45.766762137413025" lon="10.956075549125671">
				<ele>1533.199951171875</ele>
				<time>2026-08-14T10:47:24Z</time>
			</trkpt>
			<trkpt lat="45.7667338848114" lon="10.956079483032227">
				<ele>1534.5999755859375</ele>
				<time>2026-08-14T10:47:37Z</time>
			</trkpt>
			<trkpt lat="45.76671385765076" lon="10.956077337265015">
				<ele>1535.800048828125</ele>
				<time>2026-08-14T10:47:54Z</time>
			</trkpt>
			<trkpt lat="45.76670479774475" lon="10.956066727638245">
				<ele>1535.800048828125</ele>
				<time>2026-08-14T10:47:55Z</time>
			</trkpt>
			<trkpt lat="45.76669490337372" lon="10.95605719089508">
				<ele>1535.5999755859375</ele>
				<time>2026-08-14T10:47:56Z</time>
			</trkpt>
			<trkpt lat="45.76668441295624" lon="10.956047177314758">
				<ele>1535.5999755859375</ele>
				<time>2026-08-14T10:47:57Z</time>
			</trkpt>
			<trkpt lat="45.76667404174805" lon="10.95603597164154">
				<ele>1535.5999755859375</ele>
				<time>2026-08-14T10:47:58Z</time>
			</trkpt>
			<trkpt lat="45.76652479171753" lon="10.955883502960205">
				<ele>1537.0</ele>
				<time>2026-08-14T10:48:13Z</time>
			</trkpt>
			<trkpt lat="45.76634967327118" lon="10.95572578907013">
				<ele>1539.199951171875</ele>
				<time>2026-08-14T10:48:30Z</time>
			</trkpt>
			<trkpt lat="45.76618301868439" lon="10.955566644668579">
				<ele>1542.0</ele>
				<time>2026-08-14T10:48:47Z</time>
			</trkpt>
			<trkpt lat="45.766154527664185" lon="10.95551860332489">
				<ele>1543.4000244140625</ele>
				<time>2026-08-14T10:49:00Z</time>
			</trkpt>
			<trkpt lat="45.76615536212921" lon="10.955454587936401">
				<ele>1544.0</ele>
				<time>2026-08-14T10:49:14Z</time>
			</trkpt>
			<trkpt lat="45.7661589384079" lon="10.955469131469727">
				<ele>1544.0</ele>
				<time>2026-08-14T10:49:15Z</time>
			</trkpt>
			<trkpt lat="45.766162753105164" lon="10.955484986305237">
				<ele>1544.199951171875</ele>
				<time>2026-08-14T10:49:16Z</time>
			</trkpt>
			<trkpt lat="45.76615631580353" lon="10.955469727516174">
				<ele>1544.0</ele>
				<time>2026-08-14T10:49:28Z</time>
			</trkpt>
			<trkpt lat="45.76614773273468" lon="10.955416321754456">
				<ele>1543.4000244140625</ele>
				<time>2026-08-14T10:49:37Z</time>
			</trkpt>
			<trkpt lat="45.76614820957184" lon="10.955401062965393">
				<ele>1543.4000244140625</ele>
				<time>2026-08-14T10:49:38Z</time>
			</trkpt>
			<trkpt lat="45.766148686409" lon="10.955385208129883">
				<ele>1543.5999755859375</ele>
				<time>2026-08-14T10:49:39Z</time>
			</trkpt>
			<trkpt lat="45.76615083217621" lon="10.95536744594574">
				<ele>1543.5999755859375</ele>
				<time>2026-08-14T10:49:40Z</time>
			</trkpt>
			<trkpt lat="45.76615285873413" lon="10.955348014831543">
				<ele>1543.5999755859375</ele>
				<time>2026-08-14T10:49:41Z</time>
			</trkpt>
			<trkpt lat="45.76615357398987" lon="10.955329179763794">
				<ele>1543.800048828125</ele>
				<time>2026-08-14T10:49:42Z</time>
			</trkpt>
			<trkpt lat="45.76607370376587" lon="10.955067992210388">
				<ele>1544.5999755859375</ele>
				<time>2026-08-14T10:49:59Z</time>
			</trkpt>
			<trkpt lat="45.76606023311615" lon="10.955061316490173">
				<ele>1544.5999755859375</ele>
				<time>2026-08-14T10:50:15Z</time>
			</trkpt>
			<trkpt lat="45.766079902648926" lon="10.955024123191833">
				<ele>1544.4000244140625</ele>
				<time>2026-08-14T10:51:29Z</time>
			</trkpt>
			<trkpt lat="45.766082525253296" lon="10.955017685890198">
				<ele>1545.0</ele>
				<time>2026-08-14T10:53:13Z</time>
			</trkpt>
			<trkpt lat="45.76606273651123" lon="10.955018043518066">
				<ele>1544.5999755859375</ele>
				<time>2026-08-14T10:55:11Z</time>
			</trkpt>
			<trkpt lat="45.766069293022156" lon="10.955012202262878">
				<ele>1545.199951171875</ele>
				<time>2026-08-14T10:56:30Z</time>
			</trkpt>
			<trkpt lat="45.76607012748718" lon="10.955014705657959">
				<ele>1545.4000244140625</ele>
				<time>2026-08-14T10:58:14Z</time>
			</trkpt>
			<trkpt lat="45.76607322692871" lon="10.955044984817505">
				<ele>1546.4000244140625</ele>
				<time>2026-08-14T10:59:32Z</time>
			</trkpt>
			<trkpt lat="45.76604211330414" lon="10.955074071884155">
				<ele>1546.4000244140625</ele>
				<time>2026-08-14T11:00:05Z</time>
			</trkpt>
			<trkpt lat="45.76604378223419" lon="10.955024003982544">
				<ele>1546.5999755859375</ele>
				<time>2026-08-14T11:00:23Z</time>
			</trkpt>
			<trkpt lat="45.76604175567627" lon="10.955002665519714">
				<ele>1546.5999755859375</ele>
				<time>2026-08-14T11:00:24Z</time>
			</trkpt>
			<trkpt lat="45.76603639125824" lon="10.954985618591309">
				<ele>1546.4000244140625</ele>
				<time>2026-08-14T11:00:25Z</time>
			</trkpt>
			<trkpt lat="45.76602864265442" lon="10.95496928691864">
				<ele>1546.4000244140625</ele>
				<time>2026-08-14T11:00:26Z</time>
			</trkpt>
			<trkpt lat="45.766021370887756" lon="10.954953789710999">
				<ele>1546.4000244140625</ele>
				<time>2026-08-14T11:00:27Z</time>
			</trkpt>
			<trkpt lat="45.765982151031494" lon="10.954871892929077">
				<ele>1546.0</ele>
				<time>2026-08-14T11:00:42Z</time>
			</trkpt>
			<trkpt lat="45.76595139503479" lon="10.954811692237854">
				<ele>1545.199951171875</ele>
				<time>2026-08-14T11:00:57Z</time>
			</trkpt>
			<trkpt lat="45.76593565940857" lon="10.954779624938965">
				<ele>1545.199951171875</ele>
				<time>2026-08-14T11:01:03Z</time>
			</trkpt>
			<trkpt lat="45.76592457294464" lon="10.954745531082153">
				<ele>1545.4000244140625</ele>
				<time>2026-08-14T11:01:05Z</time>
			</trkpt>
			<trkpt lat="45.76591908931732" lon="10.954728126525879">
				<ele>1545.4000244140625</ele>
				<time>2026-08-14T11:01:06Z</time>
			</trkpt>
			<trkpt lat="45.76591336727142" lon="10.954710483551025">
				<ele>1545.4000244140625</ele>
				<time>2026-08-14T11:01:07Z</time>
			</trkpt>
			<trkpt lat="45.76590692996979" lon="10.954694509506226">
				<ele>1545.4000244140625</ele>
				<time>2026-08-14T11:01:08Z</time>
			</trkpt>
			<trkpt lat="45.76590061187744" lon="10.95467722415924">
				<ele>1545.199951171875</ele>
				<time>2026-08-14T11:01:09Z</time>
			</trkpt>
			<trkpt lat="45.76589477062225" lon="10.954658150672913">
				<ele>1545.199951171875</ele>
				<time>2026-08-14T11:01:10Z</time>
			</trkpt>
			<trkpt lat="45.76585936546326" lon="10.954229235649109">
				<ele>1543.800048828125</ele>
				<time>2026-08-14T11:01:33Z</time>
			</trkpt>
			<trkpt lat="45.765865087509155" lon="10.953912854194641">
				<ele>1542.5999755859375</ele>
				<time>2026-08-14T11:01:54Z</time>
			</trkpt>
			<trkpt lat="45.76586425304413" lon="10.953884482383728">
				<ele>1541.800048828125</ele>
				<time>2026-08-14T11:02:11Z</time>
			</trkpt>
			<trkpt lat="45.76586377620697" lon="10.95386803150177">
				<ele>1541.800048828125</ele>
				<time>2026-08-14T11:02:12Z</time>
			</trkpt>
			<trkpt lat="45.76586449146271" lon="10.953849077224731">
				<ele>1541.5999755859375</ele>
				<time>2026-08-14T11:02:13Z</time>
			</trkpt>
			<trkpt lat="45.765865087509155" lon="10.953830003738403">
				<ele>1541.5999755859375</ele>
				<time>2026-08-14T11:02:14Z</time>
			</trkpt>
			<trkpt lat="45.76579284667969" lon="10.953613996505737">
				<ele>1541.0</ele>
				<time>2026-08-14T11:02:29Z</time>
			</trkpt>
			<trkpt lat="45.7657208442688" lon="10.953378915786743">
				<ele>1539.800048828125</ele>
				<time>2026-08-14T11:02:48Z</time>
			</trkpt>
			<trkpt lat="45.76570928096771" lon="10.953378558158875">
				<ele>1539.0</ele>
				<time>2026-08-14T11:03:09Z</time>
			</trkpt>
			<trkpt lat="45.765756130218506" lon="10.953394412994385">
				<ele>1539.5999755859375</ele>
				<time>2026-08-14T11:03:34Z</time>
			</trkpt>
			<trkpt lat="45.76575970649719" lon="10.953397750854492">
				<ele>1540.0</ele>
				<time>2026-08-14T11:03:50Z</time>
			</trkpt>
			<trkpt lat="45.76574623584747" lon="10.95339322090149">
				<ele>1540.4000244140625</ele>
				<time>2026-08-14T11:04:24Z</time>
			</trkpt>
			<trkpt lat="45.76576817035675" lon="10.953378915786743">
				<ele>1540.5999755859375</ele>
				<time>2026-08-14T11:04:44Z</time>
			</trkpt>
			<trkpt lat="45.765767216682434" lon="10.953395962715149">
				<ele>1540.800048828125</ele>
				<time>2026-08-14T11:05:15Z</time>
			</trkpt>
			<trkpt lat="45.765769600868225" lon="10.953376412391663">
				<ele>1540.4000244140625</ele>
				<time>2026-08-14T11:05:51Z</time>
			</trkpt>
			<trkpt lat="45.76575064659119" lon="10.953289866447449">
				<ele>1539.4000244140625</ele>
				<time>2026-08-14T11:06:24Z</time>
			</trkpt>
			<trkpt lat="45.76575434207916" lon="10.953272819519043">
				<ele>1539.4000244140625</ele>
				<time>2026-08-14T11:06:25Z</time>
			</trkpt>
			<trkpt lat="45.76575839519501" lon="10.953255653381348">
				<ele>1539.199951171875</ele>
				<time>2026-08-14T11:06:26Z</time>
			</trkpt>
			<trkpt lat="45.76577425003052" lon="10.953173160552979">
				<ele>1539.199951171875</ele>
				<time>2026-08-14T11:06:31Z</time>
			</trkpt>
			<trkpt lat="45.76577949523926" lon="10.953158855438232">
				<ele>1539.199951171875</ele>
				<time>2026-08-14T11:06:32Z</time>
			</trkpt>
			<trkpt lat="45.765785336494446" lon="10.953145742416382">
				<ele>1539.199951171875</ele>
				<time>2026-08-14T11:06:33Z</time>
			</trkpt>
			<trkpt lat="45.76580226421356" lon="10.953117728233337">
				<ele>1538.800048828125</ele>
				<time>2026-08-14T11:06:53Z</time>
			</trkpt>
			<trkpt lat="45.76577162742615" lon="10.95309603214264">
				<ele>1538.199951171875</ele>
				<time>2026-08-14T11:07:35Z</time>
			</trkpt>
			<trkpt lat="45.76576912403107" lon="10.953093886375427">
				<ele>1537.199951171875</ele>
				<time>2026-08-14T11:07:53Z</time>
			</trkpt>
			<trkpt lat="45.76578748226166" lon="10.953089475631714">
				<ele>1538.0</ele>
				<time>2026-08-14T11:08:44Z</time>
			</trkpt>
			<trkpt lat="45.76578998565674" lon="10.953088283538818">
				<ele>1538.0</ele>
				<time>2026-08-14T11:09:32Z</time>
			</trkpt>
			<trkpt lat="45.765793561935425" lon="10.953086137771606">
				<ele>1538.0</ele>
				<time>2026-08-14T11:10:24Z</time>
			</trkpt>
			<trkpt lat="45.765789270401" lon="10.953076004981995">
				<ele>1538.199951171875</ele>
				<time>2026-08-14T11:10:59Z</time>
			</trkpt>
			<trkpt lat="45.765846490859985" lon="10.953067421913147">
				<ele>1538.4000244140625</ele>
				<time>2026-08-14T11:11:05Z</time>
			</trkpt>
			<trkpt lat="45.7660049200058" lon="10.953015208244324">
				<ele>1537.800048828125</ele>
				<time>2026-08-14T11:11:21Z</time>
			</trkpt>
			<trkpt lat="45.766029477119446" lon="10.953003883361816">
				<ele>1537.4000244140625</ele>
				<time>2026-08-14T11:11:34Z</time>
			</trkpt>
			<trkpt lat="45.76606285572052" lon="10.952995896339417">
				<ele>1537.199951171875</ele>
				<time>2026-08-14T11:11:37Z</time>
			</trkpt>
			<trkpt lat="45.76607525348663" lon="10.952991962432861">
				<ele>1537.199951171875</ele>
				<time>2026-08-14T11:11:38Z</time>
			</trkpt>
			<trkpt lat="45.76608669757843" lon="10.952988386154175">
				<ele>1537.199951171875</ele>
				<time>2026-08-14T11:11:39Z</time>
			</trkpt>
			<trkpt lat="45.766282081604004" lon="10.952818155288696">
				<ele>1535.0</ele>
				<time>2026-08-14T11:11:58Z</time>
			</trkpt>
			<trkpt lat="45.76649022102356" lon="10.952606081962585">
				<ele>1532.800048828125</ele>
				<time>2026-08-14T11:12:17Z</time>
			</trkpt>
			<trkpt lat="45.766692996025085" lon="10.952476739883423">
				<ele>1530.4000244140625</ele>
				<time>2026-08-14T11:12:35Z</time>
			</trkpt>
			<trkpt lat="45.766754150390625" lon="10.9524085521698">
				<ele>1528.0</ele>
				<time>2026-08-14T11:12:51Z</time>
			</trkpt>
			<trkpt lat="45.7667635679245" lon="10.952400803565979">
				<ele>1528.199951171875</ele>
				<time>2026-08-14T11:12:52Z</time>
			</trkpt>
			<trkpt lat="45.766772508621216" lon="10.952391386032104">
				<ele>1528.199951171875</ele>
				<time>2026-08-14T11:12:53Z</time>
			</trkpt>
			<trkpt lat="45.766780495643616" lon="10.952379703521729">
				<ele>1528.199951171875</ele>
				<time>2026-08-14T11:12:54Z</time>
			</trkpt>
			<trkpt lat="45.766788601875305" lon="10.952369570732117">
				<ele>1528.199951171875</ele>
				<time>2026-08-14T11:12:55Z</time>
			</trkpt>
			<trkpt lat="45.76684892177582" lon="10.952282309532166">
				<ele>1527.4000244140625</ele>
				<time>2026-08-14T11:13:02Z</time>
			</trkpt>
			<trkpt lat="45.766860127449036" lon="10.952275395393372">
				<ele>1527.199951171875</ele>
				<time>2026-08-14T11:13:03Z</time>
			</trkpt>
			<trkpt lat="45.76687049865723" lon="10.952271580696106">
				<ele>1527.199951171875</ele>
				<time>2026-08-14T11:13:04Z</time>
			</trkpt>
			<trkpt lat="45.766905665397644" lon="10.952268123626709">
				<ele>1526.800048828125</ele>
				<time>2026-08-14T11:13:08Z</time>
			</trkpt>
			<trkpt lat="45.76690471172333" lon="10.952278137207031">
				<ele>1526.5999755859375</ele>
				<time>2026-08-14T11:13:21Z</time>
			</trkpt>
			<trkpt lat="45.76687479019165" lon="10.952265501022339">
				<ele>1526.5999755859375</ele>
				<time>2026-08-14T11:13:23Z</time>
			</trkpt>
			<trkpt lat="45.7668651342392" lon="10.952252626419067">
				<ele>1526.5999755859375</ele>
				<time>2026-08-14T11:13:24Z</time>
			</trkpt>
			<trkpt lat="45.7668514251709" lon="10.952177047729492">
				<ele>1526.4000244140625</ele>
				<time>2026-08-14T11:13:28Z</time>
			</trkpt>
			<trkpt lat="45.76685297489166" lon="10.951799392700195">
				<ele>1524.0</ele>
				<time>2026-08-14T11:13:49Z</time>
			</trkpt>
			<trkpt lat="45.76676785945892" lon="10.951637744903564">
				<ele>1521.5999755859375</ele>
				<time>2026-08-14T11:14:05Z</time>
			</trkpt>
			<trkpt lat="45.76672375202179" lon="10.951618194580078">
				<ele>1520.5999755859375</ele>
				<time>2026-08-14T11:14:31Z</time>
			</trkpt>
			<trkpt lat="45.766714572906494" lon="10.951603770256042">
				<ele>1520.5999755859375</ele>
				<time>2026-08-14T11:14:32Z</time>
			</trkpt>
			<trkpt lat="45.766706705093384" lon="10.951589107513428">
				<ele>1520.5999755859375</ele>
				<time>2026-08-14T11:14:33Z</time>
			</trkpt>
			<trkpt lat="45.76669895648956" lon="10.951574087142944">
				<ele>1520.5999755859375</ele>
				<time>2026-08-14T11:14:34Z</time>
			</trkpt>
			<trkpt lat="45.766690731048584" lon="10.951555967330933">
				<ele>1520.5999755859375</ele>
				<time>2026-08-14T11:14:35Z</time>
			</trkpt>
			<trkpt lat="45.76656758785248" lon="10.951245188713074">
				<ele>1518.0</ele>
				<time>2026-08-14T11:14:53Z</time>
			</trkpt>
			<trkpt lat="45.76651227474213" lon="10.95092236995697">
				<ele>1515.199951171875</ele>
				<time>2026-08-14T11:15:11Z</time>
			</trkpt>
			<trkpt lat="45.76652777194977" lon="10.950879454612732">
				<ele>1514.800048828125</ele>
				<time>2026-08-14T11:15:14Z</time>
			</trkpt>
			<trkpt lat="45.76660406589508" lon="10.950803995132446">
				<ele>1513.0</ele>
				<time>2026-08-14T11:15:23Z</time>
			</trkpt>
			<trkpt lat="45.76664221286774" lon="10.95077908039093">
				<ele>1512.0</ele>
				<time>2026-08-14T11:15:31Z</time>
			</trkpt>
			<trkpt lat="45.76665222644806" lon="10.95077657699585">
				<ele>1512.0</ele>
				<time>2026-08-14T11:15:32Z</time>
			</trkpt>
			<trkpt lat="45.76668381690979" lon="10.950767278671265">
				<ele>1512.199951171875</ele>
				<time>2026-08-14T11:15:35Z</time>
			</trkpt>
			<trkpt lat="45.76684558391571" lon="10.950669884681702">
				<ele>1509.0</ele>
				<time>2026-08-14T11:15:49Z</time>
			</trkpt>
			<trkpt lat="45.766937136650085" lon="10.950411081314087">
				<ele>1506.0</ele>
				<time>2026-08-14T11:16:06Z</time>
			</trkpt>
			<trkpt lat="45.76707708835602" lon="10.950299143791199">
				<ele>1503.0</ele>
				<time>2026-08-14T11:16:20Z</time>
			</trkpt>
			<trkpt lat="45.76709508895874" lon="10.950293183326721">
				<ele>1502.5999755859375</ele>
				<time>2026-08-14T11:16:22Z</time>
			</trkpt>
			<trkpt lat="45.767123103141785" lon="10.950305104255676">
				<ele>1501.0</ele>
				<time>2026-08-14T11:16:34Z</time>
			</trkpt>
			<trkpt lat="45.76709294319153" lon="10.950132131576538">
				<ele>1499.800048828125</ele>
				<time>2026-08-14T11:16:51Z</time>
			</trkpt>
			<trkpt lat="45.76705801486969" lon="10.95007598400116">
				<ele>1499.5999755859375</ele>
				<time>2026-08-14T11:16:57Z</time>
			</trkpt>
			<trkpt lat="45.76704466342926" lon="10.95007073879242">
				<ele>1499.5999755859375</ele>
				<time>2026-08-14T11:16:58Z</time>
			</trkpt>
			<trkpt lat="45.76703071594238" lon="10.95006275177002">
				<ele>1499.5999755859375</ele>
				<time>2026-08-14T11:16:59Z</time>
			</trkpt>
			<trkpt lat="45.76701831817627" lon="10.950051546096802">
				<ele>1499.4000244140625</ele>
				<time>2026-08-14T11:17:00Z</time>
			</trkpt>
			<trkpt lat="45.76700782775879" lon="10.950041055679321">
				<ele>1499.4000244140625</ele>
				<time>2026-08-14T11:17:01Z</time>
			</trkpt>
			<trkpt lat="45.76685070991516" lon="10.949809432029724">
				<ele>1497.4000244140625</ele>
				<time>2026-08-14T11:17:21Z</time>
			</trkpt>
			<trkpt lat="45.76674735546112" lon="10.949689269065857">
				<ele>1495.4000244140625</ele>
				<time>2026-08-14T11:17:34Z</time>
			</trkpt>
			<trkpt lat="45.76674425601959" lon="10.949676036834717">
				<ele>1495.199951171875</ele>
				<time>2026-08-14T11:17:35Z</time>
			</trkpt>
			<trkpt lat="45.766780972480774" lon="10.949520468711853">
				<ele>1492.800048828125</ele>
				<time>2026-08-14T11:17:48Z</time>
			</trkpt>
			<trkpt lat="45.76684319972992" lon="10.949462890625">
				<ele>1490.4000244140625</ele>
				<time>2026-08-14T11:18:07Z</time>
			</trkpt>
			<trkpt lat="45.76686084270477" lon="10.949431777000427">
				<ele>1490.4000244140625</ele>
				<time>2026-08-14T11:18:12Z</time>
			</trkpt>
			<trkpt lat="45.76686954498291" lon="10.949422717094421">
				<ele>1490.4000244140625</ele>
				<time>2026-08-14T11:18:13Z</time>
			</trkpt>
			<trkpt lat="45.766879200935364" lon="10.949414134025574">
				<ele>1490.4000244140625</ele>
				<time>2026-08-14T11:18:14Z</time>
			</trkpt>
			<trkpt lat="45.76689028739929" lon="10.949408054351807">
				<ele>1490.4000244140625</ele>
				<time>2026-08-14T11:18:15Z</time>
			</trkpt>
			<trkpt lat="45.76690101623535" lon="10.949402689933777">
				<ele>1490.199951171875</ele>
				<time>2026-08-14T11:18:16Z</time>
			</trkpt>
			<trkpt lat="45.76690995693207" lon="10.949395895004272">
				<ele>1490.199951171875</ele>
				<time>2026-08-14T11:18:17Z</time>
			</trkpt>
			<trkpt lat="45.767131209373474" lon="10.94931185245514">
				<ele>1487.800048828125</ele>
				<time>2026-08-14T11:18:36Z</time>
			</trkpt>
			<trkpt lat="45.767301082611084" lon="10.949130296707153">
				<ele>1484.800048828125</ele>
				<time>2026-08-14T11:18:53Z</time>
			</trkpt>
			<trkpt lat="45.76748502254486" lon="10.949005722999573">
				<ele>1481.800048828125</ele>
				<time>2026-08-14T11:19:10Z</time>
			</trkpt>
			<trkpt lat="45.76759469509125" lon="10.948986172676086">
				<ele>1479.0</ele>
				<time>2026-08-14T11:19:27Z</time>
			</trkpt>
			<trkpt lat="45.76760458946228" lon="10.948983073234558">
				<ele>1479.0</ele>
				<time>2026-08-14T11:19:28Z</time>
			</trkpt>
			<trkpt lat="45.767616391181946" lon="10.948980331420898">
				<ele>1479.0</ele>
				<time>2026-08-14T11:19:29Z</time>
			</trkpt>
			<trkpt lat="45.767629504203796" lon="10.948977828025818">
				<ele>1479.0</ele>
				<time>2026-08-14T11:19:30Z</time>
			</trkpt>
			<trkpt lat="45.7676420211792" lon="10.948976516723633">
				<ele>1479.0</ele>
				<time>2026-08-14T11:19:31Z</time>
			</trkpt>
			<trkpt lat="45.767653822898865" lon="10.948976993560791">
				<ele>1479.0</ele>
				<time>2026-08-14T11:19:32Z</time>
			</trkpt>
			<trkpt lat="45.76775050163269" lon="10.948976278305054">
				<ele>1478.5999755859375</ele>
				<time>2026-08-14T11:19:40Z</time>
			</trkpt>
			<trkpt lat="45.7677618265152" lon="10.948967099189758">
				<ele>1478.5999755859375</ele>
				<time>2026-08-14T11:19:41Z</time>
			</trkpt>
			<trkpt lat="45.767773270606995" lon="10.948955655097961">
				<ele>1478.5999755859375</ele>
				<time>2026-08-14T11:19:42Z</time>
			</trkpt>
			<trkpt lat="45.76778507232666" lon="10.948943972587585">
				<ele>1478.5999755859375</ele>
				<time>2026-08-14T11:19:43Z</time>
			</trkpt>
			<trkpt lat="45.76779544353485" lon="10.948932647705078">
				<ele>1478.4000244140625</ele>
				<time>2026-08-14T11:19:44Z</time>
			</trkpt>
			<trkpt lat="45.76780688762665" lon="10.948922634124756">
				<ele>1478.4000244140625</ele>
				<time>2026-08-14T11:19:45Z</time>
			</trkpt>
			<trkpt lat="45.767818331718445" lon="10.948912739753723">
				<ele>1478.4000244140625</ele>
				<time>2026-08-14T11:19:46Z</time>
			</trkpt>
			<trkpt lat="45.76782929897308" lon="10.948903679847717">
				<ele>1478.199951171875</ele>
				<time>2026-08-14T11:19:47Z</time>
			</trkpt>
			<trkpt lat="45.7678382396698" lon="10.948891401290894">
				<ele>1478.199951171875</ele>
				<time>2026-08-14T11:19:48Z</time>
			</trkpt>
			<trkpt lat="45.76784431934357" lon="10.948875069618225">
				<ele>1478.0</ele>
				<time>2026-08-14T11:19:49Z</time>
			</trkpt>
			<trkpt lat="45.76784956455231" lon="10.948858380317688">
				<ele>1478.0</ele>
				<time>2026-08-14T11:19:50Z</time>
			</trkpt>
			<trkpt lat="45.767826199531555" lon="10.948582291603088">
				<ele>1475.800048828125</ele>
				<time>2026-08-14T11:20:04Z</time>
			</trkpt>
			<trkpt lat="45.76790189743042" lon="10.948335528373718">
				<ele>1473.199951171875</ele>
				<time>2026-08-14T11:20:21Z</time>
			</trkpt>
			<trkpt lat="45.768088817596436" lon="10.94821310043335">
				<ele>1470.4000244140625</ele>
				<time>2026-08-14T11:20:39Z</time>
			</trkpt>
			<trkpt lat="45.76828217506409" lon="10.948143243789673">
				<ele>1468.5999755859375</ele>
				<time>2026-08-14T11:20:56Z</time>
			</trkpt>
			<trkpt lat="45.768436908721924" lon="10.947941184043884">
				<ele>1466.4000244140625</ele>
				<time>2026-08-14T11:21:14Z</time>
			</trkpt>
			<trkpt lat="45.76854419708252" lon="10.947661995887756">
				<ele>1463.4000244140625</ele>
				<time>2026-08-14T11:21:32Z</time>
			</trkpt>
			<trkpt lat="45.76868677139282" lon="10.947379231452942">
				<ele>1460.4000244140625</ele>
				<time>2026-08-14T11:21:51Z</time>
			</trkpt>
			<trkpt lat="45.76884937286377" lon="10.947121977806091">
				<ele>1457.5999755859375</ele>
				<time>2026-08-14T11:22:10Z</time>
			</trkpt>
			<trkpt lat="45.768887758255005" lon="10.947033286094666">
				<ele>1455.800048828125</ele>
				<time>2026-08-14T11:22:27Z</time>
			</trkpt>
			<trkpt lat="45.768895983695984" lon="10.947007656097412">
				<ele>1455.800048828125</ele>
				<time>2026-08-14T11:22:29Z</time>
			</trkpt>
			<trkpt lat="45.76890313625336" lon="10.946993350982666">
				<ele>1455.800048828125</ele>
				<time>2026-08-14T11:22:30Z</time>
			</trkpt>
			<trkpt lat="45.76891016960144" lon="10.946977734565735">
				<ele>1455.800048828125</ele>
				<time>2026-08-14T11:22:31Z</time>
			</trkpt>
			<trkpt lat="45.76907789707184" lon="10.946681499481201">
				<ele>1453.0</ele>
				<time>2026-08-14T11:22:51Z</time>
			</trkpt>
			<trkpt lat="45.7690988779068" lon="10.946526527404785">
				<ele>1451.4000244140625</ele>
				<time>2026-08-14T11:23:09Z</time>
			</trkpt>
			<trkpt lat="45.76909637451172" lon="10.946516156196594">
				<ele>1451.5999755859375</ele>
				<time>2026-08-14T11:24:00Z</time>
			</trkpt>
			<trkpt lat="45.76910150051117" lon="10.946578621864319">
				<ele>1452.4000244140625</ele>
				<time>2026-08-14T11:24:29Z</time>
			</trkpt>
			<trkpt lat="45.769081473350525" lon="10.946575999259949">
				<ele>1449.800048828125</ele>
				<time>2026-08-14T11:25:18Z</time>
			</trkpt>
			<trkpt lat="45.76907789707184" lon="10.946572184562683">
				<ele>1448.800048828125</ele>
				<time>2026-08-14T11:26:08Z</time>
			</trkpt>
			<trkpt lat="45.76908361911774" lon="10.946575403213501">
				<ele>1449.0</ele>
				<time>2026-08-14T11:26:55Z</time>
			</trkpt>
			<trkpt lat="45.76908457279205" lon="10.946573376655579">
				<ele>1449.199951171875</ele>
				<time>2026-08-14T11:26:57Z</time>
			</trkpt>
			<trkpt lat="45.76909279823303" lon="10.94655978679657">
				<ele>1450.199951171875</ele>
				<time>2026-08-14T11:27:12Z</time>
			</trkpt>
			<trkpt lat="45.76906931400299" lon="10.946577072143555">
				<ele>1450.4000244140625</ele>
				<time>2026-08-14T11:27:15Z</time>
			</trkpt>
			<trkpt lat="45.76905977725983" lon="10.946585536003113">
				<ele>1450.5999755859375</ele>
				<time>2026-08-14T11:27:16Z</time>
			</trkpt>
			<trkpt lat="45.769051909446716" lon="10.946595430374146">
				<ele>1450.5999755859375</ele>
				<time>2026-08-14T11:27:17Z</time>
			</trkpt>
			<trkpt lat="45.769044399261475" lon="10.946605920791626">
				<ele>1450.5999755859375</ele>
				<time>2026-08-14T11:27:18Z</time>
			</trkpt>
			<trkpt lat="45.76903569698334" lon="10.946616768836975">
				<ele>1450.5999755859375</ele>
				<time>2026-08-14T11:27:19Z</time>
			</trkpt>
			<trkpt lat="45.76886475086212" lon="10.94680118560791">
				<ele>1450.4000244140625</ele>
				<time>2026-08-14T11:27:36Z</time>
			</trkpt>
			<trkpt lat="45.76882576942444" lon="10.946850419044495">
				<ele>1449.199951171875</ele>
				<time>2026-08-14T11:27:53Z</time>
			</trkpt>
			<trkpt lat="45.76880204677582" lon="10.94686484336853">
				<ele>1449.199951171875</ele>
				<time>2026-08-14T11:27:56Z</time>
			</trkpt>
			<trkpt lat="45.76879179477692" lon="10.946875214576721">
				<ele>1449.199951171875</ele>
				<time>2026-08-14T11:27:57Z</time>
			</trkpt>
			<trkpt lat="45.76878023147583" lon="10.946886777877808">
				<ele>1449.199951171875</ele>
				<time>2026-08-14T11:27:58Z</time>
			</trkpt>
			<trkpt lat="45.76876759529114" lon="10.946897029876709">
				<ele>1449.199951171875</ele>
				<time>2026-08-14T11:27:59Z</time>
			</trkpt>
			<trkpt lat="45.76875591278076" lon="10.946906805038452">
				<ele>1449.199951171875</ele>
				<time>2026-08-14T11:28:00Z</time>
			</trkpt>
			<trkpt lat="45.76874506473541" lon="10.946915626525879">
				<ele>1449.199951171875</ele>
				<time>2026-08-14T11:28:01Z</time>
			</trkpt>
			<trkpt lat="45.76873254776001" lon="10.946924567222595">
				<ele>1449.199951171875</ele>
				<time>2026-08-14T11:28:02Z</time>
			</trkpt>
			<trkpt lat="45.768720865249634" lon="10.946933269500732">
				<ele>1449.199951171875</ele>
				<time>2026-08-14T11:28:03Z</time>
			</trkpt>
			<trkpt lat="45.76847219467163" lon="10.947089076042175">
				<ele>1447.0</ele>
				<time>2026-08-14T11:28:23Z</time>
			</trkpt>
			<trkpt lat="45.768218755722046" lon="10.947276949882507">
				<ele>1443.800048828125</ele>
				<time>2026-08-14T11:28:43Z</time>
			</trkpt>
			<trkpt lat="45.76803696155548" lon="10.947463870048523">
				<ele>1440.800048828125</ele>
				<time>2026-08-14T11:28:59Z</time>
			</trkpt>
			<trkpt lat="45.76783728599548" lon="10.947618842124939">
				<ele>1438.5999755859375</ele>
				<time>2026-08-14T11:29:16Z</time>
			</trkpt>
			<trkpt lat="45.7677880525589" lon="10.947608709335327">
				<ele>1437.5999755859375</ele>
				<time>2026-08-14T11:29:20Z</time>
			</trkpt>
			<trkpt lat="45.767781496047974" lon="10.94759464263916">
				<ele>1437.199951171875</ele>
				<time>2026-08-14T11:29:21Z</time>
			</trkpt>
			<trkpt lat="45.76777744293213" lon="10.94757628440857">
				<ele>1437.0</ele>
				<time>2026-08-14T11:29:22Z</time>
			</trkpt>
			<trkpt lat="45.767778515815735" lon="10.947555541992188">
				<ele>1436.5999755859375</ele>
				<time>2026-08-14T11:29:23Z</time>
			</trkpt>
			<trkpt lat="45.76778483390808" lon="10.947535634040833">
				<ele>1436.4000244140625</ele>
				<time>2026-08-14T11:29:24Z</time>
			</trkpt>
			<trkpt lat="45.7677937746048" lon="10.94751787185669">
				<ele>1436.199951171875</ele>
				<time>2026-08-14T11:29:25Z</time>
			</trkpt>
			<trkpt lat="45.76780331134796" lon="10.947501420974731">
				<ele>1436.0</ele>
				<time>2026-08-14T11:29:26Z</time>
			</trkpt>
			<trkpt lat="45.76796090602875" lon="10.94722330570221">
				<ele>1433.4000244140625</ele>
				<time>2026-08-14T11:29:45Z</time>
			</trkpt>
			<trkpt lat="45.76799523830414" lon="10.946851372718811">
				<ele>1431.4000244140625</ele>
				<time>2026-08-14T11:30:05Z</time>
			</trkpt>
			<trkpt lat="45.76799917221069" lon="10.946825504302979">
				<ele>1430.199951171875</ele>
				<time>2026-08-14T11:30:24Z</time>
			</trkpt>
			<trkpt lat="45.767964243888855" lon="10.946818947792053">
				<ele>1430.4000244140625</ele>
				<time>2026-08-14T11:30:31Z</time>
			</trkpt>
			<trkpt lat="45.767956376075745" lon="10.94680917263031">
				<ele>1430.4000244140625</ele>
				<time>2026-08-14T11:30:32Z</time>
			</trkpt>
			<trkpt lat="45.767951130867004" lon="10.946796417236328">
				<ele>1430.199951171875</ele>
				<time>2026-08-14T11:30:33Z</time>
			</trkpt>
			<trkpt lat="45.76794624328613" lon="10.946783423423767">
				<ele>1430.199951171875</ele>
				<time>2026-08-14T11:30:34Z</time>
			</trkpt>
			<trkpt lat="45.767940163612366" lon="10.946769118309021">
				<ele>1430.0</ele>
				<time>2026-08-14T11:30:35Z</time>
			</trkpt>
			<trkpt lat="45.76778161525726" lon="10.946567058563232">
				<ele>1428.5999755859375</ele>
				<time>2026-08-14T11:30:53Z</time>
			</trkpt>
			<trkpt lat="45.7677104473114" lon="10.946547389030457">
				<ele>1427.800048828125</ele>
				<time>2026-08-14T11:31:05Z</time>
			</trkpt>
			<trkpt lat="45.767688632011414" lon="10.946513056755066">
				<ele>1427.0</ele>
				<time>2026-08-14T11:31:25Z</time>
			</trkpt>
			<trkpt lat="45.76766920089722" lon="10.946531414985657">
				<ele>1427.0</ele>
				<time>2026-08-14T11:31:29Z</time>
			</trkpt>
			<trkpt lat="45.767659425735474" lon="10.946538209915161">
				<ele>1427.0</ele>
				<time>2026-08-14T11:31:30Z</time>
			</trkpt>
			<trkpt lat="45.76764917373657" lon="10.946546792984009">
				<ele>1427.0</ele>
				<time>2026-08-14T11:31:31Z</time>
			</trkpt>
			<trkpt lat="45.767638206481934" lon="10.946553707122803">
				<ele>1427.0</ele>
				<time>2026-08-14T11:31:32Z</time>
			</trkpt>
			<trkpt lat="45.76762664318085" lon="10.946558713912964">
				<ele>1427.0</ele>
				<time>2026-08-14T11:31:33Z</time>
			</trkpt>
			<trkpt lat="45.7673681974411" lon="10.946678757667542">
				<ele>1426.800048828125</ele>
				<time>2026-08-14T11:31:54Z</time>
			</trkpt>
			<trkpt lat="45.76716065406799" lon="10.946552872657776">
				<ele>1425.800048828125</ele>
				<time>2026-08-14T11:32:14Z</time>
			</trkpt>
			<trkpt lat="45.76709580421448" lon="10.946436166763306">
				<ele>1425.4000244140625</ele>
				<time>2026-08-14T11:32:28Z</time>
			</trkpt>
			<trkpt lat="45.76708710193634" lon="10.946428298950195">
				<ele>1425.4000244140625</ele>
				<time>2026-08-14T11:32:29Z</time>
			</trkpt>
			<trkpt lat="45.76706838607788" lon="10.946416974067688">
				<ele>1425.4000244140625</ele>
				<time>2026-08-14T11:32:31Z</time>
			</trkpt>
			<trkpt lat="45.76680302619934" lon="10.946337461471558">
				<ele>1426.0</ele>
				<time>2026-08-14T11:32:52Z</time>
			</trkpt>
			<trkpt lat="45.76660168170929" lon="10.946341156959534">
				<ele>1425.4000244140625</ele>
				<time>2026-08-14T11:33:08Z</time>
			</trkpt>
			<trkpt lat="45.76643645763397" lon="10.946307897567749">
				<ele>1425.4000244140625</ele>
				<time>2026-08-14T11:33:26Z</time>
			</trkpt>
			<trkpt lat="45.76640319824219" lon="10.94630229473114">
				<ele>1425.199951171875</ele>
				<time>2026-08-14T11:33:29Z</time>
			</trkpt>
			<trkpt lat="45.76639139652252" lon="10.946297764778137">
				<ele>1425.199951171875</ele>
				<time>2026-08-14T11:33:30Z</time>
			</trkpt>
			<trkpt lat="45.766379833221436" lon="10.946292877197266">
				<ele>1425.199951171875</ele>
				<time>2026-08-14T11:33:31Z</time>
			</trkpt>
			<trkpt lat="45.766156792640686" lon="10.946121215820312">
				<ele>1424.4000244140625</ele>
				<time>2026-08-14T11:33:52Z</time>
			</trkpt>
			<trkpt lat="45.76609516143799" lon="10.94608187675476">
				<ele>1423.4000244140625</ele>
				<time>2026-08-14T11:34:07Z</time>
			</trkpt>
			<trkpt lat="45.766074776649475" lon="10.946067690849304">
				<ele>1423.199951171875</ele>
				<time>2026-08-14T11:34:11Z</time>
			</trkpt>
			<trkpt lat="45.766063928604126" lon="10.946059584617615">
				<ele>1423.0</ele>
				<time>2026-08-14T11:34:12Z</time>
			</trkpt>
			<trkpt lat="45.76605224609375" lon="10.946050763130188">
				<ele>1423.0</ele>
				<time>2026-08-14T11:34:13Z</time>
			</trkpt>
			<trkpt lat="45.7658429145813" lon="10.946002840995789">
				<ele>1421.5999755859375</ele>
				<time>2026-08-14T11:34:32Z</time>
			</trkpt>
			<trkpt lat="45.765819787979126" lon="10.945988059043884">
				<ele>1421.4000244140625</ele>
				<time>2026-08-14T11:34:55Z</time>
			</trkpt>
			<trkpt lat="45.76581573486328" lon="10.945906519889832">
				<ele>1421.5999755859375</ele>
				<time>2026-08-14T11:35:10Z</time>
			</trkpt>
			<trkpt lat="45.76581847667694" lon="10.945890188217163">
				<ele>1421.4000244140625</ele>
				<time>2026-08-14T11:35:11Z</time>
			</trkpt>
			<trkpt lat="45.76592302322388" lon="10.945624947547913">
				<ele>1420.199951171875</ele>
				<time>2026-08-14T11:35:28Z</time>
			</trkpt>
			<trkpt lat="45.765942096710205" lon="10.945573687553406">
				<ele>1419.800048828125</ele>
				<time>2026-08-14T11:35:47Z</time>
			</trkpt>
			<trkpt lat="45.76594543457031" lon="10.94554853439331">
				<ele>1419.800048828125</ele>
				<time>2026-08-14T11:35:49Z</time>
			</trkpt>
			<trkpt lat="45.76595187187195" lon="10.945495963096619">
				<ele>1419.5999755859375</ele>
				<time>2026-08-14T11:35:52Z</time>
			</trkpt>
			<trkpt lat="45.766042709350586" lon="10.945101022720337">
				<ele>1419.0</ele>
				<time>2026-08-14T11:36:14Z</time>
			</trkpt>
			<trkpt lat="45.76620841026306" lon="10.944825768470764">
				<ele>1416.5999755859375</ele>
				<time>2026-08-14T11:36:35Z</time>
			</trkpt>
			<trkpt lat="45.766382694244385" lon="10.944546461105347">
				<ele>1413.5999755859375</ele>
				<time>2026-08-14T11:36:56Z</time>
			</trkpt>
			<trkpt lat="45.766520738601685" lon="10.944229125976562">
				<ele>1411.0</ele>
				<time>2026-08-14T11:37:17Z</time>
			</trkpt>
			<trkpt lat="45.76663625240326" lon="10.943956136703491">
				<ele>1408.0</ele>
				<time>2026-08-14T11:37:35Z</time>
			</trkpt>
			<trkpt lat="45.766693353652954" lon="10.943700909614563">
				<ele>1406.0</ele>
				<time>2026-08-14T11:37:50Z</time>
			</trkpt>
			<trkpt lat="45.76680040359497" lon="10.94344425201416">
				<ele>1403.5999755859375</ele>
				<time>2026-08-14T11:38:09Z</time>
			</trkpt>
			<trkpt lat="45.76690888404846" lon="10.94317090511322">
				<ele>1401.5999755859375</ele>
				<time>2026-08-14T11:38:28Z</time>
			</trkpt>
			<trkpt lat="45.76701474189758" lon="10.942906379699707">
				<ele>1399.4000244140625</ele>
				<time>2026-08-14T11:38:46Z</time>
			</trkpt>
			<trkpt lat="45.76713955402374" lon="10.94262444972992">
				<ele>1397.800048828125</ele>
				<time>2026-08-14T11:39:06Z</time>
			</trkpt>
			<trkpt lat="45.76722741127014" lon="10.942349314689636">
				<ele>1396.800048828125</ele>
				<time>2026-08-14T11:39:24Z</time>
			</trkpt>
			<trkpt lat="45.7672336101532" lon="10.942340612411499">
				<ele>1396.199951171875</ele>
				<time>2026-08-14T11:39:42Z</time>
			</trkpt>
			<trkpt lat="45.767236828804016" lon="10.942341566085815">
				<ele>1393.5999755859375</ele>
				<time>2026-08-14T11:39:49Z</time>
			</trkpt>
			<trkpt lat="45.767239809036255" lon="10.94234311580658">
				<ele>1394.199951171875</ele>
				<time>2026-08-14T11:39:55Z</time>
			</trkpt>
			<trkpt lat="45.767266035079956" lon="10.942241191864014">
				<ele>1396.199951171875</ele>
				<time>2026-08-14T11:40:04Z</time>
			</trkpt>
			<trkpt lat="45.76729071140289" lon="10.942196011543274">
				<ele>1395.4000244140625</ele>
				<time>2026-08-14T11:40:07Z</time>
			</trkpt>
			<trkpt lat="45.76729655265808" lon="10.942183256149292">
				<ele>1395.199951171875</ele>
				<time>2026-08-14T11:40:08Z</time>
			</trkpt>
			<trkpt lat="45.76735043525696" lon="10.941895604133606">
				<ele>1393.800048828125</ele>
				<time>2026-08-14T11:40:24Z</time>
			</trkpt>
			<trkpt lat="45.767348527908325" lon="10.941643834114075">
				<ele>1393.199951171875</ele>
				<time>2026-08-14T11:40:42Z</time>
			</trkpt>
			<trkpt lat="45.7673544883728" lon="10.941569209098816">
				<ele>1394.5999755859375</ele>
				<time>2026-08-14T11:41:00Z</time>
			</trkpt>
			<trkpt lat="45.767356753349304" lon="10.941556811332703">
				<ele>1394.800048828125</ele>
				<time>2026-08-14T11:41:01Z</time>
			</trkpt>
			<trkpt lat="45.767356514930725" lon="10.941543221473694">
				<ele>1395.0</ele>
				<time>2026-08-14T11:41:02Z</time>
			</trkpt>
			<trkpt lat="45.767356276512146" lon="10.941527485847473">
				<ele>1395.199951171875</ele>
				<time>2026-08-14T11:41:03Z</time>
			</trkpt>
			<trkpt lat="45.76735579967499" lon="10.94151222705841">
				<ele>1395.4000244140625</ele>
				<time>2026-08-14T11:41:04Z</time>
			</trkpt>
			<trkpt lat="45.767356157302856" lon="10.941484808921814">
				<ele>1395.800048828125</ele>
				<time>2026-08-14T11:41:06Z</time>
			</trkpt>
			<trkpt lat="45.767356753349304" lon="10.94146990776062">
				<ele>1396.0</ele>
				<time>2026-08-14T11:41:07Z</time>
			</trkpt>
			<trkpt lat="45.767382740974426" lon="10.941202640533447">
				<ele>1398.0</ele>
				<time>2026-08-14T11:41:24Z</time>
			</trkpt>
			<trkpt lat="45.76739227771759" lon="10.941190600395203">
				<ele>1398.0</ele>
				<time>2026-08-14T11:41:25Z</time>
			</trkpt>
			<trkpt lat="45.76741003990173" lon="10.941162586212158">
				<ele>1396.5999755859375</ele>
				<time>2026-08-14T11:41:42Z</time>
			</trkpt>
			<trkpt lat="45.767420411109924" lon="10.94115924835205">
				<ele>1395.800048828125</ele>
				<time>2026-08-14T11:42:03Z</time>
			</trkpt>
			<trkpt lat="45.76741373538971" lon="10.941115856170654">
				<ele>1395.800048828125</ele>
				<time>2026-08-14T11:42:15Z</time>
			</trkpt>
			<trkpt lat="45.76741170883179" lon="10.941080808639526">
				<ele>1395.5999755859375</ele>
				<time>2026-08-14T11:42:17Z</time>
			</trkpt>
			<trkpt lat="45.76741087436676" lon="10.940631031990051">
				<ele>1394.800048828125</ele>
				<time>2026-08-14T11:42:42Z</time>
			</trkpt>
			<trkpt lat="45.76739573478699" lon="10.940494060516357">
				<ele>1395.4000244140625</ele>
				<time>2026-08-14T11:43:00Z</time>
			</trkpt>
			<trkpt lat="45.76739835739136" lon="10.94046413898468">
				<ele>1395.4000244140625</ele>
				<time>2026-08-14T11:43:08Z</time>
			</trkpt>
			<trkpt lat="45.76742482185364" lon="10.940370678901672">
				<ele>1395.199951171875</ele>
				<time>2026-08-14T11:43:16Z</time>
			</trkpt>
			<trkpt lat="45.76746451854706" lon="10.94031572341919">
				<ele>1395.4000244140625</ele>
				<time>2026-08-14T11:43:33Z</time>
			</trkpt>
			<trkpt lat="45.767475605010986" lon="10.940295577049255">
				<ele>1396.4000244140625</ele>
				<time>2026-08-14T11:43:57Z</time>
			</trkpt>
			<trkpt lat="45.767460346221924" lon="10.9402836561203">
				<ele>1396.5999755859375</ele>
				<time>2026-08-14T11:44:18Z</time>
			</trkpt>
			<trkpt lat="45.76742327213287" lon="10.940288305282593">
				<ele>1396.4000244140625</ele>
				<time>2026-08-14T11:44:22Z</time>
			</trkpt>
			<trkpt lat="45.76739823818207" lon="10.940271615982056">
				<ele>1396.4000244140625</ele>
				<time>2026-08-14T11:44:24Z</time>
			</trkpt>
			<trkpt lat="45.76738977432251" lon="10.940259218215942">
				<ele>1396.4000244140625</ele>
				<time>2026-08-14T11:44:25Z</time>
			</trkpt>
			<trkpt lat="45.767383217811584" lon="10.94024407863617">
				<ele>1396.4000244140625</ele>
				<time>2026-08-14T11:44:26Z</time>
			</trkpt>
			<trkpt lat="45.767377614974976" lon="10.940227270126343">
				<ele>1396.199951171875</ele>
				<time>2026-08-14T11:44:27Z</time>
			</trkpt>
			<trkpt lat="45.767372369766235" lon="10.940210103988647">
				<ele>1396.199951171875</ele>
				<time>2026-08-14T11:44:28Z</time>
			</trkpt>
			<trkpt lat="45.7672917842865" lon="10.939878940582275">
				<ele>1395.199951171875</ele>
				<time>2026-08-14T11:44:48Z</time>
			</trkpt>
			<trkpt lat="45.76717782020569" lon="10.939557194709778">
				<ele>1394.0</ele>
				<time>2026-08-14T11:45:08Z</time>
			</trkpt>
			<trkpt lat="45.76710045337677" lon="10.93949043750763">
				<ele>1394.199951171875</ele>
				<time>2026-08-14T11:45:22Z</time>
			</trkpt>
			<trkpt lat="45.7671023607254" lon="10.939478516578674">
				<ele>1393.199951171875</ele>
				<time>2026-08-14T11:45:33Z</time>
			</trkpt>
			<trkpt lat="45.767096519470215" lon="10.93949007987976">
				<ele>1393.4000244140625</ele>
				<time>2026-08-14T11:46:08Z</time>
			</trkpt>
			<trkpt lat="45.76708805561066" lon="10.93948495388031">
				<ele>1392.800048828125</ele>
				<time>2026-08-14T11:46:42Z</time>
			</trkpt>
			<trkpt lat="45.76709735393524" lon="10.939503908157349">
				<ele>1393.0</ele>
				<time>2026-08-14T11:47:13Z</time>
			</trkpt>
			<trkpt lat="45.76710784435272" lon="10.939495086669922">
				<ele>1390.199951171875</ele>
				<time>2026-08-14T11:47:31Z</time>
			</trkpt>
			<trkpt lat="45.767117381095886" lon="10.93947434425354">
				<ele>1392.800048828125</ele>
				<time>2026-08-14T11:48:06Z</time>
			</trkpt>
			<trkpt lat="45.76711857318878" lon="10.939462542533875">
				<ele>1395.5999755859375</ele>
				<time>2026-08-14T11:48:32Z</time>
			</trkpt>
			<trkpt lat="45.76711440086365" lon="10.939467072486877">
				<ele>1393.0</ele>
				<time>2026-08-14T11:48:58Z</time>
			</trkpt>
			<trkpt lat="45.767107129096985" lon="10.939470887184143">
				<ele>1393.199951171875</ele>
				<time>2026-08-14T11:49:24Z</time>
			</trkpt>
			<trkpt lat="45.76710510253906" lon="10.939456224441528">
				<ele>1393.199951171875</ele>
				<time>2026-08-14T11:49:50Z</time>
			</trkpt>
			<trkpt lat="45.767085909843445" lon="10.93948519229889">
				<ele>1392.5999755859375</ele>
				<time>2026-08-14T11:50:21Z</time>
			</trkpt>
			<trkpt lat="45.76709473133087" lon="10.939486742019653">
				<ele>1393.199951171875</ele>
				<time>2026-08-14T11:51:05Z</time>
			</trkpt>
			<trkpt lat="45.76709747314453" lon="10.939480781555176">
				<ele>1389.800048828125</ele>
				<time>2026-08-14T11:51:26Z</time>
			</trkpt>
			<trkpt lat="45.76709723472595" lon="10.939481139183044">
				<ele>1387.800048828125</ele>
				<time>2026-08-14T11:51:29Z</time>
			</trkpt>
			<trkpt lat="45.76709723472595" lon="10.939481019973755">
				<ele>1390.800048828125</ele>
				<time>2026-08-14T11:51:33Z</time>
			</trkpt>
			<trkpt lat="45.767096757888794" lon="10.939478874206543">
				<ele>1393.4000244140625</ele>
				<time>2026-08-14T11:52:08Z</time>
			</trkpt>
			<trkpt lat="45.76709604263306" lon="10.939466118812561">
				<ele>1393.199951171875</ele>
				<time>2026-08-14T11:52:38Z</time>
			</trkpt>
			<trkpt lat="45.76709270477295" lon="10.939462184906006">
				<ele>1393.800048828125</ele>
				<time>2026-08-14T11:53:05Z</time>
			</trkpt>
			<trkpt lat="45.76709163188934" lon="10.939458012580872">
				<ele>1398.199951171875</ele>
				<time>2026-08-14T11:53:20Z</time>
			</trkpt>
			<trkpt lat="45.767094373703" lon="10.939454197883606">
				<ele>1402.0</ele>
				<time>2026-08-14T11:53:22Z</time>
			</trkpt>
			<trkpt lat="45.767104268074036" lon="10.93944776058197">
				<ele>1398.4000244140625</ele>
				<time>2026-08-14T11:53:30Z</time>
			</trkpt>
			<trkpt lat="45.76711392402649" lon="10.939440369606018">
				<ele>1395.199951171875</ele>
				<time>2026-08-14T11:53:39Z</time>
			</trkpt>
			<trkpt lat="45.76713299751282" lon="10.939452290534973">
				<ele>1393.0</ele>
				<time>2026-08-14T11:54:55Z</time>
			</trkpt>
			<trkpt lat="45.76713311672211" lon="10.939459323883057">
				<ele>1389.800048828125</ele>
				<time>2026-08-14T11:55:03Z</time>
			</trkpt>
			<trkpt lat="45.76713192462921" lon="10.939467668533325">
				<ele>1386.4000244140625</ele>
				<time>2026-08-14T11:55:06Z</time>
			</trkpt>
			<trkpt lat="45.7671275138855" lon="10.939480066299438">
				<ele>1389.5999755859375</ele>
				<time>2026-08-14T11:55:15Z</time>
			</trkpt>
			<trkpt lat="45.76713168621063" lon="10.939499974250793">
				<ele>1392.5999755859375</ele>
				<time>2026-08-14T11:55:41Z</time>
			</trkpt>
			<trkpt lat="45.76715421676636" lon="10.93952488899231">
				<ele>1393.4000244140625</ele>
				<time>2026-08-14T11:56:13Z</time>
			</trkpt>
			<trkpt lat="45.76716101169586" lon="10.939510107040405">
				<ele>1401.5999755859375</ele>
				<time>2026-08-14T11:56:29Z</time>
			</trkpt>
			<trkpt lat="45.76715075969696" lon="10.939510464668274">
				<ele>1404.800048828125</ele>
				<time>2026-08-14T11:56:31Z</time>
			</trkpt>
			<trkpt lat="45.76713502407074" lon="10.939515590667725">
				<ele>1401.199951171875</ele>
				<time>2026-08-14T11:56:36Z</time>
			</trkpt>
			<trkpt lat="45.76713144779205" lon="10.939519047737122">
				<ele>1398.199951171875</ele>
				<time>2026-08-14T11:56:42Z</time>
			</trkpt>
			<trkpt lat="45.76710760593414" lon="10.939477682113647">
				<ele>1396.5999755859375</ele>
				<time>2026-08-14T11:57:04Z</time>
			</trkpt>
			<trkpt lat="45.76708436012268" lon="10.939452528953552">
				<ele>1396.199951171875</ele>
				<time>2026-08-14T11:57:07Z</time>
			</trkpt>
			<trkpt lat="45.76706671714783" lon="10.939439058303833">
				<ele>1396.199951171875</ele>
				<time>2026-08-14T11:57:09Z</time>
			</trkpt>
			<trkpt lat="45.767056584358215" lon="10.939432859420776">
				<ele>1396.199951171875</ele>
				<time>2026-08-14T11:57:10Z</time>
			</trkpt>
			<trkpt lat="45.767046213150024" lon="10.939427852630615">
				<ele>1396.199951171875</ele>
				<time>2026-08-14T11:57:11Z</time>
			</trkpt>
			<trkpt lat="45.76701283454895" lon="10.939404845237732">
				<ele>1395.5999755859375</ele>
				<time>2026-08-14T11:57:24Z</time>
			</trkpt>
			<trkpt lat="45.767006635665894" lon="10.939390540122986">
				<ele>1395.5999755859375</ele>
				<time>2026-08-14T11:57:25Z</time>
			</trkpt>
			<trkpt lat="45.76700007915497" lon="10.939374566078186">
				<ele>1395.5999755859375</ele>
				<time>2026-08-14T11:57:26Z</time>
			</trkpt>
			<trkpt lat="45.76699197292328" lon="10.939360737800598">
				<ele>1395.5999755859375</ele>
				<time>2026-08-14T11:57:27Z</time>
			</trkpt>
			<trkpt lat="45.76698291301727" lon="10.939348340034485">
				<ele>1395.800048828125</ele>
				<time>2026-08-14T11:57:28Z</time>
			</trkpt>
			<trkpt lat="45.766804218292236" lon="10.939172267913818">
				<ele>1396.800048828125</ele>
				<time>2026-08-14T11:57:45Z</time>
			</trkpt>
			<trkpt lat="45.76663315296173" lon="10.939037203788757">
				<ele>1397.5999755859375</ele>
				<time>2026-08-14T11:58:01Z</time>
			</trkpt>
			<trkpt lat="45.76656675338745" lon="10.939008355140686">
				<ele>1397.5999755859375</ele>
				<time>2026-08-14T11:58:07Z</time>
			</trkpt>
			<trkpt lat="45.76655447483063" lon="10.939000487327576">
				<ele>1397.5999755859375</ele>
				<time>2026-08-14T11:58:08Z</time>
			</trkpt>
			<trkpt lat="45.766541600227356" lon="10.93899655342102">
				<ele>1397.5999755859375</ele>
				<time>2026-08-14T11:58:09Z</time>
			</trkpt>
			<trkpt lat="45.76639378070831" lon="10.938907980918884">
				<ele>1398.800048828125</ele>
				<time>2026-08-14T11:58:24Z</time>
			</trkpt>
			<trkpt lat="45.766369462013245" lon="10.938886404037476">
				<ele>1399.4000244140625</ele>
				<time>2026-08-14T11:58:36Z</time>
			</trkpt>
			<trkpt lat="45.766358613967896" lon="10.938878059387207">
				<ele>1399.4000244140625</ele>
				<time>2026-08-14T11:58:37Z</time>
			</trkpt>
			<trkpt lat="45.76634764671326" lon="10.938870310783386">
				<ele>1399.4000244140625</ele>
				<time>2026-08-14T11:58:38Z</time>
			</trkpt>
			<trkpt lat="45.76633846759796" lon="10.938861608505249">
				<ele>1399.4000244140625</ele>
				<time>2026-08-14T11:58:39Z</time>
			</trkpt>
			<trkpt lat="45.76633012294769" lon="10.938849806785583">
				<ele>1399.4000244140625</ele>
				<time>2026-08-14T11:58:40Z</time>
			</trkpt>
			<trkpt lat="45.76632344722748" lon="10.938834309577942">
				<ele>1399.4000244140625</ele>
				<time>2026-08-14T11:58:41Z</time>
			</trkpt>
			<trkpt lat="45.76631796360016" lon="10.938820123672485">
				<ele>1399.4000244140625</ele>
				<time>2026-08-14T11:58:42Z</time>
			</trkpt>
			<trkpt lat="45.76631295681" lon="10.938806891441345">
				<ele>1399.4000244140625</ele>
				<time>2026-08-14T11:58:43Z</time>
			</trkpt>
			<trkpt lat="45.76631462574005" lon="10.93877124786377">
				<ele>1400.0</ele>
				<time>2026-08-14T11:58:57Z</time>
			</trkpt>
			<trkpt lat="45.76630210876465" lon="10.938741445541382">
				<ele>1400.4000244140625</ele>
				<time>2026-08-14T11:59:13Z</time>
			</trkpt>
			<trkpt lat="45.76629650592804" lon="10.938708305358887">
				<ele>1401.800048828125</ele>
				<time>2026-08-14T11:59:31Z</time>
			</trkpt>
			<trkpt lat="45.766379833221436" lon="10.938743352890015">
				<ele>1404.800048828125</ele>
				<time>2026-08-14T11:59:48Z</time>
			</trkpt>
			<trkpt lat="45.76567506790161" lon="10.937713623046875">
				<ele>1407.800048828125</ele>
				<time>2026-08-14T12:00:03Z</time>
			</trkpt>
			<trkpt lat="45.76581132411957" lon="10.937791585922241">
				<ele>1408.0</ele>
				<time>2026-08-14T12:00:04Z</time>
			</trkpt>
			<trkpt lat="45.76616847515106" lon="10.937948346138">
				<ele>1409.5999755859375</ele>
				<time>2026-08-14T12:00:18Z</time>
			</trkpt>
			<trkpt lat="45.766196489334106" lon="10.937937021255493">
				<ele>1409.5999755859375</ele>
				<time>2026-08-14T12:00:28Z</time>
			</trkpt>
			<trkpt lat="45.7662056684494" lon="10.937925696372986">
				<ele>1409.800048828125</ele>
				<time>2026-08-14T12:00:29Z</time>
			</trkpt>
			<trkpt lat="45.76621377468109" lon="10.937913060188293">
				<ele>1410.0</ele>
				<time>2026-08-14T12:00:30Z</time>
			</trkpt>
			<trkpt lat="45.76622176170349" lon="10.937898874282837">
				<ele>1410.0</ele>
				<time>2026-08-14T12:00:31Z</time>
			</trkpt>
			<trkpt lat="45.76622915267944" lon="10.937883853912354">
				<ele>1410.0</ele>
				<time>2026-08-14T12:00:32Z</time>
			</trkpt>
			<trkpt lat="45.76623606681824" lon="10.937869310379028">
				<ele>1410.199951171875</ele>
				<time>2026-08-14T12:00:33Z</time>
			</trkpt>
			<trkpt lat="45.76624143123627" lon="10.937856316566467">
				<ele>1410.199951171875</ele>
				<time>2026-08-14T12:00:34Z</time>
			</trkpt>
			<trkpt lat="45.76624572277069" lon="10.93784213066101">
				<ele>1410.4000244140625</ele>
				<time>2026-08-14T12:00:35Z</time>
			</trkpt>
			<trkpt lat="45.76624536514282" lon="10.937681078910828">
				<ele>1411.0</ele>
				<time>2026-08-14T12:00:47Z</time>
			</trkpt>
			<trkpt lat="45.766244411468506" lon="10.937628149986267">
				<ele>1411.800048828125</ele>
				<time>2026-08-14T12:01:06Z</time>
			</trkpt>
			<trkpt lat="45.76625716686249" lon="10.937631964683533">
				<ele>1411.5999755859375</ele>
				<time>2026-08-14T12:01:17Z</time>
			</trkpt>
			<trkpt lat="45.766268253326416" lon="10.937628865242004">
				<ele>1411.800048828125</ele>
				<time>2026-08-14T12:01:18Z</time>
			</trkpt>
			<trkpt lat="45.766279458999634" lon="10.937626242637634">
				<ele>1411.800048828125</ele>
				<time>2026-08-14T12:01:19Z</time>
			</trkpt>
			<trkpt lat="45.766310930252075" lon="10.937633275985718">
				<ele>1412.0</ele>
				<time>2026-08-14T12:01:22Z</time>
			</trkpt>
			<trkpt lat="45.76632344722748" lon="10.937632322311401">
				<ele>1412.0</ele>
				<time>2026-08-14T12:01:23Z</time>
			</trkpt>
			<trkpt lat="45.76634728908539" lon="10.937634110450745">
				<ele>1412.199951171875</ele>
				<time>2026-08-14T12:01:25Z</time>
			</trkpt>
			<trkpt lat="45.76636600494385" lon="10.937672734260559">
				<ele>1412.199951171875</ele>
				<time>2026-08-14T12:01:39Z</time>
			</trkpt>
			<trkpt lat="45.76637923717499" lon="10.93768835067749">
				<ele>1412.5999755859375</ele>
				<time>2026-08-14T12:01:42Z</time>
			</trkpt>
			<trkpt lat="45.76639187335968" lon="10.937716960906982">
				<ele>1413.0</ele>
				<time>2026-08-14T12:01:44Z</time>
			</trkpt>
			<trkpt lat="45.76639699935913" lon="10.937734842300415">
				<ele>1413.0</ele>
				<time>2026-08-14T12:01:45Z</time>
			</trkpt>
			<trkpt lat="45.766398191452026" lon="10.937750101089478">
				<ele>1413.0</ele>
				<time>2026-08-14T12:01:46Z</time>
			</trkpt>
			<trkpt lat="45.76639950275421" lon="10.937764525413513">
				<ele>1413.0</ele>
				<time>2026-08-14T12:01:47Z</time>
			</trkpt>
			<trkpt lat="45.766401529312134" lon="10.93778121471405">
				<ele>1413.199951171875</ele>
				<time>2026-08-14T12:01:48Z</time>
			</trkpt>
			<trkpt lat="45.76640188694" lon="10.937798261642456">
				<ele>1413.199951171875</ele>
				<time>2026-08-14T12:01:49Z</time>
			</trkpt>
			<trkpt lat="45.76635134220123" lon="10.93797492980957">
				<ele>1415.199951171875</ele>
				<time>2026-08-14T12:02:02Z</time>
			</trkpt>
			<trkpt lat="45.76632559299469" lon="10.93802285194397">
				<ele>1415.800048828125</ele>
				<time>2026-08-14T12:02:06Z</time>
			</trkpt>
			<trkpt lat="45.76630878448486" lon="10.938084244728088">
				<ele>1417.800048828125</ele>
				<time>2026-08-14T12:02:20Z</time>
			</trkpt>
			<trkpt lat="45.766268491744995" lon="10.938156485557556">
				<ele>1419.4000244140625</ele>
				<time>2026-08-14T12:02:39Z</time>
			</trkpt>
			<trkpt lat="45.766257524490356" lon="10.938165664672852">
				<ele>1419.4000244140625</ele>
				<time>2026-08-14T12:02:40Z</time>
			</trkpt>
			<trkpt lat="45.76624655723572" lon="10.938188314437866">
				<ele>1419.5999755859375</ele>
				<time>2026-08-14T12:02:42Z</time>
			</trkpt>
			<trkpt lat="45.76624310016632" lon="10.938200950622559">
				<ele>1419.800048828125</ele>
				<time>2026-08-14T12:02:43Z</time>
			</trkpt>
			<trkpt lat="45.76624321937561" lon="10.938215374946594">
				<ele>1419.800048828125</ele>
				<time>2026-08-14T12:02:44Z</time>
			</trkpt>
			<trkpt lat="45.76625728607178" lon="10.93843674659729">
				<ele>1422.199951171875</ele>
				<time>2026-08-14T12:02:59Z</time>
			</trkpt>
			<trkpt lat="45.76629066467285" lon="10.938592910766602">
				<ele>1423.5999755859375</ele>
				<time>2026-08-14T12:03:10Z</time>
			</trkpt>
			<trkpt lat="45.76629948616028" lon="10.938604354858398">
				<ele>1424.0</ele>
				<time>2026-08-14T12:03:11Z</time>
			</trkpt>
			<trkpt lat="45.766323924064636" lon="10.938652396202087">
				<ele>1425.4000244140625</ele>
				<time>2026-08-14T12:03:29Z</time>
			</trkpt>
			<trkpt lat="45.76656448841095" lon="10.938733339309692">
				<ele>1427.199951171875</ele>
				<time>2026-08-14T12:03:49Z</time>
			</trkpt>
			<trkpt lat="45.76668334007263" lon="10.938830018043518">
				<ele>1430.0</ele>
				<time>2026-08-14T12:04:05Z</time>
			</trkpt>
			<trkpt lat="45.766759514808655" lon="10.938759684562683">
				<ele>1432.5999755859375</ele>
				<time>2026-08-14T12:04:19Z</time>
			</trkpt>
			<trkpt lat="45.76677083969116" lon="10.938769459724426">
				<ele>1433.5999755859375</ele>
				<time>2026-08-14T12:04:42Z</time>
			</trkpt>
			<trkpt lat="45.76682245731354" lon="10.938798427581787">
				<ele>1433.800048828125</ele>
				<time>2026-08-14T12:04:56Z</time>
			</trkpt>
			<trkpt lat="45.76701104640961" lon="10.938771605491638">
				<ele>1434.4000244140625</ele>
				<time>2026-08-14T12:05:13Z</time>
			</trkpt>
			<trkpt lat="45.76701903343201" lon="10.938760876655579">
				<ele>1434.5999755859375</ele>
				<time>2026-08-14T12:05:14Z</time>
			</trkpt>
			<trkpt lat="45.767035365104675" lon="10.93872594833374">
				<ele>1434.800048828125</ele>
				<time>2026-08-14T12:05:27Z</time>
			</trkpt>
			<trkpt lat="45.76702892780304" lon="10.938709735870361">
				<ele>1434.800048828125</ele>
				<time>2026-08-14T12:05:28Z</time>
			</trkpt>
			<trkpt lat="45.76702272891998" lon="10.938694477081299">
				<ele>1435.0</ele>
				<time>2026-08-14T12:05:29Z</time>
			</trkpt>
			<trkpt lat="45.76701748371124" lon="10.938680410385132">
				<ele>1435.0</ele>
				<time>2026-08-14T12:05:30Z</time>
			</trkpt>
			<trkpt lat="45.7669632434845" lon="10.938640832901001">
				<ele>1435.199951171875</ele>
				<time>2026-08-14T12:05:43Z</time>
			</trkpt>
			<trkpt lat="45.76691699028015" lon="10.938564419746399">
				<ele>1435.5999755859375</ele>
				<time>2026-08-14T12:06:02Z</time>
			</trkpt>
			<trkpt lat="45.76688289642334" lon="10.938632130622864">
				<ele>1436.0</ele>
				<time>2026-08-14T12:06:17Z</time>
			</trkpt>
			<trkpt lat="45.76686489582062" lon="10.938610792160034">
				<ele>1436.199951171875</ele>
				<time>2026-08-14T12:06:18Z</time>
			</trkpt>
			<trkpt lat="45.76685094833374" lon="10.938595056533813">
				<ele>1436.199951171875</ele>
				<time>2026-08-14T12:06:19Z</time>
			</trkpt>
			<trkpt lat="45.766825556755066" lon="10.938576340675354">
				<ele>1436.199951171875</ele>
				<time>2026-08-14T12:06:21Z</time>
			</trkpt>
			<trkpt lat="45.766632080078125" lon="10.938640594482422">
				<ele>1438.0</ele>
				<time>2026-08-14T12:06:39Z</time>
			</trkpt>
			<trkpt lat="45.766546845436096" lon="10.938571691513062">
				<ele>1439.4000244140625</ele>
				<time>2026-08-14T12:06:55Z</time>
			</trkpt>
			<trkpt lat="45.76652550697327" lon="10.9385666847229">
				<ele>1439.5999755859375</ele>
				<time>2026-08-14T12:07:07Z</time>
			</trkpt>
			<trkpt lat="45.76651668548584" lon="10.938559532165527">
				<ele>1439.5999755859375</ele>
				<time>2026-08-14T12:07:08Z</time>
			</trkpt>
			<trkpt lat="45.7665069103241" lon="10.938551902770996">
				<ele>1439.800048828125</ele>
				<time>2026-08-14T12:07:09Z</time>
			</trkpt>
			<trkpt lat="45.766494035720825" lon="10.93854570388794">
				<ele>1439.800048828125</ele>
				<time>2026-08-14T12:07:10Z</time>
			</trkpt>
			<trkpt lat="45.76648390293121" lon="10.938539028167725">
				<ele>1440.0</ele>
				<time>2026-08-14T12:07:11Z</time>
			</trkpt>
			<trkpt lat="45.76647627353668" lon="10.938528895378113">
				<ele>1440.199951171875</ele>
				<time>2026-08-14T12:07:12Z</time>
			</trkpt>
			<trkpt lat="45.76647114753723" lon="10.938514947891235">
				<ele>1440.199951171875</ele>
				<time>2026-08-14T12:07:13Z</time>
			</trkpt>
			<trkpt lat="45.76646709442139" lon="10.938499212265015">
				<ele>1440.4000244140625</ele>
				<time>2026-08-14T12:07:14Z</time>
			</trkpt>
			<trkpt lat="45.76646447181702" lon="10.938482999801636">
				<ele>1440.4000244140625</ele>
				<time>2026-08-14T12:07:15Z</time>
			</trkpt>
			<trkpt lat="45.76646292209625" lon="10.938467383384705">
				<ele>1440.5999755859375</ele>
				<time>2026-08-14T12:07:16Z</time>
			</trkpt>
			<trkpt lat="45.76650929450989" lon="10.938275337219238">
				<ele>1442.0</ele>
				<time>2026-08-14T12:07:31Z</time>
			</trkpt>
			<trkpt lat="45.76651453971863" lon="10.938263773918152">
				<ele>1442.199951171875</ele>
				<time>2026-08-14T12:07:32Z</time>
			</trkpt>
			<trkpt lat="45.76652121543884" lon="10.938250660896301">
				<ele>1442.4000244140625</ele>
				<time>2026-08-14T12:07:33Z</time>
			</trkpt>
			<trkpt lat="45.76659607887268" lon="10.938155174255371">
				<ele>1443.5999755859375</ele>
				<time>2026-08-14T12:07:46Z</time>
			</trkpt>
			<trkpt lat="45.76661455631256" lon="10.938124060630798">
				<ele>1444.0</ele>
				<time>2026-08-14T12:07:49Z</time>
			</trkpt>
			<trkpt lat="45.766621828079224" lon="10.938112258911133">
				<ele>1444.199951171875</ele>
				<time>2026-08-14T12:07:50Z</time>
			</trkpt>
			<trkpt lat="45.766743659973145" lon="10.93789803981781">
				<ele>1445.5999755859375</ele>
				<time>2026-08-14T12:08:08Z</time>
			</trkpt>
			<trkpt lat="45.766761898994446" lon="10.937846779823303">
				<ele>1446.199951171875</ele>
				<time>2026-08-14T12:08:12Z</time>
			</trkpt>
			<trkpt lat="45.76676857471466" lon="10.937644481658936">
				<ele>1447.800048828125</ele>
				<time>2026-08-14T12:08:25Z</time>
			</trkpt>
			<trkpt lat="45.766751289367676" lon="10.937574028968811">
				<ele>1448.5999755859375</ele>
				<time>2026-08-14T12:08:30Z</time>
			</trkpt>
			<trkpt lat="45.76680839061737" lon="10.937363505363464">
				<ele>1450.4000244140625</ele>
				<time>2026-08-14T12:08:45Z</time>
			</trkpt>
			<trkpt lat="45.76684749126434" lon="10.937251091003418">
				<ele>1451.4000244140625</ele>
				<time>2026-08-14T12:08:53Z</time>
			</trkpt>
			<trkpt lat="45.76687502861023" lon="10.93718683719635">
				<ele>1452.0</ele>
				<time>2026-08-14T12:08:58Z</time>
			</trkpt>
			<trkpt lat="45.76690101623535" lon="10.937095761299133">
				<ele>1453.800048828125</ele>
				<time>2026-08-14T12:09:15Z</time>
			</trkpt>
			<trkpt lat="45.76696419715881" lon="10.937071084976196">
				<ele>1455.0</ele>
				<time>2026-08-14T12:09:35Z</time>
			</trkpt>
			<trkpt lat="45.76696825027466" lon="10.937080144882202">
				<ele>1456.5999755859375</ele>
				<time>2026-08-14T12:09:55Z</time>
			</trkpt>
			<trkpt lat="45.76704978942871" lon="10.937069058418274">
				<ele>1457.5999755859375</ele>
				<time>2026-08-14T12:10:18Z</time>
			</trkpt>
			<trkpt lat="45.7670933008194" lon="10.937155961990356">
				<ele>1459.5999755859375</ele>
				<time>2026-08-14T12:10:38Z</time>
			</trkpt>
			<trkpt lat="45.76706516742706" lon="10.937065362930298">
				<ele>1460.5999755859375</ele>
				<time>2026-08-14T12:10:56Z</time>
			</trkpt>
			<trkpt lat="45.7670533657074" lon="10.937036275863647">
				<ele>1458.5999755859375</ele>
				<time>2026-08-14T12:11:16Z</time>
			</trkpt>
			<trkpt lat="45.7670396566391" lon="10.937058329582214">
				<ele>1458.4000244140625</ele>
				<time>2026-08-14T12:11:55Z</time>
			</trkpt>
			<trkpt lat="45.76703143119812" lon="10.937049865722656">
				<ele>1458.4000244140625</ele>
				<time>2026-08-14T12:12:13Z</time>
			</trkpt>
			<trkpt lat="45.76702177524567" lon="10.937043070793152">
				<ele>1458.5999755859375</ele>
				<time>2026-08-14T12:13:26Z</time>
			</trkpt>
			<trkpt lat="45.76701104640961" lon="10.937026739120483">
				<ele>1459.0</ele>
				<time>2026-08-14T12:14:39Z</time>
			</trkpt>
			<trkpt lat="45.76701855659485" lon="10.937053203582764">
				<ele>1458.5999755859375</ele>
				<time>2026-08-14T12:15:55Z</time>
			</trkpt>
			<trkpt lat="45.76702392101288" lon="10.937052726745605">
				<ele>1458.199951171875</ele>
				<time>2026-08-14T12:17:05Z</time>
			</trkpt>
			<trkpt lat="45.76702570915222" lon="10.937065958976746">
				<ele>1458.5999755859375</ele>
				<time>2026-08-14T12:18:17Z</time>
			</trkpt>
			<trkpt lat="45.76702129840851" lon="10.937032699584961">
				<ele>1458.5999755859375</ele>
				<time>2026-08-14T12:19:31Z</time>
			</trkpt>
			<trkpt lat="45.767064690589905" lon="10.937052249908447">
				<ele>1458.199951171875</ele>
				<time>2026-08-14T12:20:31Z</time>
			</trkpt>
			<trkpt lat="45.767059087753296" lon="10.937007546424866">
				<ele>1458.4000244140625</ele>
				<time>2026-08-14T12:21:39Z</time>
			</trkpt>
			<trkpt lat="45.76707100868225" lon="10.936999320983887">
				<ele>1458.199951171875</ele>
				<time>2026-08-14T12:22:58Z</time>
			</trkpt>
			<trkpt lat="45.76706516742706" lon="10.936995148658752">
				<ele>1458.199951171875</ele>
				<time>2026-08-14T12:24:21Z</time>
			</trkpt>
			<trkpt lat="45.76707315444946" lon="10.937013268470764">
				<ele>1458.4000244140625</ele>
				<time>2026-08-14T12:25:22Z</time>
			</trkpt>
			<trkpt lat="45.76707100868225" lon="10.936989068984985">
				<ele>1458.5999755859375</ele>
				<time>2026-08-14T12:26:40Z</time>
			</trkpt>
			<trkpt lat="45.76707100868225" lon="10.937009334564209">
				<ele>1459.0</ele>
				<time>2026-08-14T12:27:55Z</time>
			</trkpt>
			<trkpt lat="45.767074942588806" lon="10.937020659446716">
				<ele>1458.5999755859375</ele>
				<time>2026-08-14T12:29:09Z</time>
			</trkpt>
			<trkpt lat="45.767067551612854" lon="10.93699562549591">
				<ele>1458.5999755859375</ele>
				<time>2026-08-14T12:30:16Z</time>
			</trkpt>
			<trkpt lat="45.767077803611755" lon="10.93696916103363">
				<ele>1458.4000244140625</ele>
				<time>2026-08-14T12:31:04Z</time>
			</trkpt>
			<trkpt lat="45.76709008216858" lon="10.936980366706848">
				<ele>1458.800048828125</ele>
				<time>2026-08-14T12:32:05Z</time>
			</trkpt>
			<trkpt lat="45.76708376407623" lon="10.936982154846191">
				<ele>1459.0</ele>
				<time>2026-08-14T12:33:02Z</time>
			</trkpt>
			<trkpt lat="45.76707184314728" lon="10.93698537349701">
				<ele>1458.800048828125</ele>
				<time>2026-08-14T12:33:41Z</time>
			</trkpt>
			<trkpt lat="45.76707983016968" lon="10.937026500701904">
				<ele>1458.199951171875</ele>
				<time>2026-08-14T12:34:28Z</time>
			</trkpt>
			<trkpt lat="45.76705598831177" lon="10.937001585960388">
				<ele>1458.0</ele>
				<time>2026-08-14T12:35:14Z</time>
			</trkpt>
			<trkpt lat="45.76705276966095" lon="10.937002897262573">
				<ele>1459.0</ele>
				<time>2026-08-14T12:36:14Z</time>
			</trkpt>
			<trkpt lat="45.76703190803528" lon="10.936944603919983">
				<ele>1459.0</ele>
				<time>2026-08-14T12:37:18Z</time>
			</trkpt>
			<trkpt lat="45.76702094078064" lon="10.936921119689941">
				<ele>1459.199951171875</ele>
				<time>2026-08-14T12:38:16Z</time>
			</trkpt>
			<trkpt lat="45.7670316696167" lon="10.936923265457153">
				<ele>1459.4000244140625</ele>
				<time>2026-08-14T12:39:32Z</time>
			</trkpt>
			<trkpt lat="45.76702547073364" lon="10.936907529830933">
				<ele>1459.4000244140625</ele>
				<time>2026-08-14T12:41:00Z</time>
			</trkpt>
			<trkpt lat="45.76702070236206" lon="10.936887979507446">
				<ele>1459.4000244140625</ele>
				<time>2026-08-14T12:42:12Z</time>
			</trkpt>
			<trkpt lat="45.76702010631561" lon="10.936874389648438">
				<ele>1459.5999755859375</ele>
				<time>2026-08-14T12:42:46Z</time>
			</trkpt>
			<trkpt lat="45.76702177524567" lon="10.936853766441345">
				<ele>1459.5999755859375</ele>
				<time>2026-08-14T12:43:19Z</time>
			</trkpt>
			<trkpt lat="45.76702427864075" lon="10.9368337392807">
				<ele>1459.199951171875</ele>
				<time>2026-08-14T12:43:44Z</time>
			</trkpt>
			<trkpt lat="45.767003536224365" lon="10.936862111091614">
				<ele>1459.5999755859375</ele>
				<time>2026-08-14T12:44:08Z</time>
			</trkpt>
			<trkpt lat="45.766988039016724" lon="10.93691873550415">
				<ele>1459.4000244140625</ele>
				<time>2026-08-14T12:44:49Z</time>
			</trkpt>
			<trkpt lat="45.766979813575745" lon="10.936959981918335">
				<ele>1459.5999755859375</ele>
				<time>2026-08-14T12:45:31Z</time>
			</trkpt>
			<trkpt lat="45.766995310783386" lon="10.937006711959839">
				<ele>1460.0</ele>
				<time>2026-08-14T12:46:22Z</time>
			</trkpt>
			<trkpt lat="45.76693069934845" lon="10.937031745910645">
				<ele>1459.199951171875</ele>
				<time>2026-08-14T12:46:48Z</time>
			</trkpt>
			<trkpt lat="45.766931772232056" lon="10.936972975730896">
				<ele>1458.5999755859375</ele>
				<time>2026-08-14T12:46:52Z</time>
			</trkpt>
			<trkpt lat="45.76693403720856" lon="10.936955332756042">
				<ele>1458.4000244140625</ele>
				<time>2026-08-14T12:46:53Z</time>
			</trkpt>
			<trkpt lat="45.766937494277954" lon="10.936939716339111">
				<ele>1458.4000244140625</ele>
				<time>2026-08-14T12:46:54Z</time>
			</trkpt>
			<trkpt lat="45.766934394836426" lon="10.936744332313538">
				<ele>1459.0</ele>
				<time>2026-08-14T12:47:09Z</time>
			</trkpt>
			<trkpt lat="45.76689291000366" lon="10.93673849105835">
				<ele>1459.4000244140625</ele>
				<time>2026-08-14T12:47:20Z</time>
			</trkpt>
			<trkpt lat="45.766865730285645" lon="10.936716675758362">
				<ele>1459.5999755859375</ele>
				<time>2026-08-14T12:47:23Z</time>
			</trkpt>
			<trkpt lat="45.766855001449585" lon="10.936708450317383">
				<ele>1459.5999755859375</ele>
				<time>2026-08-14T12:47:24Z</time>
			</trkpt>
			<trkpt lat="45.766844511032104" lon="10.936699748039246">
				<ele>1459.5999755859375</ele>
				<time>2026-08-14T12:47:25Z</time>
			</trkpt>
			<trkpt lat="45.766833543777466" lon="10.936693787574768">
				<ele>1459.800048828125</ele>
				<time>2026-08-14T12:47:26Z</time>
			</trkpt>
			<trkpt lat="45.7668217420578" lon="10.936688780784607">
				<ele>1459.800048828125</ele>
				<time>2026-08-14T12:47:27Z</time>
			</trkpt>
			<trkpt lat="45.76681125164032" lon="10.936683773994446">
				<ele>1459.800048828125</ele>
				<time>2026-08-14T12:47:28Z</time>
			</trkpt>
			<trkpt lat="45.76680147647858" lon="10.936679720878601">
				<ele>1460.0</ele>
				<time>2026-08-14T12:47:29Z</time>
			</trkpt>
			<trkpt lat="45.76679074764252" lon="10.936673879623413">
				<ele>1460.0</ele>
				<time>2026-08-14T12:47:30Z</time>
			</trkpt>
			<trkpt lat="45.76678025722504" lon="10.936668395996094">
				<ele>1460.199951171875</ele>
				<time>2026-08-14T12:47:31Z</time>
			</trkpt>
			<trkpt lat="45.76677060127258" lon="10.936663150787354">
				<ele>1460.199951171875</ele>
				<time>2026-08-14T12:47:32Z</time>
			</trkpt>
			<trkpt lat="45.76659893989563" lon="10.936628103256226">
				<ele>1461.5999755859375</ele>
				<time>2026-08-14T12:47:48Z</time>
			</trkpt>
			<trkpt lat="45.76649022102356" lon="10.936588525772095">
				<ele>1463.4000244140625</ele>
				<time>2026-08-14T12:47:59Z</time>
			</trkpt>
			<trkpt lat="45.766465067863464" lon="10.936567187309265">
				<ele>1463.800048828125</ele>
				<time>2026-08-14T12:48:02Z</time>
			</trkpt>
			<trkpt lat="45.76645755767822" lon="10.93655550479889">
				<ele>1464.0</ele>
				<time>2026-08-14T12:48:03Z</time>
			</trkpt>
			<trkpt lat="45.76639413833618" lon="10.936458230018616">
				<ele>1465.199951171875</ele>
				<time>2026-08-14T12:48:13Z</time>
			</trkpt>
			<trkpt lat="45.76634061336517" lon="10.936384439468384">
				<ele>1466.4000244140625</ele>
				<time>2026-08-14T12:48:21Z</time>
			</trkpt>
			<trkpt lat="45.766332387924194" lon="10.936376094818115">
				<ele>1466.5999755859375</ele>
				<time>2026-08-14T12:48:22Z</time>
			</trkpt>
			<trkpt lat="45.766276836395264" lon="10.936318635940552">
				<ele>1467.5999755859375</ele>
				<time>2026-08-14T12:48:29Z</time>
			</trkpt>
			<trkpt lat="45.76619017124176" lon="10.9361572265625">
				<ele>1469.199951171875</ele>
				<time>2026-08-14T12:48:45Z</time>
			</trkpt>
			<trkpt lat="45.766180634498596" lon="10.936105012893677">
				<ele>1469.800048828125</ele>
				<time>2026-08-14T12:48:49Z</time>
			</trkpt>
			<trkpt lat="45.766183614730835" lon="10.935912013053894">
				<ele>1472.0</ele>
				<time>2026-08-14T12:49:04Z</time>
			</trkpt>
			<trkpt lat="45.76616561412811" lon="10.935897707939148">
				<ele>1473.0</ele>
				<time>2026-08-14T12:49:21Z</time>
			</trkpt>
			<trkpt lat="45.76617228984833" lon="10.93588936328888">
				<ele>1473.199951171875</ele>
				<time>2026-08-14T12:49:31Z</time>
			</trkpt>
			<trkpt lat="45.76618194580078" lon="10.935855269432068">
				<ele>1473.199951171875</ele>
				<time>2026-08-14T12:49:33Z</time>
			</trkpt>
			<trkpt lat="45.766183257102966" lon="10.935803890228271">
				<ele>1473.199951171875</ele>
				<time>2026-08-14T12:49:36Z</time>
			</trkpt>
			<trkpt lat="45.7661851644516" lon="10.935755729675293">
				<ele>1473.199951171875</ele>
				<time>2026-08-14T12:49:39Z</time>
			</trkpt>
			<trkpt lat="45.76618695259094" lon="10.935740351676941">
				<ele>1473.0</ele>
				<time>2026-08-14T12:49:40Z</time>
			</trkpt>
			<trkpt lat="45.76618552207947" lon="10.935724258422852">
				<ele>1473.0</ele>
				<time>2026-08-14T12:49:41Z</time>
			</trkpt>
			<trkpt lat="45.76617980003357" lon="10.935710787773132">
				<ele>1473.0</ele>
				<time>2026-08-14T12:49:42Z</time>
			</trkpt>
			<trkpt lat="45.76615881919861" lon="10.935701847076416">
				<ele>1473.0</ele>
				<time>2026-08-14T12:49:57Z</time>
			</trkpt>
			<trkpt lat="45.76612710952759" lon="10.93572461605072">
				<ele>1473.0</ele>
				<time>2026-08-14T12:50:03Z</time>
			</trkpt>
			<trkpt lat="45.766117215156555" lon="10.93573248386383">
				<ele>1473.0</ele>
				<time>2026-08-14T12:50:04Z</time>
			</trkpt>
			<trkpt lat="45.766106963157654" lon="10.935739040374756">
				<ele>1473.0</ele>
				<time>2026-08-14T12:50:05Z</time>
			</trkpt>
			<trkpt lat="45.766096234321594" lon="10.935744881629944">
				<ele>1473.0</ele>
				<time>2026-08-14T12:50:06Z</time>
			</trkpt>
			<trkpt lat="45.76608693599701" lon="10.935751080513">
				<ele>1473.0</ele>
				<time>2026-08-14T12:50:07Z</time>
			</trkpt>
			<trkpt lat="45.76593291759491" lon="10.93585455417633">
				<ele>1474.0</ele>
				<time>2026-08-14T12:50:23Z</time>
			</trkpt>
			<trkpt lat="45.76584780216217" lon="10.935906410217285">
				<ele>1475.4000244140625</ele>
				<time>2026-08-14T12:50:32Z</time>
			</trkpt>
			<trkpt lat="45.765838384628296" lon="10.935911655426025">
				<ele>1475.5999755859375</ele>
				<time>2026-08-14T12:50:33Z</time>
			</trkpt>
			<trkpt lat="45.76582956314087" lon="10.935919165611267">
				<ele>1475.5999755859375</ele>
				<time>2026-08-14T12:50:34Z</time>
			</trkpt>
			<trkpt lat="45.76572895050049" lon="10.935975193977356">
				<ele>1477.4000244140625</ele>
				<time>2026-08-14T12:50:45Z</time>
			</trkpt>
			<trkpt lat="45.76559603214264" lon="10.936052083969116">
				<ele>1480.0</ele>
				<time>2026-08-14T12:51:01Z</time>
			</trkpt>
			<trkpt lat="45.765474915504456" lon="10.936147212982178">
				<ele>1482.199951171875</ele>
				<time>2026-08-14T12:51:16Z</time>
			</trkpt>
			<trkpt lat="45.76541781425476" lon="10.936183094978333">
				<ele>1483.4000244140625</ele>
				<time>2026-08-14T12:51:23Z</time>
			</trkpt>
			<trkpt lat="45.76540756225586" lon="10.936185121536255">
				<ele>1483.5999755859375</ele>
				<time>2026-08-14T12:51:24Z</time>
			</trkpt>
			<trkpt lat="45.76539874076843" lon="10.936190962791443">
				<ele>1483.800048828125</ele>
				<time>2026-08-14T12:51:25Z</time>
			</trkpt>
			<trkpt lat="45.765278697013855" lon="10.936266422271729">
				<ele>1486.199951171875</ele>
				<time>2026-08-14T12:51:41Z</time>
			</trkpt>
			<trkpt lat="45.76518988609314" lon="10.936343431472778">
				<ele>1489.5999755859375</ele>
				<time>2026-08-14T12:51:54Z</time>
			</trkpt>
			<trkpt lat="45.76512002944946" lon="10.936373710632324">
				<ele>1491.800048828125</ele>
				<time>2026-08-14T12:52:15Z</time>
			</trkpt>
			<trkpt lat="45.76511073112488" lon="10.936376452445984">
				<ele>1491.800048828125</ele>
				<time>2026-08-14T12:52:16Z</time>
			</trkpt>
			<trkpt lat="45.76502478122711" lon="10.936466693878174">
				<ele>1493.4000244140625</ele>
				<time>2026-08-14T12:52:29Z</time>
			</trkpt>
			<trkpt lat="45.765010952949524" lon="10.936478972434998">
				<ele>1493.5999755859375</ele>
				<time>2026-08-14T12:52:31Z</time>
			</trkpt>
			<trkpt lat="45.76495432853699" lon="10.9365154504776">
				<ele>1494.800048828125</ele>
				<time>2026-08-14T12:52:38Z</time>
			</trkpt>
			<trkpt lat="45.76493537425995" lon="10.936522364616394">
				<ele>1495.199951171875</ele>
				<time>2026-08-14T12:52:40Z</time>
			</trkpt>
			<trkpt lat="45.76492667198181" lon="10.936526536941528">
				<ele>1495.5999755859375</ele>
				<time>2026-08-14T12:52:41Z</time>
			</trkpt>
			<trkpt lat="45.76489245891571" lon="10.936540246009827">
				<ele>1496.4000244140625</ele>
				<time>2026-08-14T12:52:45Z</time>
			</trkpt>
			<trkpt lat="45.7648047208786" lon="10.936573028564453">
				<ele>1498.0</ele>
				<time>2026-08-14T12:52:59Z</time>
			</trkpt>
			<trkpt lat="45.76477110385895" lon="10.936589121818542">
				<ele>1499.5999755859375</ele>
				<time>2026-08-14T12:53:11Z</time>
			</trkpt>
			<trkpt lat="45.76475214958191" lon="10.93660044670105">
				<ele>1499.5999755859375</ele>
				<time>2026-08-14T12:53:13Z</time>
			</trkpt>
			<trkpt lat="45.764721393585205" lon="10.936628580093384">
				<ele>1500.4000244140625</ele>
				<time>2026-08-14T12:53:28Z</time>
			</trkpt>
			<trkpt lat="45.76468324661255" lon="10.936646461486816">
				<ele>1500.5999755859375</ele>
				<time>2026-08-14T12:53:36Z</time>
			</trkpt>
			<trkpt lat="45.76467275619507" lon="10.9366534948349">
				<ele>1500.5999755859375</ele>
				<time>2026-08-14T12:53:37Z</time>
			</trkpt>
			<trkpt lat="45.76455497741699" lon="10.936732649803162">
				<ele>1501.4000244140625</ele>
				<time>2026-08-14T12:53:49Z</time>
			</trkpt>
			<trkpt lat="45.76452374458313" lon="10.93677544593811">
				<ele>1502.199951171875</ele>
				<time>2026-08-14T12:53:53Z</time>
			</trkpt>
			<trkpt lat="45.76450169086456" lon="10.936810374259949">
				<ele>1502.5999755859375</ele>
				<time>2026-08-14T12:53:56Z</time>
			</trkpt>
			<trkpt lat="45.7644819021225" lon="10.93688976764679">
				<ele>1503.800048828125</ele>
				<time>2026-08-14T12:54:11Z</time>
			</trkpt>
			<trkpt lat="45.7644339799881" lon="10.936946034431458">
				<ele>1504.0</ele>
				<time>2026-08-14T12:54:26Z</time>
			</trkpt>
			<trkpt lat="45.76445198059082" lon="10.937000513076782">
				<ele>1503.4000244140625</ele>
				<time>2026-08-14T12:54:50Z</time>
			</trkpt>
			<trkpt lat="45.76443338394165" lon="10.937068819999695">
				<ele>1503.0</ele>
				<time>2026-08-14T12:54:56Z</time>
			</trkpt>
			<trkpt lat="45.76442837715149" lon="10.93708086013794">
				<ele>1502.800048828125</ele>
				<time>2026-08-14T12:54:57Z</time>
			</trkpt>
			<trkpt lat="45.76439833641052" lon="10.93718421459198">
				<ele>1501.5999755859375</ele>
				<time>2026-08-14T12:55:16Z</time>
			</trkpt>
			<trkpt lat="45.76443254947662" lon="10.937272906303406">
				<ele>1502.800048828125</ele>
				<time>2026-08-14T12:55:35Z</time>
			</trkpt>
			<trkpt lat="45.76437151432037" lon="10.937299132347107">
				<ele>1504.0</ele>
				<time>2026-08-14T12:55:42Z</time>
			</trkpt>
			<trkpt lat="45.764366149902344" lon="10.937309622764587">
				<ele>1504.4000244140625</ele>
				<time>2026-08-14T12:55:43Z</time>
			</trkpt>
			<trkpt lat="45.7643518447876" lon="10.937367796897888">
				<ele>1506.0</ele>
				<time>2026-08-14T12:55:57Z</time>
			</trkpt>
			<trkpt lat="45.76434850692749" lon="10.93738329410553">
				<ele>1506.0</ele>
				<time>2026-08-14T12:55:58Z</time>
			</trkpt>
			<trkpt lat="45.764344811439514" lon="10.937400221824646">
				<ele>1506.0</ele>
				<time>2026-08-14T12:55:59Z</time>
			</trkpt>
			<trkpt lat="45.76434123516083" lon="10.937416315078735">
				<ele>1506.0</ele>
				<time>2026-08-14T12:56:00Z</time>
			</trkpt>
			<trkpt lat="45.76430881023407" lon="10.93757963180542">
				<ele>1505.4000244140625</ele>
				<time>2026-08-14T12:56:19Z</time>
			</trkpt>
			<trkpt lat="45.76432549953461" lon="10.937541246414185">
				<ele>1507.0</ele>
				<time>2026-08-14T12:56:52Z</time>
			</trkpt>
			<trkpt lat="45.764418959617615" lon="10.937536716461182">
				<ele>1506.0</ele>
				<time>2026-08-14T12:57:09Z</time>
			</trkpt>
			<trkpt lat="45.7644499540329" lon="10.937568545341492">
				<ele>1506.4000244140625</ele>
				<time>2026-08-14T12:57:13Z</time>
			</trkpt>
			<trkpt lat="45.764573097229004" lon="10.937669038772583">
				<ele>1506.800048828125</ele>
				<time>2026-08-14T12:57:28Z</time>
			</trkpt>
			<trkpt lat="45.76458561420441" lon="10.937667727470398">
				<ele>1506.800048828125</ele>
				<time>2026-08-14T12:57:29Z</time>
			</trkpt>
			<trkpt lat="45.76459777355194" lon="10.937664270401001">
				<ele>1506.800048828125</ele>
				<time>2026-08-14T12:57:30Z</time>
			</trkpt>
			<trkpt lat="45.76459538936615" lon="10.93766713142395">
				<ele>1506.199951171875</ele>
				<time>2026-08-14T12:57:38Z</time>
			</trkpt>
			<trkpt lat="45.76458418369293" lon="10.937668800354004">
				<ele>1506.199951171875</ele>
				<time>2026-08-14T12:57:39Z</time>
			</trkpt>
			<trkpt lat="45.76457154750824" lon="10.937671184539795">
				<ele>1506.199951171875</ele>
				<time>2026-08-14T12:57:40Z</time>
			</trkpt>
			<trkpt lat="45.7645183801651" lon="10.937645316123962">
				<ele>1506.199951171875</ele>
				<time>2026-08-14T12:57:51Z</time>
			</trkpt>
			<trkpt lat="45.76448452472687" lon="10.937639474868774">
				<ele>1507.5999755859375</ele>
				<time>2026-08-14T12:58:10Z</time>
			</trkpt>
			<trkpt lat="45.76444208621979" lon="10.937589168548584">
				<ele>1507.4000244140625</ele>
				<time>2026-08-14T12:58:26Z</time>
			</trkpt>
			<trkpt lat="45.7644327878952" lon="10.937580704689026">
				<ele>1507.4000244140625</ele>
				<time>2026-08-14T12:58:27Z</time>
			</trkpt>
			<trkpt lat="45.76444625854492" lon="10.93752920627594">
				<ele>1507.199951171875</ele>
				<time>2026-08-14T12:58:41Z</time>
			</trkpt>
			<trkpt lat="45.764496088027954" lon="10.937483787536621">
				<ele>1510.199951171875</ele>
				<time>2026-08-14T12:58:57Z</time>
			</trkpt>
			<trkpt lat="45.7645149230957" lon="10.937481760978699">
				<ele>1513.199951171875</ele>
				<time>2026-08-14T12:59:08Z</time>
			</trkpt>
			<trkpt lat="45.76452350616455" lon="10.937503337860107">
				<ele>1515.0</ele>
				<time>2026-08-14T12:59:36Z</time>
			</trkpt>
			<trkpt lat="45.764565229415894" lon="10.937423467636108">
				<ele>1516.4000244140625</ele>
				<time>2026-08-14T12:59:53Z</time>
			</trkpt>
			<trkpt lat="45.76457226276398" lon="10.937417984008789">
				<ele>1515.199951171875</ele>
				<time>2026-08-14T13:00:13Z</time>
			</trkpt>
			<trkpt lat="45.76455342769623" lon="10.937469601631165">
				<ele>1514.5999755859375</ele>
				<time>2026-08-14T13:00:43Z</time>
			</trkpt>
			<trkpt lat="45.764601707458496" lon="10.937512278556824">
				<ele>1513.5999755859375</ele>
				<time>2026-08-14T13:00:59Z</time>
			</trkpt>
			<trkpt lat="45.76463079452515" lon="10.937525033950806">
				<ele>1513.5999755859375</ele>
				<time>2026-08-14T13:01:01Z</time>
			</trkpt>
			<trkpt lat="45.764652371406555" lon="10.93754231929779">
				<ele>1513.5999755859375</ele>
				<time>2026-08-14T13:01:02Z</time>
			</trkpt>
			<trkpt lat="45.764676213264465" lon="10.937569618225098">
				<ele>1513.4000244140625</ele>
				<time>2026-08-14T13:01:03Z</time>
			</trkpt>
			<trkpt lat="45.76459324359894" lon="10.937409162521362">
				<ele>1513.0</ele>
				<time>2026-08-14T13:01:27Z</time>
			</trkpt>
			<trkpt lat="45.76456427574158" lon="10.937381625175476">
				<ele>1513.5999755859375</ele>
				<time>2026-08-14T13:01:32Z</time>
			</trkpt>
			<trkpt lat="45.76454699039459" lon="10.937357902526855">
				<ele>1513.800048828125</ele>
				<time>2026-08-14T13:01:34Z</time>
			</trkpt>
			<trkpt lat="45.76453757286072" lon="10.937347412109375">
				<ele>1513.800048828125</ele>
				<time>2026-08-14T13:01:35Z</time>
			</trkpt>
			<trkpt lat="45.76452815532684" lon="10.937337279319763">
				<ele>1514.0</ele>
				<time>2026-08-14T13:01:36Z</time>
			</trkpt>
			<trkpt lat="45.76449525356293" lon="10.937272667884827">
				<ele>1513.800048828125</ele>
				<time>2026-08-14T13:01:54Z</time>
			</trkpt>
			<trkpt lat="45.7645537853241" lon="10.937285304069519">
				<ele>1514.800048828125</ele>
				<time>2026-08-14T13:02:19Z</time>
			</trkpt>
			<trkpt lat="45.764607667922974" lon="10.937376022338867">
				<ele>1514.4000244140625</ele>
				<time>2026-08-14T13:02:29Z</time>
			</trkpt>
			<trkpt lat="45.76465380191803" lon="10.93753468990326">
				<ele>1515.5999755859375</ele>
				<time>2026-08-14T13:02:43Z</time>
			</trkpt>
			<trkpt lat="45.76466608047485" lon="10.937550663948059">
				<ele>1518.0</ele>
				<time>2026-08-14T13:03:03Z</time>
			</trkpt>
			<trkpt lat="45.76460266113281" lon="10.937507629394531">
				<ele>1518.0</ele>
				<time>2026-08-14T13:03:19Z</time>
			</trkpt>
			<trkpt lat="45.764599442481995" lon="10.937515258789062">
				<ele>1518.0</ele>
				<time>2026-08-14T13:03:45Z</time>
			</trkpt>
			<trkpt lat="45.76463305950165" lon="10.937451720237732">
				<ele>1518.199951171875</ele>
				<time>2026-08-14T13:04:02Z</time>
			</trkpt>
			<trkpt lat="45.76462125778198" lon="10.937414407730103">
				<ele>1517.5999755859375</ele>
				<time>2026-08-14T13:04:05Z</time>
			</trkpt>
			<trkpt lat="45.764554381370544" lon="10.937217473983765">
				<ele>1514.800048828125</ele>
				<time>2026-08-14T13:04:19Z</time>
			</trkpt>
			<trkpt lat="45.76454520225525" lon="10.937081456184387">
				<ele>1512.199951171875</ele>
				<time>2026-08-14T13:04:34Z</time>
			</trkpt>
			<trkpt lat="45.76456010341644" lon="10.936895608901978">
				<ele>1509.4000244140625</ele>
				<time>2026-08-14T13:04:51Z</time>
			</trkpt>
			<trkpt lat="45.76457929611206" lon="10.936724781990051">
				<ele>1506.199951171875</ele>
				<time>2026-08-14T13:05:04Z</time>
			</trkpt>
			<trkpt lat="45.76471245288849" lon="10.936656832695007">
				<ele>1503.0</ele>
				<time>2026-08-14T13:05:18Z</time>
			</trkpt>
			<trkpt lat="45.76490533351898" lon="10.936535358428955">
				<ele>1500.0</ele>
				<time>2026-08-14T13:05:36Z</time>
			</trkpt>
			<trkpt lat="45.765097856521606" lon="10.936445951461792">
				<ele>1497.0</ele>
				<time>2026-08-14T13:05:54Z</time>
			</trkpt>
			<trkpt lat="45.765166878700256" lon="10.936384677886963">
				<ele>1495.5999755859375</ele>
				<time>2026-08-14T13:06:02Z</time>
			</trkpt>
			<trkpt lat="45.76517724990845" lon="10.936378836631775">
				<ele>1495.4000244140625</ele>
				<time>2026-08-14T13:06:03Z</time>
			</trkpt>
			<trkpt lat="45.76531755924225" lon="10.936270594596863">
				<ele>1492.4000244140625</ele>
				<time>2026-08-14T13:06:17Z</time>
			</trkpt>
			<trkpt lat="45.76544272899628" lon="10.936188340187073">
				<ele>1489.199951171875</ele>
				<time>2026-08-14T13:06:30Z</time>
			</trkpt>
			<trkpt lat="45.76548647880554" lon="10.93615460395813">
				<ele>1487.199951171875</ele>
				<time>2026-08-14T13:06:40Z</time>
			</trkpt>
			<trkpt lat="45.76549458503723" lon="10.936147212982178">
				<ele>1487.199951171875</ele>
				<time>2026-08-14T13:06:41Z</time>
			</trkpt>
			<trkpt lat="45.76550364494324" lon="10.93613886833191">
				<ele>1487.0</ele>
				<time>2026-08-14T13:06:42Z</time>
			</trkpt>
			<trkpt lat="45.76551365852356" lon="10.936129212379456">
				<ele>1487.0</ele>
				<time>2026-08-14T13:06:43Z</time>
			</trkpt>
			<trkpt lat="45.76552486419678" lon="10.936120986938477">
				<ele>1486.800048828125</ele>
				<time>2026-08-14T13:06:44Z</time>
			</trkpt>
			<trkpt lat="45.765695095062256" lon="10.936013579368591">
				<ele>1483.800048828125</ele>
				<time>2026-08-14T13:06:59Z</time>
			</trkpt>
			<trkpt lat="45.765843629837036" lon="10.935935735702515">
				<ele>1480.5999755859375</ele>
				<time>2026-08-14T13:07:13Z</time>
			</trkpt>
			<trkpt lat="45.76603579521179" lon="10.935801386833191">
				<ele>1477.4000244140625</ele>
				<time>2026-08-14T13:07:30Z</time>
			</trkpt>
			<trkpt lat="45.76618564128876" lon="10.935688495635986">
				<ele>1475.5999755859375</ele>
				<time>2026-08-14T13:07:48Z</time>
			</trkpt>
			<trkpt lat="45.76620805263519" lon="10.935693979263306">
				<ele>1475.5999755859375</ele>
				<time>2026-08-14T13:07:56Z</time>
			</trkpt>
			<trkpt lat="45.7662171125412" lon="10.935699224472046">
				<ele>1475.5999755859375</ele>
				<time>2026-08-14T13:07:57Z</time>
			</trkpt>
			<trkpt lat="45.766226172447205" lon="10.935702323913574">
				<ele>1475.4000244140625</ele>
				<time>2026-08-14T13:07:58Z</time>
			</trkpt>
			<trkpt lat="45.7662490606308" lon="10.935686588287354">
				<ele>1474.0</ele>
				<time>2026-08-14T13:08:12Z</time>
			</trkpt>
			<trkpt lat="45.76623868942261" lon="10.935674905776978">
				<ele>1473.0</ele>
				<time>2026-08-14T13:08:48Z</time>
			</trkpt>
			<trkpt lat="45.76624536514282" lon="10.935673713684082">
				<ele>1473.4000244140625</ele>
				<time>2026-08-14T13:09:22Z</time>
			</trkpt>
			<trkpt lat="45.76619803905487" lon="10.935728549957275">
				<ele>1473.4000244140625</ele>
				<time>2026-08-14T13:09:46Z</time>
			</trkpt>
			<trkpt lat="45.766202449798584" lon="10.935678482055664">
				<ele>1473.4000244140625</ele>
				<time>2026-08-14T13:09:56Z</time>
			</trkpt>
			<trkpt lat="45.76620614528656" lon="10.935663938522339">
				<ele>1473.4000244140625</ele>
				<time>2026-08-14T13:09:57Z</time>
			</trkpt>
			<trkpt lat="45.76621055603027" lon="10.935649752616882">
				<ele>1473.4000244140625</ele>
				<time>2026-08-14T13:09:58Z</time>
			</trkpt>
			<trkpt lat="45.76623237133026" lon="10.93559980392456">
				<ele>1473.5999755859375</ele>
				<time>2026-08-14T13:10:02Z</time>
			</trkpt>
			<trkpt lat="45.76637923717499" lon="10.935426831245422">
				<ele>1473.0</ele>
				<time>2026-08-14T13:10:20Z</time>
			</trkpt>
			<trkpt lat="45.76651680469513" lon="10.935249090194702">
				<ele>1472.199951171875</ele>
				<time>2026-08-14T13:10:38Z</time>
			</trkpt>
			<trkpt lat="45.76669132709503" lon="10.934945344924927">
				<ele>1473.4000244140625</ele>
				<time>2026-08-14T13:11:01Z</time>
			</trkpt>
			<trkpt lat="45.76682162284851" lon="10.934560060501099">
				<ele>1472.199951171875</ele>
				<time>2026-08-14T13:11:24Z</time>
			</trkpt>
			<trkpt lat="45.766777873039246" lon="10.934208989143372">
				<ele>1471.800048828125</ele>
				<time>2026-08-14T13:11:45Z</time>
			</trkpt>
			<trkpt lat="45.766735315322876" lon="10.934113621711731">
				<ele>1471.4000244140625</ele>
				<time>2026-08-14T13:12:01Z</time>
			</trkpt>
			<trkpt lat="45.76675224304199" lon="10.934054970741272">
				<ele>1470.4000244140625</ele>
				<time>2026-08-14T13:12:24Z</time>
			</trkpt>
			<trkpt lat="45.76678013801575" lon="10.93402874469757">
				<ele>1470.5999755859375</ele>
				<time>2026-08-14T13:12:27Z</time>
			</trkpt>
			<trkpt lat="45.76678955554962" lon="10.934021949768066">
				<ele>1470.800048828125</ele>
				<time>2026-08-14T13:12:28Z</time>
			</trkpt>
			<trkpt lat="45.76680052280426" lon="10.934015274047852">
				<ele>1470.800048828125</ele>
				<time>2026-08-14T13:12:29Z</time>
			</trkpt>
			<trkpt lat="45.76699101924896" lon="10.933760643005371">
				<ele>1472.5999755859375</ele>
				<time>2026-08-14T13:12:50Z</time>
			</trkpt>
			<trkpt lat="45.76701521873474" lon="10.933296203613281">
				<ele>1471.5999755859375</ele>
				<time>2026-08-14T13:13:16Z</time>
			</trkpt>
			<trkpt lat="45.76713263988495" lon="10.933033227920532">
				<ele>1469.4000244140625</ele>
				<time>2026-08-14T13:13:34Z</time>
			</trkpt>
			<trkpt lat="45.767433643341064" lon="10.93290662765503">
				<ele>1467.199951171875</ele>
				<time>2026-08-14T13:13:57Z</time>
			</trkpt>
			<trkpt lat="45.76767873764038" lon="10.93282687664032">
				<ele>1465.5999755859375</ele>
				<time>2026-08-14T13:14:16Z</time>
			</trkpt>
			<trkpt lat="45.767935156822205" lon="10.932765245437622">
				<ele>1463.5999755859375</ele>
				<time>2026-08-14T13:14:36Z</time>
			</trkpt>
			<trkpt lat="45.76816737651825" lon="10.932692289352417">
				<ele>1461.5999755859375</ele>
				<time>2026-08-14T13:14:55Z</time>
			</trkpt>
			<trkpt lat="45.76839029788971" lon="10.932652711868286">
				<ele>1459.4000244140625</ele>
				<time>2026-08-14T13:15:12Z</time>
			</trkpt>
			<trkpt lat="45.76853942871094" lon="10.932819724082947">
				<ele>1458.0</ele>
				<time>2026-08-14T13:15:31Z</time>
			</trkpt>
			<trkpt lat="45.76857268810272" lon="10.93282687664032">
				<ele>1458.199951171875</ele>
				<time>2026-08-14T13:15:52Z</time>
			</trkpt>
			<trkpt lat="45.76859140396118" lon="10.932836532592773">
				<ele>1458.199951171875</ele>
				<time>2026-08-14T13:15:54Z</time>
			</trkpt>
			<trkpt lat="45.76860058307648" lon="10.932840466499329">
				<ele>1458.199951171875</ele>
				<time>2026-08-14T13:15:55Z</time>
			</trkpt>
			<trkpt lat="45.76860976219177" lon="10.93284559249878">
				<ele>1458.199951171875</ele>
				<time>2026-08-14T13:15:56Z</time>
			</trkpt>
			<trkpt lat="45.768619418144226" lon="10.932851314544678">
				<ele>1458.199951171875</ele>
				<time>2026-08-14T13:15:57Z</time>
			</trkpt>
			<trkpt lat="45.76862967014313" lon="10.932855129241943">
				<ele>1458.199951171875</ele>
				<time>2026-08-14T13:15:58Z</time>
			</trkpt>
			<trkpt lat="45.76864051818848" lon="10.932859420776367">
				<ele>1458.0</ele>
				<time>2026-08-14T13:15:59Z</time>
			</trkpt>
			<trkpt lat="45.76865041255951" lon="10.932863473892212">
				<ele>1458.0</ele>
				<time>2026-08-14T13:16:00Z</time>
			</trkpt>
			<trkpt lat="45.7686607837677" lon="10.932865023612976">
				<ele>1458.0</ele>
				<time>2026-08-14T13:16:01Z</time>
			</trkpt>
			<trkpt lat="45.768876791000366" lon="10.93299913406372">
				<ele>1455.5999755859375</ele>
				<time>2026-08-14T13:16:20Z</time>
			</trkpt>
			<trkpt lat="45.769042015075684" lon="10.933215737342834">
				<ele>1453.800048828125</ele>
				<time>2026-08-14T13:16:39Z</time>
			</trkpt>
			<trkpt lat="45.769290804862976" lon="10.93324899673462">
				<ele>1452.199951171875</ele>
				<time>2026-08-14T13:16:59Z</time>
			</trkpt>
			<trkpt lat="45.7694593667984" lon="10.933251976966858">
				<ele>1450.4000244140625</ele>
				<time>2026-08-14T13:17:17Z</time>
			</trkpt>
			<trkpt lat="45.769455671310425" lon="10.933274269104004">
				<ele>1450.4000244140625</ele>
				<time>2026-08-14T13:18:01Z</time>
			</trkpt>
			<trkpt lat="45.769479513168335" lon="10.933256149291992">
				<ele>1450.199951171875</ele>
				<time>2026-08-14T13:18:10Z</time>
			</trkpt>
			<trkpt lat="45.76949167251587" lon="10.933252692222595">
				<ele>1450.199951171875</ele>
				<time>2026-08-14T13:18:11Z</time>
			</trkpt>
			<trkpt lat="45.76950442790985" lon="10.933250188827515">
				<ele>1450.199951171875</ele>
				<time>2026-08-14T13:18:12Z</time>
			</trkpt>
			<trkpt lat="45.76951599121094" lon="10.933246374130249">
				<ele>1450.199951171875</ele>
				<time>2026-08-14T13:18:13Z</time>
			</trkpt>
			<trkpt lat="45.76952767372131" lon="10.933241605758667">
				<ele>1450.199951171875</ele>
				<time>2026-08-14T13:18:14Z</time>
			</trkpt>
			<trkpt lat="45.76972484588623" lon="10.93312680721283">
				<ele>1447.5999755859375</ele>
				<time>2026-08-14T13:18:33Z</time>
			</trkpt>
			<trkpt lat="45.76987183094025" lon="10.932868123054504">
				<ele>1444.5999755859375</ele>
				<time>2026-08-14T13:18:53Z</time>
			</trkpt>
			<trkpt lat="45.76989209651947" lon="10.932815074920654">
				<ele>1444.0</ele>
				<time>2026-08-14T13:18:57Z</time>
			</trkpt>
			<trkpt lat="45.76989531517029" lon="10.932801008224487">
				<ele>1443.800048828125</ele>
				<time>2026-08-14T13:18:58Z</time>
			</trkpt>
			<trkpt lat="45.769898891448975" lon="10.932785987854004">
				<ele>1443.5999755859375</ele>
				<time>2026-08-14T13:18:59Z</time>
			</trkpt>
			<trkpt lat="45.76990258693695" lon="10.932769775390625">
				<ele>1443.5999755859375</ele>
				<time>2026-08-14T13:19:00Z</time>
			</trkpt>
			<trkpt lat="45.769906759262085" lon="10.932753443717957">
				<ele>1443.4000244140625</ele>
				<time>2026-08-14T13:19:01Z</time>
			</trkpt>
			<trkpt lat="45.76991164684296" lon="10.93273663520813">
				<ele>1443.199951171875</ele>
				<time>2026-08-14T13:19:02Z</time>
			</trkpt>
			<trkpt lat="45.77008414268494" lon="10.93257761001587">
				<ele>1441.4000244140625</ele>
				<time>2026-08-14T13:19:19Z</time>
			</trkpt>
			<trkpt lat="45.77036464214325" lon="10.93253469467163">
				<ele>1440.199951171875</ele>
				<time>2026-08-14T13:19:41Z</time>
			</trkpt>
			<trkpt lat="45.77057754993439" lon="10.9324791431427">
				<ele>1438.4000244140625</ele>
				<time>2026-08-14T13:19:57Z</time>
			</trkpt>
			<trkpt lat="45.77058959007263" lon="10.932483673095703">
				<ele>1438.199951171875</ele>
				<time>2026-08-14T13:19:58Z</time>
			</trkpt>
			<trkpt lat="45.77079653739929" lon="10.932562589645386">
				<ele>1436.5999755859375</ele>
				<time>2026-08-14T13:20:14Z</time>
			</trkpt>
			<trkpt lat="45.77101159095764" lon="10.932699203491211">
				<ele>1435.800048828125</ele>
				<time>2026-08-14T13:20:33Z</time>
			</trkpt>
			<trkpt lat="45.77118098735809" lon="10.932969212532043">
				<ele>1435.4000244140625</ele>
				<time>2026-08-14T13:20:53Z</time>
			</trkpt>
			<trkpt lat="45.77123773097992" lon="10.93333375453949">
				<ele>1435.4000244140625</ele>
				<time>2026-08-14T13:21:14Z</time>
			</trkpt>
			<trkpt lat="45.77116513252258" lon="10.933687210083008">
				<ele>1434.4000244140625</ele>
				<time>2026-08-14T13:21:33Z</time>
			</trkpt>
			<trkpt lat="45.771113872528076" lon="10.934072971343994">
				<ele>1433.4000244140625</ele>
				<time>2026-08-14T13:21:53Z</time>
			</trkpt>
			<trkpt lat="45.77111601829529" lon="10.934509038925171">
				<ele>1430.800048828125</ele>
				<time>2026-08-14T13:22:16Z</time>
			</trkpt>
			<trkpt lat="45.77120077610016" lon="10.934938192367554">
				<ele>1428.800048828125</ele>
				<time>2026-08-14T13:22:41Z</time>
			</trkpt>
			<trkpt lat="45.771276116371155" lon="10.935016512870789">
				<ele>1427.0</ele>
				<time>2026-08-14T13:22:59Z</time>
			</trkpt>
			<trkpt lat="45.77129828929901" lon="10.935020208358765">
				<ele>1426.800048828125</ele>
				<time>2026-08-14T13:23:02Z</time>
			</trkpt>
			<trkpt lat="45.77130901813507" lon="10.935023307800293">
				<ele>1426.800048828125</ele>
				<time>2026-08-14T13:23:03Z</time>
			</trkpt>
			<trkpt lat="45.77131235599518" lon="10.935039401054382">
				<ele>1426.199951171875</ele>
				<time>2026-08-14T13:23:21Z</time>
			</trkpt>
			<trkpt lat="45.77130925655365" lon="10.935080885887146">
				<ele>1426.199951171875</ele>
				<time>2026-08-14T13:23:25Z</time>
			</trkpt>
			<trkpt lat="45.77130615711212" lon="10.935096859931946">
				<ele>1426.0</ele>
				<time>2026-08-14T13:23:26Z</time>
			</trkpt>
			<trkpt lat="45.771297574043274" lon="10.93513822555542">
				<ele>1425.800048828125</ele>
				<time>2026-08-14T13:23:29Z</time>
			</trkpt>
			<trkpt lat="45.77129638195038" lon="10.935152888298035">
				<ele>1425.5999755859375</ele>
				<time>2026-08-14T13:23:30Z</time>
			</trkpt>
			<trkpt lat="45.77129542827606" lon="10.935167908668518">
				<ele>1425.5999755859375</ele>
				<time>2026-08-14T13:23:31Z</time>
			</trkpt>
			<trkpt lat="45.77129292488098" lon="10.935182809829712">
				<ele>1425.4000244140625</ele>
				<time>2026-08-14T13:23:32Z</time>
			</trkpt>
			<trkpt lat="45.77124106884003" lon="10.93543016910553">
				<ele>1423.5999755859375</ele>
				<time>2026-08-14T13:23:50Z</time>
			</trkpt>
			<trkpt lat="45.771209478378296" lon="10.935680031776428">
				<ele>1421.0</ele>
				<time>2026-08-14T13:24:07Z</time>
			</trkpt>
			<trkpt lat="45.77120518684387" lon="10.935836434364319">
				<ele>1418.800048828125</ele>
				<time>2026-08-14T13:24:18Z</time>
			</trkpt>
			<trkpt lat="45.7711786031723" lon="10.935869336128235">
				<ele>1415.800048828125</ele>
				<time>2026-08-14T13:24:32Z</time>
			</trkpt>
			<trkpt lat="45.77118360996246" lon="10.935845971107483">
				<ele>1415.800048828125</ele>
				<time>2026-08-14T13:24:51Z</time>
			</trkpt>
			<trkpt lat="45.77119851112366" lon="10.93586266040802">
				<ele>1415.800048828125</ele>
				<time>2026-08-14T13:24:53Z</time>
			</trkpt>
			<trkpt lat="45.77119743824005" lon="10.935917854309082">
				<ele>1415.800048828125</ele>
				<time>2026-08-14T13:24:57Z</time>
			</trkpt>
			<trkpt lat="45.771214723587036" lon="10.936128377914429">
				<ele>1412.800048828125</ele>
				<time>2026-08-14T13:25:15Z</time>
			</trkpt>
			<trkpt lat="45.771241426467896" lon="10.936233878135681">
				<ele>1410.199951171875</ele>
				<time>2026-08-14T13:25:24Z</time>
			</trkpt>
			<trkpt lat="45.77118933200836" lon="10.936404705047607">
				<ele>1406.5999755859375</ele>
				<time>2026-08-14T13:25:35Z</time>
			</trkpt>
			<trkpt lat="45.771121978759766" lon="10.936539769172668">
				<ele>1403.5999755859375</ele>
				<time>2026-08-14T13:25:47Z</time>
			</trkpt>
			<trkpt lat="45.77104985713959" lon="10.93659520149231">
				<ele>1401.199951171875</ele>
				<time>2026-08-14T13:25:55Z</time>
			</trkpt>
			<trkpt lat="45.77088677883148" lon="10.9366295337677">
				<ele>1398.199951171875</ele>
				<time>2026-08-14T13:26:13Z</time>
			</trkpt>
			<trkpt lat="45.770769000053406" lon="10.936557054519653">
				<ele>1395.0</ele>
				<time>2026-08-14T13:26:30Z</time>
			</trkpt>
			<trkpt lat="45.770676374435425" lon="10.936495780944824">
				<ele>1393.4000244140625</ele>
				<time>2026-08-14T13:26:42Z</time>
			</trkpt>
			<trkpt lat="45.77065873146057" lon="10.936471939086914">
				<ele>1393.0</ele>
				<time>2026-08-14T13:26:44Z</time>
			</trkpt>
			<trkpt lat="45.770652532577515" lon="10.936455488204956">
				<ele>1392.800048828125</ele>
				<time>2026-08-14T13:26:45Z</time>
			</trkpt>
			<trkpt lat="45.77064538002014" lon="10.936441779136658">
				<ele>1392.4000244140625</ele>
				<time>2026-08-14T13:26:46Z</time>
			</trkpt>
			<trkpt lat="45.77060627937317" lon="10.936450362205505">
				<ele>1391.5999755859375</ele>
				<time>2026-08-14T13:26:51Z</time>
			</trkpt>
			<trkpt lat="45.7705979347229" lon="10.93649446964264">
				<ele>1390.4000244140625</ele>
				<time>2026-08-14T13:26:55Z</time>
			</trkpt>
			<trkpt lat="45.77060103416443" lon="10.9365074634552">
				<ele>1390.199951171875</ele>
				<time>2026-08-14T13:26:56Z</time>
			</trkpt>
			<trkpt lat="45.77061426639557" lon="10.936697006225586">
				<ele>1387.5999755859375</ele>
				<time>2026-08-14T13:27:13Z</time>
			</trkpt>
			<trkpt lat="45.77063322067261" lon="10.936716675758362">
				<ele>1387.0</ele>
				<time>2026-08-14T13:27:20Z</time>
			</trkpt>
			<trkpt lat="45.770642042160034" lon="10.93672800064087">
				<ele>1387.0</ele>
				<time>2026-08-14T13:27:21Z</time>
			</trkpt>
			<trkpt lat="45.7706503868103" lon="10.936742186546326">
				<ele>1387.0</ele>
				<time>2026-08-14T13:27:22Z</time>
			</trkpt>
			<trkpt lat="45.770657658576965" lon="10.936757326126099">
				<ele>1386.800048828125</ele>
				<time>2026-08-14T13:27:23Z</time>
			</trkpt>
			<trkpt lat="45.770663380622864" lon="10.936772465705872">
				<ele>1386.800048828125</ele>
				<time>2026-08-14T13:27:24Z</time>
			</trkpt>
			<trkpt lat="45.770667552948" lon="10.936787843704224">
				<ele>1386.800048828125</ele>
				<time>2026-08-14T13:27:25Z</time>
			</trkpt>
			<trkpt lat="45.77067053318024" lon="10.936802864074707">
				<ele>1386.800048828125</ele>
				<time>2026-08-14T13:27:26Z</time>
			</trkpt>
			<trkpt lat="45.7706732749939" lon="10.936818957328796">
				<ele>1386.5999755859375</ele>
				<time>2026-08-14T13:27:27Z</time>
			</trkpt>
			<trkpt lat="45.770676136016846" lon="10.936875104904175">
				<ele>1385.4000244140625</ele>
				<time>2026-08-14T13:27:39Z</time>
			</trkpt>
			<trkpt lat="45.77068829536438" lon="10.936797976493835">
				<ele>1385.4000244140625</ele>
				<time>2026-08-14T13:27:56Z</time>
			</trkpt>
			<trkpt lat="45.77066206932068" lon="10.936835885047913">
				<ele>1384.0</ele>
				<time>2026-08-14T13:28:35Z</time>
			</trkpt>
			<trkpt lat="45.77065181732178" lon="10.936851859092712">
				<ele>1384.0</ele>
				<time>2026-08-14T13:28:44Z</time>
			</trkpt>
			<trkpt lat="45.77064061164856" lon="10.936907052993774">
				<ele>1384.0</ele>
				<time>2026-08-14T13:28:48Z</time>
			</trkpt>
			<trkpt lat="45.770633816719055" lon="10.93688189983368">
				<ele>1383.4000244140625</ele>
				<time>2026-08-14T13:29:06Z</time>
			</trkpt>
			<trkpt lat="45.77061653137207" lon="10.936835885047913">
				<ele>1384.5999755859375</ele>
				<time>2026-08-14T13:29:57Z</time>
			</trkpt>
			<trkpt lat="45.77065026760101" lon="10.936841011047363">
				<ele>1384.800048828125</ele>
				<time>2026-08-14T13:30:44Z</time>
			</trkpt>
			<trkpt lat="45.77066743373871" lon="10.936845541000366">
				<ele>1385.0</ele>
				<time>2026-08-14T13:31:59Z</time>
			</trkpt>
			<trkpt lat="45.770642161369324" lon="10.936868667602539">
				<ele>1385.4000244140625</ele>
				<time>2026-08-14T13:33:11Z</time>
			</trkpt>
			<trkpt lat="45.77063834667206" lon="10.93688416481018">
				<ele>1385.5999755859375</ele>
				<time>2026-08-14T13:33:28Z</time>
			</trkpt>
			<trkpt lat="45.77066659927368" lon="10.937119364738464">
				<ele>1385.800048828125</ele>
				<time>2026-08-14T13:33:45Z</time>
			</trkpt>
			<trkpt lat="45.77069854736328" lon="10.937448501586914">
				<ele>1384.199951171875</ele>
				<time>2026-08-14T13:34:04Z</time>
			</trkpt>
			<trkpt lat="45.770731687545776" lon="10.937694191932678">
				<ele>1382.4000244140625</ele>
				<time>2026-08-14T13:34:23Z</time>
			</trkpt>
			<trkpt lat="45.77073526382446" lon="10.937695503234863">
				<ele>1382.0</ele>
				<time>2026-08-14T13:34:27Z</time>
			</trkpt>
			<trkpt lat="45.77073860168457" lon="10.937710523605347">
				<ele>1382.0</ele>
				<time>2026-08-14T13:34:28Z</time>
			</trkpt>
			<trkpt lat="45.770742774009705" lon="10.937726140022278">
				<ele>1382.0</ele>
				<time>2026-08-14T13:34:29Z</time>
			</trkpt>
			<trkpt lat="45.77074754238129" lon="10.93774163722992">
				<ele>1382.0</ele>
				<time>2026-08-14T13:34:30Z</time>
			</trkpt>
			<trkpt lat="45.77075266838074" lon="10.937758088111877">
				<ele>1382.0</ele>
				<time>2026-08-14T13:34:31Z</time>
			</trkpt>
			<trkpt lat="45.7707576751709" lon="10.937774896621704">
				<ele>1382.0</ele>
				<time>2026-08-14T13:34:32Z</time>
			</trkpt>
			<trkpt lat="45.7708158493042" lon="10.938062906265259">
				<ele>1381.800048828125</ele>
				<time>2026-08-14T13:34:49Z</time>
			</trkpt>
			<trkpt lat="45.77085995674133" lon="10.938150882720947">
				<ele>1381.4000244140625</ele>
				<time>2026-08-14T13:35:04Z</time>
			</trkpt>
			<trkpt lat="45.77087879180908" lon="10.938146114349365">
				<ele>1381.199951171875</ele>
				<time>2026-08-14T13:35:16Z</time>
			</trkpt>
			<trkpt lat="45.77088987827301" lon="10.938141107559204">
				<ele>1381.0</ele>
				<time>2026-08-14T13:35:17Z</time>
			</trkpt>
			<trkpt lat="45.770902037620544" lon="10.938148736953735">
				<ele>1381.0</ele>
				<time>2026-08-14T13:35:18Z</time>
			</trkpt>
			<trkpt lat="45.770912170410156" lon="10.938157796859741">
				<ele>1381.0</ele>
				<time>2026-08-14T13:35:19Z</time>
			</trkpt>
			<trkpt lat="45.77092218399048" lon="10.938166379928589">
				<ele>1381.0</ele>
				<time>2026-08-14T13:35:20Z</time>
			</trkpt>
			<trkpt lat="45.77093183994293" lon="10.938175797462463">
				<ele>1381.0</ele>
				<time>2026-08-14T13:35:21Z</time>
			</trkpt>
			<trkpt lat="45.770941734313965" lon="10.938186049461365">
				<ele>1381.0</ele>
				<time>2026-08-14T13:35:22Z</time>
			</trkpt>
			<trkpt lat="45.77099299430847" lon="10.938181281089783">
				<ele>1379.800048828125</ele>
				<time>2026-08-14T13:35:38Z</time>
			</trkpt>
			<trkpt lat="45.77094066143036" lon="10.938168048858643">
				<ele>1379.0</ele>
				<time>2026-08-14T13:35:54Z</time>
			</trkpt>
			<trkpt lat="45.77093183994293" lon="10.938162326812744">
				<ele>1378.800048828125</ele>
				<time>2026-08-14T13:35:55Z</time>
			</trkpt>
			<trkpt lat="45.770880579948425" lon="10.938152313232422">
				<ele>1379.5999755859375</ele>
				<time>2026-08-14T13:36:13Z</time>
			</trkpt>
			<trkpt lat="45.770893931388855" lon="10.938161492347717">
				<ele>1379.5999755859375</ele>
				<time>2026-08-14T13:36:14Z</time>
			</trkpt>
			<trkpt lat="45.770907282829285" lon="10.938175797462463">
				<ele>1379.5999755859375</ele>
				<time>2026-08-14T13:36:15Z</time>
			</trkpt>
			<trkpt lat="45.77092003822327" lon="10.938185811042786">
				<ele>1379.5999755859375</ele>
				<time>2026-08-14T13:36:16Z</time>
			</trkpt>
			<trkpt lat="45.77093148231506" lon="10.938191890716553">
				<ele>1379.5999755859375</ele>
				<time>2026-08-14T13:36:17Z</time>
			</trkpt>
			<trkpt lat="45.77100896835327" lon="10.938219428062439">
				<ele>1379.4000244140625</ele>
				<time>2026-08-14T13:36:30Z</time>
			</trkpt>
			<trkpt lat="45.77105963230133" lon="10.938353896141052">
				<ele>1378.4000244140625</ele>
				<time>2026-08-14T13:36:46Z</time>
			</trkpt>
			<trkpt lat="45.77110731601715" lon="10.93835711479187">
				<ele>1378.0</ele>
				<time>2026-08-14T13:37:09Z</time>
			</trkpt>
			<trkpt lat="45.77118968963623" lon="10.938368916511536">
				<ele>1376.4000244140625</ele>
				<time>2026-08-14T13:37:19Z</time>
			</trkpt>
			<trkpt lat="45.77120065689087" lon="10.938374876976013">
				<ele>1376.199951171875</ele>
				<time>2026-08-14T13:37:20Z</time>
			</trkpt>
			<trkpt lat="45.771207213401794" lon="10.938384771347046">
				<ele>1376.199951171875</ele>
				<time>2026-08-14T13:37:21Z</time>
			</trkpt>
			<trkpt lat="45.771214842796326" lon="10.938395380973816">
				<ele>1376.199951171875</ele>
				<time>2026-08-14T13:37:22Z</time>
			</trkpt>
			<trkpt lat="45.77122259140015" lon="10.938404202461243">
				<ele>1376.0</ele>
				<time>2026-08-14T13:37:23Z</time>
			</trkpt>
			<trkpt lat="45.77123212814331" lon="10.938415050506592">
				<ele>1376.0</ele>
				<time>2026-08-14T13:37:24Z</time>
			</trkpt>
			<trkpt lat="45.77130579948425" lon="10.938499093055725">
				<ele>1375.0</ele>
				<time>2026-08-14T13:37:33Z</time>
			</trkpt>
			<trkpt lat="45.771374464035034" lon="10.938496112823486">
				<ele>1373.5999755859375</ele>
				<time>2026-08-14T13:37:50Z</time>
			</trkpt>
			<trkpt lat="45.77136588096619" lon="10.938524007797241">
				<ele>1374.4000244140625</ele>
				<time>2026-08-14T13:38:10Z</time>
			</trkpt>
			<trkpt lat="45.771363377571106" lon="10.938508033752441">
				<ele>1374.4000244140625</ele>
				<time>2026-08-14T13:38:11Z</time>
			</trkpt>
			<trkpt lat="45.771485328674316" lon="10.938443541526794">
				<ele>1372.199951171875</ele>
				<time>2026-08-14T13:38:31Z</time>
			</trkpt>
			<trkpt lat="45.77159321308136" lon="10.938475251197815">
				<ele>1371.800048828125</ele>
				<time>2026-08-14T13:38:52Z</time>
			</trkpt>
			<trkpt lat="45.77160668373108" lon="10.938645482063293">
				<ele>1373.0</ele>
				<time>2026-08-14T13:39:09Z</time>
			</trkpt>
			<trkpt lat="45.77161431312561" lon="10.938684344291687">
				<ele>1374.5999755859375</ele>
				<time>2026-08-14T13:39:29Z</time>
			</trkpt>
			<trkpt lat="45.77155935764313" lon="10.938700437545776">
				<ele>1375.0</ele>
				<time>2026-08-14T13:39:43Z</time>
			</trkpt>
			<trkpt lat="45.77153766155243" lon="10.938710927963257">
				<ele>1375.0</ele>
				<time>2026-08-14T13:39:45Z</time>
			</trkpt>
			<trkpt lat="45.771522760391235" lon="10.938717603683472">
				<ele>1375.0</ele>
				<time>2026-08-14T13:39:46Z</time>
			</trkpt>
			<trkpt lat="45.771496295928955" lon="10.938717603683472">
				<ele>1375.0</ele>
				<time>2026-08-14T13:40:00Z</time>
			</trkpt>
			<trkpt lat="45.77150881290436" lon="10.93870460987091">
				<ele>1374.5999755859375</ele>
				<time>2026-08-14T13:40:25Z</time>
			</trkpt>
			<trkpt lat="45.77159333229065" lon="10.938670754432678">
				<ele>1374.800048828125</ele>
				<time>2026-08-14T13:40:47Z</time>
			</trkpt>
			<trkpt lat="45.77160310745239" lon="10.938587665557861">
				<ele>1375.5999755859375</ele>
				<time>2026-08-14T13:40:58Z</time>
			</trkpt>
			<trkpt lat="45.77159881591797" lon="10.938555598258972">
				<ele>1375.199951171875</ele>
				<time>2026-08-14T13:41:00Z</time>
			</trkpt>
			<trkpt lat="45.77159559726715" lon="10.93854010105133">
				<ele>1375.0</ele>
				<time>2026-08-14T13:41:01Z</time>
			</trkpt>
			<trkpt lat="45.77159881591797" lon="10.938524961471558">
				<ele>1375.0</ele>
				<time>2026-08-14T13:41:02Z</time>
			</trkpt>
			<trkpt lat="45.77160835266113" lon="10.938515186309814">
				<ele>1374.800048828125</ele>
				<time>2026-08-14T13:41:03Z</time>
			</trkpt>
			<trkpt lat="45.77161777019501" lon="10.938517451286316">
				<ele>1374.5999755859375</ele>
				<time>2026-08-14T13:41:04Z</time>
			</trkpt>
			<trkpt lat="45.77165222167969" lon="10.938535571098328">
				<ele>1374.0</ele>
				<time>2026-08-14T13:41:08Z</time>
			</trkpt>
			<trkpt lat="45.77179539203644" lon="10.938507437705994">
				<ele>1373.5999755859375</ele>
				<time>2026-08-14T13:41:22Z</time>
			</trkpt>
			<trkpt lat="45.771843910217285" lon="10.93851125240326">
				<ele>1373.5999755859375</ele>
				<time>2026-08-14T13:41:47Z</time>
			</trkpt>
			<trkpt lat="45.77186417579651" lon="10.938522219657898">
				<ele>1373.800048828125</ele>
				<time>2026-08-14T13:41:49Z</time>
			</trkpt>
			<trkpt lat="45.771872997283936" lon="10.938531279563904">
				<ele>1373.800048828125</ele>
				<time>2026-08-14T13:41:50Z</time>
			</trkpt>
			<trkpt lat="45.771881341934204" lon="10.938542008399963">
				<ele>1373.800048828125</ele>
				<time>2026-08-14T13:41:51Z</time>
			</trkpt>
			<trkpt lat="45.77191925048828" lon="10.938718676567078">
				<ele>1373.5999755859375</ele>
				<time>2026-08-14T13:42:12Z</time>
			</trkpt>
			<trkpt lat="45.77191162109375" lon="10.938652396202087">
				<ele>1373.4000244140625</ele>
				<time>2026-08-14T13:42:29Z</time>
			</trkpt>
			<trkpt lat="45.77191197872162" lon="10.938608169555664">
				<ele>1373.4000244140625</ele>
				<time>2026-08-14T13:42:32Z</time>
			</trkpt>
			<trkpt lat="45.77191364765167" lon="10.93858277797699">
				<ele>1373.0</ele>
				<time>2026-08-14T13:42:41Z</time>
			</trkpt>
			<trkpt lat="45.771910190582275" lon="10.93860399723053">
				<ele>1373.0</ele>
				<time>2026-08-14T13:42:42Z</time>
			</trkpt>
			<trkpt lat="45.77191090583801" lon="10.938625574111938">
				<ele>1373.0</ele>
				<time>2026-08-14T13:42:43Z</time>
			</trkpt>
			<trkpt lat="45.77191340923309" lon="10.938645362854004">
				<ele>1373.0</ele>
				<time>2026-08-14T13:42:44Z</time>
			</trkpt>
			<trkpt lat="45.77191758155823" lon="10.938662767410278">
				<ele>1373.0</ele>
				<time>2026-08-14T13:42:45Z</time>
			</trkpt>
			<trkpt lat="45.77194583415985" lon="10.938692331314087">
				<ele>1372.800048828125</ele>
				<time>2026-08-14T13:42:48Z</time>
			</trkpt>
			<trkpt lat="45.77195620536804" lon="10.938697576522827">
				<ele>1372.800048828125</ele>
				<time>2026-08-14T13:42:49Z</time>
			</trkpt>
			<trkpt lat="45.77196526527405" lon="10.938701510429382">
				<ele>1372.800048828125</ele>
				<time>2026-08-14T13:42:50Z</time>
			</trkpt>
			<trkpt lat="45.77198314666748" lon="10.938664197921753">
				<ele>1373.4000244140625</ele>
				<time>2026-08-14T13:43:04Z</time>
			</trkpt>
			<trkpt lat="45.772132873535156" lon="10.938621163368225">
				<ele>1376.5999755859375</ele>
				<time>2026-08-14T13:43:23Z</time>
			</trkpt>
			<trkpt lat="45.77216720581055" lon="10.938648700714111">
				<ele>1378.0</ele>
				<time>2026-08-14T13:43:37Z</time>
			</trkpt>
			<trkpt lat="45.772221088409424" lon="10.938598155975342">
				<ele>1377.4000244140625</ele>
				<time>2026-08-14T13:43:53Z</time>
			</trkpt>
			<trkpt lat="45.77227854728699" lon="10.93854296207428">
				<ele>1378.5999755859375</ele>
				<time>2026-08-14T13:44:13Z</time>
			</trkpt>
			<trkpt lat="45.77227532863617" lon="10.93856930732727">
				<ele>1378.4000244140625</ele>
				<time>2026-08-14T13:44:30Z</time>
			</trkpt>
			<trkpt lat="45.77231168746948" lon="10.938526272773743">
				<ele>1377.800048828125</ele>
				<time>2026-08-14T13:44:46Z</time>
			</trkpt>
			<trkpt lat="45.772345304489136" lon="10.93844485282898">
				<ele>1375.4000244140625</ele>
				<time>2026-08-14T13:45:02Z</time>
			</trkpt>
			<trkpt lat="45.77233374118805" lon="10.93844723701477">
				<ele>1374.800048828125</ele>
				<time>2026-08-14T13:45:13Z</time>
			</trkpt>
			<trkpt lat="45.77231216430664" lon="10.938451528549194">
				<ele>1374.5999755859375</ele>
				<time>2026-08-14T13:45:15Z</time>
			</trkpt>
			<trkpt lat="45.77230167388916" lon="10.938456535339355">
				<ele>1374.5999755859375</ele>
				<time>2026-08-14T13:45:16Z</time>
			</trkpt>
			<trkpt lat="45.77229082584381" lon="10.938462376594543">
				<ele>1374.5999755859375</ele>
				<time>2026-08-14T13:45:17Z</time>
			</trkpt>
			<trkpt lat="45.77218949794769" lon="10.93839406967163">
				<ele>1373.5999755859375</ele>
				<time>2026-08-14T13:45:33Z</time>
			</trkpt>
			<trkpt lat="45.77218437194824" lon="10.938400030136108">
				<ele>1372.4000244140625</ele>
				<time>2026-08-14T13:45:49Z</time>
			</trkpt>
			<trkpt lat="45.772107005119324" lon="10.938394546508789">
				<ele>1371.4000244140625</ele>
				<time>2026-08-14T13:46:09Z</time>
			</trkpt>
			<trkpt lat="45.77201318740845" lon="10.938402533531189">
				<ele>1371.199951171875</ele>
				<time>2026-08-14T13:46:28Z</time>
			</trkpt>
			<trkpt lat="45.772003293037415" lon="10.938395500183105">
				<ele>1371.199951171875</ele>
				<time>2026-08-14T13:46:29Z</time>
			</trkpt>
			<trkpt lat="45.77199137210846" lon="10.93839180469513">
				<ele>1371.199951171875</ele>
				<time>2026-08-14T13:46:30Z</time>
			</trkpt>
			<trkpt lat="45.771955728530884" lon="10.93839430809021">
				<ele>1371.199951171875</ele>
				<time>2026-08-14T13:46:33Z</time>
			</trkpt>
			<trkpt lat="45.7719464302063" lon="10.938415765762329">
				<ele>1371.5999755859375</ele>
				<time>2026-08-14T13:46:50Z</time>
			</trkpt>
			<trkpt lat="45.77191734313965" lon="10.938406348228455">
				<ele>1370.800048828125</ele>
				<time>2026-08-14T13:47:06Z</time>
			</trkpt>
			<trkpt lat="45.7718905210495" lon="10.93840205669403">
				<ele>1370.5999755859375</ele>
				<time>2026-08-14T13:47:28Z</time>
			</trkpt>
			<trkpt lat="45.77184557914734" lon="10.938406467437744">
				<ele>1370.5999755859375</ele>
				<time>2026-08-14T13:48:12Z</time>
			</trkpt>
			<trkpt lat="45.77184081077576" lon="10.938424110412598">
				<ele>1370.5999755859375</ele>
				<time>2026-08-14T13:48:36Z</time>
			</trkpt>
			<trkpt lat="45.77185606956482" lon="10.938422799110413">
				<ele>1370.800048828125</ele>
				<time>2026-08-14T13:49:18Z</time>
			</trkpt>
			<trkpt lat="45.77187442779541" lon="10.938421726226807">
				<ele>1370.5999755859375</ele>
				<time>2026-08-14T13:49:49Z</time>
			</trkpt>
			<trkpt lat="45.7719304561615" lon="10.938437223434448">
				<ele>1371.0</ele>
				<time>2026-08-14T13:50:43Z</time>
			</trkpt>
			<trkpt lat="45.77193248271942" lon="10.938360810279846">
				<ele>1370.5999755859375</ele>
				<time>2026-08-14T13:51:41Z</time>
			</trkpt>
			<trkpt lat="45.77192449569702" lon="10.938341975212097">
				<ele>1370.5999755859375</ele>
				<time>2026-08-14T13:52:56Z</time>
			</trkpt>
			<trkpt lat="45.771928906440735" lon="10.938312530517578">
				<ele>1370.5999755859375</ele>
				<time>2026-08-14T13:53:40Z</time>
			</trkpt>
			<trkpt lat="45.77191174030304" lon="10.938286542892456">
				<ele>1370.4000244140625</ele>
				<time>2026-08-14T13:54:25Z</time>
			</trkpt>
			<trkpt lat="45.77190923690796" lon="10.938268899917603">
				<ele>1370.5999755859375</ele>
				<time>2026-08-14T13:54:57Z</time>
			</trkpt>
			<trkpt lat="45.77190577983856" lon="10.938254594802856">
				<ele>1370.5999755859375</ele>
				<time>2026-08-14T13:55:28Z</time>
			</trkpt>
			<trkpt lat="45.771910548210144" lon="10.93824326992035">
				<ele>1370.800048828125</ele>
				<time>2026-08-14T13:55:53Z</time>
			</trkpt>
			<trkpt lat="45.771907329559326" lon="10.938223481178284">
				<ele>1370.800048828125</ele>
				<time>2026-08-14T13:56:28Z</time>
			</trkpt>
			<trkpt lat="45.77190816402435" lon="10.938206315040588">
				<ele>1370.800048828125</ele>
				<time>2026-08-14T13:56:58Z</time>
			</trkpt>
			<trkpt lat="45.771907806396484" lon="10.938204407691956">
				<ele>1370.800048828125</ele>
				<time>2026-08-14T13:57:31Z</time>
			</trkpt>
			<trkpt lat="45.771901965141296" lon="10.93820834159851">
				<ele>1370.800048828125</ele>
				<time>2026-08-14T13:58:01Z</time>
			</trkpt>
			<trkpt lat="45.77189350128174" lon="10.938219904899597">
				<ele>1371.0</ele>
				<time>2026-08-14T13:58:22Z</time>
			</trkpt>
			<trkpt lat="45.771883726119995" lon="10.938248872756958">
				<ele>1370.800048828125</ele>
				<time>2026-08-14T13:58:45Z</time>
			</trkpt>
			<trkpt lat="45.77187383174896" lon="10.938267588615417">
				<ele>1370.800048828125</ele>
				<time>2026-08-14T13:59:06Z</time>
			</trkpt>
			<trkpt lat="45.771865129470825" lon="10.938330292701721">
				<ele>1371.4000244140625</ele>
				<time>2026-08-14T13:59:20Z</time>
			</trkpt>
			<trkpt lat="45.771854400634766" lon="10.938483715057373">
				<ele>1372.199951171875</ele>
				<time>2026-08-14T13:59:30Z</time>
			</trkpt>
			<trkpt lat="45.771856904029846" lon="10.938503861427307">
				<ele>1372.4000244140625</ele>
				<time>2026-08-14T13:59:31Z</time>
			</trkpt>
			<trkpt lat="45.77185916900635" lon="10.938523054122925">
				<ele>1372.5999755859375</ele>
				<time>2026-08-14T13:59:32Z</time>
			</trkpt>
			<trkpt lat="45.7718631029129" lon="10.938542604446411">
				<ele>1372.5999755859375</ele>
				<time>2026-08-14T13:59:33Z</time>
			</trkpt>
			<trkpt lat="45.77186727523804" lon="10.938562035560608">
				<ele>1372.800048828125</ele>
				<time>2026-08-14T13:59:34Z</time>
			</trkpt>
			<trkpt lat="45.77186930179596" lon="10.938650488853455">
				<ele>1373.5999755859375</ele>
				<time>2026-08-14T13:59:39Z</time>
			</trkpt>
			<trkpt lat="45.7718346118927" lon="10.938732981681824">
				<ele>1374.0</ele>
				<time>2026-08-14T13:59:46Z</time>
			</trkpt>
			<trkpt lat="45.771844148635864" lon="10.938875794410706">
				<ele>1370.800048828125</ele>
				<time>2026-08-14T14:00:01Z</time>
			</trkpt>
			<trkpt lat="45.77182614803314" lon="10.938947796821594">
				<ele>1369.199951171875</ele>
				<time>2026-08-14T14:00:08Z</time>
			</trkpt>
			<trkpt lat="45.77181935310364" lon="10.938960433006287">
				<ele>1369.0</ele>
				<time>2026-08-14T14:00:09Z</time>
			</trkpt>
			<trkpt lat="45.77179169654846" lon="10.938993215560913">
				<ele>1368.0</ele>
				<time>2026-08-14T14:00:13Z</time>
			</trkpt>
			<trkpt lat="45.771780252456665" lon="10.939000606536865">
				<ele>1367.5999755859375</ele>
				<time>2026-08-14T14:00:14Z</time>
			</trkpt>
			<trkpt lat="45.77168869972229" lon="10.939135313034058">
				<ele>1364.5999755859375</ele>
				<time>2026-08-14T14:00:28Z</time>
			</trkpt>
			<trkpt lat="45.771685004234314" lon="10.939265608787537">
				<ele>1361.4000244140625</ele>
				<time>2026-08-14T14:00:41Z</time>
			</trkpt>
			<trkpt lat="45.77168607711792" lon="10.93937337398529">
				<ele>1359.199951171875</ele>
				<time>2026-08-14T14:00:50Z</time>
			</trkpt>
			<trkpt lat="45.77175807952881" lon="10.939561486244202">
				<ele>1355.5999755859375</ele>
				<time>2026-08-14T14:01:05Z</time>
			</trkpt>
			<trkpt lat="45.771782636642456" lon="10.939627885818481">
				<ele>1354.199951171875</ele>
				<time>2026-08-14T14:01:13Z</time>
			</trkpt>
			<trkpt lat="45.77178597450256" lon="10.939642310142517">
				<ele>1354.0</ele>
				<time>2026-08-14T14:01:14Z</time>
			</trkpt>
			<trkpt lat="45.77186298370361" lon="10.939865946769714">
				<ele>1350.800048828125</ele>
				<time>2026-08-14T14:01:30Z</time>
			</trkpt>
			<trkpt lat="45.77203381061554" lon="10.93998384475708">
				<ele>1348.0</ele>
				<time>2026-08-14T14:01:45Z</time>
			</trkpt>
			<trkpt lat="45.77218008041382" lon="10.94010305404663">
				<ele>1345.0</ele>
				<time>2026-08-14T14:01:59Z</time>
			</trkpt>
			<trkpt lat="45.77237915992737" lon="10.940218567848206">
				<ele>1342.5999755859375</ele>
				<time>2026-08-14T14:02:16Z</time>
			</trkpt>
			<trkpt lat="45.77264940738678" lon="10.940319538116455">
				<ele>1341.0</ele>
				<time>2026-08-14T14:02:38Z</time>
			</trkpt>
			<trkpt lat="45.77282476425171" lon="10.94036054611206">
				<ele>1340.5999755859375</ele>
				<time>2026-08-14T14:02:54Z</time>
			</trkpt>
			<trkpt lat="45.77283799648285" lon="10.940361142158508">
				<ele>1340.4000244140625</ele>
				<time>2026-08-14T14:02:55Z</time>
			</trkpt>
			<trkpt lat="45.77285277843475" lon="10.94036090373993">
				<ele>1340.199951171875</ele>
				<time>2026-08-14T14:02:56Z</time>
			</trkpt>
			<trkpt lat="45.772868394851685" lon="10.940361380577087">
				<ele>1340.0</ele>
				<time>2026-08-14T14:02:57Z</time>
			</trkpt>
			<trkpt lat="45.77288293838501" lon="10.940362811088562">
				<ele>1340.0</ele>
				<time>2026-08-14T14:02:58Z</time>
			</trkpt>
			<trkpt lat="45.7731968164444" lon="10.940399527549744">
				<ele>1338.199951171875</ele>
				<time>2026-08-14T14:03:22Z</time>
			</trkpt>
			<trkpt lat="45.77347671985626" lon="10.940389394760132">
				<ele>1338.0</ele>
				<time>2026-08-14T14:03:44Z</time>
			</trkpt>
			<trkpt lat="45.77370524406433" lon="10.94033944606781">
				<ele>1337.4000244140625</ele>
				<time>2026-08-14T14:04:02Z</time>
			</trkpt>
			<trkpt lat="45.77392899990082" lon="10.940279960632324">
				<ele>1336.0</ele>
				<time>2026-08-14T14:04:20Z</time>
			</trkpt>
			<trkpt lat="45.77414345741272" lon="10.940205216407776">
				<ele>1334.5999755859375</ele>
				<time>2026-08-14T14:04:38Z</time>
			</trkpt>
			<trkpt lat="45.77437925338745" lon="10.940146684646606">
				<ele>1334.199951171875</ele>
				<time>2026-08-14T14:04:56Z</time>
			</trkpt>
			<trkpt lat="45.77456438541412" lon="10.94008719921112">
				<ele>1335.0</ele>
				<time>2026-08-14T14:05:11Z</time>
			</trkpt>
			<trkpt lat="45.774816274642944" lon="10.94010615348816">
				<ele>1335.4000244140625</ele>
				<time>2026-08-14T14:05:32Z</time>
			</trkpt>
			<trkpt lat="45.77506673336029" lon="10.940195441246033">
				<ele>1333.800048828125</ele>
				<time>2026-08-14T14:05:53Z</time>
			</trkpt>
			<trkpt lat="45.77532684803009" lon="10.940295696258545">
				<ele>1332.199951171875</ele>
				<time>2026-08-14T14:06:14Z</time>
			</trkpt>
			<trkpt lat="45.77560544013977" lon="10.940460801124573">
				<ele>1330.800048828125</ele>
				<time>2026-08-14T14:06:37Z</time>
			</trkpt>
			<trkpt lat="45.77589821815491" lon="10.940539598464966">
				<ele>1329.4000244140625</ele>
				<time>2026-08-14T14:07:00Z</time>
			</trkpt>
			<trkpt lat="45.77616202831268" lon="10.940673470497131">
				<ele>1327.5999755859375</ele>
				<time>2026-08-14T14:07:22Z</time>
			</trkpt>
			<trkpt lat="45.77641785144806" lon="10.940775632858276">
				<ele>1326.4000244140625</ele>
				<time>2026-08-14T14:07:43Z</time>
			</trkpt>
			<trkpt lat="45.7766215801239" lon="10.940995573997498">
				<ele>1324.5999755859375</ele>
				<time>2026-08-14T14:08:03Z</time>
			</trkpt>
			<trkpt lat="45.77679133415222" lon="10.941288948059082">
				<ele>1323.199951171875</ele>
				<time>2026-08-14T14:08:24Z</time>
			</trkpt>
			<trkpt lat="45.77685785293579" lon="10.941421151161194">
				<ele>1322.800048828125</ele>
				<time>2026-08-14T14:08:41Z</time>
			</trkpt>
			<trkpt lat="45.7769056558609" lon="10.941363453865051">
				<ele>1322.5999755859375</ele>
				<time>2026-08-14T14:09:10Z</time>
			</trkpt>
			<trkpt lat="45.776925444602966" lon="10.941372513771057">
				<ele>1322.5999755859375</ele>
				<time>2026-08-14T14:09:12Z</time>
			</trkpt>
			<trkpt lat="45.776936411857605" lon="10.941379070281982">
				<ele>1322.4000244140625</ele>
				<time>2026-08-14T14:09:13Z</time>
			</trkpt>
			<trkpt lat="45.77694857120514" lon="10.94138491153717">
				<ele>1322.4000244140625</ele>
				<time>2026-08-14T14:09:14Z</time>
			</trkpt>
			<trkpt lat="45.776960611343384" lon="10.941391229629517">
				<ele>1322.199951171875</ele>
				<time>2026-08-14T14:09:15Z</time>
			</trkpt>
			<trkpt lat="45.77697241306305" lon="10.94139850139618">
				<ele>1322.199951171875</ele>
				<time>2026-08-14T14:09:16Z</time>
			</trkpt>
			<trkpt lat="45.77720510959625" lon="10.94153892993927">
				<ele>1319.199951171875</ele>
				<time>2026-08-14T14:09:35Z</time>
			</trkpt>
			<trkpt lat="45.77746868133545" lon="10.941681742668152">
				<ele>1316.0</ele>
				<time>2026-08-14T14:09:55Z</time>
			</trkpt>
			<trkpt lat="45.777753829956055" lon="10.941787242889404">
				<ele>1313.0</ele>
				<time>2026-08-14T14:10:19Z</time>
			</trkpt>
			<trkpt lat="45.77804398536682" lon="10.941758394241333">
				<ele>1311.4000244140625</ele>
				<time>2026-08-14T14:10:41Z</time>
			</trkpt>
			<trkpt lat="45.77840447425842" lon="10.941741704940796">
				<ele>1309.800048828125</ele>
				<time>2026-08-14T14:11:07Z</time>
			</trkpt>
			<trkpt lat="45.77873778343201" lon="10.941788911819458">
				<ele>1307.800048828125</ele>
				<time>2026-08-14T14:11:30Z</time>
			</trkpt>
			<trkpt lat="45.77896463871002" lon="10.94191598892212">
				<ele>1306.800048828125</ele>
				<time>2026-08-14T14:11:48Z</time>
			</trkpt>
			<trkpt lat="45.77914261817932" lon="10.942150712013245">
				<ele>1307.5999755859375</ele>
				<time>2026-08-14T14:12:06Z</time>
			</trkpt>
			<trkpt lat="45.779252886772156" lon="10.942440629005432">
				<ele>1309.199951171875</ele>
				<time>2026-08-14T14:12:23Z</time>
			</trkpt>
			<trkpt lat="45.779370069503784" lon="10.942728757858276">
				<ele>1310.800048828125</ele>
				<time>2026-08-14T14:12:42Z</time>
			</trkpt>
			<trkpt lat="45.779526591300964" lon="10.942736268043518">
				<ele>1311.199951171875</ele>
				<time>2026-08-14T14:12:57Z</time>
			</trkpt>
			<trkpt lat="45.779605746269226" lon="10.942562818527222">
				<ele>1308.0</ele>
				<time>2026-08-14T14:13:11Z</time>
			</trkpt>
			<trkpt lat="45.77968716621399" lon="10.94244110584259">
				<ele>1304.800048828125</ele>
				<time>2026-08-14T14:13:23Z</time>
			</trkpt>
			<trkpt lat="45.77970838546753" lon="10.942386865615845">
				<ele>1302.5999755859375</ele>
				<time>2026-08-14T14:13:32Z</time>
			</trkpt>
			<trkpt lat="45.77971351146698" lon="10.942375302314758">
				<ele>1302.4000244140625</ele>
				<time>2026-08-14T14:13:33Z</time>
			</trkpt>
			<trkpt lat="45.77972710132599" lon="10.942354440689087">
				<ele>1302.0</ele>
				<time>2026-08-14T14:13:35Z</time>
			</trkpt>
			<trkpt lat="45.77983057498932" lon="10.9422025680542">
				<ele>1299.0</ele>
				<time>2026-08-14T14:13:50Z</time>
			</trkpt>
			<trkpt lat="45.77995944023132" lon="10.9420325756073">
				<ele>1295.800048828125</ele>
				<time>2026-08-14T14:14:06Z</time>
			</trkpt>
			<trkpt lat="45.78009510040283" lon="10.941867470741272">
				<ele>1292.5999755859375</ele>
				<time>2026-08-14T14:14:23Z</time>
			</trkpt>
			<trkpt lat="45.780208110809326" lon="10.941715717315674">
				<ele>1289.5999755859375</ele>
				<time>2026-08-14T14:14:37Z</time>
			</trkpt>
			<trkpt lat="45.78030347824097" lon="10.941558480262756">
				<ele>1286.5999755859375</ele>
				<time>2026-08-14T14:14:50Z</time>
			</trkpt>
			<trkpt lat="45.78040552139282" lon="10.941395282745361">
				<ele>1283.4000244140625</ele>
				<time>2026-08-14T14:15:02Z</time>
			</trkpt>
			<trkpt lat="45.78051805496216" lon="10.941224098205566">
				<ele>1280.199951171875</ele>
				<time>2026-08-14T14:15:16Z</time>
			</trkpt>
			<trkpt lat="45.78061056137085" lon="10.941042304039001">
				<ele>1277.0</ele>
				<time>2026-08-14T14:15:30Z</time>
			</trkpt>
			<trkpt lat="45.780696630477905" lon="10.94091784954071">
				<ele>1274.0</ele>
				<time>2026-08-14T14:15:42Z</time>
			</trkpt>
			<trkpt lat="45.78078007698059" lon="10.940894365310669">
				<ele>1271.4000244140625</ele>
				<time>2026-08-14T14:15:56Z</time>
			</trkpt>
			<trkpt lat="45.78079116344452" lon="10.94090223312378">
				<ele>1271.4000244140625</ele>
				<time>2026-08-14T14:15:57Z</time>
			</trkpt>
			<trkpt lat="45.7808381319046" lon="10.941013932228088">
				<ele>1270.5999755859375</ele>
				<time>2026-08-14T14:16:11Z</time>
			</trkpt>
			<trkpt lat="45.78084576129913" lon="10.941043376922607">
				<ele>1270.4000244140625</ele>
				<time>2026-08-14T14:16:25Z</time>
			</trkpt>
			<trkpt lat="45.78084588050842" lon="10.941045761108398">
				<ele>1270.199951171875</ele>
				<time>2026-08-14T14:16:49Z</time>
			</trkpt>
		</trkseg>
	</trk>
</gpx>
