<?xml version="1.0" encoding="utf-8"?>
<gpx creator="Garmin Explore App" version="1.1" xmlns:adv="http://www.garmin.com/xmlschemas/AdventuresExtensions/v1" xmlns:gpxtpx="http://www.garmin.com/xmlschemas/TrackPointExtension/v1" xmlns:gpxtrx="http://www.garmin.com/xmlschemas/GpxExtensions/v3" xmlns:gpxx="http://www.garmin.com/xmlschemas/GpxExtensions/v3" xmlns:trp="http://www.garmin.com/xmlschemas/TripExtensions/v1" xmlns:wptx1="http://www.garmin.com/xmlschemas/WaypointExtension/v1" xmlns:xsi="http://www.w3.org/2001/XMLSchema-instance" xmlns="http://www.topografix.com/GPX/1/1" xsi:schemaLocation="http://www.topografix.com/GPX/1/1 http://www.topografix.com/GPX/1/1/gpx.xsd http://www.garmin.com/xmlschemas/WaypointExtension/v1 http://www8.garmin.com/xmlschemas/WaypointExtensionv1.xsd http://www.garmin.com/xmlschemas/TrackPointExtension/v1 http://www.garmin.com/xmlschemas/TrackPointExtensionv1.xsd http://www.garmin.com/xmlschemas/GpxExtensions/v3 http://www8.garmin.com/xmlschemas/GpxExtensionsv3.xsd http://www.garmin.com/xmlschemas/ActivityExtension/v1 http://www8.garmin.com/xmlschemas/ActivityExtensionv1.xsd http://www.garmin.com/xmlschemas/AdventuresExtensions/v1 http://www8.garmin.com/xmlschemas/AdventuresExtensionv1.xsd http://www.garmin.com/xmlschemas/PressureExtension/v1 http://www.garmin.com/xmlschemas/PressureExtensionv1.xsd">
	<metadata>
		<name>2026-06-26 17.02.55</name>
		<link href="http://www.garmin.com">
			<text>Garmin International</text>
		</link>
		<time>2026-06-29T16:08:12Z</time>
	</metadata>
	<trk>
		<name>2026-06-26 17.02.55</name>
		<extensions>
			<gpxx:TrackExtension>
				<gpxx:DisplayColor>LightBlue</gpxx:DisplayColor>
			</gpxx:TrackExtension>
		</extensions>
		<trkseg>
			<trkpt lat="46.40790832042694" lon="10.692895293235779">
				<ele>1758.800048828125</ele>
				<time>2026-06-26T06:38:51Z</time>
			</trkpt>
			<trkpt lat="46.40790843963623" lon="10.69289517402649">
				<ele>1758.800048828125</ele>
				<time>2026-06-26T06:38:52Z</time>
			</trkpt>
			<trkpt lat="46.40790545940399" lon="10.692893505096436">
				<ele>1759.60009765625</ele>
				<time>2026-06-26T06:39:08Z</time>
			</trkpt>
			<trkpt lat="46.40804982185364" lon="10.692921161651611">
				<ele>1759.60009765625</ele>
				<time>2026-06-26T06:39:27Z</time>
			</trkpt>
			<trkpt lat="46.40809166431427" lon="10.692917346954346">
				<ele>1759.800048828125</ele>
				<time>2026-06-26T06:39:31Z</time>
			</trkpt>
			<trkpt lat="46.40811812877655" lon="10.692891240119934">
				<ele>1760.0</ele>
				<time>2026-06-26T06:39:34Z</time>
			</trkpt>
			<trkpt lat="46.4081255197525" lon="10.692879796028137">
				<ele>1760.0</ele>
				<time>2026-06-26T06:39:35Z</time>
			</trkpt>
			<trkpt lat="46.40821576118469" lon="10.69273555278778">
				<ele>1761.39990234375</ele>
				<time>2026-06-26T06:39:49Z</time>
			</trkpt>
			<trkpt lat="46.408225297927856" lon="10.692646384239197">
				<ele>1762.60009765625</ele>
				<time>2026-06-26T06:39:56Z</time>
			</trkpt>
			<trkpt lat="46.40822088718414" lon="10.69263207912445">
				<ele>1762.60009765625</ele>
				<time>2026-06-26T06:39:57Z</time>
			</trkpt>
			<trkpt lat="46.408217430114746" lon="10.692618727684021">
				<ele>1762.800048828125</ele>
				<time>2026-06-26T06:39:58Z</time>
			</trkpt>
			<trkpt lat="46.40821433067322" lon="10.692363023757935">
				<ele>1764.60009765625</ele>
				<time>2026-06-26T06:40:15Z</time>
			</trkpt>
			<trkpt lat="46.4082932472229" lon="10.692049026489258">
				<ele>1764.800048828125</ele>
				<time>2026-06-26T06:40:34Z</time>
			</trkpt>
			<trkpt lat="46.40831410884857" lon="10.69182574748993">
				<ele>1765.199951171875</ele>
				<time>2026-06-26T06:40:47Z</time>
			</trkpt>
			<trkpt lat="46.40831696987152" lon="10.691807508468628">
				<ele>1765.199951171875</ele>
				<time>2026-06-26T06:40:48Z</time>
			</trkpt>
			<trkpt lat="46.408318758010864" lon="10.69179117679596">
				<ele>1765.39990234375</ele>
				<time>2026-06-26T06:40:49Z</time>
			</trkpt>
			<trkpt lat="46.40832781791687" lon="10.691550612449646">
				<ele>1766.39990234375</ele>
				<time>2026-06-26T06:41:04Z</time>
			</trkpt>
			<trkpt lat="46.408323884010315" lon="10.691535592079163">
				<ele>1766.60009765625</ele>
				<time>2026-06-26T06:41:05Z</time>
			</trkpt>
			<trkpt lat="46.40832817554474" lon="10.69148325920105">
				<ele>1766.800048828125</ele>
				<time>2026-06-26T06:41:09Z</time>
			</trkpt>
			<trkpt lat="46.40833306312561" lon="10.691468358039856">
				<ele>1767.0</ele>
				<time>2026-06-26T06:41:10Z</time>
			</trkpt>
			<trkpt lat="46.4083389043808" lon="10.691455483436584">
				<ele>1767.0</ele>
				<time>2026-06-26T06:41:11Z</time>
			</trkpt>
			<trkpt lat="46.40839421749115" lon="10.691462278366089">
				<ele>1767.199951171875</ele>
				<time>2026-06-26T06:41:16Z</time>
			</trkpt>
			<trkpt lat="46.408499240875244" lon="10.691434621810913">
				<ele>1767.199951171875</ele>
				<time>2026-06-26T06:41:28Z</time>
			</trkpt>
			<trkpt lat="46.408501386642456" lon="10.691418051719666">
				<ele>1767.199951171875</ele>
				<time>2026-06-26T06:41:29Z</time>
			</trkpt>
			<trkpt lat="46.4085009098053" lon="10.691399574279785">
				<ele>1767.0</ele>
				<time>2026-06-26T06:41:30Z</time>
			</trkpt>
			<trkpt lat="46.408501505851746" lon="10.691381454467773">
				<ele>1767.0</ele>
				<time>2026-06-26T06:41:31Z</time>
			</trkpt>
			<trkpt lat="46.40850496292114" lon="10.691364049911499">
				<ele>1766.800048828125</ele>
				<time>2026-06-26T06:41:32Z</time>
			</trkpt>
			<trkpt lat="46.40850782394409" lon="10.691346168518066">
				<ele>1766.60009765625</ele>
				<time>2026-06-26T06:41:33Z</time>
			</trkpt>
			<trkpt lat="46.40850794315338" lon="10.691327333450317">
				<ele>1766.60009765625</ele>
				<time>2026-06-26T06:41:34Z</time>
			</trkpt>
			<trkpt lat="46.40849781036377" lon="10.69119119644165">
				<ele>1766.0</ele>
				<time>2026-06-26T06:41:43Z</time>
			</trkpt>
			<trkpt lat="46.40849959850311" lon="10.69117558002472">
				<ele>1766.199951171875</ele>
				<time>2026-06-26T06:41:44Z</time>
			</trkpt>
			<trkpt lat="46.408501386642456" lon="10.691160082817078">
				<ele>1766.199951171875</ele>
				<time>2026-06-26T06:41:45Z</time>
			</trkpt>
			<trkpt lat="46.40850210189819" lon="10.691142678260803">
				<ele>1766.199951171875</ele>
				<time>2026-06-26T06:41:46Z</time>
			</trkpt>
			<trkpt lat="46.40850222110748" lon="10.69112491607666">
				<ele>1766.199951171875</ele>
				<time>2026-06-26T06:41:47Z</time>
			</trkpt>
			<trkpt lat="46.408509731292725" lon="10.69090735912323">
				<ele>1767.0</ele>
				<time>2026-06-26T06:42:01Z</time>
			</trkpt>
			<trkpt lat="46.40851283073425" lon="10.690878748893738">
				<ele>1767.199951171875</ele>
				<time>2026-06-26T06:42:03Z</time>
			</trkpt>
			<trkpt lat="46.40851604938507" lon="10.690863013267517">
				<ele>1767.39990234375</ele>
				<time>2026-06-26T06:42:04Z</time>
			</trkpt>
			<trkpt lat="46.40851962566376" lon="10.690849304199219">
				<ele>1767.39990234375</ele>
				<time>2026-06-26T06:42:05Z</time>
			</trkpt>
			<trkpt lat="46.408522844314575" lon="10.690820217132568">
				<ele>1767.60009765625</ele>
				<time>2026-06-26T06:42:07Z</time>
			</trkpt>
			<trkpt lat="46.40852463245392" lon="10.690803289413452">
				<ele>1767.60009765625</ele>
				<time>2026-06-26T06:42:08Z</time>
			</trkpt>
			<trkpt lat="46.408571004867554" lon="10.690545558929443">
				<ele>1767.60009765625</ele>
				<time>2026-06-26T06:42:24Z</time>
			</trkpt>
			<trkpt lat="46.40860629081726" lon="10.690381050109863">
				<ele>1768.0</ele>
				<time>2026-06-26T06:42:34Z</time>
			</trkpt>
			<trkpt lat="46.40861213207245" lon="10.69036591053009">
				<ele>1768.0</ele>
				<time>2026-06-26T06:42:35Z</time>
			</trkpt>
			<trkpt lat="46.40861511230469" lon="10.690351605415344">
				<ele>1768.199951171875</ele>
				<time>2026-06-26T06:42:36Z</time>
			</trkpt>
			<trkpt lat="46.4086195230484" lon="10.690335750579834">
				<ele>1768.199951171875</ele>
				<time>2026-06-26T06:42:37Z</time>
			</trkpt>
			<trkpt lat="46.40862727165222" lon="10.690321922302246">
				<ele>1768.199951171875</ele>
				<time>2026-06-26T06:42:38Z</time>
			</trkpt>
			<trkpt lat="46.40863311290741" lon="10.690307140350342">
				<ele>1768.199951171875</ele>
				<time>2026-06-26T06:42:39Z</time>
			</trkpt>
			<trkpt lat="46.408637166023254" lon="10.690290451049805">
				<ele>1768.199951171875</ele>
				<time>2026-06-26T06:42:40Z</time>
			</trkpt>
			<trkpt lat="46.40864169597626" lon="10.69027304649353">
				<ele>1768.199951171875</ele>
				<time>2026-06-26T06:42:41Z</time>
			</trkpt>
			<trkpt lat="46.408695220947266" lon="10.690025091171265">
				<ele>1769.0</ele>
				<time>2026-06-26T06:42:56Z</time>
			</trkpt>
			<trkpt lat="46.40870785713196" lon="10.689980030059814">
				<ele>1769.199951171875</ele>
				<time>2026-06-26T06:42:59Z</time>
			</trkpt>
			<trkpt lat="46.408721685409546" lon="10.689798951148987">
				<ele>1770.199951171875</ele>
				<time>2026-06-26T06:43:11Z</time>
			</trkpt>
			<trkpt lat="46.408722043037415" lon="10.689779043197632">
				<ele>1770.199951171875</ele>
				<time>2026-06-26T06:43:12Z</time>
			</trkpt>
			<trkpt lat="46.40873825550079" lon="10.689634084701538">
				<ele>1771.0</ele>
				<time>2026-06-26T06:43:22Z</time>
			</trkpt>
			<trkpt lat="46.40874230861664" lon="10.689617991447449">
				<ele>1771.0</ele>
				<time>2026-06-26T06:43:23Z</time>
			</trkpt>
			<trkpt lat="46.40874361991882" lon="10.689601421356201">
				<ele>1771.199951171875</ele>
				<time>2026-06-26T06:43:24Z</time>
			</trkpt>
			<trkpt lat="46.408745527267456" lon="10.68958592414856">
				<ele>1771.199951171875</ele>
				<time>2026-06-26T06:43:25Z</time>
			</trkpt>
			<trkpt lat="46.40874803066254" lon="10.689571261405945">
				<ele>1771.199951171875</ele>
				<time>2026-06-26T06:43:26Z</time>
			</trkpt>
			<trkpt lat="46.40875220298767" lon="10.689555287361145">
				<ele>1771.199951171875</ele>
				<time>2026-06-26T06:43:27Z</time>
			</trkpt>
			<trkpt lat="46.4087553024292" lon="10.689538717269897">
				<ele>1771.199951171875</ele>
				<time>2026-06-26T06:43:28Z</time>
			</trkpt>
			<trkpt lat="46.40876257419586" lon="10.689512491226196">
				<ele>1771.199951171875</ele>
				<time>2026-06-26T06:43:30Z</time>
			</trkpt>
			<trkpt lat="46.408772587776184" lon="10.689468145370483">
				<ele>1771.199951171875</ele>
				<time>2026-06-26T06:43:33Z</time>
			</trkpt>
			<trkpt lat="46.40877032279968" lon="10.68945038318634">
				<ele>1771.199951171875</ele>
				<time>2026-06-26T06:43:34Z</time>
			</trkpt>
			<trkpt lat="46.40876638889313" lon="10.689433097839355">
				<ele>1771.199951171875</ele>
				<time>2026-06-26T06:43:35Z</time>
			</trkpt>
			<trkpt lat="46.40876233577728" lon="10.689416766166687">
				<ele>1771.199951171875</ele>
				<time>2026-06-26T06:43:36Z</time>
			</trkpt>
			<trkpt lat="46.40877115726471" lon="10.689218759536743">
				<ele>1771.60009765625</ele>
				<time>2026-06-26T06:43:49Z</time>
			</trkpt>
			<trkpt lat="46.40876770019531" lon="10.689203977584839">
				<ele>1771.60009765625</ele>
				<time>2026-06-26T06:43:50Z</time>
			</trkpt>
			<trkpt lat="46.40876603126526" lon="10.689034581184387">
				<ele>1772.800048828125</ele>
				<time>2026-06-26T06:44:01Z</time>
			</trkpt>
			<trkpt lat="46.408764600753784" lon="10.689003467559814">
				<ele>1773.0</ele>
				<time>2026-06-26T06:44:03Z</time>
			</trkpt>
			<trkpt lat="46.40882170200348" lon="10.688782811164856">
				<ele>1773.800048828125</ele>
				<time>2026-06-26T06:44:17Z</time>
			</trkpt>
			<trkpt lat="46.40884840488434" lon="10.688753008842468">
				<ele>1773.800048828125</ele>
				<time>2026-06-26T06:44:20Z</time>
			</trkpt>
			<trkpt lat="46.40885889530182" lon="10.688740015029907">
				<ele>1773.60009765625</ele>
				<time>2026-06-26T06:44:21Z</time>
			</trkpt>
			<trkpt lat="46.4088671207428" lon="10.688725590705872">
				<ele>1773.60009765625</ele>
				<time>2026-06-26T06:44:22Z</time>
			</trkpt>
			<trkpt lat="46.408928990364075" lon="10.688639879226685">
				<ele>1773.60009765625</ele>
				<time>2026-06-26T06:44:37Z</time>
			</trkpt>
			<trkpt lat="46.40895080566406" lon="10.688613653182983">
				<ele>1773.60009765625</ele>
				<time>2026-06-26T06:44:40Z</time>
			</trkpt>
			<trkpt lat="46.4090371131897" lon="10.688524007797241">
				<ele>1774.0</ele>
				<time>2026-06-26T06:44:50Z</time>
			</trkpt>
			<trkpt lat="46.409048318862915" lon="10.688512086868286">
				<ele>1774.0</ele>
				<time>2026-06-26T06:44:51Z</time>
			</trkpt>
			<trkpt lat="46.409143567085266" lon="10.688331484794617">
				<ele>1775.0</ele>
				<time>2026-06-26T06:45:05Z</time>
			</trkpt>
			<trkpt lat="46.40922236442566" lon="10.68810772895813">
				<ele>1776.60009765625</ele>
				<time>2026-06-26T06:45:21Z</time>
			</trkpt>
			<trkpt lat="46.4092333316803" lon="10.688031673431396">
				<ele>1777.199951171875</ele>
				<time>2026-06-26T06:45:26Z</time>
			</trkpt>
			<trkpt lat="46.40925097465515" lon="10.687782406806946">
				<ele>1779.39990234375</ele>
				<time>2026-06-26T06:45:43Z</time>
			</trkpt>
			<trkpt lat="46.40921890735626" lon="10.687466859817505">
				<ele>1781.39990234375</ele>
				<time>2026-06-26T06:46:03Z</time>
			</trkpt>
			<trkpt lat="46.4092298746109" lon="10.687409400939941">
				<ele>1781.60009765625</ele>
				<time>2026-06-26T06:46:07Z</time>
			</trkpt>
			<trkpt lat="46.40933179855347" lon="10.687246799468994">
				<ele>1782.39990234375</ele>
				<time>2026-06-26T06:46:20Z</time>
			</trkpt>
			<trkpt lat="46.40933895111084" lon="10.687232255935669">
				<ele>1782.39990234375</ele>
				<time>2026-06-26T06:46:21Z</time>
			</trkpt>
			<trkpt lat="46.409348130226135" lon="10.687220215797424">
				<ele>1782.60009765625</ele>
				<time>2026-06-26T06:46:22Z</time>
			</trkpt>
			<trkpt lat="46.40935719013214" lon="10.687207460403442">
				<ele>1782.60009765625</ele>
				<time>2026-06-26T06:46:23Z</time>
			</trkpt>
			<trkpt lat="46.40936350822449" lon="10.687192440032959">
				<ele>1782.60009765625</ele>
				<time>2026-06-26T06:46:24Z</time>
			</trkpt>
			<trkpt lat="46.409371972084045" lon="10.687179565429688">
				<ele>1782.60009765625</ele>
				<time>2026-06-26T06:46:25Z</time>
			</trkpt>
			<trkpt lat="46.409380078315735" lon="10.687168955802917">
				<ele>1782.800048828125</ele>
				<time>2026-06-26T06:46:26Z</time>
			</trkpt>
			<trkpt lat="46.409388303756714" lon="10.68716037273407">
				<ele>1782.800048828125</ele>
				<time>2026-06-26T06:46:27Z</time>
			</trkpt>
			<trkpt lat="46.40941774845123" lon="10.68709146976471">
				<ele>1783.39990234375</ele>
				<time>2026-06-26T06:46:39Z</time>
			</trkpt>
			<trkpt lat="46.409435749053955" lon="10.687047481536865">
				<ele>1783.60009765625</ele>
				<time>2026-06-26T06:46:42Z</time>
			</trkpt>
			<trkpt lat="46.40944218635559" lon="10.687032103538513">
				<ele>1783.60009765625</ele>
				<time>2026-06-26T06:46:43Z</time>
			</trkpt>
			<trkpt lat="46.409456968307495" lon="10.687011122703552">
				<ele>1783.800048828125</ele>
				<time>2026-06-26T06:46:45Z</time>
			</trkpt>
			<trkpt lat="46.4094672203064" lon="10.687002778053284">
				<ele>1783.800048828125</ele>
				<time>2026-06-26T06:46:46Z</time>
			</trkpt>
			<trkpt lat="46.40950095653534" lon="10.686968326568604">
				<ele>1784.199951171875</ele>
				<time>2026-06-26T06:46:50Z</time>
			</trkpt>
			<trkpt lat="46.40951085090637" lon="10.686960101127625">
				<ele>1784.39990234375</ele>
				<time>2026-06-26T06:46:51Z</time>
			</trkpt>
			<trkpt lat="46.4095196723938" lon="10.686950206756592">
				<ele>1784.39990234375</ele>
				<time>2026-06-26T06:46:52Z</time>
			</trkpt>
			<trkpt lat="46.40960431098938" lon="10.686809062957764">
				<ele>1785.800048828125</ele>
				<time>2026-06-26T06:47:05Z</time>
			</trkpt>
			<trkpt lat="46.409613847732544" lon="10.68664813041687">
				<ele>1786.39990234375</ele>
				<time>2026-06-26T06:47:16Z</time>
			</trkpt>
			<trkpt lat="46.40961277484894" lon="10.686619639396667">
				<ele>1786.60009765625</ele>
				<time>2026-06-26T06:47:18Z</time>
			</trkpt>
			<trkpt lat="46.4096873998642" lon="10.68651008605957">
				<ele>1787.800048828125</ele>
				<time>2026-06-26T06:47:31Z</time>
			</trkpt>
			<trkpt lat="46.40979290008545" lon="10.686390995979309">
				<ele>1789.39990234375</ele>
				<time>2026-06-26T06:47:49Z</time>
			</trkpt>
			<trkpt lat="46.4098846912384" lon="10.686245679855347">
				<ele>1791.60009765625</ele>
				<time>2026-06-26T06:48:09Z</time>
			</trkpt>
			<trkpt lat="46.4099383354187" lon="10.686075925827026">
				<ele>1794.0</ele>
				<time>2026-06-26T06:48:27Z</time>
			</trkpt>
			<trkpt lat="46.40996277332306" lon="10.685903191566467">
				<ele>1797.199951171875</ele>
				<time>2026-06-26T06:48:45Z</time>
			</trkpt>
			<trkpt lat="46.40997922420502" lon="10.68576967716217">
				<ele>1800.199951171875</ele>
				<time>2026-06-26T06:49:01Z</time>
			</trkpt>
			<trkpt lat="46.40996503829956" lon="10.685669183731079">
				<ele>1801.60009765625</ele>
				<time>2026-06-26T06:49:29Z</time>
			</trkpt>
			<trkpt lat="46.41002821922302" lon="10.685528635978699">
				<ele>1803.800048828125</ele>
				<time>2026-06-26T06:49:47Z</time>
			</trkpt>
			<trkpt lat="46.410117745399475" lon="10.685454726219177">
				<ele>1805.199951171875</ele>
				<time>2026-06-26T06:50:00Z</time>
			</trkpt>
			<trkpt lat="46.41022038459778" lon="10.685351252555847">
				<ele>1808.0</ele>
				<time>2026-06-26T06:50:18Z</time>
			</trkpt>
			<trkpt lat="46.4103285074234" lon="10.685226917266846">
				<ele>1811.0</ele>
				<time>2026-06-26T06:50:39Z</time>
			</trkpt>
			<trkpt lat="46.410422563552856" lon="10.685080647468567">
				<ele>1814.0</ele>
				<time>2026-06-26T06:50:59Z</time>
			</trkpt>
			<trkpt lat="46.410507798194885" lon="10.684999823570251">
				<ele>1816.199951171875</ele>
				<time>2026-06-26T06:51:16Z</time>
			</trkpt>
			<trkpt lat="46.41058075428009" lon="10.684869885444641">
				<ele>1819.199951171875</ele>
				<time>2026-06-26T06:51:36Z</time>
			</trkpt>
			<trkpt lat="46.410682916641235" lon="10.68473756313324">
				<ele>1822.39990234375</ele>
				<time>2026-06-26T06:51:58Z</time>
			</trkpt>
			<trkpt lat="46.410727739334106" lon="10.684607863426208">
				<ele>1825.39990234375</ele>
				<time>2026-06-26T06:52:19Z</time>
			</trkpt>
			<trkpt lat="46.410762786865234" lon="10.68443489074707">
				<ele>1828.39990234375</ele>
				<time>2026-06-26T06:52:41Z</time>
			</trkpt>
			<trkpt lat="46.41083312034607" lon="10.68436074256897">
				<ele>1830.0</ele>
				<time>2026-06-26T06:52:59Z</time>
			</trkpt>
			<trkpt lat="46.41087460517883" lon="10.684325337409973">
				<ele>1831.60009765625</ele>
				<time>2026-06-26T06:53:24Z</time>
			</trkpt>
			<trkpt lat="46.41088330745697" lon="10.684322357177734">
				<ele>1831.800048828125</ele>
				<time>2026-06-26T06:53:59Z</time>
			</trkpt>
			<trkpt lat="46.41096210479736" lon="10.6842200756073">
				<ele>1832.800048828125</ele>
				<time>2026-06-26T06:54:20Z</time>
			</trkpt>
			<trkpt lat="46.41107714176178" lon="10.684101819992065">
				<ele>1835.800048828125</ele>
				<time>2026-06-26T06:54:40Z</time>
			</trkpt>
			<trkpt lat="46.411160588264465" lon="10.68402099609375">
				<ele>1838.0</ele>
				<time>2026-06-26T06:54:55Z</time>
			</trkpt>
			<trkpt lat="46.41126298904419" lon="10.683933019638062">
				<ele>1840.39990234375</ele>
				<time>2026-06-26T06:55:11Z</time>
			</trkpt>
			<trkpt lat="46.41134715080261" lon="10.683847904205322">
				<ele>1841.199951171875</ele>
				<time>2026-06-26T06:55:22Z</time>
			</trkpt>
			<trkpt lat="46.41136872768402" lon="10.68381953239441">
				<ele>1841.199951171875</ele>
				<time>2026-06-26T06:55:25Z</time>
			</trkpt>
			<trkpt lat="46.41137731075287" lon="10.68380868434906">
				<ele>1841.199951171875</ele>
				<time>2026-06-26T06:55:26Z</time>
			</trkpt>
			<trkpt lat="46.41145038604736" lon="10.68367338180542">
				<ele>1842.60009765625</ele>
				<time>2026-06-26T06:55:43Z</time>
			</trkpt>
			<trkpt lat="46.41152858734131" lon="10.683530807495117">
				<ele>1845.60009765625</ele>
				<time>2026-06-26T06:56:01Z</time>
			</trkpt>
			<trkpt lat="46.41160023212433" lon="10.68337893486023">
				<ele>1847.800048828125</ele>
				<time>2026-06-26T06:56:20Z</time>
			</trkpt>
			<trkpt lat="46.411672472953796" lon="10.683272004127502">
				<ele>1850.60009765625</ele>
				<time>2026-06-26T06:56:39Z</time>
			</trkpt>
			<trkpt lat="46.41173493862152" lon="10.68315851688385">
				<ele>1853.199951171875</ele>
				<time>2026-06-26T06:56:57Z</time>
			</trkpt>
			<trkpt lat="46.41174376010895" lon="10.68306314945221">
				<ele>1856.199951171875</ele>
				<time>2026-06-26T06:57:16Z</time>
			</trkpt>
			<trkpt lat="46.41175830364227" lon="10.683004140853882">
				<ele>1858.39990234375</ele>
				<time>2026-06-26T06:57:33Z</time>
			</trkpt>
			<trkpt lat="46.411747217178345" lon="10.683024287223816">
				<ele>1859.0</ele>
				<time>2026-06-26T06:58:01Z</time>
			</trkpt>
			<trkpt lat="46.41173267364502" lon="10.683053970336914">
				<ele>1859.39990234375</ele>
				<time>2026-06-26T06:58:38Z</time>
			</trkpt>
			<trkpt lat="46.41173708438873" lon="10.683064222335815">
				<ele>1859.60009765625</ele>
				<time>2026-06-26T06:59:13Z</time>
			</trkpt>
			<trkpt lat="46.41172695159912" lon="10.68306815624237">
				<ele>1859.39990234375</ele>
				<time>2026-06-26T06:59:37Z</time>
			</trkpt>
			<trkpt lat="46.41172933578491" lon="10.683072566986084">
				<ele>1859.60009765625</ele>
				<time>2026-06-26T07:00:01Z</time>
			</trkpt>
			<trkpt lat="46.41172516345978" lon="10.68307900428772">
				<ele>1859.800048828125</ele>
				<time>2026-06-26T07:00:29Z</time>
			</trkpt>
			<trkpt lat="46.41172730922699" lon="10.68308687210083">
				<ele>1859.800048828125</ele>
				<time>2026-06-26T07:01:08Z</time>
			</trkpt>
			<trkpt lat="46.41173183917999" lon="10.683074355125427">
				<ele>1858.39990234375</ele>
				<time>2026-06-26T07:01:17Z</time>
			</trkpt>
			<trkpt lat="46.41174781322479" lon="10.683018207550049">
				<ele>1858.800048828125</ele>
				<time>2026-06-26T07:02:02Z</time>
			</trkpt>
			<trkpt lat="46.41179621219635" lon="10.68291699886322">
				<ele>1860.60009765625</ele>
				<time>2026-06-26T07:02:31Z</time>
			</trkpt>
			<trkpt lat="46.41178905963898" lon="10.682804107666016">
				<ele>1862.199951171875</ele>
				<time>2026-06-26T07:02:47Z</time>
			</trkpt>
			<trkpt lat="46.41175866127014" lon="10.682673454284668">
				<ele>1864.60009765625</ele>
				<time>2026-06-26T07:03:06Z</time>
			</trkpt>
			<trkpt lat="46.41174018383026" lon="10.682546496391296">
				<ele>1867.39990234375</ele>
				<time>2026-06-26T07:03:27Z</time>
			</trkpt>
			<trkpt lat="46.41175937652588" lon="10.682493209838867">
				<ele>1869.800048828125</ele>
				<time>2026-06-26T07:03:39Z</time>
			</trkpt>
			<trkpt lat="46.41182088851929" lon="10.682392954826355">
				<ele>1870.800048828125</ele>
				<time>2026-06-26T07:03:57Z</time>
			</trkpt>
			<trkpt lat="46.41185140609741" lon="10.682279229164124">
				<ele>1872.39990234375</ele>
				<time>2026-06-26T07:04:15Z</time>
			</trkpt>
			<trkpt lat="46.41186237335205" lon="10.682176351547241">
				<ele>1873.60009765625</ele>
				<time>2026-06-26T07:04:33Z</time>
			</trkpt>
			<trkpt lat="46.41187143325806" lon="10.682117223739624">
				<ele>1875.60009765625</ele>
				<time>2026-06-26T07:04:52Z</time>
			</trkpt>
			<trkpt lat="46.41188597679138" lon="10.682036280632019">
				<ele>1876.60009765625</ele>
				<time>2026-06-26T07:05:09Z</time>
			</trkpt>
			<trkpt lat="46.41190052032471" lon="10.681958317756653">
				<ele>1878.800048828125</ele>
				<time>2026-06-26T07:05:27Z</time>
			</trkpt>
			<trkpt lat="46.41192448139191" lon="10.681856632232666">
				<ele>1881.39990234375</ele>
				<time>2026-06-26T07:05:47Z</time>
			</trkpt>
			<trkpt lat="46.411959648132324" lon="10.681824922561646">
				<ele>1883.0</ele>
				<time>2026-06-26T07:06:01Z</time>
			</trkpt>
			<trkpt lat="46.41195297241211" lon="10.681791305541992">
				<ele>1885.39990234375</ele>
				<time>2026-06-26T07:06:21Z</time>
			</trkpt>
			<trkpt lat="46.41194832324982" lon="10.681788563728333">
				<ele>1886.0</ele>
				<time>2026-06-26T07:06:38Z</time>
			</trkpt>
			<trkpt lat="46.41194295883179" lon="10.681805729866028">
				<ele>1885.199951171875</ele>
				<time>2026-06-26T07:07:02Z</time>
			</trkpt>
			<trkpt lat="46.41194307804108" lon="10.681807160377502">
				<ele>1885.0</ele>
				<time>2026-06-26T07:07:33Z</time>
			</trkpt>
			<trkpt lat="46.411940693855286" lon="10.681819200515747">
				<ele>1885.39990234375</ele>
				<time>2026-06-26T07:08:16Z</time>
			</trkpt>
			<trkpt lat="46.4119416475296" lon="10.681822419166565">
				<ele>1885.199951171875</ele>
				<time>2026-06-26T07:08:52Z</time>
			</trkpt>
			<trkpt lat="46.41194486618042" lon="10.68182361125946">
				<ele>1885.39990234375</ele>
				<time>2026-06-26T07:09:45Z</time>
			</trkpt>
			<trkpt lat="46.41194248199463" lon="10.681827545166016">
				<ele>1885.199951171875</ele>
				<time>2026-06-26T07:10:18Z</time>
			</trkpt>
			<trkpt lat="46.41194176673889" lon="10.681854128837585">
				<ele>1886.0</ele>
				<time>2026-06-26T07:10:49Z</time>
			</trkpt>
			<trkpt lat="46.411929965019226" lon="10.68185842037201">
				<ele>1886.39990234375</ele>
				<time>2026-06-26T07:11:10Z</time>
			</trkpt>
			<trkpt lat="46.411917090415955" lon="10.681865334510803">
				<ele>1886.60009765625</ele>
				<time>2026-06-26T07:11:30Z</time>
			</trkpt>
			<trkpt lat="46.41191518306732" lon="10.68189001083374">
				<ele>1886.0</ele>
				<time>2026-06-26T07:11:53Z</time>
			</trkpt>
			<trkpt lat="46.41190826892853" lon="10.681890964508057">
				<ele>1886.0</ele>
				<time>2026-06-26T07:12:08Z</time>
			</trkpt>
			<trkpt lat="46.41190195083618" lon="10.681899905204773">
				<ele>1886.60009765625</ele>
				<time>2026-06-26T07:12:29Z</time>
			</trkpt>
			<trkpt lat="46.411898493766785" lon="10.681793093681335">
				<ele>1887.0</ele>
				<time>2026-06-26T07:12:47Z</time>
			</trkpt>
			<trkpt lat="46.41186201572418" lon="10.681657552719116">
				<ele>1889.199951171875</ele>
				<time>2026-06-26T07:13:04Z</time>
			</trkpt>
			<trkpt lat="46.411837339401245" lon="10.681542873382568">
				<ele>1891.199951171875</ele>
				<time>2026-06-26T07:13:20Z</time>
			</trkpt>
			<trkpt lat="46.4117693901062" lon="10.681466937065125">
				<ele>1893.39990234375</ele>
				<time>2026-06-26T07:13:38Z</time>
			</trkpt>
			<trkpt lat="46.4117032289505" lon="10.68144953250885">
				<ele>1895.39990234375</ele>
				<time>2026-06-26T07:13:53Z</time>
			</trkpt>
			<trkpt lat="46.41161274909973" lon="10.681420087814331">
				<ele>1897.60009765625</ele>
				<time>2026-06-26T07:14:11Z</time>
			</trkpt>
			<trkpt lat="46.4114910364151" lon="10.681360840797424">
				<ele>1900.39990234375</ele>
				<time>2026-06-26T07:14:37Z</time>
			</trkpt>
			<trkpt lat="46.411415457725525" lon="10.681360006332397">
				<ele>1902.0</ele>
				<time>2026-06-26T07:14:52Z</time>
			</trkpt>
			<trkpt lat="46.4113312959671" lon="10.681381106376648">
				<ele>1904.39990234375</ele>
				<time>2026-06-26T07:15:11Z</time>
			</trkpt>
			<trkpt lat="46.4113484621048" lon="10.681277513504028">
				<ele>1907.39990234375</ele>
				<time>2026-06-26T07:15:36Z</time>
			</trkpt>
			<trkpt lat="46.41138219833374" lon="10.681135296821594">
				<ele>1910.39990234375</ele>
				<time>2026-06-26T07:16:00Z</time>
			</trkpt>
			<trkpt lat="46.411455035209656" lon="10.681016325950623">
				<ele>1913.199951171875</ele>
				<time>2026-06-26T07:16:20Z</time>
			</trkpt>
			<trkpt lat="46.41153800487518" lon="10.680973410606384">
				<ele>1915.39990234375</ele>
				<time>2026-06-26T07:16:40Z</time>
			</trkpt>
			<trkpt lat="46.41160452365875" lon="10.680854678153992">
				<ele>1918.199951171875</ele>
				<time>2026-06-26T07:17:02Z</time>
			</trkpt>
			<trkpt lat="46.41167986392975" lon="10.680800437927246">
				<ele>1920.800048828125</ele>
				<time>2026-06-26T07:17:23Z</time>
			</trkpt>
			<trkpt lat="46.411771178245544" lon="10.680754899978638">
				<ele>1923.60009765625</ele>
				<time>2026-06-26T07:17:45Z</time>
			</trkpt>
			<trkpt lat="46.41176915168762" lon="10.680759072303772">
				<ele>1924.39990234375</ele>
				<time>2026-06-26T07:18:03Z</time>
			</trkpt>
			<trkpt lat="46.411742210388184" lon="10.680748701095581">
				<ele>1924.800048828125</ele>
				<time>2026-06-26T07:18:22Z</time>
			</trkpt>
			<trkpt lat="46.41174554824829" lon="10.680783748626709">
				<ele>1925.199951171875</ele>
				<time>2026-06-26T07:19:03Z</time>
			</trkpt>
			<trkpt lat="46.41173827648163" lon="10.680803537368774">
				<ele>1925.199951171875</ele>
				<time>2026-06-26T07:19:35Z</time>
			</trkpt>
			<trkpt lat="46.411885023117065" lon="10.680769562721252">
				<ele>1926.0</ele>
				<time>2026-06-26T07:19:57Z</time>
			</trkpt>
			<trkpt lat="46.412028431892395" lon="10.680702090263367">
				<ele>1928.39990234375</ele>
				<time>2026-06-26T07:20:18Z</time>
			</trkpt>
			<trkpt lat="46.41215908527374" lon="10.680645942687988">
				<ele>1930.800048828125</ele>
				<time>2026-06-26T07:20:36Z</time>
			</trkpt>
			<trkpt lat="46.412285685539246" lon="10.680702686309814">
				<ele>1933.0</ele>
				<time>2026-06-26T07:20:54Z</time>
			</trkpt>
			<trkpt lat="46.41230618953705" lon="10.680717825889587">
				<ele>1933.39990234375</ele>
				<time>2026-06-26T07:20:57Z</time>
			</trkpt>
			<trkpt lat="46.412410736083984" lon="10.680773973464966">
				<ele>1934.39990234375</ele>
				<time>2026-06-26T07:21:14Z</time>
			</trkpt>
			<trkpt lat="46.412466287612915" lon="10.680881977081299">
				<ele>1936.60009765625</ele>
				<time>2026-06-26T07:21:29Z</time>
			</trkpt>
			<trkpt lat="46.412604093551636" lon="10.680922389030457">
				<ele>1937.39990234375</ele>
				<time>2026-06-26T07:21:47Z</time>
			</trkpt>
			<trkpt lat="46.412726044654846" lon="10.680902361869812">
				<ele>1938.60009765625</ele>
				<time>2026-06-26T07:22:03Z</time>
			</trkpt>
			<trkpt lat="46.41285800933838" lon="10.680838227272034">
				<ele>1938.199951171875</ele>
				<time>2026-06-26T07:22:19Z</time>
			</trkpt>
			<trkpt lat="46.41291892528534" lon="10.680859208106995">
				<ele>1938.800048828125</ele>
				<time>2026-06-26T07:22:29Z</time>
			</trkpt>
			<trkpt lat="46.41289258003235" lon="10.680765986442566">
				<ele>1940.39990234375</ele>
				<time>2026-06-26T07:22:42Z</time>
			</trkpt>
			<trkpt lat="46.41296315193176" lon="10.680729746818542">
				<ele>1943.199951171875</ele>
				<time>2026-06-26T07:23:00Z</time>
			</trkpt>
			<trkpt lat="46.413018465042114" lon="10.680789828300476">
				<ele>1945.39990234375</ele>
				<time>2026-06-26T07:23:16Z</time>
			</trkpt>
			<trkpt lat="46.413055419921875" lon="10.680719256401062">
				<ele>1948.39990234375</ele>
				<time>2026-06-26T07:23:34Z</time>
			</trkpt>
			<trkpt lat="46.41304385662079" lon="10.68068516254425">
				<ele>1948.60009765625</ele>
				<time>2026-06-26T07:23:37Z</time>
			</trkpt>
			<trkpt lat="46.41302311420441" lon="10.680529713630676">
				<ele>1949.199951171875</ele>
				<time>2026-06-26T07:23:52Z</time>
			</trkpt>
			<trkpt lat="46.41305363178253" lon="10.680461049079895">
				<ele>1950.800048828125</ele>
				<time>2026-06-26T07:24:05Z</time>
			</trkpt>
			<trkpt lat="46.41313326358795" lon="10.680425763130188">
				<ele>1953.800048828125</ele>
				<time>2026-06-26T07:24:24Z</time>
			</trkpt>
			<trkpt lat="46.41318345069885" lon="10.680358529090881">
				<ele>1955.800048828125</ele>
				<time>2026-06-26T07:24:41Z</time>
			</trkpt>
			<trkpt lat="46.413193345069885" lon="10.680338263511658">
				<ele>1955.800048828125</ele>
				<time>2026-06-26T07:25:01Z</time>
			</trkpt>
			<trkpt lat="46.41332006454468" lon="10.680256605148315">
				<ele>1955.800048828125</ele>
				<time>2026-06-26T07:25:21Z</time>
			</trkpt>
			<trkpt lat="46.41347944736481" lon="10.680140256881714">
				<ele>1955.60009765625</ele>
				<time>2026-06-26T07:25:43Z</time>
			</trkpt>
			<trkpt lat="46.41352462768555" lon="10.680095314979553">
				<ele>1955.60009765625</ele>
				<time>2026-06-26T07:25:49Z</time>
			</trkpt>
			<trkpt lat="46.41361320018768" lon="10.680028200149536">
				<ele>1957.0</ele>
				<time>2026-06-26T07:26:04Z</time>
			</trkpt>
			<trkpt lat="46.41374599933624" lon="10.680046916007996">
				<ele>1958.39990234375</ele>
				<time>2026-06-26T07:26:17Z</time>
			</trkpt>
			<trkpt lat="46.41401481628418" lon="10.680222153663635">
				<ele>1959.199951171875</ele>
				<time>2026-06-26T07:26:46Z</time>
			</trkpt>
			<trkpt lat="46.41414499282837" lon="10.680341005325317">
				<ele>1959.60009765625</ele>
				<time>2026-06-26T07:27:01Z</time>
			</trkpt>
			<trkpt lat="46.414289116859436" lon="10.680391788482666">
				<ele>1960.60009765625</ele>
				<time>2026-06-26T07:27:18Z</time>
			</trkpt>
			<trkpt lat="46.41440486907959" lon="10.680420875549316">
				<ele>1962.199951171875</ele>
				<time>2026-06-26T07:27:31Z</time>
			</trkpt>
			<trkpt lat="46.41447114944458" lon="10.68040931224823">
				<ele>1962.60009765625</ele>
				<time>2026-06-26T07:27:38Z</time>
			</trkpt>
			<trkpt lat="46.41451454162598" lon="10.680383563041687">
				<ele>1963.0</ele>
				<time>2026-06-26T07:27:43Z</time>
			</trkpt>
			<trkpt lat="46.41458070278168" lon="10.680293321609497">
				<ele>1963.60009765625</ele>
				<time>2026-06-26T07:27:53Z</time>
			</trkpt>
			<trkpt lat="46.414610385894775" lon="10.680233716964722">
				<ele>1964.199951171875</ele>
				<time>2026-06-26T07:28:04Z</time>
			</trkpt>
			<trkpt lat="46.41461753845215" lon="10.680223226547241">
				<ele>1964.199951171875</ele>
				<time>2026-06-26T07:28:05Z</time>
			</trkpt>
			<trkpt lat="46.41462326049805" lon="10.680211663246155">
				<ele>1964.199951171875</ele>
				<time>2026-06-26T07:28:06Z</time>
			</trkpt>
			<trkpt lat="46.41465389728546" lon="10.680112957954407">
				<ele>1964.60009765625</ele>
				<time>2026-06-26T07:28:14Z</time>
			</trkpt>
			<trkpt lat="46.414666295051575" lon="10.680092453956604">
				<ele>1964.800048828125</ele>
				<time>2026-06-26T07:28:16Z</time>
			</trkpt>
			<trkpt lat="46.41467356681824" lon="10.680082082748413">
				<ele>1964.800048828125</ele>
				<time>2026-06-26T07:28:17Z</time>
			</trkpt>
			<trkpt lat="46.41468358039856" lon="10.680073142051697">
				<ele>1964.800048828125</ele>
				<time>2026-06-26T07:28:18Z</time>
			</trkpt>
			<trkpt lat="46.41469180583954" lon="10.68006157875061">
				<ele>1965.0</ele>
				<time>2026-06-26T07:28:19Z</time>
			</trkpt>
			<trkpt lat="46.41470956802368" lon="10.68004584312439">
				<ele>1965.199951171875</ele>
				<time>2026-06-26T07:28:21Z</time>
			</trkpt>
			<trkpt lat="46.414801597595215" lon="10.67998456954956">
				<ele>1965.800048828125</ele>
				<time>2026-06-26T07:28:36Z</time>
			</trkpt>
			<trkpt lat="46.41484045982361" lon="10.679931282997131">
				<ele>1966.199951171875</ele>
				<time>2026-06-26T07:28:55Z</time>
			</trkpt>
			<trkpt lat="46.414852142333984" lon="10.679909467697144">
				<ele>1966.199951171875</ele>
				<time>2026-06-26T07:28:57Z</time>
			</trkpt>
			<trkpt lat="46.414881110191345" lon="10.679880023002625">
				<ele>1964.800048828125</ele>
				<time>2026-06-26T07:29:15Z</time>
			</trkpt>
			<trkpt lat="46.41490340232849" lon="10.679902911186218">
				<ele>1964.60009765625</ele>
				<time>2026-06-26T07:29:46Z</time>
			</trkpt>
			<trkpt lat="46.41503036022186" lon="10.679856538772583">
				<ele>1963.60009765625</ele>
				<time>2026-06-26T07:30:03Z</time>
			</trkpt>
			<trkpt lat="46.41506385803223" lon="10.679911136627197">
				<ele>1962.199951171875</ele>
				<time>2026-06-26T07:30:19Z</time>
			</trkpt>
			<trkpt lat="46.415109276771545" lon="10.679956078529358">
				<ele>1961.800048828125</ele>
				<time>2026-06-26T07:30:35Z</time>
			</trkpt>
			<trkpt lat="46.41513419151306" lon="10.680052757263184">
				<ele>1961.60009765625</ele>
				<time>2026-06-26T07:30:57Z</time>
			</trkpt>
			<trkpt lat="46.41513407230377" lon="10.68008303642273">
				<ele>1961.800048828125</ele>
				<time>2026-06-26T07:30:59Z</time>
			</trkpt>
			<trkpt lat="46.41513252258301" lon="10.680099487304688">
				<ele>1961.800048828125</ele>
				<time>2026-06-26T07:31:00Z</time>
			</trkpt>
			<trkpt lat="46.415127873420715" lon="10.6801438331604">
				<ele>1962.0</ele>
				<time>2026-06-26T07:31:03Z</time>
			</trkpt>
			<trkpt lat="46.415133595466614" lon="10.680153846740723">
				<ele>1962.0</ele>
				<time>2026-06-26T07:31:20Z</time>
			</trkpt>
			<trkpt lat="46.415130972862244" lon="10.680211424827576">
				<ele>1961.800048828125</ele>
				<time>2026-06-26T07:31:30Z</time>
			</trkpt>
			<trkpt lat="46.415125250816345" lon="10.680227160453796">
				<ele>1961.800048828125</ele>
				<time>2026-06-26T07:31:31Z</time>
			</trkpt>
			<trkpt lat="46.41511905193329" lon="10.680243015289307">
				<ele>1961.800048828125</ele>
				<time>2026-06-26T07:31:32Z</time>
			</trkpt>
			<trkpt lat="46.415019154548645" lon="10.680432319641113">
				<ele>1961.199951171875</ele>
				<time>2026-06-26T07:31:46Z</time>
			</trkpt>
			<trkpt lat="46.41494035720825" lon="10.680680871009827">
				<ele>1959.39990234375</ele>
				<time>2026-06-26T07:32:02Z</time>
			</trkpt>
			<trkpt lat="46.414910674095154" lon="10.680774450302124">
				<ele>1959.199951171875</ele>
				<time>2026-06-26T07:32:09Z</time>
			</trkpt>
			<trkpt lat="46.41488599777222" lon="10.680954933166504">
				<ele>1959.199951171875</ele>
				<time>2026-06-26T07:32:23Z</time>
			</trkpt>
			<trkpt lat="46.41492021083832" lon="10.68101978302002">
				<ele>1959.0</ele>
				<time>2026-06-26T07:32:44Z</time>
			</trkpt>
			<trkpt lat="46.41493284702301" lon="10.681010484695435">
				<ele>1959.0</ele>
				<time>2026-06-26T07:32:46Z</time>
			</trkpt>
			<trkpt lat="46.41496658325195" lon="10.6809983253479">
				<ele>1959.39990234375</ele>
				<time>2026-06-26T07:32:50Z</time>
			</trkpt>
			<trkpt lat="46.415055990219116" lon="10.680981397628784">
				<ele>1961.39990234375</ele>
				<time>2026-06-26T07:33:03Z</time>
			</trkpt>
			<trkpt lat="46.415186285972595" lon="10.681021451950073">
				<ele>1963.800048828125</ele>
				<time>2026-06-26T07:33:20Z</time>
			</trkpt>
			<trkpt lat="46.41519546508789" lon="10.681024432182312">
				<ele>1963.800048828125</ele>
				<time>2026-06-26T07:33:21Z</time>
			</trkpt>
			<trkpt lat="46.415305852890015" lon="10.681053876876831">
				<ele>1965.60009765625</ele>
				<time>2026-06-26T07:33:34Z</time>
			</trkpt>
			<trkpt lat="46.415420174598694" lon="10.681084394454956">
				<ele>1967.0</ele>
				<time>2026-06-26T07:33:48Z</time>
			</trkpt>
			<trkpt lat="46.415512442588806" lon="10.681086540222168">
				<ele>1968.800048828125</ele>
				<time>2026-06-26T07:34:01Z</time>
			</trkpt>
			<trkpt lat="46.41553711891174" lon="10.681111335754395">
				<ele>1969.39990234375</ele>
				<time>2026-06-26T07:34:05Z</time>
			</trkpt>
			<trkpt lat="46.415554881095886" lon="10.68113660812378">
				<ele>1969.800048828125</ele>
				<time>2026-06-26T07:34:08Z</time>
			</trkpt>
			<trkpt lat="46.41558253765106" lon="10.68123996257782">
				<ele>1971.199951171875</ele>
				<time>2026-06-26T07:34:21Z</time>
			</trkpt>
			<trkpt lat="46.41561222076416" lon="10.681277632713318">
				<ele>1971.60009765625</ele>
				<time>2026-06-26T07:34:25Z</time>
			</trkpt>
			<trkpt lat="46.41563594341278" lon="10.681299567222595">
				<ele>1971.60009765625</ele>
				<time>2026-06-26T07:34:28Z</time>
			</trkpt>
			<trkpt lat="46.41566812992096" lon="10.68132746219635">
				<ele>1972.0</ele>
				<time>2026-06-26T07:34:32Z</time>
			</trkpt>
			<trkpt lat="46.41578936576843" lon="10.681326866149902">
				<ele>1972.800048828125</ele>
				<time>2026-06-26T07:34:44Z</time>
			</trkpt>
			<trkpt lat="46.415871381759644" lon="10.681313395500183">
				<ele>1974.199951171875</ele>
				<time>2026-06-26T07:34:57Z</time>
			</trkpt>
			<trkpt lat="46.41587698459625" lon="10.681320190429688">
				<ele>1975.0</ele>
				<time>2026-06-26T07:35:23Z</time>
			</trkpt>
			<trkpt lat="46.41592037677765" lon="10.681275367736816">
				<ele>1975.0</ele>
				<time>2026-06-26T07:35:49Z</time>
			</trkpt>
			<trkpt lat="46.41594839096069" lon="10.681262493133545">
				<ele>1975.0</ele>
				<time>2026-06-26T07:35:52Z</time>
			</trkpt>
			<trkpt lat="46.416065096855164" lon="10.68123710155487">
				<ele>1976.0</ele>
				<time>2026-06-26T07:36:03Z</time>
			</trkpt>
			<trkpt lat="46.416128277778625" lon="10.681284189224243">
				<ele>1976.39990234375</ele>
				<time>2026-06-26T07:36:10Z</time>
			</trkpt>
			<trkpt lat="46.4162700176239" lon="10.6814124584198">
				<ele>1977.39990234375</ele>
				<time>2026-06-26T07:36:26Z</time>
			</trkpt>
			<trkpt lat="46.41633927822113" lon="10.681445360183716">
				<ele>1978.199951171875</ele>
				<time>2026-06-26T07:36:33Z</time>
			</trkpt>
			<trkpt lat="46.416463971138" lon="10.681476831436157">
				<ele>1981.39990234375</ele>
				<time>2026-06-26T07:36:49Z</time>
			</trkpt>
			<trkpt lat="46.41648459434509" lon="10.68146824836731">
				<ele>1981.800048828125</ele>
				<time>2026-06-26T07:36:51Z</time>
			</trkpt>
			<trkpt lat="46.41658651828766" lon="10.681373238563538">
				<ele>1983.60009765625</ele>
				<time>2026-06-26T07:37:04Z</time>
			</trkpt>
			<trkpt lat="46.41668927669525" lon="10.681325793266296">
				<ele>1985.39990234375</ele>
				<time>2026-06-26T07:37:17Z</time>
			</trkpt>
			<trkpt lat="46.4167001247406" lon="10.681325435638428">
				<ele>1985.39990234375</ele>
				<time>2026-06-26T07:37:18Z</time>
			</trkpt>
			<trkpt lat="46.41678297519684" lon="10.68128514289856">
				<ele>1987.199951171875</ele>
				<time>2026-06-26T07:37:31Z</time>
			</trkpt>
			<trkpt lat="46.41684567928314" lon="10.681207060813904">
				<ele>1989.60009765625</ele>
				<time>2026-06-26T07:37:47Z</time>
			</trkpt>
			<trkpt lat="46.41689908504486" lon="10.68116569519043">
				<ele>1990.199951171875</ele>
				<time>2026-06-26T07:38:13Z</time>
			</trkpt>
			<trkpt lat="46.41702628135681" lon="10.681191086769104">
				<ele>1993.0</ele>
				<time>2026-06-26T07:38:30Z</time>
			</trkpt>
			<trkpt lat="46.417110562324524" lon="10.681302666664124">
				<ele>1995.39990234375</ele>
				<time>2026-06-26T07:38:45Z</time>
			</trkpt>
			<trkpt lat="46.41716980934143" lon="10.68133544921875">
				<ele>1996.199951171875</ele>
				<time>2026-06-26T07:38:52Z</time>
			</trkpt>
			<trkpt lat="46.417269825935364" lon="10.681346416473389">
				<ele>1997.800048828125</ele>
				<time>2026-06-26T07:39:07Z</time>
			</trkpt>
			<trkpt lat="46.417375445365906" lon="10.68135154247284">
				<ele>1999.60009765625</ele>
				<time>2026-06-26T07:39:30Z</time>
			</trkpt>
			<trkpt lat="46.41749596595764" lon="10.681377410888672">
				<ele>2001.800048828125</ele>
				<time>2026-06-26T07:39:48Z</time>
			</trkpt>
			<trkpt lat="46.417617082595825" lon="10.681331276893616">
				<ele>2003.800048828125</ele>
				<time>2026-06-26T07:40:04Z</time>
			</trkpt>
			<trkpt lat="46.4176230430603" lon="10.681321620941162">
				<ele>2004.0</ele>
				<time>2026-06-26T07:40:05Z</time>
			</trkpt>
			<trkpt lat="46.417704820632935" lon="10.681223154067993">
				<ele>2005.60009765625</ele>
				<time>2026-06-26T07:40:18Z</time>
			</trkpt>
			<trkpt lat="46.41780698299408" lon="10.68119192123413">
				<ele>2007.199951171875</ele>
				<time>2026-06-26T07:40:33Z</time>
			</trkpt>
			<trkpt lat="46.41788363456726" lon="10.681105613708496">
				<ele>2009.199951171875</ele>
				<time>2026-06-26T07:40:49Z</time>
			</trkpt>
			<trkpt lat="46.41798520088196" lon="10.681076526641846">
				<ele>2011.60009765625</ele>
				<time>2026-06-26T07:41:07Z</time>
			</trkpt>
			<trkpt lat="46.41804647445679" lon="10.68105173110962">
				<ele>2014.199951171875</ele>
				<time>2026-06-26T07:41:23Z</time>
			</trkpt>
			<trkpt lat="46.41801917552948" lon="10.680911540985107">
				<ele>2016.199951171875</ele>
				<time>2026-06-26T07:41:37Z</time>
			</trkpt>
			<trkpt lat="46.418012261390686" lon="10.680896401405334">
				<ele>2016.39990234375</ele>
				<time>2026-06-26T07:41:39Z</time>
			</trkpt>
			<trkpt lat="46.41798150539398" lon="10.680838227272034">
				<ele>2017.199951171875</ele>
				<time>2026-06-26T07:41:45Z</time>
			</trkpt>
			<trkpt lat="46.41796088218689" lon="10.680729627609253">
				<ele>2018.60009765625</ele>
				<time>2026-06-26T07:42:01Z</time>
			</trkpt>
			<trkpt lat="46.41792583465576" lon="10.680562973022461">
				<ele>2019.60009765625</ele>
				<time>2026-06-26T07:42:18Z</time>
			</trkpt>
			<trkpt lat="46.41792595386505" lon="10.6805260181427">
				<ele>2019.60009765625</ele>
				<time>2026-06-26T07:42:40Z</time>
			</trkpt>
			<trkpt lat="46.41795325279236" lon="10.680505394935608">
				<ele>2018.39990234375</ele>
				<time>2026-06-26T07:43:34Z</time>
			</trkpt>
			<trkpt lat="46.41797137260437" lon="10.680482149124146">
				<ele>2018.0</ele>
				<time>2026-06-26T07:44:26Z</time>
			</trkpt>
			<trkpt lat="46.417956709861755" lon="10.68050503730774">
				<ele>2017.800048828125</ele>
				<time>2026-06-26T07:45:29Z</time>
			</trkpt>
			<trkpt lat="46.41793072223663" lon="10.680532097816467">
				<ele>2017.60009765625</ele>
				<time>2026-06-26T07:46:41Z</time>
			</trkpt>
			<trkpt lat="46.41793954372406" lon="10.680525541305542">
				<ele>2017.199951171875</ele>
				<time>2026-06-26T07:47:38Z</time>
			</trkpt>
			<trkpt lat="46.41792356967926" lon="10.680531620979309">
				<ele>2016.60009765625</ele>
				<time>2026-06-26T07:50:03Z</time>
			</trkpt>
			<trkpt lat="46.41793501377106" lon="10.680534601211548">
				<ele>2016.800048828125</ele>
				<time>2026-06-26T07:51:49Z</time>
			</trkpt>
			<trkpt lat="46.41795790195465" lon="10.680532336235046">
				<ele>2017.199951171875</ele>
				<time>2026-06-26T07:53:22Z</time>
			</trkpt>
			<trkpt lat="46.41795766353607" lon="10.680530786514282">
				<ele>2016.800048828125</ele>
				<time>2026-06-26T07:54:53Z</time>
			</trkpt>
			<trkpt lat="46.41794395446777" lon="10.680546045303345">
				<ele>2018.199951171875</ele>
				<time>2026-06-26T07:55:39Z</time>
			</trkpt>
			<trkpt lat="46.41792964935303" lon="10.680566549301147">
				<ele>2018.800048828125</ele>
				<time>2026-06-26T07:56:27Z</time>
			</trkpt>
			<trkpt lat="46.41793131828308" lon="10.680633783340454">
				<ele>2018.60009765625</ele>
				<time>2026-06-26T07:56:50Z</time>
			</trkpt>
			<trkpt lat="46.41798639297485" lon="10.680692911148071">
				<ele>2019.0</ele>
				<time>2026-06-26T07:56:58Z</time>
			</trkpt>
			<trkpt lat="46.41809928417206" lon="10.680585861206055">
				<ele>2020.800048828125</ele>
				<time>2026-06-26T07:57:15Z</time>
			</trkpt>
			<trkpt lat="46.41817128658295" lon="10.680653810501099">
				<ele>2023.39990234375</ele>
				<time>2026-06-26T07:57:30Z</time>
			</trkpt>
			<trkpt lat="46.4181866645813" lon="10.680669069290161">
				<ele>2023.60009765625</ele>
				<time>2026-06-26T07:57:32Z</time>
			</trkpt>
			<trkpt lat="46.4182562828064" lon="10.680768728256226">
				<ele>2025.39990234375</ele>
				<time>2026-06-26T07:57:45Z</time>
			</trkpt>
			<trkpt lat="46.418339252471924" lon="10.68082845211029">
				<ele>2026.800048828125</ele>
				<time>2026-06-26T07:57:57Z</time>
			</trkpt>
			<trkpt lat="46.418442606925964" lon="10.680861115455627">
				<ele>2029.0</ele>
				<time>2026-06-26T07:58:12Z</time>
			</trkpt>
			<trkpt lat="46.41852426528931" lon="10.680902600288391">
				<ele>2030.800048828125</ele>
				<time>2026-06-26T07:58:26Z</time>
			</trkpt>
			<trkpt lat="46.41862392425537" lon="10.680939793586731">
				<ele>2033.199951171875</ele>
				<time>2026-06-26T07:58:42Z</time>
			</trkpt>
			<trkpt lat="46.418700218200684" lon="10.68100357055664">
				<ele>2035.60009765625</ele>
				<time>2026-06-26T07:58:57Z</time>
			</trkpt>
			<trkpt lat="46.41879642009735" lon="10.681148529052734">
				<ele>2038.39990234375</ele>
				<time>2026-06-26T07:59:19Z</time>
			</trkpt>
			<trkpt lat="46.41884505748749" lon="10.681246995925903">
				<ele>2040.199951171875</ele>
				<time>2026-06-26T07:59:34Z</time>
			</trkpt>
			<trkpt lat="46.418906569480896" lon="10.681307435035706">
				<ele>2042.39990234375</ele>
				<time>2026-06-26T07:59:49Z</time>
			</trkpt>
			<trkpt lat="46.418872594833374" lon="10.681170463562012">
				<ele>2044.39990234375</ele>
				<time>2026-06-26T08:00:05Z</time>
			</trkpt>
			<trkpt lat="46.41883587837219" lon="10.680986881256104">
				<ele>2047.0</ele>
				<time>2026-06-26T08:00:24Z</time>
			</trkpt>
			<trkpt lat="46.4188312292099" lon="10.680837869644165">
				<ele>2048.800048828125</ele>
				<time>2026-06-26T08:00:44Z</time>
			</trkpt>
			<trkpt lat="46.41888463497162" lon="10.680790781974792">
				<ele>2050.60009765625</ele>
				<time>2026-06-26T08:01:03Z</time>
			</trkpt>
			<trkpt lat="46.418880224227905" lon="10.680791020393372">
				<ele>2051.199951171875</ele>
				<time>2026-06-26T08:01:32Z</time>
			</trkpt>
			<trkpt lat="46.41893434524536" lon="10.680767297744751">
				<ele>2051.800048828125</ele>
				<time>2026-06-26T08:01:51Z</time>
			</trkpt>
			<trkpt lat="46.41903018951416" lon="10.680680274963379">
				<ele>2053.800048828125</ele>
				<time>2026-06-26T08:02:11Z</time>
			</trkpt>
			<trkpt lat="46.419121861457825" lon="10.68074083328247">
				<ele>2055.800048828125</ele>
				<time>2026-06-26T08:02:28Z</time>
			</trkpt>
			<trkpt lat="46.41914248466492" lon="10.680887579917908">
				<ele>2057.60009765625</ele>
				<time>2026-06-26T08:02:45Z</time>
			</trkpt>
			<trkpt lat="46.4191609621048" lon="10.680946707725525">
				<ele>2059.60009765625</ele>
				<time>2026-06-26T08:03:04Z</time>
			</trkpt>
			<trkpt lat="46.41916823387146" lon="10.680945038795471">
				<ele>2060.0</ele>
				<time>2026-06-26T08:03:28Z</time>
			</trkpt>
			<trkpt lat="46.41918921470642" lon="10.68099558353424">
				<ele>2060.199951171875</ele>
				<time>2026-06-26T08:03:48Z</time>
			</trkpt>
			<trkpt lat="46.41921150684357" lon="10.681157946586609">
				<ele>2063.39990234375</ele>
				<time>2026-06-26T08:04:06Z</time>
			</trkpt>
			<trkpt lat="46.4192658662796" lon="10.68128788471222">
				<ele>2066.39990234375</ele>
				<time>2026-06-26T08:04:27Z</time>
			</trkpt>
			<trkpt lat="46.41934072971344" lon="10.681382417678833">
				<ele>2069.39990234375</ele>
				<time>2026-06-26T08:04:51Z</time>
			</trkpt>
			<trkpt lat="46.41932773590088" lon="10.68142545223236">
				<ele>2071.199951171875</ele>
				<time>2026-06-26T08:05:07Z</time>
			</trkpt>
			<trkpt lat="46.41932702064514" lon="10.681616425514221">
				<ele>2073.0</ele>
				<time>2026-06-26T08:05:26Z</time>
			</trkpt>
			<trkpt lat="46.419280648231506" lon="10.681631922721863">
				<ele>2073.0</ele>
				<time>2026-06-26T08:05:42Z</time>
			</trkpt>
			<trkpt lat="46.41926848888397" lon="10.68173897266388">
				<ele>2072.60009765625</ele>
				<time>2026-06-26T08:06:01Z</time>
			</trkpt>
			<trkpt lat="46.419256925582886" lon="10.681897640228271">
				<ele>2073.39990234375</ele>
				<time>2026-06-26T08:06:17Z</time>
			</trkpt>
			<trkpt lat="46.41924750804901" lon="10.681978344917297">
				<ele>2075.60009765625</ele>
				<time>2026-06-26T08:06:36Z</time>
			</trkpt>
			<trkpt lat="46.41927444934845" lon="10.682117223739624">
				<ele>2078.0</ele>
				<time>2026-06-26T08:06:55Z</time>
			</trkpt>
			<trkpt lat="46.41926622390747" lon="10.682220935821533">
				<ele>2077.800048828125</ele>
				<time>2026-06-26T08:07:18Z</time>
			</trkpt>
			<trkpt lat="46.41927242279053" lon="10.68225383758545">
				<ele>2078.39990234375</ele>
				<time>2026-06-26T08:07:39Z</time>
			</trkpt>
			<trkpt lat="46.4193412065506" lon="10.682261228561401">
				<ele>2080.199951171875</ele>
				<time>2026-06-26T08:08:00Z</time>
			</trkpt>
			<trkpt lat="46.41935849189758" lon="10.68230926990509">
				<ele>2082.60009765625</ele>
				<time>2026-06-26T08:08:15Z</time>
			</trkpt>
			<trkpt lat="46.41936159133911" lon="10.682357788085938">
				<ele>2084.199951171875</ele>
				<time>2026-06-26T08:08:27Z</time>
			</trkpt>
			<trkpt lat="46.41937029361725" lon="10.682382941246033">
				<ele>2084.0</ele>
				<time>2026-06-26T08:08:51Z</time>
			</trkpt>
			<trkpt lat="46.41935634613037" lon="10.682442784309387">
				<ele>2085.60009765625</ele>
				<time>2026-06-26T08:09:09Z</time>
			</trkpt>
			<trkpt lat="46.41937446594238" lon="10.682446360588074">
				<ele>2087.60009765625</ele>
				<time>2026-06-26T08:09:25Z</time>
			</trkpt>
			<trkpt lat="46.41938900947571" lon="10.682429790496826">
				<ele>2088.199951171875</ele>
				<time>2026-06-26T08:09:47Z</time>
			</trkpt>
			<trkpt lat="46.41941297054291" lon="10.682447791099548">
				<ele>2089.39990234375</ele>
				<time>2026-06-26T08:10:02Z</time>
			</trkpt>
			<trkpt lat="46.41947865486145" lon="10.682471871376038">
				<ele>2092.0</ele>
				<time>2026-06-26T08:10:18Z</time>
			</trkpt>
			<trkpt lat="46.41948187351227" lon="10.682501792907715">
				<ele>2094.0</ele>
				<time>2026-06-26T08:10:38Z</time>
			</trkpt>
			<trkpt lat="46.41950511932373" lon="10.6825110912323">
				<ele>2095.39990234375</ele>
				<time>2026-06-26T08:10:50Z</time>
			</trkpt>
			<trkpt lat="46.41955387592316" lon="10.682477116584778">
				<ele>2097.199951171875</ele>
				<time>2026-06-26T08:11:11Z</time>
			</trkpt>
			<trkpt lat="46.41953718662262" lon="10.68249785900116">
				<ele>2098.60009765625</ele>
				<time>2026-06-26T08:11:30Z</time>
			</trkpt>
			<trkpt lat="46.41952419281006" lon="10.682627558708191">
				<ele>2100.60009765625</ele>
				<time>2026-06-26T08:11:51Z</time>
			</trkpt>
			<trkpt lat="46.41952097415924" lon="10.682627439498901">
				<ele>2101.0</ele>
				<time>2026-06-26T08:12:13Z</time>
			</trkpt>
			<trkpt lat="46.419519662857056" lon="10.682626366615295">
				<ele>2101.60009765625</ele>
				<time>2026-06-26T08:12:57Z</time>
			</trkpt>
			<trkpt lat="46.41952574253082" lon="10.68257737159729">
				<ele>2101.0</ele>
				<time>2026-06-26T08:13:36Z</time>
			</trkpt>
			<trkpt lat="46.41956865787506" lon="10.682471632957458">
				<ele>2100.199951171875</ele>
				<time>2026-06-26T08:13:53Z</time>
			</trkpt>
			<trkpt lat="46.41956913471222" lon="10.682399272918701">
				<ele>2098.199951171875</ele>
				<time>2026-06-26T08:14:10Z</time>
			</trkpt>
			<trkpt lat="46.41956686973572" lon="10.682409524917603">
				<ele>2098.199951171875</ele>
				<time>2026-06-26T08:14:47Z</time>
			</trkpt>
			<trkpt lat="46.41956043243408" lon="10.682265400886536">
				<ele>2096.60009765625</ele>
				<time>2026-06-26T08:15:05Z</time>
			</trkpt>
			<trkpt lat="46.41959297657013" lon="10.68213701248169">
				<ele>2097.60009765625</ele>
				<time>2026-06-26T08:15:23Z</time>
			</trkpt>
			<trkpt lat="46.4196412563324" lon="10.682079076766968">
				<ele>2097.800048828125</ele>
				<time>2026-06-26T08:15:31Z</time>
			</trkpt>
			<trkpt lat="46.419646978378296" lon="10.682064533233643">
				<ele>2097.800048828125</ele>
				<time>2026-06-26T08:15:32Z</time>
			</trkpt>
			<trkpt lat="46.419655203819275" lon="10.682053685188293">
				<ele>2097.800048828125</ele>
				<time>2026-06-26T08:15:33Z</time>
			</trkpt>
			<trkpt lat="46.41966485977173" lon="10.682019352912903">
				<ele>2097.39990234375</ele>
				<time>2026-06-26T08:15:36Z</time>
			</trkpt>
			<trkpt lat="46.41971004009247" lon="10.681912183761597">
				<ele>2099.0</ele>
				<time>2026-06-26T08:15:52Z</time>
			</trkpt>
			<trkpt lat="46.41970348358154" lon="10.681806683540344">
				<ele>2100.0</ele>
				<time>2026-06-26T08:16:07Z</time>
			</trkpt>
			<trkpt lat="46.41970181465149" lon="10.681684374809265">
				<ele>2098.60009765625</ele>
				<time>2026-06-26T08:16:26Z</time>
			</trkpt>
			<trkpt lat="46.41972327232361" lon="10.681572318077087">
				<ele>2098.0</ele>
				<time>2026-06-26T08:16:38Z</time>
			</trkpt>
			<trkpt lat="46.4197564125061" lon="10.681541204452515">
				<ele>2100.800048828125</ele>
				<time>2026-06-26T08:16:57Z</time>
			</trkpt>
			<trkpt lat="46.41982579231262" lon="10.681515455245972">
				<ele>2104.0</ele>
				<time>2026-06-26T08:17:15Z</time>
			</trkpt>
			<trkpt lat="46.419901728630066" lon="10.681405663490295">
				<ele>2105.800048828125</ele>
				<time>2026-06-26T08:17:30Z</time>
			</trkpt>
			<trkpt lat="46.4199401140213" lon="10.681293249130249">
				<ele>2106.199951171875</ele>
				<time>2026-06-26T08:17:43Z</time>
			</trkpt>
			<trkpt lat="46.41997802257538" lon="10.681254386901855">
				<ele>2105.800048828125</ele>
				<time>2026-06-26T08:17:47Z</time>
			</trkpt>
			<trkpt lat="46.4200382232666" lon="10.68118405342102">
				<ele>2106.60009765625</ele>
				<time>2026-06-26T08:18:02Z</time>
			</trkpt>
			<trkpt lat="46.42008924484253" lon="10.681094288825989">
				<ele>2108.800048828125</ele>
				<time>2026-06-26T08:18:22Z</time>
			</trkpt>
			<trkpt lat="46.420130133628845" lon="10.681073307991028">
				<ele>2110.60009765625</ele>
				<time>2026-06-26T08:18:39Z</time>
			</trkpt>
			<trkpt lat="46.42019701004028" lon="10.681009769439697">
				<ele>2112.39990234375</ele>
				<time>2026-06-26T08:18:59Z</time>
			</trkpt>
			<trkpt lat="46.42027413845062" lon="10.680840849876404">
				<ele>2114.39990234375</ele>
				<time>2026-06-26T08:19:21Z</time>
			</trkpt>
			<trkpt lat="46.42036712169647" lon="10.680677652359009">
				<ele>2117.199951171875</ele>
				<time>2026-06-26T08:19:47Z</time>
			</trkpt>
			<trkpt lat="46.42039239406586" lon="10.680629253387451">
				<ele>2118.39990234375</ele>
				<time>2026-06-26T08:20:06Z</time>
			</trkpt>
			<trkpt lat="46.42039179801941" lon="10.680629014968872">
				<ele>2118.39990234375</ele>
				<time>2026-06-26T08:20:34Z</time>
			</trkpt>
			<trkpt lat="46.420421838760376" lon="10.680676341056824">
				<ele>2118.39990234375</ele>
				<time>2026-06-26T08:21:00Z</time>
			</trkpt>
			<trkpt lat="46.42039132118225" lon="10.680739402770996">
				<ele>2120.0</ele>
				<time>2026-06-26T08:21:17Z</time>
			</trkpt>
			<trkpt lat="46.42039752006531" lon="10.680836200714111">
				<ele>2121.39990234375</ele>
				<time>2026-06-26T08:21:31Z</time>
			</trkpt>
			<trkpt lat="46.42041754722595" lon="10.680946946144104">
				<ele>2124.199951171875</ele>
				<time>2026-06-26T08:21:48Z</time>
			</trkpt>
			<trkpt lat="46.42042565345764" lon="10.680959939956665">
				<ele>2124.199951171875</ele>
				<time>2026-06-26T08:21:49Z</time>
			</trkpt>
			<trkpt lat="46.420429706573486" lon="10.680965423583984">
				<ele>2126.0</ele>
				<time>2026-06-26T08:22:03Z</time>
			</trkpt>
			<trkpt lat="46.42048931121826" lon="10.680901646614075">
				<ele>2128.0</ele>
				<time>2026-06-26T08:22:31Z</time>
			</trkpt>
			<trkpt lat="46.42055642604828" lon="10.680855989456177">
				<ele>2130.0</ele>
				<time>2026-06-26T08:22:49Z</time>
			</trkpt>
			<trkpt lat="46.42065382003784" lon="10.6808021068573">
				<ele>2132.0</ele>
				<time>2026-06-26T08:23:09Z</time>
			</trkpt>
			<trkpt lat="46.42072582244873" lon="10.680757999420166">
				<ele>2134.39990234375</ele>
				<time>2026-06-26T08:23:30Z</time>
			</trkpt>
			<trkpt lat="46.420809388160706" lon="10.680675148963928">
				<ele>2136.800048828125</ele>
				<time>2026-06-26T08:23:52Z</time>
			</trkpt>
			<trkpt lat="46.42083120346069" lon="10.680673599243164">
				<ele>2138.199951171875</ele>
				<time>2026-06-26T08:24:09Z</time>
			</trkpt>
			<trkpt lat="46.420756220817566" lon="10.680802583694458">
				<ele>2139.800048828125</ele>
				<time>2026-06-26T08:24:31Z</time>
			</trkpt>
			<trkpt lat="46.42073976993561" lon="10.68092966079712">
				<ele>2141.60009765625</ele>
				<time>2026-06-26T08:24:48Z</time>
			</trkpt>
			<trkpt lat="46.42072081565857" lon="10.68103551864624">
				<ele>2144.0</ele>
				<time>2026-06-26T08:25:11Z</time>
			</trkpt>
			<trkpt lat="46.420708894729614" lon="10.681025862693787">
				<ele>2145.199951171875</ele>
				<time>2026-06-26T08:25:35Z</time>
			</trkpt>
			<trkpt lat="46.420716285705566" lon="10.681055784225464">
				<ele>2144.60009765625</ele>
				<time>2026-06-26T08:26:11Z</time>
			</trkpt>
			<trkpt lat="46.42070257663727" lon="10.681034088134766">
				<ele>2145.199951171875</ele>
				<time>2026-06-26T08:27:09Z</time>
			</trkpt>
			<trkpt lat="46.42070019245148" lon="10.681027054786682">
				<ele>2144.800048828125</ele>
				<time>2026-06-26T08:27:29Z</time>
			</trkpt>
			<trkpt lat="46.420692563056946" lon="10.681033372879028">
				<ele>2144.60009765625</ele>
				<time>2026-06-26T08:27:56Z</time>
			</trkpt>
			<trkpt lat="46.42069232463837" lon="10.681037306785583">
				<ele>2144.60009765625</ele>
				<time>2026-06-26T08:28:21Z</time>
			</trkpt>
			<trkpt lat="46.42068815231323" lon="10.681028246879578">
				<ele>2144.39990234375</ele>
				<time>2026-06-26T08:28:51Z</time>
			</trkpt>
			<trkpt lat="46.42068612575531" lon="10.681008577346802">
				<ele>2144.199951171875</ele>
				<time>2026-06-26T08:29:38Z</time>
			</trkpt>
			<trkpt lat="46.420685172080994" lon="10.681000232696533">
				<ele>2144.199951171875</ele>
				<time>2026-06-26T08:30:09Z</time>
			</trkpt>
			<trkpt lat="46.42068684101105" lon="10.680991649627686">
				<ele>2144.199951171875</ele>
				<time>2026-06-26T08:30:49Z</time>
			</trkpt>
			<trkpt lat="46.42068290710449" lon="10.680991768836975">
				<ele>2144.199951171875</ele>
				<time>2026-06-26T08:31:22Z</time>
			</trkpt>
			<trkpt lat="46.420679330825806" lon="10.681017756462097">
				<ele>2142.39990234375</ele>
				<time>2026-06-26T08:31:52Z</time>
			</trkpt>
			<trkpt lat="46.42067098617554" lon="10.681043863296509">
				<ele>2143.800048828125</ele>
				<time>2026-06-26T08:32:20Z</time>
			</trkpt>
			<trkpt lat="46.42068040370941" lon="10.681039333343506">
				<ele>2144.0</ele>
				<time>2026-06-26T08:32:59Z</time>
			</trkpt>
			<trkpt lat="46.42072296142578" lon="10.681004524230957">
				<ele>2144.199951171875</ele>
				<time>2026-06-26T08:33:54Z</time>
			</trkpt>
			<trkpt lat="46.42069923877716" lon="10.68097972869873">
				<ele>2144.0</ele>
				<time>2026-06-26T08:34:49Z</time>
			</trkpt>
			<trkpt lat="46.42067885398865" lon="10.681006789207458">
				<ele>2145.0</ele>
				<time>2026-06-26T08:35:12Z</time>
			</trkpt>
			<trkpt lat="46.42067611217499" lon="10.681029438972473">
				<ele>2145.199951171875</ele>
				<time>2026-06-26T08:35:39Z</time>
			</trkpt>
			<trkpt lat="46.42067277431488" lon="10.681201815605164">
				<ele>2146.39990234375</ele>
				<time>2026-06-26T08:36:03Z</time>
			</trkpt>
			<trkpt lat="46.42059683799744" lon="10.68140435218811">
				<ele>2149.199951171875</ele>
				<time>2026-06-26T08:36:25Z</time>
			</trkpt>
			<trkpt lat="46.420584201812744" lon="10.681471824645996">
				<ele>2150.0</ele>
				<time>2026-06-26T08:36:30Z</time>
			</trkpt>
			<trkpt lat="46.420523285865784" lon="10.681708931922913">
				<ele>2151.800048828125</ele>
				<time>2026-06-26T08:36:51Z</time>
			</trkpt>
			<trkpt lat="46.420430302619934" lon="10.681835889816284">
				<ele>2153.199951171875</ele>
				<time>2026-06-26T08:37:07Z</time>
			</trkpt>
			<trkpt lat="46.420329570770264" lon="10.682031750679016">
				<ele>2155.800048828125</ele>
				<time>2026-06-26T08:37:28Z</time>
			</trkpt>
			<trkpt lat="46.420321106910706" lon="10.682042121887207">
				<ele>2156.0</ele>
				<time>2026-06-26T08:37:29Z</time>
			</trkpt>
			<trkpt lat="46.42031419277191" lon="10.682053089141846">
				<ele>2156.0</ele>
				<time>2026-06-26T08:37:30Z</time>
			</trkpt>
			<trkpt lat="46.420289397239685" lon="10.682076215744019">
				<ele>2156.199951171875</ele>
				<time>2026-06-26T08:37:33Z</time>
			</trkpt>
			<trkpt lat="46.420281171798706" lon="10.682083368301392">
				<ele>2156.199951171875</ele>
				<time>2026-06-26T08:37:34Z</time>
			</trkpt>
			<trkpt lat="46.420273303985596" lon="10.682093501091003">
				<ele>2156.39990234375</ele>
				<time>2026-06-26T08:37:35Z</time>
			</trkpt>
			<trkpt lat="46.42026746273041" lon="10.682165265083313">
				<ele>2156.800048828125</ele>
				<time>2026-06-26T08:37:40Z</time>
			</trkpt>
			<trkpt lat="46.420247197151184" lon="10.682237982749939">
				<ele>2158.199951171875</ele>
				<time>2026-06-26T08:37:53Z</time>
			</trkpt>
			<trkpt lat="46.420205950737" lon="10.682368516921997">
				<ele>2160.60009765625</ele>
				<time>2026-06-26T08:38:11Z</time>
			</trkpt>
			<trkpt lat="46.42020523548126" lon="10.682387471199036">
				<ele>2160.800048828125</ele>
				<time>2026-06-26T08:38:12Z</time>
			</trkpt>
			<trkpt lat="46.42020106315613" lon="10.682403445243835">
				<ele>2160.800048828125</ele>
				<time>2026-06-26T08:38:13Z</time>
			</trkpt>
			<trkpt lat="46.420215368270874" lon="10.682504415512085">
				<ele>2160.800048828125</ele>
				<time>2026-06-26T08:38:28Z</time>
			</trkpt>
			<trkpt lat="46.420231223106384" lon="10.682619452476501">
				<ele>2161.800048828125</ele>
				<time>2026-06-26T08:38:48Z</time>
			</trkpt>
			<trkpt lat="46.42023229598999" lon="10.682618498802185">
				<ele>2162.60009765625</ele>
				<time>2026-06-26T08:39:07Z</time>
			</trkpt>
			<trkpt lat="46.420230865478516" lon="10.682633757591248">
				<ele>2162.60009765625</ele>
				<time>2026-06-26T08:39:08Z</time>
			</trkpt>
			<trkpt lat="46.42022931575775" lon="10.682648539543152">
				<ele>2162.800048828125</ele>
				<time>2026-06-26T08:39:09Z</time>
			</trkpt>
			<trkpt lat="46.420210123062134" lon="10.682711601257324">
				<ele>2163.199951171875</ele>
				<time>2026-06-26T08:39:14Z</time>
			</trkpt>
			<trkpt lat="46.42016243934631" lon="10.682893633842468">
				<ele>2163.199951171875</ele>
				<time>2026-06-26T08:39:29Z</time>
			</trkpt>
			<trkpt lat="46.420156836509705" lon="10.68298876285553">
				<ele>2162.800048828125</ele>
				<time>2026-06-26T08:39:43Z</time>
			</trkpt>
			<trkpt lat="46.420138478279114" lon="10.683054566383362">
				<ele>2163.0</ele>
				<time>2026-06-26T08:39:58Z</time>
			</trkpt>
			<trkpt lat="46.42013430595398" lon="10.68308162689209">
				<ele>2162.800048828125</ele>
				<time>2026-06-26T08:40:00Z</time>
			</trkpt>
			<trkpt lat="46.42013490200043" lon="10.68311893939972">
				<ele>2163.0</ele>
				<time>2026-06-26T08:40:03Z</time>
			</trkpt>
			<trkpt lat="46.420095443725586" lon="10.683224201202393">
				<ele>2164.800048828125</ele>
				<time>2026-06-26T08:40:16Z</time>
			</trkpt>
			<trkpt lat="46.420087814331055" lon="10.683291912078857">
				<ele>2166.199951171875</ele>
				<time>2026-06-26T08:40:42Z</time>
			</trkpt>
			<trkpt lat="46.42003405094147" lon="10.683446168899536">
				<ele>2167.199951171875</ele>
				<time>2026-06-26T08:40:57Z</time>
			</trkpt>
			<trkpt lat="46.42008435726166" lon="10.683588981628418">
				<ele>2170.0</ele>
				<time>2026-06-26T08:41:13Z</time>
			</trkpt>
			<trkpt lat="46.42001914978027" lon="10.683618783950806">
				<ele>2172.39990234375</ele>
				<time>2026-06-26T08:41:27Z</time>
			</trkpt>
			<trkpt lat="46.419994592666626" lon="10.683653473854065">
				<ele>2172.800048828125</ele>
				<time>2026-06-26T08:41:44Z</time>
			</trkpt>
			<trkpt lat="46.419952154159546" lon="10.6836838722229">
				<ele>2172.60009765625</ele>
				<time>2026-06-26T08:41:58Z</time>
			</trkpt>
			<trkpt lat="46.4199161529541" lon="10.68382740020752">
				<ele>2173.800048828125</ele>
				<time>2026-06-26T08:42:23Z</time>
			</trkpt>
			<trkpt lat="46.41995847225189" lon="10.683898210525513">
				<ele>2174.60009765625</ele>
				<time>2026-06-26T08:42:37Z</time>
			</trkpt>
			<trkpt lat="46.419976472854614" lon="10.684016942977905">
				<ele>2175.60009765625</ele>
				<time>2026-06-26T08:42:53Z</time>
			</trkpt>
			<trkpt lat="46.41997516155243" lon="10.684032201766968">
				<ele>2175.60009765625</ele>
				<time>2026-06-26T08:42:54Z</time>
			</trkpt>
			<trkpt lat="46.41997945308685" lon="10.68405830860138">
				<ele>2177.0</ele>
				<time>2026-06-26T08:43:11Z</time>
			</trkpt>
			<trkpt lat="46.420050621032715" lon="10.684048175811768">
				<ele>2177.39990234375</ele>
				<time>2026-06-26T08:43:35Z</time>
			</trkpt>
			<trkpt lat="46.42008709907532" lon="10.684096932411194">
				<ele>2180.60009765625</ele>
				<time>2026-06-26T08:43:50Z</time>
			</trkpt>
			<trkpt lat="46.420104026794434" lon="10.684065341949463">
				<ele>2181.800048828125</ele>
				<time>2026-06-26T08:44:23Z</time>
			</trkpt>
			<trkpt lat="46.42013168334961" lon="10.684020757675171">
				<ele>2181.800048828125</ele>
				<time>2026-06-26T08:44:27Z</time>
			</trkpt>
			<trkpt lat="46.42016553878784" lon="10.684000372886658">
				<ele>2181.39990234375</ele>
				<time>2026-06-26T08:44:31Z</time>
			</trkpt>
			<trkpt lat="46.420196771621704" lon="10.684021830558777">
				<ele>2181.39990234375</ele>
				<time>2026-06-26T08:44:36Z</time>
			</trkpt>
			<trkpt lat="46.4202241897583" lon="10.684061884880066">
				<ele>2181.800048828125</ele>
				<time>2026-06-26T08:44:41Z</time>
			</trkpt>
			<trkpt lat="46.42023265361786" lon="10.684069871902466">
				<ele>2181.800048828125</ele>
				<time>2026-06-26T08:44:42Z</time>
			</trkpt>
			<trkpt lat="46.42024052143097" lon="10.684080481529236">
				<ele>2182.0</ele>
				<time>2026-06-26T08:44:43Z</time>
			</trkpt>
			<trkpt lat="46.42025017738342" lon="10.684090733528137">
				<ele>2182.0</ele>
				<time>2026-06-26T08:44:44Z</time>
			</trkpt>
			<trkpt lat="46.42031538486481" lon="10.684088468551636">
				<ele>2182.800048828125</ele>
				<time>2026-06-26T08:44:51Z</time>
			</trkpt>
			<trkpt lat="46.42034149169922" lon="10.684077262878418">
				<ele>2183.199951171875</ele>
				<time>2026-06-26T08:44:54Z</time>
			</trkpt>
			<trkpt lat="46.42041015625" lon="10.683997631072998">
				<ele>2184.800048828125</ele>
				<time>2026-06-26T08:45:05Z</time>
			</trkpt>
			<trkpt lat="46.420432925224304" lon="10.683945894241333">
				<ele>2185.39990234375</ele>
				<time>2026-06-26T08:45:10Z</time>
			</trkpt>
			<trkpt lat="46.42043972015381" lon="10.683936357498169">
				<ele>2185.60009765625</ele>
				<time>2026-06-26T08:45:11Z</time>
			</trkpt>
			<trkpt lat="46.42048132419586" lon="10.683873891830444">
				<ele>2186.0</ele>
				<time>2026-06-26T08:45:18Z</time>
			</trkpt>
			<trkpt lat="46.420485973358154" lon="10.68386173248291">
				<ele>2186.199951171875</ele>
				<time>2026-06-26T08:45:19Z</time>
			</trkpt>
			<trkpt lat="46.42055332660675" lon="10.683884859085083">
				<ele>2187.199951171875</ele>
				<time>2026-06-26T08:45:32Z</time>
			</trkpt>
			<trkpt lat="46.42065727710724" lon="10.68395459651947">
				<ele>2189.60009765625</ele>
				<time>2026-06-26T08:45:51Z</time>
			</trkpt>
			<trkpt lat="46.4207227230072" lon="10.683979392051697">
				<ele>2191.199951171875</ele>
				<time>2026-06-26T08:46:07Z</time>
			</trkpt>
			<trkpt lat="46.42071521282196" lon="10.683822751045227">
				<ele>2193.199951171875</ele>
				<time>2026-06-26T08:46:24Z</time>
			</trkpt>
			<trkpt lat="46.42071461677551" lon="10.6836918592453">
				<ele>2195.0</ele>
				<time>2026-06-26T08:46:39Z</time>
			</trkpt>
			<trkpt lat="46.42073118686676" lon="10.68363082408905">
				<ele>2196.60009765625</ele>
				<time>2026-06-26T08:46:55Z</time>
			</trkpt>
			<trkpt lat="46.420714259147644" lon="10.683612585067749">
				<ele>2197.199951171875</ele>
				<time>2026-06-26T08:47:09Z</time>
			</trkpt>
			<trkpt lat="46.42075824737549" lon="10.683679342269897">
				<ele>2196.800048828125</ele>
				<time>2026-06-26T08:47:35Z</time>
			</trkpt>
			<trkpt lat="46.42085099220276" lon="10.683743357658386">
				<ele>2197.199951171875</ele>
				<time>2026-06-26T08:47:49Z</time>
			</trkpt>
			<trkpt lat="46.42087519168854" lon="10.683631896972656">
				<ele>2197.800048828125</ele>
				<time>2026-06-26T08:48:05Z</time>
			</trkpt>
			<trkpt lat="46.42091500759125" lon="10.683524012565613">
				<ele>2199.39990234375</ele>
				<time>2026-06-26T08:48:21Z</time>
			</trkpt>
			<trkpt lat="46.420966386795044" lon="10.683428883552551">
				<ele>2201.0</ele>
				<time>2026-06-26T08:48:35Z</time>
			</trkpt>
			<trkpt lat="46.42095375061035" lon="10.683260440826416">
				<ele>2203.39990234375</ele>
				<time>2026-06-26T08:48:54Z</time>
			</trkpt>
			<trkpt lat="46.420910000801086" lon="10.683133602142334">
				<ele>2205.39990234375</ele>
				<time>2026-06-26T08:49:11Z</time>
			</trkpt>
			<trkpt lat="46.42087733745575" lon="10.683017015457153">
				<ele>2207.60009765625</ele>
				<time>2026-06-26T08:49:28Z</time>
			</trkpt>
			<trkpt lat="46.420841097831726" lon="10.682863354682922">
				<ele>2209.60009765625</ele>
				<time>2026-06-26T08:49:46Z</time>
			</trkpt>
			<trkpt lat="46.4208105802536" lon="10.682772397994995">
				<ele>2211.39990234375</ele>
				<time>2026-06-26T08:50:04Z</time>
			</trkpt>
			<trkpt lat="46.420783042907715" lon="10.682679891586304">
				<ele>2212.39990234375</ele>
				<time>2026-06-26T08:50:18Z</time>
			</trkpt>
			<trkpt lat="46.420788049697876" lon="10.682639241218567">
				<ele>2215.0</ele>
				<time>2026-06-26T08:50:37Z</time>
			</trkpt>
			<trkpt lat="46.42084050178528" lon="10.68263041973114">
				<ele>2216.60009765625</ele>
				<time>2026-06-26T08:50:54Z</time>
			</trkpt>
			<trkpt lat="46.4208447933197" lon="10.682570338249207">
				<ele>2218.199951171875</ele>
				<time>2026-06-26T08:51:08Z</time>
			</trkpt>
			<trkpt lat="46.42088341712952" lon="10.682616829872131">
				<ele>2220.199951171875</ele>
				<time>2026-06-26T08:51:32Z</time>
			</trkpt>
			<trkpt lat="46.420926332473755" lon="10.682535886764526">
				<ele>2222.199951171875</ele>
				<time>2026-06-26T08:51:51Z</time>
			</trkpt>
			<trkpt lat="46.42092263698578" lon="10.682479977607727">
				<ele>2224.0</ele>
				<time>2026-06-26T08:52:03Z</time>
			</trkpt>
			<trkpt lat="46.42092216014862" lon="10.682387471199036">
				<ele>2225.199951171875</ele>
				<time>2026-06-26T08:52:24Z</time>
			</trkpt>
			<trkpt lat="46.420957922935486" lon="10.682318806648254">
				<ele>2227.800048828125</ele>
				<time>2026-06-26T08:52:47Z</time>
			</trkpt>
			<trkpt lat="46.42106890678406" lon="10.682336807250977">
				<ele>2230.199951171875</ele>
				<time>2026-06-26T08:53:08Z</time>
			</trkpt>
			<trkpt lat="46.421106696128845" lon="10.68230414390564">
				<ele>2231.0</ele>
				<time>2026-06-26T08:53:40Z</time>
			</trkpt>
			<trkpt lat="46.42116677761078" lon="10.682276964187622">
				<ele>2231.199951171875</ele>
				<time>2026-06-26T08:53:48Z</time>
			</trkpt>
			<trkpt lat="46.421175479888916" lon="10.682270050048828">
				<ele>2231.199951171875</ele>
				<time>2026-06-26T08:53:49Z</time>
			</trkpt>
			<trkpt lat="46.42127728462219" lon="10.682163834571838">
				<ele>2232.39990234375</ele>
				<time>2026-06-26T08:54:04Z</time>
			</trkpt>
			<trkpt lat="46.4213342666626" lon="10.68208920955658">
				<ele>2233.800048828125</ele>
				<time>2026-06-26T08:54:13Z</time>
			</trkpt>
			<trkpt lat="46.42145121097565" lon="10.6820148229599">
				<ele>2235.39990234375</ele>
				<time>2026-06-26T08:54:28Z</time>
			</trkpt>
			<trkpt lat="46.42156636714935" lon="10.681946754455566">
				<ele>2237.60009765625</ele>
				<time>2026-06-26T08:54:46Z</time>
			</trkpt>
			<trkpt lat="46.42168140411377" lon="10.68182635307312">
				<ele>2239.60009765625</ele>
				<time>2026-06-26T08:55:05Z</time>
			</trkpt>
			<trkpt lat="46.42172920703888" lon="10.681803822517395">
				<ele>2241.0</ele>
				<time>2026-06-26T08:55:22Z</time>
			</trkpt>
			<trkpt lat="46.42182374000549" lon="10.681734323501587">
				<ele>2243.199951171875</ele>
				<time>2026-06-26T08:55:43Z</time>
			</trkpt>
			<trkpt lat="46.42183721065521" lon="10.68163275718689">
				<ele>2246.0</ele>
				<time>2026-06-26T08:56:00Z</time>
			</trkpt>
			<trkpt lat="46.42187821865082" lon="10.681523323059082">
				<ele>2247.60009765625</ele>
				<time>2026-06-26T08:56:16Z</time>
			</trkpt>
			<trkpt lat="46.421977519989014" lon="10.681415915489197">
				<ele>2248.800048828125</ele>
				<time>2026-06-26T08:56:34Z</time>
			</trkpt>
			<trkpt lat="46.42209875583649" lon="10.681325078010559">
				<ele>2249.800048828125</ele>
				<time>2026-06-26T08:56:55Z</time>
			</trkpt>
			<trkpt lat="46.422112226486206" lon="10.6813325881958">
				<ele>2250.199951171875</ele>
				<time>2026-06-26T08:57:25Z</time>
			</trkpt>
			<trkpt lat="46.42214787006378" lon="10.681325197219849">
				<ele>2250.39990234375</ele>
				<time>2026-06-26T08:58:15Z</time>
			</trkpt>
			<trkpt lat="46.42213416099548" lon="10.68127954006195">
				<ele>2250.199951171875</ele>
				<time>2026-06-26T08:58:32Z</time>
			</trkpt>
			<trkpt lat="46.42212784290314" lon="10.681280136108398">
				<ele>2246.800048828125</ele>
				<time>2026-06-26T08:58:36Z</time>
			</trkpt>
			<trkpt lat="46.42211329936981" lon="10.681245565414429">
				<ele>2248.60009765625</ele>
				<time>2026-06-26T08:59:04Z</time>
			</trkpt>
			<trkpt lat="46.42210304737091" lon="10.681188106536865">
				<ele>2249.60009765625</ele>
				<time>2026-06-26T08:59:43Z</time>
			</trkpt>
			<trkpt lat="46.42208766937256" lon="10.681146144866943">
				<ele>2250.0</ele>
				<time>2026-06-26T09:00:13Z</time>
			</trkpt>
			<trkpt lat="46.42208397388458" lon="10.681152701377869">
				<ele>2249.60009765625</ele>
				<time>2026-06-26T09:00:37Z</time>
			</trkpt>
			<trkpt lat="46.42206871509552" lon="10.681116580963135">
				<ele>2249.800048828125</ele>
				<time>2026-06-26T09:01:05Z</time>
			</trkpt>
			<trkpt lat="46.42205619812012" lon="10.681099534034729">
				<ele>2250.0</ele>
				<time>2026-06-26T09:01:33Z</time>
			</trkpt>
			<trkpt lat="46.42204213142395" lon="10.68111276626587">
				<ele>2250.0</ele>
				<time>2026-06-26T09:01:59Z</time>
			</trkpt>
			<trkpt lat="46.42202436923981" lon="10.681125402450562">
				<ele>2249.800048828125</ele>
				<time>2026-06-26T09:02:32Z</time>
			</trkpt>
			<trkpt lat="46.422008633613586" lon="10.681140303611755">
				<ele>2250.0</ele>
				<time>2026-06-26T09:03:03Z</time>
			</trkpt>
			<trkpt lat="46.422016859054565" lon="10.681153178215027">
				<ele>2250.0</ele>
				<time>2026-06-26T09:03:32Z</time>
			</trkpt>
			<trkpt lat="46.42201471328735" lon="10.681159615516663">
				<ele>2250.0</ele>
				<time>2026-06-26T09:04:03Z</time>
			</trkpt>
			<trkpt lat="46.42202007770538" lon="10.681182146072388">
				<ele>2251.800048828125</ele>
				<time>2026-06-26T09:04:28Z</time>
			</trkpt>
			<trkpt lat="46.42205882072449" lon="10.681209802627563">
				<ele>2250.800048828125</ele>
				<time>2026-06-26T09:04:50Z</time>
			</trkpt>
			<trkpt lat="46.42209839820862" lon="10.681220173835754">
				<ele>2250.60009765625</ele>
				<time>2026-06-26T09:05:10Z</time>
			</trkpt>
			<trkpt lat="46.42212104797363" lon="10.68120539188385">
				<ele>2251.0</ele>
				<time>2026-06-26T09:05:13Z</time>
			</trkpt>
			<trkpt lat="46.422131061553955" lon="10.681199550628662">
				<ele>2251.0</ele>
				<time>2026-06-26T09:05:14Z</time>
			</trkpt>
			<trkpt lat="46.42227792739868" lon="10.68112576007843">
				<ele>2249.39990234375</ele>
				<time>2026-06-26T09:05:29Z</time>
			</trkpt>
			<trkpt lat="46.42233741283417" lon="10.681112051010132">
				<ele>2248.800048828125</ele>
				<time>2026-06-26T09:05:35Z</time>
			</trkpt>
			<trkpt lat="46.42235863208771" lon="10.681105732917786">
				<ele>2248.60009765625</ele>
				<time>2026-06-26T09:05:37Z</time>
			</trkpt>
			<trkpt lat="46.422475814819336" lon="10.681084156036377">
				<ele>2249.0</ele>
				<time>2026-06-26T09:05:51Z</time>
			</trkpt>
			<trkpt lat="46.422486305236816" lon="10.68108582496643">
				<ele>2249.0</ele>
				<time>2026-06-26T09:05:52Z</time>
			</trkpt>
			<trkpt lat="46.422496914863586" lon="10.681085705757141">
				<ele>2249.0</ele>
				<time>2026-06-26T09:05:53Z</time>
			</trkpt>
			<trkpt lat="46.42250835895538" lon="10.681085228919983">
				<ele>2249.0</ele>
				<time>2026-06-26T09:05:54Z</time>
			</trkpt>
			<trkpt lat="46.42251968383789" lon="10.681084513664246">
				<ele>2249.0</ele>
				<time>2026-06-26T09:05:55Z</time>
			</trkpt>
			<trkpt lat="46.42254161834717" lon="10.681087851524353">
				<ele>2249.0</ele>
				<time>2026-06-26T09:05:57Z</time>
			</trkpt>
			<trkpt lat="46.42262363433838" lon="10.681048274040222">
				<ele>2249.0</ele>
				<time>2026-06-26T09:06:07Z</time>
			</trkpt>
			<trkpt lat="46.42269289493561" lon="10.681042790412903">
				<ele>2249.39990234375</ele>
				<time>2026-06-26T09:06:32Z</time>
			</trkpt>
			<trkpt lat="46.42280721664429" lon="10.680922627449036">
				<ele>2249.39990234375</ele>
				<time>2026-06-26T09:06:47Z</time>
			</trkpt>
			<trkpt lat="46.42289745807648" lon="10.680872917175293">
				<ele>2249.800048828125</ele>
				<time>2026-06-26T09:06:59Z</time>
			</trkpt>
			<trkpt lat="46.42293584346771" lon="10.680840134620667">
				<ele>2250.39990234375</ele>
				<time>2026-06-26T09:07:15Z</time>
			</trkpt>
			<trkpt lat="46.42298138141632" lon="10.680814981460571">
				<ele>2250.800048828125</ele>
				<time>2026-06-26T09:07:43Z</time>
			</trkpt>
			<trkpt lat="46.42299723625183" lon="10.68079674243927">
				<ele>2250.800048828125</ele>
				<time>2026-06-26T09:07:45Z</time>
			</trkpt>
			<trkpt lat="46.42300486564636" lon="10.680784940719604">
				<ele>2250.800048828125</ele>
				<time>2026-06-26T09:07:46Z</time>
			</trkpt>
			<trkpt lat="46.42301309108734" lon="10.680773258209229">
				<ele>2250.800048828125</ele>
				<time>2026-06-26T09:07:47Z</time>
			</trkpt>
			<trkpt lat="46.423020362854004" lon="10.680760741233826">
				<ele>2251.0</ele>
				<time>2026-06-26T09:07:48Z</time>
			</trkpt>
			<trkpt lat="46.42309522628784" lon="10.680675029754639">
				<ele>2250.800048828125</ele>
				<time>2026-06-26T09:07:57Z</time>
			</trkpt>
			<trkpt lat="46.42318618297577" lon="10.68061077594757">
				<ele>2251.60009765625</ele>
				<time>2026-06-26T09:08:11Z</time>
			</trkpt>
			<trkpt lat="46.423242807388306" lon="10.680576205253601">
				<ele>2252.199951171875</ele>
				<time>2026-06-26T09:08:26Z</time>
			</trkpt>
			<trkpt lat="46.42328894138336" lon="10.68055272102356">
				<ele>2252.39990234375</ele>
				<time>2026-06-26T09:08:46Z</time>
			</trkpt>
			<trkpt lat="46.42335665225983" lon="10.680549621582031">
				<ele>2252.800048828125</ele>
				<time>2026-06-26T09:08:54Z</time>
			</trkpt>
			<trkpt lat="46.4234699010849" lon="10.680643916130066">
				<ele>2252.0</ele>
				<time>2026-06-26T09:09:07Z</time>
			</trkpt>
			<trkpt lat="46.423492074012756" lon="10.680644035339355">
				<ele>2251.800048828125</ele>
				<time>2026-06-26T09:09:09Z</time>
			</trkpt>
			<trkpt lat="46.42361068725586" lon="10.680617570877075">
				<ele>2250.39990234375</ele>
				<time>2026-06-26T09:09:20Z</time>
			</trkpt>
			<trkpt lat="46.423622250556946" lon="10.680615425109863">
				<ele>2250.39990234375</ele>
				<time>2026-06-26T09:09:21Z</time>
			</trkpt>
			<trkpt lat="46.42369198799133" lon="10.680602192878723">
				<ele>2250.0</ele>
				<time>2026-06-26T09:09:28Z</time>
			</trkpt>
			<trkpt lat="46.42372179031372" lon="10.680607199668884">
				<ele>2250.0</ele>
				<time>2026-06-26T09:09:31Z</time>
			</trkpt>
			<trkpt lat="46.42374336719513" lon="10.680606126785278">
				<ele>2250.0</ele>
				<time>2026-06-26T09:09:33Z</time>
			</trkpt>
			<trkpt lat="46.423845410346985" lon="10.680556535720825">
				<ele>2250.39990234375</ele>
				<time>2026-06-26T09:09:44Z</time>
			</trkpt>
			<trkpt lat="46.4238555431366" lon="10.680549144744873">
				<ele>2250.39990234375</ele>
				<time>2026-06-26T09:09:45Z</time>
			</trkpt>
			<trkpt lat="46.4238657951355" lon="10.680543184280396">
				<ele>2250.39990234375</ele>
				<time>2026-06-26T09:09:46Z</time>
			</trkpt>
			<trkpt lat="46.423947930336" lon="10.680435299873352">
				<ele>2250.800048828125</ele>
				<time>2026-06-26T09:09:57Z</time>
			</trkpt>
			<trkpt lat="46.4239547252655" lon="10.680421471595764">
				<ele>2250.800048828125</ele>
				<time>2026-06-26T09:09:58Z</time>
			</trkpt>
			<trkpt lat="46.42396092414856" lon="10.68040931224823">
				<ele>2251.0</ele>
				<time>2026-06-26T09:09:59Z</time>
			</trkpt>
			<trkpt lat="46.423980832099915" lon="10.680376768112183">
				<ele>2251.0</ele>
				<time>2026-06-26T09:10:02Z</time>
			</trkpt>
			<trkpt lat="46.42402637004852" lon="10.680345296859741">
				<ele>2251.199951171875</ele>
				<time>2026-06-26T09:10:07Z</time>
			</trkpt>
			<trkpt lat="46.42405354976654" lon="10.68032717704773">
				<ele>2251.39990234375</ele>
				<time>2026-06-26T09:10:10Z</time>
			</trkpt>
			<trkpt lat="46.424224615097046" lon="10.680287718772888">
				<ele>2252.0</ele>
				<time>2026-06-26T09:10:25Z</time>
			</trkpt>
			<trkpt lat="46.424251437187195" lon="10.680278658866882">
				<ele>2252.0</ele>
				<time>2026-06-26T09:10:28Z</time>
			</trkpt>
			<trkpt lat="46.424341797828674" lon="10.680200815200806">
				<ele>2252.39990234375</ele>
				<time>2026-06-26T09:10:37Z</time>
			</trkpt>
			<trkpt lat="46.424352049827576" lon="10.680195569992065">
				<ele>2252.39990234375</ele>
				<time>2026-06-26T09:10:38Z</time>
			</trkpt>
			<trkpt lat="46.42437183856964" lon="10.680191278457642">
				<ele>2252.39990234375</ele>
				<time>2026-06-26T09:10:40Z</time>
			</trkpt>
			<trkpt lat="46.42447006702423" lon="10.680164456367493">
				<ele>2253.199951171875</ele>
				<time>2026-06-26T09:10:51Z</time>
			</trkpt>
			<trkpt lat="46.42458689212799" lon="10.68017065525055">
				<ele>2254.800048828125</ele>
				<time>2026-06-26T09:11:06Z</time>
			</trkpt>
			<trkpt lat="46.424660086631775" lon="10.68021285533905">
				<ele>2257.0</ele>
				<time>2026-06-26T09:11:21Z</time>
			</trkpt>
			<trkpt lat="46.424731373786926" lon="10.680143475532532">
				<ele>2259.60009765625</ele>
				<time>2026-06-26T09:11:38Z</time>
			</trkpt>
			<trkpt lat="46.424824595451355" lon="10.68002438545227">
				<ele>2261.39990234375</ele>
				<time>2026-06-26T09:11:56Z</time>
			</trkpt>
			<trkpt lat="46.42492401599884" lon="10.679990649223328">
				<ele>2263.60009765625</ele>
				<time>2026-06-26T09:12:14Z</time>
			</trkpt>
			<trkpt lat="46.4249883890152" lon="10.67992913722992">
				<ele>2266.0</ele>
				<time>2026-06-26T09:12:33Z</time>
			</trkpt>
			<trkpt lat="46.42508089542389" lon="10.679882168769836">
				<ele>2268.0</ele>
				<time>2026-06-26T09:12:55Z</time>
			</trkpt>
			<trkpt lat="46.42512631416321" lon="10.679921984672546">
				<ele>2269.60009765625</ele>
				<time>2026-06-26T09:13:11Z</time>
			</trkpt>
			<trkpt lat="46.42518723011017" lon="10.679914236068726">
				<ele>2271.60009765625</ele>
				<time>2026-06-26T09:13:31Z</time>
			</trkpt>
			<trkpt lat="46.42524552345276" lon="10.679869055747986">
				<ele>2273.0</ele>
				<time>2026-06-26T09:13:51Z</time>
			</trkpt>
			<trkpt lat="46.4253134727478" lon="10.679742693901062">
				<ele>2274.39990234375</ele>
				<time>2026-06-26T09:14:10Z</time>
			</trkpt>
			<trkpt lat="46.42539572715759" lon="10.679713606834412">
				<ele>2276.39990234375</ele>
				<time>2026-06-26T09:14:27Z</time>
			</trkpt>
			<trkpt lat="46.42547285556793" lon="10.679673910140991">
				<ele>2278.60009765625</ele>
				<time>2026-06-26T09:14:47Z</time>
			</trkpt>
			<trkpt lat="46.425543427467346" lon="10.679646372795105">
				<ele>2280.800048828125</ele>
				<time>2026-06-26T09:15:07Z</time>
			</trkpt>
			<trkpt lat="46.42562389373779" lon="10.679584741592407">
				<ele>2282.60009765625</ele>
				<time>2026-06-26T09:15:27Z</time>
			</trkpt>
			<trkpt lat="46.425671339035034" lon="10.679494500160217">
				<ele>2284.60009765625</ele>
				<time>2026-06-26T09:15:48Z</time>
			</trkpt>
			<trkpt lat="46.42565667629242" lon="10.67947232723236">
				<ele>2283.800048828125</ele>
				<time>2026-06-26T09:16:26Z</time>
			</trkpt>
			<trkpt lat="46.42573821544647" lon="10.679367542266846">
				<ele>2284.0</ele>
				<time>2026-06-26T09:16:47Z</time>
			</trkpt>
			<trkpt lat="46.42583227157593" lon="10.679302334785461">
				<ele>2285.800048828125</ele>
				<time>2026-06-26T09:17:01Z</time>
			</trkpt>
			<trkpt lat="46.42586064338684" lon="10.6792471408844">
				<ele>2287.199951171875</ele>
				<time>2026-06-26T09:17:08Z</time>
			</trkpt>
			<trkpt lat="46.4259432554245" lon="10.679206013679504">
				<ele>2289.0</ele>
				<time>2026-06-26T09:17:23Z</time>
			</trkpt>
			<trkpt lat="46.42602801322937" lon="10.679196000099182">
				<ele>2291.800048828125</ele>
				<time>2026-06-26T09:17:46Z</time>
			</trkpt>
			<trkpt lat="46.42614781856537" lon="10.679117918014526">
				<ele>2294.39990234375</ele>
				<time>2026-06-26T09:18:09Z</time>
			</trkpt>
			<trkpt lat="46.42627155780792" lon="10.679015159606934">
				<ele>2297.0</ele>
				<time>2026-06-26T09:18:34Z</time>
			</trkpt>
			<trkpt lat="46.42635488510132" lon="10.678943991661072">
				<ele>2298.0</ele>
				<time>2026-06-26T09:18:49Z</time>
			</trkpt>
			<trkpt lat="46.42645192146301" lon="10.678845167160034">
				<ele>2299.199951171875</ele>
				<time>2026-06-26T09:19:07Z</time>
			</trkpt>
			<trkpt lat="46.426536202430725" lon="10.678846716880798">
				<ele>2301.0</ele>
				<time>2026-06-26T09:19:25Z</time>
			</trkpt>
			<trkpt lat="46.42659413814545" lon="10.678794860839844">
				<ele>2301.800048828125</ele>
				<time>2026-06-26T09:19:50Z</time>
			</trkpt>
			<trkpt lat="46.42662298679352" lon="10.678741574287415">
				<ele>2302.0</ele>
				<time>2026-06-26T09:19:55Z</time>
			</trkpt>
			<trkpt lat="46.426660776138306" lon="10.678693294525146">
				<ele>2302.199951171875</ele>
				<time>2026-06-26T09:20:00Z</time>
			</trkpt>
			<trkpt lat="46.426719665527344" lon="10.678685426712036">
				<ele>2303.39990234375</ele>
				<time>2026-06-26T09:20:14Z</time>
			</trkpt>
			<trkpt lat="46.42677330970764" lon="10.678681135177612">
				<ele>2304.800048828125</ele>
				<time>2026-06-26T09:20:34Z</time>
			</trkpt>
			<trkpt lat="46.42687273025513" lon="10.678641438484192">
				<ele>2307.0</ele>
				<time>2026-06-26T09:20:52Z</time>
			</trkpt>
			<trkpt lat="46.42697358131409" lon="10.678548455238342">
				<ele>2308.60009765625</ele>
				<time>2026-06-26T09:21:10Z</time>
			</trkpt>
			<trkpt lat="46.42708611488342" lon="10.678517460823059">
				<ele>2310.60009765625</ele>
				<time>2026-06-26T09:21:31Z</time>
			</trkpt>
			<trkpt lat="46.427196860313416" lon="10.678421139717102">
				<ele>2312.39990234375</ele>
				<time>2026-06-26T09:21:51Z</time>
			</trkpt>
			<trkpt lat="46.427297949790955" lon="10.678355932235718">
				<ele>2314.0</ele>
				<time>2026-06-26T09:22:08Z</time>
			</trkpt>
			<trkpt lat="46.42741811275482" lon="10.678332209587097">
				<ele>2315.800048828125</ele>
				<time>2026-06-26T09:22:29Z</time>
			</trkpt>
			<trkpt lat="46.427486538887024" lon="10.678313612937927">
				<ele>2317.800048828125</ele>
				<time>2026-06-26T09:22:49Z</time>
			</trkpt>
			<trkpt lat="46.42757475376129" lon="10.678251504898071">
				<ele>2319.39990234375</ele>
				<time>2026-06-26T09:23:07Z</time>
			</trkpt>
			<trkpt lat="46.42767298221588" lon="10.678173184394836">
				<ele>2321.800048828125</ele>
				<time>2026-06-26T09:23:27Z</time>
			</trkpt>
			<trkpt lat="46.42774558067322" lon="10.678146719932556">
				<ele>2324.0</ele>
				<time>2026-06-26T09:23:47Z</time>
			</trkpt>
			<trkpt lat="46.4277366399765" lon="10.678118348121643">
				<ele>2324.199951171875</ele>
				<time>2026-06-26T09:24:32Z</time>
			</trkpt>
			<trkpt lat="46.42771756649017" lon="10.678125143051147">
				<ele>2323.199951171875</ele>
				<time>2026-06-26T09:25:27Z</time>
			</trkpt>
			<trkpt lat="46.42774760723114" lon="10.678097367286682">
				<ele>2323.60009765625</ele>
				<time>2026-06-26T09:26:16Z</time>
			</trkpt>
			<trkpt lat="46.4278758764267" lon="10.678094029426575">
				<ele>2326.0</ele>
				<time>2026-06-26T09:26:35Z</time>
			</trkpt>
			<trkpt lat="46.42798888683319" lon="10.678002715110779">
				<ele>2327.800048828125</ele>
				<time>2026-06-26T09:26:50Z</time>
			</trkpt>
			<trkpt lat="46.4281085729599" lon="10.677952647209167">
				<ele>2329.60009765625</ele>
				<time>2026-06-26T09:27:08Z</time>
			</trkpt>
			<trkpt lat="46.42822253704071" lon="10.677988648414612">
				<ele>2331.800048828125</ele>
				<time>2026-06-26T09:27:26Z</time>
			</trkpt>
			<trkpt lat="46.428343296051025" lon="10.677861213684082">
				<ele>2335.0</ele>
				<time>2026-06-26T09:27:53Z</time>
			</trkpt>
			<trkpt lat="46.42848062515259" lon="10.67777419090271">
				<ele>2336.199951171875</ele>
				<time>2026-06-26T09:28:12Z</time>
			</trkpt>
			<trkpt lat="46.428582191467285" lon="10.677728772163391">
				<ele>2338.39990234375</ele>
				<time>2026-06-26T09:28:29Z</time>
			</trkpt>
			<trkpt lat="46.42862546443939" lon="10.67769205570221">
				<ele>2339.199951171875</ele>
				<time>2026-06-26T09:28:41Z</time>
			</trkpt>
			<trkpt lat="46.42864000797272" lon="10.677675485610962">
				<ele>2339.39990234375</ele>
				<time>2026-06-26T09:28:43Z</time>
			</trkpt>
			<trkpt lat="46.4287132024765" lon="10.677589178085327">
				<ele>2340.800048828125</ele>
				<time>2026-06-26T09:28:57Z</time>
			</trkpt>
			<trkpt lat="46.42880427837372" lon="10.677517890930176">
				<ele>2342.199951171875</ele>
				<time>2026-06-26T09:29:09Z</time>
			</trkpt>
			<trkpt lat="46.428815841674805" lon="10.677515745162964">
				<ele>2342.199951171875</ele>
				<time>2026-06-26T09:29:10Z</time>
			</trkpt>
			<trkpt lat="46.42883741855621" lon="10.677498698234558">
				<ele>2342.199951171875</ele>
				<time>2026-06-26T09:29:13Z</time>
			</trkpt>
			<trkpt lat="46.428940176963806" lon="10.677392601966858">
				<ele>2343.0</ele>
				<time>2026-06-26T09:29:30Z</time>
			</trkpt>
			<trkpt lat="46.42904353141785" lon="10.677315473556519">
				<ele>2344.800048828125</ele>
				<time>2026-06-26T09:29:49Z</time>
			</trkpt>
			<trkpt lat="46.42910838127136" lon="10.677283763885498">
				<ele>2347.199951171875</ele>
				<time>2026-06-26T09:30:09Z</time>
			</trkpt>
			<trkpt lat="46.429099678993225" lon="10.677284836769104">
				<ele>2347.199951171875</ele>
				<time>2026-06-26T09:30:25Z</time>
			</trkpt>
			<trkpt lat="46.42908322811127" lon="10.677278876304626">
				<ele>2344.800048828125</ele>
				<time>2026-06-26T09:31:15Z</time>
			</trkpt>
			<trkpt lat="46.429086685180664" lon="10.67726755142212">
				<ele>2345.199951171875</ele>
				<time>2026-06-26T09:31:53Z</time>
			</trkpt>
			<trkpt lat="46.42910087108612" lon="10.677249550819397">
				<ele>2346.0</ele>
				<time>2026-06-26T09:32:08Z</time>
			</trkpt>
			<trkpt lat="46.42919945716858" lon="10.67718255519867">
				<ele>2346.800048828125</ele>
				<time>2026-06-26T09:32:22Z</time>
			</trkpt>
			<trkpt lat="46.42925405502319" lon="10.677120566368103">
				<ele>2347.60009765625</ele>
				<time>2026-06-26T09:32:30Z</time>
			</trkpt>
			<trkpt lat="46.429317355155945" lon="10.677033066749573">
				<ele>2349.60009765625</ele>
				<time>2026-06-26T09:32:43Z</time>
			</trkpt>
			<trkpt lat="46.429402112960815" lon="10.676993608474731">
				<ele>2352.39990234375</ele>
				<time>2026-06-26T09:32:59Z</time>
			</trkpt>
			<trkpt lat="46.42948794364929" lon="10.676962018013">
				<ele>2355.0</ele>
				<time>2026-06-26T09:33:18Z</time>
			</trkpt>
			<trkpt lat="46.429514050483704" lon="10.676884412765503">
				<ele>2357.0</ele>
				<time>2026-06-26T09:33:35Z</time>
			</trkpt>
			<trkpt lat="46.42953419685364" lon="10.676852583885193">
				<ele>2357.39990234375</ele>
				<time>2026-06-26T09:34:05Z</time>
			</trkpt>
			<trkpt lat="46.42962944507599" lon="10.676713943481445">
				<ele>2357.199951171875</ele>
				<time>2026-06-26T09:34:24Z</time>
			</trkpt>
			<trkpt lat="46.429726362228394" lon="10.67664349079132">
				<ele>2358.60009765625</ele>
				<time>2026-06-26T09:34:40Z</time>
			</trkpt>
			<trkpt lat="46.429779291152954" lon="10.67658245563507">
				<ele>2359.800048828125</ele>
				<time>2026-06-26T09:34:57Z</time>
			</trkpt>
			<trkpt lat="46.42984759807587" lon="10.676540851593018">
				<ele>2361.800048828125</ele>
				<time>2026-06-26T09:35:14Z</time>
			</trkpt>
			<trkpt lat="46.429895758628845" lon="10.676480293273926">
				<ele>2363.39990234375</ele>
				<time>2026-06-26T09:35:33Z</time>
			</trkpt>
			<trkpt lat="46.42994213104248" lon="10.676430583000183">
				<ele>2365.199951171875</ele>
				<time>2026-06-26T09:35:51Z</time>
			</trkpt>
			<trkpt lat="46.430028319358826" lon="10.676353693008423">
				<ele>2367.199951171875</ele>
				<time>2026-06-26T09:36:12Z</time>
			</trkpt>
			<trkpt lat="46.430107951164246" lon="10.676199197769165">
				<ele>2366.199951171875</ele>
				<time>2026-06-26T09:36:33Z</time>
			</trkpt>
			<trkpt lat="46.430168867111206" lon="10.676045060157776">
				<ele>2366.0</ele>
				<time>2026-06-26T09:36:54Z</time>
			</trkpt>
			<trkpt lat="46.43018019199371" lon="10.676024794578552">
				<ele>2366.0</ele>
				<time>2026-06-26T09:36:56Z</time>
			</trkpt>
			<trkpt lat="46.4301882982254" lon="10.676014065742493">
				<ele>2366.0</ele>
				<time>2026-06-26T09:36:57Z</time>
			</trkpt>
			<trkpt lat="46.430251717567444" lon="10.675891399383545">
				<ele>2365.39990234375</ele>
				<time>2026-06-26T09:37:12Z</time>
			</trkpt>
			<trkpt lat="46.43029773235321" lon="10.675861120223999">
				<ele>2366.800048828125</ele>
				<time>2026-06-26T09:37:28Z</time>
			</trkpt>
			<trkpt lat="46.430349707603455" lon="10.675820350646973">
				<ele>2369.0</ele>
				<time>2026-06-26T09:37:45Z</time>
			</trkpt>
			<trkpt lat="46.43040096759796" lon="10.675710439682007">
				<ele>2371.0</ele>
				<time>2026-06-26T09:38:11Z</time>
			</trkpt>
			<trkpt lat="46.43042266368866" lon="10.675664782524109">
				<ele>2372.199951171875</ele>
				<time>2026-06-26T09:38:33Z</time>
			</trkpt>
			<trkpt lat="46.43047738075256" lon="10.67559278011322">
				<ele>2373.800048828125</ele>
				<time>2026-06-26T09:38:52Z</time>
			</trkpt>
			<trkpt lat="46.430543303489685" lon="10.675568342208862">
				<ele>2376.800048828125</ele>
				<time>2026-06-26T09:39:11Z</time>
			</trkpt>
			<trkpt lat="46.43060326576233" lon="10.675532460212708">
				<ele>2377.60009765625</ele>
				<time>2026-06-26T09:39:27Z</time>
			</trkpt>
			<trkpt lat="46.43067288398743" lon="10.675485372543335">
				<ele>2378.199951171875</ele>
				<time>2026-06-26T09:39:40Z</time>
			</trkpt>
			<trkpt lat="46.430798292160034" lon="10.675386905670166">
				<ele>2380.0</ele>
				<time>2026-06-26T09:40:05Z</time>
			</trkpt>
			<trkpt lat="46.43089187145233" lon="10.675334930419922">
				<ele>2380.39990234375</ele>
				<time>2026-06-26T09:40:20Z</time>
			</trkpt>
			<trkpt lat="46.430920004844666" lon="10.675213098526001">
				<ele>2380.800048828125</ele>
				<time>2026-06-26T09:40:37Z</time>
			</trkpt>
			<trkpt lat="46.43093812465668" lon="10.675090909004211">
				<ele>2382.60009765625</ele>
				<time>2026-06-26T09:40:56Z</time>
			</trkpt>
			<trkpt lat="46.43100452423096" lon="10.675032258033752">
				<ele>2384.39990234375</ele>
				<time>2026-06-26T09:41:15Z</time>
			</trkpt>
			<trkpt lat="46.431106209754944" lon="10.67498505115509">
				<ele>2385.800048828125</ele>
				<time>2026-06-26T09:41:35Z</time>
			</trkpt>
			<trkpt lat="46.43119394779205" lon="10.674944519996643">
				<ele>2386.800048828125</ele>
				<time>2026-06-26T09:41:57Z</time>
			</trkpt>
			<trkpt lat="46.43133187294006" lon="10.674943447113037">
				<ele>2385.199951171875</ele>
				<time>2026-06-26T09:42:22Z</time>
			</trkpt>
			<trkpt lat="46.431389808654785" lon="10.67486310005188">
				<ele>2386.199951171875</ele>
				<time>2026-06-26T09:42:39Z</time>
			</trkpt>
			<trkpt lat="46.43139350414276" lon="10.674834728240967">
				<ele>2386.199951171875</ele>
				<time>2026-06-26T09:42:41Z</time>
			</trkpt>
			<trkpt lat="46.43142330646515" lon="10.674718499183655">
				<ele>2386.39990234375</ele>
				<time>2026-06-26T09:42:55Z</time>
			</trkpt>
			<trkpt lat="46.43142092227936" lon="10.674592733383179">
				<ele>2386.199951171875</ele>
				<time>2026-06-26T09:43:08Z</time>
			</trkpt>
			<trkpt lat="46.4314466714859" lon="10.674443364143372">
				<ele>2385.800048828125</ele>
				<time>2026-06-26T09:43:22Z</time>
			</trkpt>
			<trkpt lat="46.43149816989899" lon="10.674362540245056">
				<ele>2386.199951171875</ele>
				<time>2026-06-26T09:43:38Z</time>
			</trkpt>
			<trkpt lat="46.43156397342682" lon="10.674298405647278">
				<ele>2386.39990234375</ele>
				<time>2026-06-26T09:43:55Z</time>
			</trkpt>
			<trkpt lat="46.43160581588745" lon="10.674251675605774">
				<ele>2386.800048828125</ele>
				<time>2026-06-26T09:44:18Z</time>
			</trkpt>
			<trkpt lat="46.431657671928406" lon="10.67410933971405">
				<ele>2388.60009765625</ele>
				<time>2026-06-26T09:44:36Z</time>
			</trkpt>
			<trkpt lat="46.43169701099396" lon="10.674047470092773">
				<ele>2390.199951171875</ele>
				<time>2026-06-26T09:44:52Z</time>
			</trkpt>
			<trkpt lat="46.431745767593384" lon="10.673940181732178">
				<ele>2391.60009765625</ele>
				<time>2026-06-26T09:45:09Z</time>
			</trkpt>
			<trkpt lat="46.431779980659485" lon="10.673865795135498">
				<ele>2393.199951171875</ele>
				<time>2026-06-26T09:45:26Z</time>
			</trkpt>
			<trkpt lat="46.43182849884033" lon="10.673764705657959">
				<ele>2394.39990234375</ele>
				<time>2026-06-26T09:45:39Z</time>
			</trkpt>
			<trkpt lat="46.4318722486496" lon="10.673674702644348">
				<ele>2395.39990234375</ele>
				<time>2026-06-26T09:45:55Z</time>
			</trkpt>
			<trkpt lat="46.431883811950684" lon="10.673610925674438">
				<ele>2395.800048828125</ele>
				<time>2026-06-26T09:46:11Z</time>
			</trkpt>
			<trkpt lat="46.43189227581024" lon="10.673601031303406">
				<ele>2395.800048828125</ele>
				<time>2026-06-26T09:46:12Z</time>
			</trkpt>
			<trkpt lat="46.43197250366211" lon="10.673521637916565">
				<ele>2396.0</ele>
				<time>2026-06-26T09:46:26Z</time>
			</trkpt>
			<trkpt lat="46.43201398849487" lon="10.673466920852661">
				<ele>2399.0</ele>
				<time>2026-06-26T09:46:46Z</time>
			</trkpt>
			<trkpt lat="46.43209433555603" lon="10.673368453979492">
				<ele>2400.0</ele>
				<time>2026-06-26T09:47:02Z</time>
			</trkpt>
			<trkpt lat="46.43222749233246" lon="10.673171639442444">
				<ele>2401.39990234375</ele>
				<time>2026-06-26T09:47:25Z</time>
			</trkpt>
			<trkpt lat="46.43231546878815" lon="10.673079133033752">
				<ele>2402.60009765625</ele>
				<time>2026-06-26T09:47:41Z</time>
			</trkpt>
			<trkpt lat="46.43239068984985" lon="10.672887325286865">
				<ele>2403.39990234375</ele>
				<time>2026-06-26T09:47:58Z</time>
			</trkpt>
			<trkpt lat="46.432462215423584" lon="10.672696471214294">
				<ele>2405.0</ele>
				<time>2026-06-26T09:48:17Z</time>
			</trkpt>
			<trkpt lat="46.43252730369568" lon="10.672507047653198">
				<ele>2406.60009765625</ele>
				<time>2026-06-26T09:48:37Z</time>
			</trkpt>
			<trkpt lat="46.432571053504944" lon="10.67235279083252">
				<ele>2407.60009765625</ele>
				<time>2026-06-26T09:48:53Z</time>
			</trkpt>
			<trkpt lat="46.432607769966125" lon="10.67223310470581">
				<ele>2409.800048828125</ele>
				<time>2026-06-26T09:49:15Z</time>
			</trkpt>
			<trkpt lat="46.432621359825134" lon="10.672227621078491">
				<ele>2409.60009765625</ele>
				<time>2026-06-26T09:49:33Z</time>
			</trkpt>
			<trkpt lat="46.43263649940491" lon="10.672244429588318">
				<ele>2408.60009765625</ele>
				<time>2026-06-26T09:50:53Z</time>
			</trkpt>
			<trkpt lat="46.43263041973114" lon="10.672264575958252">
				<ele>2408.39990234375</ele>
				<time>2026-06-26T09:52:07Z</time>
			</trkpt>
			<trkpt lat="46.4326297044754" lon="10.672268986701965">
				<ele>2409.199951171875</ele>
				<time>2026-06-26T09:53:32Z</time>
			</trkpt>
			<trkpt lat="46.43262839317322" lon="10.672272801399231">
				<ele>2410.800048828125</ele>
				<time>2026-06-26T09:55:18Z</time>
			</trkpt>
			<trkpt lat="46.43263351917267" lon="10.672276854515076">
				<ele>2410.39990234375</ele>
				<time>2026-06-26T09:55:40Z</time>
			</trkpt>
			<trkpt lat="46.432637453079224" lon="10.672270655632019">
				<ele>2410.800048828125</ele>
				<time>2026-06-26T09:56:53Z</time>
			</trkpt>
			<trkpt lat="46.4326434135437" lon="10.672269701957703">
				<ele>2410.800048828125</ele>
				<time>2026-06-26T09:57:30Z</time>
			</trkpt>
			<trkpt lat="46.432645201683044" lon="10.672263383865356">
				<ele>2410.39990234375</ele>
				<time>2026-06-26T09:59:12Z</time>
			</trkpt>
			<trkpt lat="46.432647824287415" lon="10.672255754470825">
				<ele>2409.800048828125</ele>
				<time>2026-06-26T10:00:36Z</time>
			</trkpt>
			<trkpt lat="46.43267107009888" lon="10.672266125679016">
				<ele>2409.60009765625</ele>
				<time>2026-06-26T10:01:06Z</time>
			</trkpt>
			<trkpt lat="46.432703733444214" lon="10.6722811460495">
				<ele>2410.0</ele>
				<time>2026-06-26T10:01:54Z</time>
			</trkpt>
			<trkpt lat="46.43273091316223" lon="10.672292709350586">
				<ele>2409.39990234375</ele>
				<time>2026-06-26T10:02:31Z</time>
			</trkpt>
			<trkpt lat="46.43273913860321" lon="10.672294616699219">
				<ele>2409.199951171875</ele>
				<time>2026-06-26T10:02:57Z</time>
			</trkpt>
			<trkpt lat="46.432740688323975" lon="10.672298073768616">
				<ele>2405.60009765625</ele>
				<time>2026-06-26T10:03:01Z</time>
			</trkpt>
			<trkpt lat="46.432742953300476" lon="10.672301173210144">
				<ele>2402.60009765625</ele>
				<time>2026-06-26T10:03:05Z</time>
			</trkpt>
			<trkpt lat="46.43274283409119" lon="10.672301530838013">
				<ele>2408.39990234375</ele>
				<time>2026-06-26T10:03:07Z</time>
			</trkpt>
			<trkpt lat="46.43274247646332" lon="10.672301650047302">
				<ele>2411.60009765625</ele>
				<time>2026-06-26T10:03:09Z</time>
			</trkpt>
			<trkpt lat="46.43273961544037" lon="10.67230236530304">
				<ele>2408.60009765625</ele>
				<time>2026-06-26T10:03:36Z</time>
			</trkpt>
			<trkpt lat="46.43273329734802" lon="10.672302007675171">
				<ele>2407.0</ele>
				<time>2026-06-26T10:04:51Z</time>
			</trkpt>
			<trkpt lat="46.432727217674255" lon="10.672300338745117">
				<ele>2408.199951171875</ele>
				<time>2026-06-26T10:06:07Z</time>
			</trkpt>
			<trkpt lat="46.4327232837677" lon="10.672304630279541">
				<ele>2408.800048828125</ele>
				<time>2026-06-26T10:06:59Z</time>
			</trkpt>
			<trkpt lat="46.43271243572235" lon="10.672315120697021">
				<ele>2408.39990234375</ele>
				<time>2026-06-26T10:07:22Z</time>
			</trkpt>
			<trkpt lat="46.432708382606506" lon="10.672317385673523">
				<ele>2408.800048828125</ele>
				<time>2026-06-26T10:07:54Z</time>
			</trkpt>
			<trkpt lat="46.43271219730377" lon="10.672317743301392">
				<ele>2409.39990234375</ele>
				<time>2026-06-26T10:08:57Z</time>
			</trkpt>
			<trkpt lat="46.432711720466614" lon="10.672322034835815">
				<ele>2410.39990234375</ele>
				<time>2026-06-26T10:09:44Z</time>
			</trkpt>
			<trkpt lat="46.43271362781525" lon="10.672338366508484">
				<ele>2409.39990234375</ele>
				<time>2026-06-26T10:10:19Z</time>
			</trkpt>
			<trkpt lat="46.43268346786499" lon="10.672303676605225">
				<ele>2409.60009765625</ele>
				<time>2026-06-26T10:10:32Z</time>
			</trkpt>
			<trkpt lat="46.4326776266098" lon="10.672301054000854">
				<ele>2410.39990234375</ele>
				<time>2026-06-26T10:10:55Z</time>
			</trkpt>
			<trkpt lat="46.432679176330566" lon="10.672198176383972">
				<ele>2410.800048828125</ele>
				<time>2026-06-26T10:11:15Z</time>
			</trkpt>
			<trkpt lat="46.43270802497864" lon="10.672048926353455">
				<ele>2413.199951171875</ele>
				<time>2026-06-26T10:11:33Z</time>
			</trkpt>
			<trkpt lat="46.432748913764954" lon="10.671931862831116">
				<ele>2416.39990234375</ele>
				<time>2026-06-26T10:11:53Z</time>
			</trkpt>
			<trkpt lat="46.43279719352722" lon="10.671844840049744">
				<ele>2419.0</ele>
				<time>2026-06-26T10:12:12Z</time>
			</trkpt>
			<trkpt lat="46.432910323143005" lon="10.671692371368408">
				<ele>2421.60009765625</ele>
				<time>2026-06-26T10:12:33Z</time>
			</trkpt>
			<trkpt lat="46.432976484298706" lon="10.67159903049469">
				<ele>2423.199951171875</ele>
				<time>2026-06-26T10:12:51Z</time>
			</trkpt>
			<trkpt lat="46.433051109313965" lon="10.671563386917114">
				<ele>2425.39990234375</ele>
				<time>2026-06-26T10:13:11Z</time>
			</trkpt>
			<trkpt lat="46.433135747909546" lon="10.671520233154297">
				<ele>2427.199951171875</ele>
				<time>2026-06-26T10:13:29Z</time>
			</trkpt>
			<trkpt lat="46.43310809135437" lon="10.671582460403442">
				<ele>2428.800048828125</ele>
				<time>2026-06-26T10:13:47Z</time>
			</trkpt>
			<trkpt lat="46.43305063247681" lon="10.671718716621399">
				<ele>2431.39990234375</ele>
				<time>2026-06-26T10:14:11Z</time>
			</trkpt>
			<trkpt lat="46.43302392959595" lon="10.671803832054138">
				<ele>2434.0</ele>
				<time>2026-06-26T10:14:32Z</time>
			</trkpt>
			<trkpt lat="46.433053970336914" lon="10.6718088388443">
				<ele>2435.199951171875</ele>
				<time>2026-06-26T10:14:53Z</time>
			</trkpt>
			<trkpt lat="46.433141589164734" lon="10.671756029129028">
				<ele>2437.199951171875</ele>
				<time>2026-06-26T10:15:13Z</time>
			</trkpt>
			<trkpt lat="46.43321621417999" lon="10.671734809875488">
				<ele>2439.0</ele>
				<time>2026-06-26T10:15:34Z</time>
			</trkpt>
			<trkpt lat="46.43329358100891" lon="10.671725273132324">
				<ele>2440.800048828125</ele>
				<time>2026-06-26T10:15:53Z</time>
			</trkpt>
			<trkpt lat="46.43336474895477" lon="10.671658992767334">
				<ele>2441.199951171875</ele>
				<time>2026-06-26T10:16:10Z</time>
			</trkpt>
			<trkpt lat="46.4334442615509" lon="10.671607971191406">
				<ele>2443.0</ele>
				<time>2026-06-26T10:16:30Z</time>
			</trkpt>
			<trkpt lat="46.43347489833832" lon="10.671597957611084">
				<ele>2444.39990234375</ele>
				<time>2026-06-26T10:16:50Z</time>
			</trkpt>
			<trkpt lat="46.43354141712189" lon="10.671568155288696">
				<ele>2445.800048828125</ele>
				<time>2026-06-26T10:17:06Z</time>
			</trkpt>
			<trkpt lat="46.4335902929306" lon="10.671522498130798">
				<ele>2448.199951171875</ele>
				<time>2026-06-26T10:17:29Z</time>
			</trkpt>
			<trkpt lat="46.43363130092621" lon="10.671483874320984">
				<ele>2448.39990234375</ele>
				<time>2026-06-26T10:18:02Z</time>
			</trkpt>
			<trkpt lat="46.433619260787964" lon="10.671568512916565">
				<ele>2450.0</ele>
				<time>2026-06-26T10:18:27Z</time>
			</trkpt>
			<trkpt lat="46.43359839916229" lon="10.671645045280457">
				<ele>2452.199951171875</ele>
				<time>2026-06-26T10:18:51Z</time>
			</trkpt>
			<trkpt lat="46.43355703353882" lon="10.671772122383118">
				<ele>2453.60009765625</ele>
				<time>2026-06-26T10:19:15Z</time>
			</trkpt>
			<trkpt lat="46.43356812000275" lon="10.671826839447021">
				<ele>2455.39990234375</ele>
				<time>2026-06-26T10:19:37Z</time>
			</trkpt>
			<trkpt lat="46.43360733985901" lon="10.671796321868896">
				<ele>2457.60009765625</ele>
				<time>2026-06-26T10:20:10Z</time>
			</trkpt>
			<trkpt lat="46.43371093273163" lon="10.671664476394653">
				<ele>2459.39990234375</ele>
				<time>2026-06-26T10:20:34Z</time>
			</trkpt>
			<trkpt lat="46.433740973472595" lon="10.671618700027466">
				<ele>2459.800048828125</ele>
				<time>2026-06-26T10:20:39Z</time>
			</trkpt>
			<trkpt lat="46.433817744255066" lon="10.671483755111694">
				<ele>2461.39990234375</ele>
				<time>2026-06-26T10:20:54Z</time>
			</trkpt>
			<trkpt lat="46.43386948108673" lon="10.67140281200409">
				<ele>2461.800048828125</ele>
				<time>2026-06-26T10:21:09Z</time>
			</trkpt>
			<trkpt lat="46.43389451503754" lon="10.67140781879425">
				<ele>2463.60009765625</ele>
				<time>2026-06-26T10:21:31Z</time>
			</trkpt>
			<trkpt lat="46.4339679479599" lon="10.6712965965271">
				<ele>2465.0</ele>
				<time>2026-06-26T10:21:50Z</time>
			</trkpt>
			<trkpt lat="46.434004068374634" lon="10.671253561973572">
				<ele>2466.800048828125</ele>
				<time>2026-06-26T10:22:13Z</time>
			</trkpt>
			<trkpt lat="46.43404006958008" lon="10.6711984872818">
				<ele>2468.199951171875</ele>
				<time>2026-06-26T10:22:28Z</time>
			</trkpt>
			<trkpt lat="46.43406355381012" lon="10.671161532402039">
				<ele>2469.60009765625</ele>
				<time>2026-06-26T10:22:51Z</time>
			</trkpt>
			<trkpt lat="46.43414056301117" lon="10.671009063720703">
				<ele>2472.0</ele>
				<time>2026-06-26T10:23:18Z</time>
			</trkpt>
			<trkpt lat="46.434186577796936" lon="10.670933604240417">
				<ele>2474.199951171875</ele>
				<time>2026-06-26T10:23:43Z</time>
			</trkpt>
			<trkpt lat="46.43421745300293" lon="10.670903086662292">
				<ele>2476.0</ele>
				<time>2026-06-26T10:24:03Z</time>
			</trkpt>
			<trkpt lat="46.43428337574005" lon="10.670774817466736">
				<ele>2477.60009765625</ele>
				<time>2026-06-26T10:24:23Z</time>
			</trkpt>
			<trkpt lat="46.434324622154236" lon="10.670722842216492">
				<ele>2479.39990234375</ele>
				<time>2026-06-26T10:24:41Z</time>
			</trkpt>
			<trkpt lat="46.43439221382141" lon="10.670634508132935">
				<ele>2480.39990234375</ele>
				<time>2026-06-26T10:25:07Z</time>
			</trkpt>
			<trkpt lat="46.43444764614105" lon="10.670508861541748">
				<ele>2482.0</ele>
				<time>2026-06-26T10:25:22Z</time>
			</trkpt>
			<trkpt lat="46.43451106548309" lon="10.670426487922668">
				<ele>2483.39990234375</ele>
				<time>2026-06-26T10:25:41Z</time>
			</trkpt>
			<trkpt lat="46.43456411361694" lon="10.67032265663147">
				<ele>2485.60009765625</ele>
				<time>2026-06-26T10:26:00Z</time>
			</trkpt>
			<trkpt lat="46.4346137046814" lon="10.670236706733704">
				<ele>2486.800048828125</ele>
				<time>2026-06-26T10:26:27Z</time>
			</trkpt>
			<trkpt lat="46.434642910957336" lon="10.670149207115173">
				<ele>2487.39990234375</ele>
				<time>2026-06-26T10:26:34Z</time>
			</trkpt>
			<trkpt lat="46.434696078300476" lon="10.669974088668823">
				<ele>2488.0</ele>
				<time>2026-06-26T10:26:48Z</time>
			</trkpt>
			<trkpt lat="46.43474245071411" lon="10.669875621795654">
				<ele>2489.39990234375</ele>
				<time>2026-06-26T10:27:02Z</time>
			</trkpt>
			<trkpt lat="46.434794783592224" lon="10.669798135757446">
				<ele>2490.60009765625</ele>
				<time>2026-06-26T10:27:28Z</time>
			</trkpt>
			<trkpt lat="46.43484592437744" lon="10.669728517532349">
				<ele>2492.60009765625</ele>
				<time>2026-06-26T10:27:47Z</time>
			</trkpt>
			<trkpt lat="46.43489158153534" lon="10.669661164283752">
				<ele>2493.800048828125</ele>
				<time>2026-06-26T10:28:07Z</time>
			</trkpt>
			<trkpt lat="46.43490266799927" lon="10.66963505744934">
				<ele>2494.800048828125</ele>
				<time>2026-06-26T10:28:31Z</time>
			</trkpt>
			<trkpt lat="46.435009121894836" lon="10.669573545455933">
				<ele>2497.39990234375</ele>
				<time>2026-06-26T10:29:09Z</time>
			</trkpt>
			<trkpt lat="46.43507266044617" lon="10.66951870918274">
				<ele>2498.0</ele>
				<time>2026-06-26T10:29:41Z</time>
			</trkpt>
			<trkpt lat="46.43510162830353" lon="10.669485569000244">
				<ele>2499.60009765625</ele>
				<time>2026-06-26T10:29:57Z</time>
			</trkpt>
			<trkpt lat="46.435115814208984" lon="10.669464468955994">
				<ele>2500.60009765625</ele>
				<time>2026-06-26T10:30:35Z</time>
			</trkpt>
			<trkpt lat="46.43519353866577" lon="10.669407486915588">
				<ele>2503.39990234375</ele>
				<time>2026-06-26T10:30:59Z</time>
			</trkpt>
			<trkpt lat="46.43526792526245" lon="10.669333577156067">
				<ele>2505.39990234375</ele>
				<time>2026-06-26T10:31:15Z</time>
			</trkpt>
			<trkpt lat="46.43534255027771" lon="10.669255018234253">
				<ele>2507.199951171875</ele>
				<time>2026-06-26T10:31:30Z</time>
			</trkpt>
			<trkpt lat="46.4353449344635" lon="10.669227123260498">
				<ele>2508.199951171875</ele>
				<time>2026-06-26T10:31:47Z</time>
			</trkpt>
			<trkpt lat="46.435441970825195" lon="10.669136047363281">
				<ele>2509.0</ele>
				<time>2026-06-26T10:32:06Z</time>
			</trkpt>
			<trkpt lat="46.435484528541565" lon="10.669096112251282">
				<ele>2510.800048828125</ele>
				<time>2026-06-26T10:32:27Z</time>
			</trkpt>
			<trkpt lat="46.43551278114319" lon="10.669081091880798">
				<ele>2511.800048828125</ele>
				<time>2026-06-26T10:32:45Z</time>
			</trkpt>
			<trkpt lat="46.43551325798035" lon="10.669122338294983">
				<ele>2512.800048828125</ele>
				<time>2026-06-26T10:33:28Z</time>
			</trkpt>
			<trkpt lat="46.43559396266937" lon="10.669012069702148">
				<ele>2513.800048828125</ele>
				<time>2026-06-26T10:33:54Z</time>
			</trkpt>
			<trkpt lat="46.43567371368408" lon="10.668896794319153">
				<ele>2515.800048828125</ele>
				<time>2026-06-26T10:34:11Z</time>
			</trkpt>
			<trkpt lat="46.435752511024475" lon="10.668795704841614">
				<ele>2518.0</ele>
				<time>2026-06-26T10:34:30Z</time>
			</trkpt>
			<trkpt lat="46.43584716320038" lon="10.6686851978302">
				<ele>2520.199951171875</ele>
				<time>2026-06-26T10:34:51Z</time>
			</trkpt>
			<trkpt lat="46.43588674068451" lon="10.668601393699646">
				<ele>2521.800048828125</ele>
				<time>2026-06-26T10:35:08Z</time>
			</trkpt>
			<trkpt lat="46.43596911430359" lon="10.668484687805176">
				<ele>2523.199951171875</ele>
				<time>2026-06-26T10:35:26Z</time>
			</trkpt>
			<trkpt lat="46.436041951179504" lon="10.668420433998108">
				<ele>2525.0</ele>
				<time>2026-06-26T10:35:46Z</time>
			</trkpt>
			<trkpt lat="46.43606877326965" lon="10.66838824748993">
				<ele>2526.60009765625</ele>
				<time>2026-06-26T10:36:06Z</time>
			</trkpt>
			<trkpt lat="46.436103105545044" lon="10.66838538646698">
				<ele>2527.60009765625</ele>
				<time>2026-06-26T10:36:24Z</time>
			</trkpt>
			<trkpt lat="46.43614864349365" lon="10.668376207351685">
				<ele>2528.60009765625</ele>
				<time>2026-06-26T10:36:39Z</time>
			</trkpt>
			<trkpt lat="46.43615508079529" lon="10.668376922607422">
				<ele>2530.199951171875</ele>
				<time>2026-06-26T10:37:03Z</time>
			</trkpt>
			<trkpt lat="46.436177253723145" lon="10.668340682983398">
				<ele>2531.199951171875</ele>
				<time>2026-06-26T10:37:20Z</time>
			</trkpt>
			<trkpt lat="46.43624031543732" lon="10.66832947731018">
				<ele>2534.0</ele>
				<time>2026-06-26T10:37:57Z</time>
			</trkpt>
			<trkpt lat="46.436280369758606" lon="10.668245434761047">
				<ele>2535.800048828125</ele>
				<time>2026-06-26T10:38:32Z</time>
			</trkpt>
			<trkpt lat="46.43634605407715" lon="10.668223857879639">
				<ele>2537.39990234375</ele>
				<time>2026-06-26T10:38:48Z</time>
			</trkpt>
			<trkpt lat="46.43636727333069" lon="10.668215870857239">
				<ele>2539.39990234375</ele>
				<time>2026-06-26T10:39:08Z</time>
			</trkpt>
			<trkpt lat="46.43642973899841" lon="10.668197989463806">
				<ele>2540.39990234375</ele>
				<time>2026-06-26T10:39:26Z</time>
			</trkpt>
			<trkpt lat="46.43649387359619" lon="10.66811203956604">
				<ele>2543.39990234375</ele>
				<time>2026-06-26T10:39:49Z</time>
			</trkpt>
			<trkpt lat="46.4364994764328" lon="10.668121576309204">
				<ele>2544.39990234375</ele>
				<time>2026-06-26T10:40:15Z</time>
			</trkpt>
			<trkpt lat="46.43649411201477" lon="10.66811978816986">
				<ele>2544.199951171875</ele>
				<time>2026-06-26T10:41:21Z</time>
			</trkpt>
			<trkpt lat="46.43648171424866" lon="10.668219923973083">
				<ele>2543.39990234375</ele>
				<time>2026-06-26T10:42:22Z</time>
			</trkpt>
			<trkpt lat="46.4365428686142" lon="10.66820752620697">
				<ele>2545.60009765625</ele>
				<time>2026-06-26T10:42:38Z</time>
			</trkpt>
			<trkpt lat="46.43662881851196" lon="10.66815960407257">
				<ele>2547.0</ele>
				<time>2026-06-26T10:42:52Z</time>
			</trkpt>
			<trkpt lat="46.436636328697205" lon="10.668147921562195">
				<ele>2547.0</ele>
				<time>2026-06-26T10:42:53Z</time>
			</trkpt>
			<trkpt lat="46.43667685985565" lon="10.668094635009766">
				<ele>2547.199951171875</ele>
				<time>2026-06-26T10:42:59Z</time>
			</trkpt>
			<trkpt lat="46.436750173568726" lon="10.667998552322388">
				<ele>2548.39990234375</ele>
				<time>2026-06-26T10:43:13Z</time>
			</trkpt>
			<trkpt lat="46.43682932853699" lon="10.667821049690247">
				<ele>2550.0</ele>
				<time>2026-06-26T10:43:31Z</time>
			</trkpt>
			<trkpt lat="46.43683111667633" lon="10.667807817459106">
				<ele>2550.0</ele>
				<time>2026-06-26T10:43:32Z</time>
			</trkpt>
			<trkpt lat="46.43682146072388" lon="10.667741298675537">
				<ele>2550.39990234375</ele>
				<time>2026-06-26T10:43:38Z</time>
			</trkpt>
			<trkpt lat="46.43681800365448" lon="10.667715430259705">
				<ele>2550.39990234375</ele>
				<time>2026-06-26T10:43:40Z</time>
			</trkpt>
			<trkpt lat="46.43681824207306" lon="10.667701125144958">
				<ele>2550.60009765625</ele>
				<time>2026-06-26T10:43:41Z</time>
			</trkpt>
			<trkpt lat="46.436821818351746" lon="10.667680025100708">
				<ele>2550.60009765625</ele>
				<time>2026-06-26T10:43:43Z</time>
			</trkpt>
			<trkpt lat="46.436906576156616" lon="10.667518615722656">
				<ele>2551.800048828125</ele>
				<time>2026-06-26T10:43:59Z</time>
			</trkpt>
			<trkpt lat="46.436939120292664" lon="10.667417883872986">
				<ele>2552.0</ele>
				<time>2026-06-26T10:44:07Z</time>
			</trkpt>
			<trkpt lat="46.436949610710144" lon="10.667381286621094">
				<ele>2552.0</ele>
				<time>2026-06-26T10:44:10Z</time>
			</trkpt>
			<trkpt lat="46.43698823451996" lon="10.66726541519165">
				<ele>2552.60009765625</ele>
				<time>2026-06-26T10:44:20Z</time>
			</trkpt>
			<trkpt lat="46.43696475028992" lon="10.667153716087341">
				<ele>2554.0</ele>
				<time>2026-06-26T10:44:32Z</time>
			</trkpt>
			<trkpt lat="46.437002658843994" lon="10.667091369628906">
				<ele>2556.0</ele>
				<time>2026-06-26T10:44:45Z</time>
			</trkpt>
			<trkpt lat="46.43702793121338" lon="10.66702425479889">
				<ele>2557.60009765625</ele>
				<time>2026-06-26T10:45:06Z</time>
			</trkpt>
			<trkpt lat="46.43705725669861" lon="10.666890501976013">
				<ele>2558.800048828125</ele>
				<time>2026-06-26T10:45:21Z</time>
			</trkpt>
			<trkpt lat="46.437066435813904" lon="10.666757583618164">
				<ele>2560.60009765625</ele>
				<time>2026-06-26T10:45:38Z</time>
			</trkpt>
			<trkpt lat="46.437034010887146" lon="10.666684865951538">
				<ele>2563.199951171875</ele>
				<time>2026-06-26T10:46:00Z</time>
			</trkpt>
			<trkpt lat="46.43699789047241" lon="10.666648387908936">
				<ele>2563.199951171875</ele>
				<time>2026-06-26T10:46:06Z</time>
			</trkpt>
			<trkpt lat="46.43693494796753" lon="10.666554808616638">
				<ele>2563.800048828125</ele>
				<time>2026-06-26T10:46:20Z</time>
			</trkpt>
			<trkpt lat="46.43687903881073" lon="10.666449069976807">
				<ele>2565.199951171875</ele>
				<time>2026-06-26T10:46:41Z</time>
			</trkpt>
			<trkpt lat="46.43685531616211" lon="10.666374564170837">
				<ele>2564.800048828125</ele>
				<time>2026-06-26T10:46:48Z</time>
			</trkpt>
			<trkpt lat="46.43683469295502" lon="10.66615355014801">
				<ele>2563.800048828125</ele>
				<time>2026-06-26T10:47:04Z</time>
			</trkpt>
			<trkpt lat="46.43683207035065" lon="10.66608440876007">
				<ele>2563.800048828125</ele>
				<time>2026-06-26T10:47:19Z</time>
			</trkpt>
			<trkpt lat="46.4368439912796" lon="10.666006326675415">
				<ele>2564.0</ele>
				<time>2026-06-26T10:47:37Z</time>
			</trkpt>
			<trkpt lat="46.43684649467468" lon="10.665987849235535">
				<ele>2563.0</ele>
				<time>2026-06-26T10:47:58Z</time>
			</trkpt>
			<trkpt lat="46.43685472011566" lon="10.665956974029541">
				<ele>2563.39990234375</ele>
				<time>2026-06-26T10:48:45Z</time>
			</trkpt>
			<trkpt lat="46.43685841560364" lon="10.665942311286926">
				<ele>2563.39990234375</ele>
				<time>2026-06-26T10:49:31Z</time>
			</trkpt>
			<trkpt lat="46.43685531616211" lon="10.665916681289673">
				<ele>2563.39990234375</ele>
				<time>2026-06-26T10:50:09Z</time>
			</trkpt>
			<trkpt lat="46.43685185909271" lon="10.66588282585144">
				<ele>2563.39990234375</ele>
				<time>2026-06-26T10:50:52Z</time>
			</trkpt>
			<trkpt lat="46.43685019016266" lon="10.665853500366211">
				<ele>2563.39990234375</ele>
				<time>2026-06-26T10:51:36Z</time>
			</trkpt>
			<trkpt lat="46.436851024627686" lon="10.665845155715942">
				<ele>2563.39990234375</ele>
				<time>2026-06-26T10:52:14Z</time>
			</trkpt>
			<trkpt lat="46.43686127662659" lon="10.665863513946533">
				<ele>2563.39990234375</ele>
				<time>2026-06-26T10:52:52Z</time>
			</trkpt>
			<trkpt lat="46.43686890602112" lon="10.665884256362915">
				<ele>2563.60009765625</ele>
				<time>2026-06-26T10:53:21Z</time>
			</trkpt>
			<trkpt lat="46.43686318397522" lon="10.665913343429565">
				<ele>2563.39990234375</ele>
				<time>2026-06-26T10:53:48Z</time>
			</trkpt>
			<trkpt lat="46.43683087825775" lon="10.665930151939392">
				<ele>2563.199951171875</ele>
				<time>2026-06-26T10:54:28Z</time>
			</trkpt>
			<trkpt lat="46.43681013584137" lon="10.665931105613708">
				<ele>2563.0</ele>
				<time>2026-06-26T10:55:03Z</time>
			</trkpt>
			<trkpt lat="46.436784982681274" lon="10.665938138961792">
				<ele>2563.0</ele>
				<time>2026-06-26T10:55:44Z</time>
			</trkpt>
			<trkpt lat="46.43678057193756" lon="10.665953040122986">
				<ele>2562.800048828125</ele>
				<time>2026-06-26T10:56:12Z</time>
			</trkpt>
			<trkpt lat="46.43677341938019" lon="10.665968656539917">
				<ele>2563.199951171875</ele>
				<time>2026-06-26T10:56:54Z</time>
			</trkpt>
			<trkpt lat="46.43676745891571" lon="10.665988683700562">
				<ele>2563.39990234375</ele>
				<time>2026-06-26T10:57:33Z</time>
			</trkpt>
			<trkpt lat="46.43676817417145" lon="10.666011810302734">
				<ele>2563.39990234375</ele>
				<time>2026-06-26T10:58:08Z</time>
			</trkpt>
			<trkpt lat="46.4367653131485" lon="10.666039228439331">
				<ele>2563.199951171875</ele>
				<time>2026-06-26T10:58:48Z</time>
			</trkpt>
			<trkpt lat="46.436755657196045" lon="10.666056990623474">
				<ele>2563.199951171875</ele>
				<time>2026-06-26T10:59:32Z</time>
			</trkpt>
			<trkpt lat="46.4367516040802" lon="10.666072010993958">
				<ele>2562.800048828125</ele>
				<time>2026-06-26T11:00:12Z</time>
			</trkpt>
			<trkpt lat="46.43675363063812" lon="10.666094064712524">
				<ele>2562.800048828125</ele>
				<time>2026-06-26T11:00:46Z</time>
			</trkpt>
			<trkpt lat="46.43674290180206" lon="10.666113495826721">
				<ele>2562.800048828125</ele>
				<time>2026-06-26T11:01:28Z</time>
			</trkpt>
			<trkpt lat="46.43673312664032" lon="10.66612696647644">
				<ele>2562.800048828125</ele>
				<time>2026-06-26T11:02:06Z</time>
			</trkpt>
			<trkpt lat="46.436745047569275" lon="10.666139483451843">
				<ele>2562.39990234375</ele>
				<time>2026-06-26T11:02:47Z</time>
			</trkpt>
			<trkpt lat="46.43676292896271" lon="10.666147708892822">
				<ele>2562.800048828125</ele>
				<time>2026-06-26T11:03:30Z</time>
			</trkpt>
			<trkpt lat="46.43676054477692" lon="10.666130900382996">
				<ele>2562.800048828125</ele>
				<time>2026-06-26T11:04:15Z</time>
			</trkpt>
			<trkpt lat="46.43675756454468" lon="10.666120648384094">
				<ele>2562.800048828125</ele>
				<time>2026-06-26T11:04:57Z</time>
			</trkpt>
			<trkpt lat="46.436752796173096" lon="10.666092872619629">
				<ele>2563.0</ele>
				<time>2026-06-26T11:05:40Z</time>
			</trkpt>
			<trkpt lat="46.43674182891846" lon="10.666088938713074">
				<ele>2562.800048828125</ele>
				<time>2026-06-26T11:06:28Z</time>
			</trkpt>
			<trkpt lat="46.43672573566437" lon="10.666094303131104">
				<ele>2562.60009765625</ele>
				<time>2026-06-26T11:07:15Z</time>
			</trkpt>
			<trkpt lat="46.43671703338623" lon="10.666104435920715">
				<ele>2562.39990234375</ele>
				<time>2026-06-26T11:07:52Z</time>
			</trkpt>
			<trkpt lat="46.43671751022339" lon="10.666104078292847">
				<ele>2562.39990234375</ele>
				<time>2026-06-26T11:08:35Z</time>
			</trkpt>
			<trkpt lat="46.43674087524414" lon="10.666091203689575">
				<ele>2562.39990234375</ele>
				<time>2026-06-26T11:09:25Z</time>
			</trkpt>
			<trkpt lat="46.436769127845764" lon="10.666078209877014">
				<ele>2563.199951171875</ele>
				<time>2026-06-26T11:10:47Z</time>
			</trkpt>
			<trkpt lat="46.436795115470886" lon="10.666066408157349">
				<ele>2563.0</ele>
				<time>2026-06-26T11:12:40Z</time>
			</trkpt>
			<trkpt lat="46.436816573143005" lon="10.666036128997803">
				<ele>2563.199951171875</ele>
				<time>2026-06-26T11:13:30Z</time>
			</trkpt>
			<trkpt lat="46.43682837486267" lon="10.666011333465576">
				<ele>2563.0</ele>
				<time>2026-06-26T11:14:26Z</time>
			</trkpt>
			<trkpt lat="46.4367938041687" lon="10.665967583656311">
				<ele>2562.60009765625</ele>
				<time>2026-06-26T11:15:36Z</time>
			</trkpt>
			<trkpt lat="46.43677592277527" lon="10.665963530540466">
				<ele>2562.39990234375</ele>
				<time>2026-06-26T11:16:52Z</time>
			</trkpt>
			<trkpt lat="46.43678545951843" lon="10.66598391532898">
				<ele>2562.39990234375</ele>
				<time>2026-06-26T11:18:09Z</time>
			</trkpt>
			<trkpt lat="46.43680393695831" lon="10.66600251197815">
				<ele>2562.800048828125</ele>
				<time>2026-06-26T11:18:58Z</time>
			</trkpt>
			<trkpt lat="46.43681490421295" lon="10.666012406349182">
				<ele>2562.800048828125</ele>
				<time>2026-06-26T11:20:02Z</time>
			</trkpt>
			<trkpt lat="46.43679237365723" lon="10.66601288318634">
				<ele>2563.0</ele>
				<time>2026-06-26T11:20:14Z</time>
			</trkpt>
			<trkpt lat="46.43677258491516" lon="10.666001915931702">
				<ele>2563.199951171875</ele>
				<time>2026-06-26T11:20:39Z</time>
			</trkpt>
			<trkpt lat="46.43679988384247" lon="10.666167378425598">
				<ele>2563.0</ele>
				<time>2026-06-26T11:20:57Z</time>
			</trkpt>
			<trkpt lat="46.43680918216705" lon="10.666188836097717">
				<ele>2563.0</ele>
				<time>2026-06-26T11:20:58Z</time>
			</trkpt>
			<trkpt lat="46.436813831329346" lon="10.666208267211914">
				<ele>2563.0</ele>
				<time>2026-06-26T11:20:59Z</time>
			</trkpt>
			<trkpt lat="46.4368200302124" lon="10.666225671768188">
				<ele>2563.0</ele>
				<time>2026-06-26T11:21:00Z</time>
			</trkpt>
			<trkpt lat="46.43682539463043" lon="10.666241884231567">
				<ele>2563.0</ele>
				<time>2026-06-26T11:21:01Z</time>
			</trkpt>
			<trkpt lat="46.436883211135864" lon="10.666489124298096">
				<ele>2563.0</ele>
				<time>2026-06-26T11:21:17Z</time>
			</trkpt>
			<trkpt lat="46.43694841861725" lon="10.66659677028656">
				<ele>2564.199951171875</ele>
				<time>2026-06-26T11:21:29Z</time>
			</trkpt>
			<trkpt lat="46.43696200847626" lon="10.66661512851715">
				<ele>2564.199951171875</ele>
				<time>2026-06-26T11:21:31Z</time>
			</trkpt>
			<trkpt lat="46.436968207359314" lon="10.66662847995758">
				<ele>2564.0</ele>
				<time>2026-06-26T11:21:32Z</time>
			</trkpt>
			<trkpt lat="46.43697488307953" lon="10.666642785072327">
				<ele>2564.0</ele>
				<time>2026-06-26T11:21:33Z</time>
			</trkpt>
			<trkpt lat="46.43697917461395" lon="10.666656374931335">
				<ele>2564.0</ele>
				<time>2026-06-26T11:21:34Z</time>
			</trkpt>
			<trkpt lat="46.43698227405548" lon="10.666671395301819">
				<ele>2563.800048828125</ele>
				<time>2026-06-26T11:21:35Z</time>
			</trkpt>
			<trkpt lat="46.43698704242706" lon="10.666687726974487">
				<ele>2563.60009765625</ele>
				<time>2026-06-26T11:21:36Z</time>
			</trkpt>
			<trkpt lat="46.43701481819153" lon="10.666853427886963">
				<ele>2562.39990234375</ele>
				<time>2026-06-26T11:21:48Z</time>
			</trkpt>
			<trkpt lat="46.43705332279205" lon="10.666935920715332">
				<ele>2560.60009765625</ele>
				<time>2026-06-26T11:22:01Z</time>
			</trkpt>
			<trkpt lat="46.43705940246582" lon="10.666946411132812">
				<ele>2560.60009765625</ele>
				<time>2026-06-26T11:22:02Z</time>
			</trkpt>
			<trkpt lat="46.43707895278931" lon="10.66701877117157">
				<ele>2559.199951171875</ele>
				<time>2026-06-26T11:22:09Z</time>
			</trkpt>
			<trkpt lat="46.437071204185486" lon="10.667046666145325">
				<ele>2558.60009765625</ele>
				<time>2026-06-26T11:22:11Z</time>
			</trkpt>
			<trkpt lat="46.43704855442047" lon="10.667091727256775">
				<ele>2557.0</ele>
				<time>2026-06-26T11:22:24Z</time>
			</trkpt>
			<trkpt lat="46.43705403804779" lon="10.667117476463318">
				<ele>2556.60009765625</ele>
				<time>2026-06-26T11:22:38Z</time>
			</trkpt>
			<trkpt lat="46.437052845954895" lon="10.667133808135986">
				<ele>2556.60009765625</ele>
				<time>2026-06-26T11:22:39Z</time>
			</trkpt>
			<trkpt lat="46.437052845954895" lon="10.667150497436523">
				<ele>2556.60009765625</ele>
				<time>2026-06-26T11:22:40Z</time>
			</trkpt>
			<trkpt lat="46.4370551109314" lon="10.667168021202087">
				<ele>2556.60009765625</ele>
				<time>2026-06-26T11:22:41Z</time>
			</trkpt>
			<trkpt lat="46.43705952167511" lon="10.667183995246887">
				<ele>2556.60009765625</ele>
				<time>2026-06-26T11:22:42Z</time>
			</trkpt>
			<trkpt lat="46.4370653629303" lon="10.667197108268738">
				<ele>2556.60009765625</ele>
				<time>2026-06-26T11:22:43Z</time>
			</trkpt>
			<trkpt lat="46.43706965446472" lon="10.667212009429932">
				<ele>2556.60009765625</ele>
				<time>2026-06-26T11:22:44Z</time>
			</trkpt>
			<trkpt lat="46.43707096576691" lon="10.667229056358337">
				<ele>2556.60009765625</ele>
				<time>2026-06-26T11:22:45Z</time>
			</trkpt>
			<trkpt lat="46.43712091445923" lon="10.667379140853882">
				<ele>2556.39990234375</ele>
				<time>2026-06-26T11:22:57Z</time>
			</trkpt>
			<trkpt lat="46.43712043762207" lon="10.667418360710144">
				<ele>2556.199951171875</ele>
				<time>2026-06-26T11:23:00Z</time>
			</trkpt>
			<trkpt lat="46.4370836019516" lon="10.667532444000244">
				<ele>2556.60009765625</ele>
				<time>2026-06-26T11:23:13Z</time>
			</trkpt>
			<trkpt lat="46.4370676279068" lon="10.66757082939148">
				<ele>2556.60009765625</ele>
				<time>2026-06-26T11:23:17Z</time>
			</trkpt>
			<trkpt lat="46.43705141544342" lon="10.667592883110046">
				<ele>2556.60009765625</ele>
				<time>2026-06-26T11:23:19Z</time>
			</trkpt>
			<trkpt lat="46.437021136283875" lon="10.667628049850464">
				<ele>2556.800048828125</ele>
				<time>2026-06-26T11:23:23Z</time>
			</trkpt>
			<trkpt lat="46.43699312210083" lon="10.667685270309448">
				<ele>2556.800048828125</ele>
				<time>2026-06-26T11:23:29Z</time>
			</trkpt>
			<trkpt lat="46.43698573112488" lon="10.667697072029114">
				<ele>2556.800048828125</ele>
				<time>2026-06-26T11:23:30Z</time>
			</trkpt>
			<trkpt lat="46.43698310852051" lon="10.667737483978271">
				<ele>2556.800048828125</ele>
				<time>2026-06-26T11:23:33Z</time>
			</trkpt>
			<trkpt lat="46.436989068984985" lon="10.667903780937195">
				<ele>2556.39990234375</ele>
				<time>2026-06-26T11:23:46Z</time>
			</trkpt>
			<trkpt lat="46.43694806098938" lon="10.668002843856812">
				<ele>2556.60009765625</ele>
				<time>2026-06-26T11:23:56Z</time>
			</trkpt>
			<trkpt lat="46.43696165084839" lon="10.668108224868774">
				<ele>2557.800048828125</ele>
				<time>2026-06-26T11:24:09Z</time>
			</trkpt>
			<trkpt lat="46.43699502944946" lon="10.668208599090576">
				<ele>2559.800048828125</ele>
				<time>2026-06-26T11:24:24Z</time>
			</trkpt>
			<trkpt lat="46.436991453170776" lon="10.668304562568665">
				<ele>2562.39990234375</ele>
				<time>2026-06-26T11:24:39Z</time>
			</trkpt>
			<trkpt lat="46.43695151805878" lon="10.668484449386597">
				<ele>2564.39990234375</ele>
				<time>2026-06-26T11:24:56Z</time>
			</trkpt>
			<trkpt lat="46.43695044517517" lon="10.668555855751038">
				<ele>2566.0</ele>
				<time>2026-06-26T11:25:11Z</time>
			</trkpt>
			<trkpt lat="46.43694472312927" lon="10.668628215789795">
				<ele>2567.60009765625</ele>
				<time>2026-06-26T11:25:28Z</time>
			</trkpt>
			<trkpt lat="46.436946630477905" lon="10.668697834014893">
				<ele>2569.199951171875</ele>
				<time>2026-06-26T11:25:47Z</time>
			</trkpt>
			<trkpt lat="46.43695688247681" lon="10.668804407119751">
				<ele>2570.199951171875</ele>
				<time>2026-06-26T11:26:10Z</time>
			</trkpt>
			<trkpt lat="46.43695640563965" lon="10.668879985809326">
				<ele>2572.199951171875</ele>
				<time>2026-06-26T11:26:34Z</time>
			</trkpt>
			<trkpt lat="46.43692767620087" lon="10.669001340866089">
				<ele>2574.199951171875</ele>
				<time>2026-06-26T11:26:53Z</time>
			</trkpt>
			<trkpt lat="46.43683934211731" lon="10.669000387191772">
				<ele>2576.199951171875</ele>
				<time>2026-06-26T11:27:11Z</time>
			</trkpt>
			<trkpt lat="46.43682134151459" lon="10.668999552726746">
				<ele>2577.60009765625</ele>
				<time>2026-06-26T11:27:51Z</time>
			</trkpt>
			<trkpt lat="46.43681061267853" lon="10.669110894203186">
				<ele>2579.199951171875</ele>
				<time>2026-06-26T11:28:28Z</time>
			</trkpt>
			<trkpt lat="46.436807513237" lon="10.669177293777466">
				<ele>2580.800048828125</ele>
				<time>2026-06-26T11:28:47Z</time>
			</trkpt>
			<trkpt lat="46.436805963516235" lon="10.669272541999817">
				<ele>2581.199951171875</ele>
				<time>2026-06-26T11:28:55Z</time>
			</trkpt>
			<trkpt lat="46.436806440353394" lon="10.669310331344604">
				<ele>2581.39990234375</ele>
				<time>2026-06-26T11:28:58Z</time>
			</trkpt>
			<trkpt lat="46.436787605285645" lon="10.66942811012268">
				<ele>2583.0</ele>
				<time>2026-06-26T11:29:10Z</time>
			</trkpt>
			<trkpt lat="46.436779618263245" lon="10.66954791545868">
				<ele>2584.60009765625</ele>
				<time>2026-06-26T11:29:21Z</time>
			</trkpt>
			<trkpt lat="46.43676006793976" lon="10.669623494148254">
				<ele>2585.199951171875</ele>
				<time>2026-06-26T11:29:27Z</time>
			</trkpt>
			<trkpt lat="46.43676722049713" lon="10.669785499572754">
				<ele>2586.39990234375</ele>
				<time>2026-06-26T11:29:42Z</time>
			</trkpt>
			<trkpt lat="46.43676459789276" lon="10.669812560081482">
				<ele>2587.39990234375</ele>
				<time>2026-06-26T11:30:00Z</time>
			</trkpt>
			<trkpt lat="46.43678855895996" lon="10.669919490814209">
				<ele>2588.199951171875</ele>
				<time>2026-06-26T11:30:15Z</time>
			</trkpt>
			<trkpt lat="46.43681061267853" lon="10.669995069503784">
				<ele>2589.0</ele>
				<time>2026-06-26T11:30:22Z</time>
			</trkpt>
			<trkpt lat="46.43680441379547" lon="10.670135021209717">
				<ele>2590.60009765625</ele>
				<time>2026-06-26T11:30:35Z</time>
			</trkpt>
			<trkpt lat="46.436774134635925" lon="10.670209288597107">
				<ele>2591.39990234375</ele>
				<time>2026-06-26T11:30:50Z</time>
			</trkpt>
			<trkpt lat="46.43676471710205" lon="10.670248627662659">
				<ele>2591.39990234375</ele>
				<time>2026-06-26T11:30:56Z</time>
			</trkpt>
			<trkpt lat="46.436757922172546" lon="10.67026138305664">
				<ele>2591.60009765625</ele>
				<time>2026-06-26T11:30:57Z</time>
			</trkpt>
			<trkpt lat="46.43675076961517" lon="10.670274376869202">
				<ele>2591.60009765625</ele>
				<time>2026-06-26T11:30:58Z</time>
			</trkpt>
			<trkpt lat="46.43674969673157" lon="10.670287847518921">
				<ele>2591.60009765625</ele>
				<time>2026-06-26T11:30:59Z</time>
			</trkpt>
			<trkpt lat="46.43673896789551" lon="10.67044484615326">
				<ele>2591.800048828125</ele>
				<time>2026-06-26T11:31:13Z</time>
			</trkpt>
			<trkpt lat="46.436728954315186" lon="10.670466303825378">
				<ele>2592.0</ele>
				<time>2026-06-26T11:31:15Z</time>
			</trkpt>
			<trkpt lat="46.43672299385071" lon="10.670480489730835">
				<ele>2592.0</ele>
				<time>2026-06-26T11:31:16Z</time>
			</trkpt>
			<trkpt lat="46.436718702316284" lon="10.670495629310608">
				<ele>2592.199951171875</ele>
				<time>2026-06-26T11:31:17Z</time>
			</trkpt>
			<trkpt lat="46.43671643733978" lon="10.67051076889038">
				<ele>2592.199951171875</ele>
				<time>2026-06-26T11:31:18Z</time>
			</trkpt>
			<trkpt lat="46.436715841293335" lon="10.670525789260864">
				<ele>2592.199951171875</ele>
				<time>2026-06-26T11:31:19Z</time>
			</trkpt>
			<trkpt lat="46.43671369552612" lon="10.670540571212769">
				<ele>2592.39990234375</ele>
				<time>2026-06-26T11:31:20Z</time>
			</trkpt>
			<trkpt lat="46.436707496643066" lon="10.670553803443909">
				<ele>2592.39990234375</ele>
				<time>2026-06-26T11:31:21Z</time>
			</trkpt>
			<trkpt lat="46.43667936325073" lon="10.670694231987">
				<ele>2593.60009765625</ele>
				<time>2026-06-26T11:31:34Z</time>
			</trkpt>
			<trkpt lat="46.436702609062195" lon="10.670759201049805">
				<ele>2595.60009765625</ele>
				<time>2026-06-26T11:31:51Z</time>
			</trkpt>
			<trkpt lat="46.4366717338562" lon="10.670839548110962">
				<ele>2596.800048828125</ele>
				<time>2026-06-26T11:32:13Z</time>
			</trkpt>
			<trkpt lat="46.436678647994995" lon="10.670935273170471">
				<ele>2598.0</ele>
				<time>2026-06-26T11:32:28Z</time>
			</trkpt>
			<trkpt lat="46.43671703338623" lon="10.670996189117432">
				<ele>2600.0</ele>
				<time>2026-06-26T11:32:51Z</time>
			</trkpt>
			<trkpt lat="46.43675112724304" lon="10.67104184627533">
				<ele>2602.0</ele>
				<time>2026-06-26T11:33:20Z</time>
			</trkpt>
			<trkpt lat="46.43670606613159" lon="10.671117901802063">
				<ele>2603.199951171875</ele>
				<time>2026-06-26T11:33:49Z</time>
			</trkpt>
			<trkpt lat="46.436712980270386" lon="10.671235799789429">
				<ele>2605.199951171875</ele>
				<time>2026-06-26T11:34:05Z</time>
			</trkpt>
			<trkpt lat="46.43670165538788" lon="10.67124593257904">
				<ele>2606.60009765625</ele>
				<time>2026-06-26T11:34:27Z</time>
			</trkpt>
			<trkpt lat="46.43667149543762" lon="10.671354413032532">
				<ele>2607.199951171875</ele>
				<time>2026-06-26T11:34:45Z</time>
			</trkpt>
			<trkpt lat="46.43666434288025" lon="10.671365976333618">
				<ele>2607.39990234375</ele>
				<time>2026-06-26T11:34:46Z</time>
			</trkpt>
			<trkpt lat="46.436636328697205" lon="10.671482682228088">
				<ele>2608.0</ele>
				<time>2026-06-26T11:35:00Z</time>
			</trkpt>
			<trkpt lat="46.43661689758301" lon="10.67163622379303">
				<ele>2609.800048828125</ele>
				<time>2026-06-26T11:35:17Z</time>
			</trkpt>
			<trkpt lat="46.43660652637482" lon="10.671658039093018">
				<ele>2611.0</ele>
				<time>2026-06-26T11:35:35Z</time>
			</trkpt>
			<trkpt lat="46.436596155166626" lon="10.671740770339966">
				<ele>2611.39990234375</ele>
				<time>2026-06-26T11:35:56Z</time>
			</trkpt>
			<trkpt lat="46.436596393585205" lon="10.67175817489624">
				<ele>2611.60009765625</ele>
				<time>2026-06-26T11:35:57Z</time>
			</trkpt>
			<trkpt lat="46.436596632003784" lon="10.671774625778198">
				<ele>2611.60009765625</ele>
				<time>2026-06-26T11:35:58Z</time>
			</trkpt>
			<trkpt lat="46.436588764190674" lon="10.671802282333374">
				<ele>2611.60009765625</ele>
				<time>2026-06-26T11:36:00Z</time>
			</trkpt>
			<trkpt lat="46.43658530712128" lon="10.671831488609314">
				<ele>2611.60009765625</ele>
				<time>2026-06-26T11:36:02Z</time>
			</trkpt>
			<trkpt lat="46.436583399772644" lon="10.67184603214264">
				<ele>2611.60009765625</ele>
				<time>2026-06-26T11:36:03Z</time>
			</trkpt>
			<trkpt lat="46.43654477596283" lon="10.671977281570435">
				<ele>2612.0</ele>
				<time>2026-06-26T11:36:15Z</time>
			</trkpt>
			<trkpt lat="46.43649077415466" lon="10.67213261127472">
				<ele>2613.800048828125</ele>
				<time>2026-06-26T11:36:30Z</time>
			</trkpt>
			<trkpt lat="46.43648290634155" lon="10.672215580940247">
				<ele>2615.60009765625</ele>
				<time>2026-06-26T11:36:42Z</time>
			</trkpt>
			<trkpt lat="46.43648290634155" lon="10.672228813171387">
				<ele>2616.60009765625</ele>
				<time>2026-06-26T11:37:10Z</time>
			</trkpt>
			<trkpt lat="46.436452984809875" lon="10.672342300415039">
				<ele>2617.199951171875</ele>
				<time>2026-06-26T11:37:30Z</time>
			</trkpt>
			<trkpt lat="46.43636977672577" lon="10.67243766784668">
				<ele>2617.39990234375</ele>
				<time>2026-06-26T11:37:44Z</time>
			</trkpt>
			<trkpt lat="46.43634343147278" lon="10.672515988349915">
				<ele>2618.0</ele>
				<time>2026-06-26T11:38:05Z</time>
			</trkpt>
			<trkpt lat="46.43632423877716" lon="10.672601461410522">
				<ele>2619.199951171875</ele>
				<time>2026-06-26T11:38:14Z</time>
			</trkpt>
			<trkpt lat="46.436283826828" lon="10.67266047000885">
				<ele>2620.0</ele>
				<time>2026-06-26T11:38:21Z</time>
			</trkpt>
			<trkpt lat="46.43627619743347" lon="10.672671437263489">
				<ele>2620.199951171875</ele>
				<time>2026-06-26T11:38:22Z</time>
			</trkpt>
			<trkpt lat="46.43627095222473" lon="10.672685027122498">
				<ele>2620.199951171875</ele>
				<time>2026-06-26T11:38:23Z</time>
			</trkpt>
			<trkpt lat="46.436227917671204" lon="10.672754406929016">
				<ele>2620.60009765625</ele>
				<time>2026-06-26T11:38:31Z</time>
			</trkpt>
			<trkpt lat="46.436142325401306" lon="10.672858476638794">
				<ele>2622.0</ele>
				<time>2026-06-26T11:38:45Z</time>
			</trkpt>
			<trkpt lat="46.436119556427" lon="10.672881126403809">
				<ele>2623.39990234375</ele>
				<time>2026-06-26T11:39:06Z</time>
			</trkpt>
			<trkpt lat="46.43609690666199" lon="10.672963976860046">
				<ele>2624.60009765625</ele>
				<time>2026-06-26T11:39:30Z</time>
			</trkpt>
			<trkpt lat="46.43607270717621" lon="10.673002481460571">
				<ele>2626.60009765625</ele>
				<time>2026-06-26T11:39:44Z</time>
			</trkpt>
			<trkpt lat="46.43604218959808" lon="10.673030734062195">
				<ele>2627.39990234375</ele>
				<time>2026-06-26T11:40:07Z</time>
			</trkpt>
			<trkpt lat="46.43599307537079" lon="10.673000454902649">
				<ele>2628.800048828125</ele>
				<time>2026-06-26T11:40:25Z</time>
			</trkpt>
			<trkpt lat="46.435922145843506" lon="10.673058986663818">
				<ele>2630.199951171875</ele>
				<time>2026-06-26T11:40:39Z</time>
			</trkpt>
			<trkpt lat="46.43582487106323" lon="10.673097133636475">
				<ele>2630.60009765625</ele>
				<time>2026-06-26T11:40:50Z</time>
			</trkpt>
			<trkpt lat="46.43580746650696" lon="10.6731036901474">
				<ele>2630.800048828125</ele>
				<time>2026-06-26T11:40:52Z</time>
			</trkpt>
			<trkpt lat="46.43576121330261" lon="10.673219323158264">
				<ele>2631.800048828125</ele>
				<time>2026-06-26T11:41:05Z</time>
			</trkpt>
			<trkpt lat="46.435760378837585" lon="10.673233032226562">
				<ele>2633.60009765625</ele>
				<time>2026-06-26T11:41:27Z</time>
			</trkpt>
			<trkpt lat="46.43578064441681" lon="10.67332923412323">
				<ele>2634.199951171875</ele>
				<time>2026-06-26T11:41:43Z</time>
			</trkpt>
			<trkpt lat="46.43582284450531" lon="10.67339015007019">
				<ele>2635.800048828125</ele>
				<time>2026-06-26T11:42:03Z</time>
			</trkpt>
			<trkpt lat="46.43588197231293" lon="10.673449993133545">
				<ele>2638.0</ele>
				<time>2026-06-26T11:42:29Z</time>
			</trkpt>
			<trkpt lat="46.43587362766266" lon="10.673554182052612">
				<ele>2640.199951171875</ele>
				<time>2026-06-26T11:42:46Z</time>
			</trkpt>
			<trkpt lat="46.43587791919708" lon="10.673542737960815">
				<ele>2640.800048828125</ele>
				<time>2026-06-26T11:43:04Z</time>
			</trkpt>
			<trkpt lat="46.43586707115173" lon="10.673525094985962">
				<ele>2640.800048828125</ele>
				<time>2026-06-26T11:43:46Z</time>
			</trkpt>
			<trkpt lat="46.435837388038635" lon="10.673584699630737">
				<ele>2640.800048828125</ele>
				<time>2026-06-26T11:44:20Z</time>
			</trkpt>
			<trkpt lat="46.435800194740295" lon="10.67371141910553">
				<ele>2643.0</ele>
				<time>2026-06-26T11:44:37Z</time>
			</trkpt>
			<trkpt lat="46.43575870990753" lon="10.673843026161194">
				<ele>2645.39990234375</ele>
				<time>2026-06-26T11:44:55Z</time>
			</trkpt>
			<trkpt lat="46.435742020606995" lon="10.67386782169342">
				<ele>2647.199951171875</ele>
				<time>2026-06-26T11:45:14Z</time>
			</trkpt>
			<trkpt lat="46.43571126461029" lon="10.673935413360596">
				<ele>2648.199951171875</ele>
				<time>2026-06-26T11:45:36Z</time>
			</trkpt>
			<trkpt lat="46.43569552898407" lon="10.67394208908081">
				<ele>2650.0</ele>
				<time>2026-06-26T11:45:53Z</time>
			</trkpt>
			<trkpt lat="46.43568408489227" lon="10.674055933952332">
				<ele>2651.60009765625</ele>
				<time>2026-06-26T11:46:19Z</time>
			</trkpt>
			<trkpt lat="46.43570375442505" lon="10.674117684364319">
				<ele>2653.39990234375</ele>
				<time>2026-06-26T11:46:35Z</time>
			</trkpt>
			<trkpt lat="46.43572545051575" lon="10.674156904220581">
				<ele>2655.39990234375</ele>
				<time>2026-06-26T11:46:52Z</time>
			</trkpt>
			<trkpt lat="46.43577194213867" lon="10.674232840538025">
				<ele>2657.0</ele>
				<time>2026-06-26T11:47:06Z</time>
			</trkpt>
			<trkpt lat="46.4358092546463" lon="10.67429530620575">
				<ele>2659.0</ele>
				<time>2026-06-26T11:47:22Z</time>
			</trkpt>
			<trkpt lat="46.435818552970886" lon="10.67430067062378">
				<ele>2658.800048828125</ele>
				<time>2026-06-26T11:47:41Z</time>
			</trkpt>
			<trkpt lat="46.435821294784546" lon="10.67429268360138">
				<ele>2658.800048828125</ele>
				<time>2026-06-26T11:48:12Z</time>
			</trkpt>
			<trkpt lat="46.435829520225525" lon="10.674286723136902">
				<ele>2659.199951171875</ele>
				<time>2026-06-26T11:49:25Z</time>
			</trkpt>
			<trkpt lat="46.435832381248474" lon="10.674307227134705">
				<ele>2659.0</ele>
				<time>2026-06-26T11:50:15Z</time>
			</trkpt>
			<trkpt lat="46.43581414222717" lon="10.674299001693726">
				<ele>2659.199951171875</ele>
				<time>2026-06-26T11:50:53Z</time>
			</trkpt>
			<trkpt lat="46.435879945755005" lon="10.674220561981201">
				<ele>2660.0</ele>
				<time>2026-06-26T11:51:06Z</time>
			</trkpt>
			<trkpt lat="46.435895800590515" lon="10.67420244216919">
				<ele>2660.0</ele>
				<time>2026-06-26T11:51:08Z</time>
			</trkpt>
			<trkpt lat="46.4359393119812" lon="10.674152851104736">
				<ele>2660.800048828125</ele>
				<time>2026-06-26T11:51:22Z</time>
			</trkpt>
			<trkpt lat="46.43593347072601" lon="10.674150705337524">
				<ele>2661.199951171875</ele>
				<time>2026-06-26T11:51:39Z</time>
			</trkpt>
			<trkpt lat="46.43595552444458" lon="10.6741304397583">
				<ele>2661.199951171875</ele>
				<time>2026-06-26T11:51:54Z</time>
			</trkpt>
			<trkpt lat="46.43596374988556" lon="10.67411994934082">
				<ele>2661.199951171875</ele>
				<time>2026-06-26T11:51:55Z</time>
			</trkpt>
			<trkpt lat="46.43598246574402" lon="10.674108982086182">
				<ele>2661.39990234375</ele>
				<time>2026-06-26T11:51:57Z</time>
			</trkpt>
			<trkpt lat="46.43599283695221" lon="10.67410409450531">
				<ele>2661.39990234375</ele>
				<time>2026-06-26T11:51:58Z</time>
			</trkpt>
			<trkpt lat="46.436107754707336" lon="10.674055099487305">
				<ele>2662.199951171875</ele>
				<time>2026-06-26T11:52:10Z</time>
			</trkpt>
			<trkpt lat="46.43621015548706" lon="10.674012422561646">
				<ele>2663.39990234375</ele>
				<time>2026-06-26T11:52:19Z</time>
			</trkpt>
			<trkpt lat="46.43622064590454" lon="10.674004912376404">
				<ele>2663.39990234375</ele>
				<time>2026-06-26T11:52:20Z</time>
			</trkpt>
			<trkpt lat="46.43624019622803" lon="10.673993945121765">
				<ele>2663.800048828125</ele>
				<time>2026-06-26T11:52:22Z</time>
			</trkpt>
			<trkpt lat="46.43625235557556" lon="10.673989057540894">
				<ele>2664.0</ele>
				<time>2026-06-26T11:52:23Z</time>
			</trkpt>
			<trkpt lat="46.43626356124878" lon="10.673986077308655">
				<ele>2664.199951171875</ele>
				<time>2026-06-26T11:52:24Z</time>
			</trkpt>
			<trkpt lat="46.43627393245697" lon="10.673978805541992">
				<ele>2664.39990234375</ele>
				<time>2026-06-26T11:52:25Z</time>
			</trkpt>
			<trkpt lat="46.43628513813019" lon="10.673973083496094">
				<ele>2664.60009765625</ele>
				<time>2026-06-26T11:52:26Z</time>
			</trkpt>
			<trkpt lat="46.43633460998535" lon="10.673950910568237">
				<ele>2665.60009765625</ele>
				<time>2026-06-26T11:52:31Z</time>
			</trkpt>
			<trkpt lat="46.436355233192444" lon="10.67393946647644">
				<ele>2665.800048828125</ele>
				<time>2026-06-26T11:52:33Z</time>
			</trkpt>
			<trkpt lat="46.43636679649353" lon="10.6739342212677">
				<ele>2666.0</ele>
				<time>2026-06-26T11:52:34Z</time>
			</trkpt>
			<trkpt lat="46.43640637397766" lon="10.673908233642578">
				<ele>2666.60009765625</ele>
				<time>2026-06-26T11:52:38Z</time>
			</trkpt>
			<trkpt lat="46.436418414115906" lon="10.673905849456787">
				<ele>2666.800048828125</ele>
				<time>2026-06-26T11:52:39Z</time>
			</trkpt>
			<trkpt lat="46.436428904533386" lon="10.673903107643127">
				<ele>2667.0</ele>
				<time>2026-06-26T11:52:40Z</time>
			</trkpt>
			<trkpt lat="46.43643796443939" lon="10.67389690876007">
				<ele>2667.199951171875</ele>
				<time>2026-06-26T11:52:41Z</time>
			</trkpt>
			<trkpt lat="46.436455726623535" lon="10.673887014389038">
				<ele>2667.60009765625</ele>
				<time>2026-06-26T11:52:43Z</time>
			</trkpt>
			<trkpt lat="46.43646585941315" lon="10.673889517784119">
				<ele>2667.800048828125</ele>
				<time>2026-06-26T11:52:44Z</time>
			</trkpt>
			<trkpt lat="46.43648386001587" lon="10.673888444900513">
				<ele>2668.0</ele>
				<time>2026-06-26T11:52:46Z</time>
			</trkpt>
			<trkpt lat="46.43649351596832" lon="10.673884630203247">
				<ele>2668.199951171875</ele>
				<time>2026-06-26T11:52:47Z</time>
			</trkpt>
			<trkpt lat="46.43650460243225" lon="10.673885703086853">
				<ele>2668.39990234375</ele>
				<time>2026-06-26T11:52:48Z</time>
			</trkpt>
			<trkpt lat="46.43651640415192" lon="10.673890113830566">
				<ele>2668.39990234375</ele>
				<time>2026-06-26T11:52:49Z</time>
			</trkpt>
			<trkpt lat="46.436527490615845" lon="10.673895835876465">
				<ele>2668.60009765625</ele>
				<time>2026-06-26T11:52:50Z</time>
			</trkpt>
			<trkpt lat="46.43656659126282" lon="10.673900604248047">
				<ele>2669.0</ele>
				<time>2026-06-26T11:52:54Z</time>
			</trkpt>
			<trkpt lat="46.436617732048035" lon="10.673896789550781">
				<ele>2669.199951171875</ele>
				<time>2026-06-26T11:52:59Z</time>
			</trkpt>
			<trkpt lat="46.43677282333374" lon="10.673962593078613">
				<ele>2669.800048828125</ele>
				<time>2026-06-26T11:53:16Z</time>
			</trkpt>
			<trkpt lat="46.436856269836426" lon="10.6739901304245">
				<ele>2670.0</ele>
				<time>2026-06-26T11:53:35Z</time>
			</trkpt>
			<trkpt lat="46.4368656873703" lon="10.67398738861084">
				<ele>2670.0</ele>
				<time>2026-06-26T11:53:36Z</time>
			</trkpt>
			<trkpt lat="46.43687689304352" lon="10.673983931541443">
				<ele>2669.800048828125</ele>
				<time>2026-06-26T11:53:37Z</time>
			</trkpt>
			<trkpt lat="46.43688774108887" lon="10.673979759216309">
				<ele>2669.800048828125</ele>
				<time>2026-06-26T11:53:38Z</time>
			</trkpt>
			<trkpt lat="46.43701112270355" lon="10.673940658569336">
				<ele>2668.199951171875</ele>
				<time>2026-06-26T11:53:52Z</time>
			</trkpt>
			<trkpt lat="46.437052488327026" lon="10.673982501029968">
				<ele>2667.60009765625</ele>
				<time>2026-06-26T11:54:09Z</time>
			</trkpt>
			<trkpt lat="46.43706727027893" lon="10.673991084098816">
				<ele>2667.800048828125</ele>
				<time>2026-06-26T11:54:28Z</time>
			</trkpt>
			<trkpt lat="46.437063336372375" lon="10.674047589302063">
				<ele>2668.0</ele>
				<time>2026-06-26T11:54:39Z</time>
			</trkpt>
			<trkpt lat="46.437020897865295" lon="10.674121737480164">
				<ele>2667.199951171875</ele>
				<time>2026-06-26T11:54:46Z</time>
			</trkpt>
			<trkpt lat="46.43699777126312" lon="10.674192309379578">
				<ele>2666.800048828125</ele>
				<time>2026-06-26T11:54:52Z</time>
			</trkpt>
			<trkpt lat="46.43699109554291" lon="10.674312591552734">
				<ele>2665.199951171875</ele>
				<time>2026-06-26T11:55:02Z</time>
			</trkpt>
			<trkpt lat="46.436877608299255" lon="10.674387216567993">
				<ele>2663.0</ele>
				<time>2026-06-26T11:55:14Z</time>
			</trkpt>
			<trkpt lat="46.43677592277527" lon="10.67437469959259">
				<ele>2662.39990234375</ele>
				<time>2026-06-26T11:55:24Z</time>
			</trkpt>
			<trkpt lat="46.43676483631134" lon="10.67437207698822">
				<ele>2662.39990234375</ele>
				<time>2026-06-26T11:55:25Z</time>
			</trkpt>
			<trkpt lat="46.43675339221954" lon="10.67437207698822">
				<ele>2662.199951171875</ele>
				<time>2026-06-26T11:55:26Z</time>
			</trkpt>
			<trkpt lat="46.43671441078186" lon="10.674366354942322">
				<ele>2661.800048828125</ele>
				<time>2026-06-26T11:55:30Z</time>
			</trkpt>
			<trkpt lat="46.4367036819458" lon="10.674360632896423">
				<ele>2661.60009765625</ele>
				<time>2026-06-26T11:55:31Z</time>
			</trkpt>
			<trkpt lat="46.43669319152832" lon="10.674357175827026">
				<ele>2661.60009765625</ele>
				<time>2026-06-26T11:55:32Z</time>
			</trkpt>
			<trkpt lat="46.43668258190155" lon="10.674356460571289">
				<ele>2661.39990234375</ele>
				<time>2026-06-26T11:55:33Z</time>
			</trkpt>
			<trkpt lat="46.43666195869446" lon="10.674361109733582">
				<ele>2661.0</ele>
				<time>2026-06-26T11:55:35Z</time>
			</trkpt>
			<trkpt lat="46.43665099143982" lon="10.674367427825928">
				<ele>2660.800048828125</ele>
				<time>2026-06-26T11:55:36Z</time>
			</trkpt>
			<trkpt lat="46.43664014339447" lon="10.67436933517456">
				<ele>2660.60009765625</ele>
				<time>2026-06-26T11:55:37Z</time>
			</trkpt>
			<trkpt lat="46.43662941455841" lon="10.674370408058167">
				<ele>2660.39990234375</ele>
				<time>2026-06-26T11:55:38Z</time>
			</trkpt>
			<trkpt lat="46.43661904335022" lon="10.674374341964722">
				<ele>2660.199951171875</ele>
				<time>2026-06-26T11:55:39Z</time>
			</trkpt>
			<trkpt lat="46.43660819530487" lon="10.674378037452698">
				<ele>2660.0</ele>
				<time>2026-06-26T11:55:40Z</time>
			</trkpt>
			<trkpt lat="46.43659722805023" lon="10.674379825592041">
				<ele>2659.800048828125</ele>
				<time>2026-06-26T11:55:41Z</time>
			</trkpt>
			<trkpt lat="46.43643605709076" lon="10.674380421638489">
				<ele>2656.800048828125</ele>
				<time>2026-06-26T11:55:57Z</time>
			</trkpt>
			<trkpt lat="46.43628215789795" lon="10.674367904663086">
				<ele>2654.39990234375</ele>
				<time>2026-06-26T11:56:13Z</time>
			</trkpt>
			<trkpt lat="46.43626427650452" lon="10.67437744140625">
				<ele>2654.199951171875</ele>
				<time>2026-06-26T11:56:15Z</time>
			</trkpt>
			<trkpt lat="46.436187744140625" lon="10.674416899681091">
				<ele>2652.800048828125</ele>
				<time>2026-06-26T11:56:33Z</time>
			</trkpt>
			<trkpt lat="46.43613302707672" lon="10.674468636512756">
				<ele>2651.60009765625</ele>
				<time>2026-06-26T11:57:10Z</time>
			</trkpt>
			<trkpt lat="46.43607568740845" lon="10.674535989761353">
				<ele>2650.39990234375</ele>
				<time>2026-06-26T11:57:17Z</time>
			</trkpt>
			<trkpt lat="46.43606925010681" lon="10.674550890922546">
				<ele>2650.199951171875</ele>
				<time>2026-06-26T11:57:18Z</time>
			</trkpt>
			<trkpt lat="46.4360636472702" lon="10.674567580223083">
				<ele>2650.199951171875</ele>
				<time>2026-06-26T11:57:19Z</time>
			</trkpt>
			<trkpt lat="46.43605720996857" lon="10.674582958221436">
				<ele>2649.800048828125</ele>
				<time>2026-06-26T11:57:20Z</time>
			</trkpt>
			<trkpt lat="46.43605148792267" lon="10.674598813056946">
				<ele>2649.60009765625</ele>
				<time>2026-06-26T11:57:21Z</time>
			</trkpt>
			<trkpt lat="46.43603539466858" lon="10.674682140350342">
				<ele>2648.39990234375</ele>
				<time>2026-06-26T11:57:27Z</time>
			</trkpt>
			<trkpt lat="46.43601715564728" lon="10.674726128578186">
				<ele>2647.60009765625</ele>
				<time>2026-06-26T11:57:31Z</time>
			</trkpt>
			<trkpt lat="46.43600881099701" lon="10.674738883972168">
				<ele>2647.60009765625</ele>
				<time>2026-06-26T11:57:32Z</time>
			</trkpt>
			<trkpt lat="46.436004877090454" lon="10.674773931503296">
				<ele>2646.800048828125</ele>
				<time>2026-06-26T11:57:35Z</time>
			</trkpt>
			<trkpt lat="46.43600654602051" lon="10.674787759780884">
				<ele>2646.60009765625</ele>
				<time>2026-06-26T11:57:36Z</time>
			</trkpt>
			<trkpt lat="46.43596601486206" lon="10.674860954284668">
				<ele>2644.39990234375</ele>
				<time>2026-06-26T11:57:47Z</time>
			</trkpt>
			<trkpt lat="46.43595802783966" lon="10.674920916557312">
				<ele>2643.199951171875</ele>
				<time>2026-06-26T11:57:52Z</time>
			</trkpt>
			<trkpt lat="46.4359472990036" lon="10.674959182739258">
				<ele>2642.60009765625</ele>
				<time>2026-06-26T11:57:55Z</time>
			</trkpt>
			<trkpt lat="46.43593406677246" lon="10.674990177154541">
				<ele>2642.199951171875</ele>
				<time>2026-06-26T11:57:57Z</time>
			</trkpt>
			<trkpt lat="46.435922503471375" lon="10.675002932548523">
				<ele>2642.0</ele>
				<time>2026-06-26T11:57:58Z</time>
			</trkpt>
			<trkpt lat="46.43591344356537" lon="10.675013780593872">
				<ele>2641.800048828125</ele>
				<time>2026-06-26T11:57:59Z</time>
			</trkpt>
			<trkpt lat="46.43590688705444" lon="10.675025701522827">
				<ele>2641.60009765625</ele>
				<time>2026-06-26T11:58:00Z</time>
			</trkpt>
			<trkpt lat="46.435890793800354" lon="10.675042390823364">
				<ele>2641.0</ele>
				<time>2026-06-26T11:58:02Z</time>
			</trkpt>
			<trkpt lat="46.435843110084534" lon="10.675154566764832">
				<ele>2639.60009765625</ele>
				<time>2026-06-26T11:58:12Z</time>
			</trkpt>
			<trkpt lat="46.43584322929382" lon="10.675169944763184">
				<ele>2639.39990234375</ele>
				<time>2026-06-26T11:58:13Z</time>
			</trkpt>
			<trkpt lat="46.43583381175995" lon="10.675218224525452">
				<ele>2638.800048828125</ele>
				<time>2026-06-26T11:58:17Z</time>
			</trkpt>
			<trkpt lat="46.43583929538727" lon="10.675232410430908">
				<ele>2638.800048828125</ele>
				<time>2026-06-26T11:58:18Z</time>
			</trkpt>
			<trkpt lat="46.43583834171295" lon="10.67524790763855">
				<ele>2638.60009765625</ele>
				<time>2026-06-26T11:58:19Z</time>
			</trkpt>
			<trkpt lat="46.4358332157135" lon="10.675262331962585">
				<ele>2638.39990234375</ele>
				<time>2026-06-26T11:58:20Z</time>
			</trkpt>
			<trkpt lat="46.43582725524902" lon="10.67527687549591">
				<ele>2638.199951171875</ele>
				<time>2026-06-26T11:58:21Z</time>
			</trkpt>
			<trkpt lat="46.43582010269165" lon="10.675289750099182">
				<ele>2638.0</ele>
				<time>2026-06-26T11:58:22Z</time>
			</trkpt>
			<trkpt lat="46.4358127117157" lon="10.675301671028137">
				<ele>2637.800048828125</ele>
				<time>2026-06-26T11:58:23Z</time>
			</trkpt>
			<trkpt lat="46.43577563762665" lon="10.675362467765808">
				<ele>2637.0</ele>
				<time>2026-06-26T11:58:29Z</time>
			</trkpt>
			<trkpt lat="46.435755610466" lon="10.67538833618164">
				<ele>2636.800048828125</ele>
				<time>2026-06-26T11:58:32Z</time>
			</trkpt>
			<trkpt lat="46.435752630233765" lon="10.675403475761414">
				<ele>2636.60009765625</ele>
				<time>2026-06-26T11:58:33Z</time>
			</trkpt>
			<trkpt lat="46.43574523925781" lon="10.675415873527527">
				<ele>2636.39990234375</ele>
				<time>2026-06-26T11:58:34Z</time>
			</trkpt>
			<trkpt lat="46.43573188781738" lon="10.675421357154846">
				<ele>2636.199951171875</ele>
				<time>2026-06-26T11:58:35Z</time>
			</trkpt>
			<trkpt lat="46.43571937084198" lon="10.67542839050293">
				<ele>2636.199951171875</ele>
				<time>2026-06-26T11:58:36Z</time>
			</trkpt>
			<trkpt lat="46.435709834098816" lon="10.675440549850464">
				<ele>2636.0</ele>
				<time>2026-06-26T11:58:37Z</time>
			</trkpt>
			<trkpt lat="46.43570363521576" lon="10.675456643104553">
				<ele>2635.800048828125</ele>
				<time>2026-06-26T11:58:38Z</time>
			</trkpt>
			<trkpt lat="46.43570017814636" lon="10.675472378730774">
				<ele>2635.60009765625</ele>
				<time>2026-06-26T11:58:39Z</time>
			</trkpt>
			<trkpt lat="46.435696840286255" lon="10.675490260124207">
				<ele>2635.39990234375</ele>
				<time>2026-06-26T11:58:40Z</time>
			</trkpt>
			<trkpt lat="46.43566703796387" lon="10.67559814453125">
				<ele>2633.800048828125</ele>
				<time>2026-06-26T11:58:47Z</time>
			</trkpt>
			<trkpt lat="46.435649156570435" lon="10.675632238388062">
				<ele>2633.39990234375</ele>
				<time>2026-06-26T11:58:50Z</time>
			</trkpt>
			<trkpt lat="46.43564331531525" lon="10.675647258758545">
				<ele>2633.199951171875</ele>
				<time>2026-06-26T11:58:51Z</time>
			</trkpt>
			<trkpt lat="46.435635566711426" lon="10.675659418106079">
				<ele>2633.0</ele>
				<time>2026-06-26T11:58:52Z</time>
			</trkpt>
			<trkpt lat="46.435619711875916" lon="10.675664067268372">
				<ele>2632.800048828125</ele>
				<time>2026-06-26T11:58:54Z</time>
			</trkpt>
			<trkpt lat="46.43557250499725" lon="10.675668239593506">
				<ele>2632.199951171875</ele>
				<time>2026-06-26T11:58:58Z</time>
			</trkpt>
			<trkpt lat="46.435513377189636" lon="10.675753712654114">
				<ele>2631.199951171875</ele>
				<time>2026-06-26T11:59:05Z</time>
			</trkpt>
			<trkpt lat="46.43550932407379" lon="10.675774216651917">
				<ele>2631.0</ele>
				<time>2026-06-26T11:59:06Z</time>
			</trkpt>
			<trkpt lat="46.43550527095795" lon="10.675790548324585">
				<ele>2631.0</ele>
				<time>2026-06-26T11:59:07Z</time>
			</trkpt>
			<trkpt lat="46.435497879981995" lon="10.67580246925354">
				<ele>2630.800048828125</ele>
				<time>2026-06-26T11:59:08Z</time>
			</trkpt>
			<trkpt lat="46.43548929691315" lon="10.675814270973206">
				<ele>2630.60009765625</ele>
				<time>2026-06-26T11:59:09Z</time>
			</trkpt>
			<trkpt lat="46.43548238277435" lon="10.67582881450653">
				<ele>2630.39990234375</ele>
				<time>2026-06-26T11:59:10Z</time>
			</trkpt>
			<trkpt lat="46.435476541519165" lon="10.675843596458435">
				<ele>2630.199951171875</ele>
				<time>2026-06-26T11:59:11Z</time>
			</trkpt>
			<trkpt lat="46.4354681968689" lon="10.675854086875916">
				<ele>2630.0</ele>
				<time>2026-06-26T11:59:12Z</time>
			</trkpt>
			<trkpt lat="46.43540048599243" lon="10.675932049751282">
				<ele>2628.60009765625</ele>
				<time>2026-06-26T11:59:20Z</time>
			</trkpt>
			<trkpt lat="46.43539822101593" lon="10.675963044166565">
				<ele>2628.39990234375</ele>
				<time>2026-06-26T11:59:22Z</time>
			</trkpt>
			<trkpt lat="46.43544149398804" lon="10.676112413406372">
				<ele>2626.800048828125</ele>
				<time>2026-06-26T11:59:36Z</time>
			</trkpt>
			<trkpt lat="46.43544948101044" lon="10.676314115524292">
				<ele>2626.199951171875</ele>
				<time>2026-06-26T11:59:49Z</time>
			</trkpt>
			<trkpt lat="46.43543255329132" lon="10.67636227607727">
				<ele>2626.199951171875</ele>
				<time>2026-06-26T11:59:53Z</time>
			</trkpt>
			<trkpt lat="46.435420751571655" lon="10.676572322845459">
				<ele>2626.800048828125</ele>
				<time>2026-06-26T12:00:07Z</time>
			</trkpt>
			<trkpt lat="46.43537104129791" lon="10.676778316497803">
				<ele>2624.39990234375</ele>
				<time>2026-06-26T12:00:23Z</time>
			</trkpt>
			<trkpt lat="46.43535792827606" lon="10.676823139190674">
				<ele>2624.199951171875</ele>
				<time>2026-06-26T12:00:26Z</time>
			</trkpt>
			<trkpt lat="46.43532586097717" lon="10.676923871040344">
				<ele>2622.0</ele>
				<time>2026-06-26T12:00:41Z</time>
			</trkpt>
			<trkpt lat="46.43532466888428" lon="10.676947712898254">
				<ele>2621.60009765625</ele>
				<time>2026-06-26T12:00:43Z</time>
			</trkpt>
			<trkpt lat="46.43534183502197" lon="10.676975131034851">
				<ele>2621.0</ele>
				<time>2026-06-26T12:00:46Z</time>
			</trkpt>
			<trkpt lat="46.43539297580719" lon="10.677061915397644">
				<ele>2619.39990234375</ele>
				<time>2026-06-26T12:00:56Z</time>
			</trkpt>
			<trkpt lat="46.435418486595154" lon="10.677180051803589">
				<ele>2616.39990234375</ele>
				<time>2026-06-26T12:01:13Z</time>
			</trkpt>
			<trkpt lat="46.4354122877121" lon="10.677273750305176">
				<ele>2614.0</ele>
				<time>2026-06-26T12:01:28Z</time>
			</trkpt>
			<trkpt lat="46.43542122840881" lon="10.677297592163086">
				<ele>2613.60009765625</ele>
				<time>2026-06-26T12:01:30Z</time>
			</trkpt>
			<trkpt lat="46.43543004989624" lon="10.67736029624939">
				<ele>2612.39990234375</ele>
				<time>2026-06-26T12:01:37Z</time>
			</trkpt>
			<trkpt lat="46.4354385137558" lon="10.677384734153748">
				<ele>2612.199951171875</ele>
				<time>2026-06-26T12:01:39Z</time>
			</trkpt>
			<trkpt lat="46.43544578552246" lon="10.67742109298706">
				<ele>2611.60009765625</ele>
				<time>2026-06-26T12:01:42Z</time>
			</trkpt>
			<trkpt lat="46.43544280529022" lon="10.67747700214386">
				<ele>2610.800048828125</ele>
				<time>2026-06-26T12:01:46Z</time>
			</trkpt>
			<trkpt lat="46.43544328212738" lon="10.677491068840027">
				<ele>2610.60009765625</ele>
				<time>2026-06-26T12:01:47Z</time>
			</trkpt>
			<trkpt lat="46.43543994426727" lon="10.677505373954773">
				<ele>2610.39990234375</ele>
				<time>2026-06-26T12:01:48Z</time>
			</trkpt>
			<trkpt lat="46.4354053735733" lon="10.67768144607544">
				<ele>2610.199951171875</ele>
				<time>2026-06-26T12:02:01Z</time>
			</trkpt>
			<trkpt lat="46.435402393341064" lon="10.677712559700012">
				<ele>2610.199951171875</ele>
				<time>2026-06-26T12:02:03Z</time>
			</trkpt>
			<trkpt lat="46.435407280921936" lon="10.677730083465576">
				<ele>2610.199951171875</ele>
				<time>2026-06-26T12:02:04Z</time>
			</trkpt>
			<trkpt lat="46.43541407585144" lon="10.677746057510376">
				<ele>2610.199951171875</ele>
				<time>2026-06-26T12:02:05Z</time>
			</trkpt>
			<trkpt lat="46.435418367385864" lon="10.677759170532227">
				<ele>2610.0</ele>
				<time>2026-06-26T12:02:06Z</time>
			</trkpt>
			<trkpt lat="46.43542206287384" lon="10.677773475646973">
				<ele>2610.0</ele>
				<time>2026-06-26T12:02:07Z</time>
			</trkpt>
			<trkpt lat="46.43542695045471" lon="10.677786946296692">
				<ele>2610.0</ele>
				<time>2026-06-26T12:02:08Z</time>
			</trkpt>
			<trkpt lat="46.43543255329132" lon="10.677799820899963">
				<ele>2609.800048828125</ele>
				<time>2026-06-26T12:02:09Z</time>
			</trkpt>
			<trkpt lat="46.43543469905853" lon="10.677814602851868">
				<ele>2609.800048828125</ele>
				<time>2026-06-26T12:02:10Z</time>
			</trkpt>
			<trkpt lat="46.4354293346405" lon="10.677918195724487">
				<ele>2609.199951171875</ele>
				<time>2026-06-26T12:02:18Z</time>
			</trkpt>
			<trkpt lat="46.43543779850006" lon="10.678020000457764">
				<ele>2609.39990234375</ele>
				<time>2026-06-26T12:02:27Z</time>
			</trkpt>
			<trkpt lat="46.43544018268585" lon="10.678035140037537">
				<ele>2609.39990234375</ele>
				<time>2026-06-26T12:02:28Z</time>
			</trkpt>
			<trkpt lat="46.43548095226288" lon="10.678181171417236">
				<ele>2609.800048828125</ele>
				<time>2026-06-26T12:02:40Z</time>
			</trkpt>
			<trkpt lat="46.43554723262787" lon="10.678364992141724">
				<ele>2610.199951171875</ele>
				<time>2026-06-26T12:02:54Z</time>
			</trkpt>
			<trkpt lat="46.43561780452728" lon="10.678573727607727">
				<ele>2609.800048828125</ele>
				<time>2026-06-26T12:03:11Z</time>
			</trkpt>
			<trkpt lat="46.43563437461853" lon="10.678616166114807">
				<ele>2609.60009765625</ele>
				<time>2026-06-26T12:03:26Z</time>
			</trkpt>
			<trkpt lat="46.4356507062912" lon="10.678687930107117">
				<ele>2609.60009765625</ele>
				<time>2026-06-26T12:03:32Z</time>
			</trkpt>
			<trkpt lat="46.43565833568573" lon="10.678723931312561">
				<ele>2609.39990234375</ele>
				<time>2026-06-26T12:03:35Z</time>
			</trkpt>
			<trkpt lat="46.435665011405945" lon="10.678735852241516">
				<ele>2609.39990234375</ele>
				<time>2026-06-26T12:03:36Z</time>
			</trkpt>
			<trkpt lat="46.43566942214966" lon="10.678750276565552">
				<ele>2609.39990234375</ele>
				<time>2026-06-26T12:03:37Z</time>
			</trkpt>
			<trkpt lat="46.43568408489227" lon="10.678803205490112">
				<ele>2609.39990234375</ele>
				<time>2026-06-26T12:03:41Z</time>
			</trkpt>
			<trkpt lat="46.43568563461304" lon="10.678817510604858">
				<ele>2609.199951171875</ele>
				<time>2026-06-26T12:03:42Z</time>
			</trkpt>
			<trkpt lat="46.435697078704834" lon="10.67894971370697">
				<ele>2608.0</ele>
				<time>2026-06-26T12:03:52Z</time>
			</trkpt>
			<trkpt lat="46.43569374084473" lon="10.679051041603088">
				<ele>2606.60009765625</ele>
				<time>2026-06-26T12:04:05Z</time>
			</trkpt>
			<trkpt lat="46.435697078704834" lon="10.679112911224365">
				<ele>2605.39990234375</ele>
				<time>2026-06-26T12:04:15Z</time>
			</trkpt>
			<trkpt lat="46.435685873031616" lon="10.679218649864197">
				<ele>2603.39990234375</ele>
				<time>2026-06-26T12:04:25Z</time>
			</trkpt>
			<trkpt lat="46.435712456703186" lon="10.679237604141235">
				<ele>2602.800048828125</ele>
				<time>2026-06-26T12:04:28Z</time>
			</trkpt>
			<trkpt lat="46.43571853637695" lon="10.679249882698059">
				<ele>2602.60009765625</ele>
				<time>2026-06-26T12:04:29Z</time>
			</trkpt>
			<trkpt lat="46.43574833869934" lon="10.679316520690918">
				<ele>2600.800048828125</ele>
				<time>2026-06-26T12:04:41Z</time>
			</trkpt>
			<trkpt lat="46.43573975563049" lon="10.679376602172852">
				<ele>2599.60009765625</ele>
				<time>2026-06-26T12:04:52Z</time>
			</trkpt>
			<trkpt lat="46.435707569122314" lon="10.679403901100159">
				<ele>2598.800048828125</ele>
				<time>2026-06-26T12:04:56Z</time>
			</trkpt>
			<trkpt lat="46.435667634010315" lon="10.679434061050415">
				<ele>2598.0</ele>
				<time>2026-06-26T12:05:01Z</time>
			</trkpt>
			<trkpt lat="46.43559241294861" lon="10.67952275276184">
				<ele>2596.60009765625</ele>
				<time>2026-06-26T12:05:13Z</time>
			</trkpt>
			<trkpt lat="46.435572028160095" lon="10.67957890033722">
				<ele>2595.800048828125</ele>
				<time>2026-06-26T12:05:19Z</time>
			</trkpt>
			<trkpt lat="46.435569405555725" lon="10.67959451675415">
				<ele>2595.800048828125</ele>
				<time>2026-06-26T12:05:20Z</time>
			</trkpt>
			<trkpt lat="46.43555212020874" lon="10.679649949073792">
				<ele>2595.199951171875</ele>
				<time>2026-06-26T12:05:25Z</time>
			</trkpt>
			<trkpt lat="46.43554377555847" lon="10.679656863212585">
				<ele>2595.0</ele>
				<time>2026-06-26T12:05:26Z</time>
			</trkpt>
			<trkpt lat="46.43550634384155" lon="10.679713726043701">
				<ele>2593.800048828125</ele>
				<time>2026-06-26T12:05:32Z</time>
			</trkpt>
			<trkpt lat="46.43542969226837" lon="10.679829835891724">
				<ele>2591.800048828125</ele>
				<time>2026-06-26T12:05:47Z</time>
			</trkpt>
			<trkpt lat="46.43538999557495" lon="10.67994236946106">
				<ele>2590.0</ele>
				<time>2026-06-26T12:06:03Z</time>
			</trkpt>
			<trkpt lat="46.435359954833984" lon="10.679996371269226">
				<ele>2588.800048828125</ele>
				<time>2026-06-26T12:06:24Z</time>
			</trkpt>
			<trkpt lat="46.4353688955307" lon="10.679990887641907">
				<ele>2587.199951171875</ele>
				<time>2026-06-26T12:07:03Z</time>
			</trkpt>
			<trkpt lat="46.435370326042175" lon="10.679999709129333">
				<ele>2587.39990234375</ele>
				<time>2026-06-26T12:09:43Z</time>
			</trkpt>
			<trkpt lat="46.435470938682556" lon="10.680009007453918">
				<ele>2587.0</ele>
				<time>2026-06-26T12:09:59Z</time>
			</trkpt>
			<trkpt lat="46.43548250198364" lon="10.680010080337524">
				<ele>2586.800048828125</ele>
				<time>2026-06-26T12:10:00Z</time>
			</trkpt>
			<trkpt lat="46.43549299240112" lon="10.68000876903534">
				<ele>2586.800048828125</ele>
				<time>2026-06-26T12:10:01Z</time>
			</trkpt>
			<trkpt lat="46.43550419807434" lon="10.680004835128784">
				<ele>2586.60009765625</ele>
				<time>2026-06-26T12:10:02Z</time>
			</trkpt>
			<trkpt lat="46.43558442592621" lon="10.679982423782349">
				<ele>2587.39990234375</ele>
				<time>2026-06-26T12:10:16Z</time>
			</trkpt>
			<trkpt lat="46.43558192253113" lon="10.679965853691101">
				<ele>2587.60009765625</ele>
				<time>2026-06-26T12:10:28Z</time>
			</trkpt>
			<trkpt lat="46.43556988239288" lon="10.67997121810913">
				<ele>2587.60009765625</ele>
				<time>2026-06-26T12:11:25Z</time>
			</trkpt>
			<trkpt lat="46.435567021369934" lon="10.679962038993835">
				<ele>2586.0</ele>
				<time>2026-06-26T12:12:42Z</time>
			</trkpt>
			<trkpt lat="46.435561299324036" lon="10.67995536327362">
				<ele>2585.39990234375</ele>
				<time>2026-06-26T12:13:56Z</time>
			</trkpt>
			<trkpt lat="46.43556582927704" lon="10.67996335029602">
				<ele>2586.0</ele>
				<time>2026-06-26T12:15:18Z</time>
			</trkpt>
			<trkpt lat="46.43556368350983" lon="10.679959774017334">
				<ele>2585.800048828125</ele>
				<time>2026-06-26T12:16:38Z</time>
			</trkpt>
			<trkpt lat="46.43557345867157" lon="10.679966449737549">
				<ele>2585.199951171875</ele>
				<time>2026-06-26T12:17:39Z</time>
			</trkpt>
			<trkpt lat="46.435577392578125" lon="10.679967045783997">
				<ele>2586.199951171875</ele>
				<time>2026-06-26T12:19:03Z</time>
			</trkpt>
			<trkpt lat="46.435574889183044" lon="10.679966807365417">
				<ele>2587.60009765625</ele>
				<time>2026-06-26T12:20:18Z</time>
			</trkpt>
			<trkpt lat="46.435571789741516" lon="10.679970264434814">
				<ele>2588.0</ele>
				<time>2026-06-26T12:21:45Z</time>
			</trkpt>
			<trkpt lat="46.43556892871857" lon="10.679972887039185">
				<ele>2588.199951171875</ele>
				<time>2026-06-26T12:22:56Z</time>
			</trkpt>
			<trkpt lat="46.43555450439453" lon="10.679975986480713">
				<ele>2587.800048828125</ele>
				<time>2026-06-26T12:24:03Z</time>
			</trkpt>
			<trkpt lat="46.4355446100235" lon="10.679978489875793">
				<ele>2588.199951171875</ele>
				<time>2026-06-26T12:24:55Z</time>
			</trkpt>
			<trkpt lat="46.43553853034973" lon="10.679980635643005">
				<ele>2588.0</ele>
				<time>2026-06-26T12:25:38Z</time>
			</trkpt>
			<trkpt lat="46.43554770946503" lon="10.679996371269226">
				<ele>2588.199951171875</ele>
				<time>2026-06-26T12:26:15Z</time>
			</trkpt>
			<trkpt lat="46.435556173324585" lon="10.680007576942444">
				<ele>2588.39990234375</ele>
				<time>2026-06-26T12:26:55Z</time>
			</trkpt>
			<trkpt lat="46.435569763183594" lon="10.680023074150085">
				<ele>2588.39990234375</ele>
				<time>2026-06-26T12:27:29Z</time>
			</trkpt>
			<trkpt lat="46.43558728694916" lon="10.68004047870636">
				<ele>2588.199951171875</ele>
				<time>2026-06-26T12:28:09Z</time>
			</trkpt>
			<trkpt lat="46.435590744018555" lon="10.680052280426025">
				<ele>2588.39990234375</ele>
				<time>2026-06-26T12:28:42Z</time>
			</trkpt>
			<trkpt lat="46.43560791015625" lon="10.680071115493774">
				<ele>2588.60009765625</ele>
				<time>2026-06-26T12:29:21Z</time>
			</trkpt>
			<trkpt lat="46.43562173843384" lon="10.680076479911804">
				<ele>2589.39990234375</ele>
				<time>2026-06-26T12:29:45Z</time>
			</trkpt>
			<trkpt lat="46.43562424182892" lon="10.680088639259338">
				<ele>2589.0</ele>
				<time>2026-06-26T12:30:06Z</time>
			</trkpt>
			<trkpt lat="46.43562650680542" lon="10.680086493492126">
				<ele>2589.0</ele>
				<time>2026-06-26T12:30:30Z</time>
			</trkpt>
			<trkpt lat="46.43560755252838" lon="10.680041193962097">
				<ele>2589.60009765625</ele>
				<time>2026-06-26T12:30:54Z</time>
			</trkpt>
			<trkpt lat="46.435600996017456" lon="10.680019855499268">
				<ele>2586.800048828125</ele>
				<time>2026-06-26T12:31:14Z</time>
			</trkpt>
			<trkpt lat="46.4356027841568" lon="10.680016040802002">
				<ele>2590.199951171875</ele>
				<time>2026-06-26T12:31:19Z</time>
			</trkpt>
			<trkpt lat="46.43552541732788" lon="10.68000876903534">
				<ele>2590.0</ele>
				<time>2026-06-26T12:31:40Z</time>
			</trkpt>
			<trkpt lat="46.43551468849182" lon="10.680011510848999">
				<ele>2590.0</ele>
				<time>2026-06-26T12:31:41Z</time>
			</trkpt>
			<trkpt lat="46.43550169467926" lon="10.680016279220581">
				<ele>2590.0</ele>
				<time>2026-06-26T12:31:42Z</time>
			</trkpt>
			<trkpt lat="46.43539619445801" lon="10.680001497268677">
				<ele>2589.39990234375</ele>
				<time>2026-06-26T12:31:56Z</time>
			</trkpt>
			<trkpt lat="46.43535077571869" lon="10.680089116096497">
				<ele>2590.199951171875</ele>
				<time>2026-06-26T12:32:07Z</time>
			</trkpt>
			<trkpt lat="46.43533432483673" lon="10.680105209350586">
				<ele>2590.199951171875</ele>
				<time>2026-06-26T12:32:09Z</time>
			</trkpt>
			<trkpt lat="46.43532609939575" lon="10.680116891860962">
				<ele>2590.199951171875</ele>
				<time>2026-06-26T12:32:10Z</time>
			</trkpt>
			<trkpt lat="46.43531668186188" lon="10.680128574371338">
				<ele>2590.199951171875</ele>
				<time>2026-06-26T12:32:11Z</time>
			</trkpt>
			<trkpt lat="46.435200214385986" lon="10.68022894859314">
				<ele>2589.199951171875</ele>
				<time>2026-06-26T12:32:25Z</time>
			</trkpt>
			<trkpt lat="46.43506348133087" lon="10.68022108078003">
				<ele>2586.800048828125</ele>
				<time>2026-06-26T12:32:40Z</time>
			</trkpt>
			<trkpt lat="46.4349240064621" lon="10.680222749710083">
				<ele>2584.39990234375</ele>
				<time>2026-06-26T12:32:55Z</time>
			</trkpt>
			<trkpt lat="46.434879422187805" lon="10.680229663848877">
				<ele>2583.39990234375</ele>
				<time>2026-06-26T12:33:00Z</time>
			</trkpt>
			<trkpt lat="46.43482482433319" lon="10.680206537246704">
				<ele>2582.199951171875</ele>
				<time>2026-06-26T12:33:06Z</time>
			</trkpt>
			<trkpt lat="46.434709787368774" lon="10.680220127105713">
				<ele>2579.60009765625</ele>
				<time>2026-06-26T12:33:17Z</time>
			</trkpt>
			<trkpt lat="46.43469834327698" lon="10.680227875709534">
				<ele>2579.39990234375</ele>
				<time>2026-06-26T12:33:18Z</time>
			</trkpt>
			<trkpt lat="46.434685468673706" lon="10.680233359336853">
				<ele>2579.199951171875</ele>
				<time>2026-06-26T12:33:19Z</time>
			</trkpt>
			<trkpt lat="46.43454432487488" lon="10.680285692214966">
				<ele>2577.199951171875</ele>
				<time>2026-06-26T12:33:34Z</time>
			</trkpt>
			<trkpt lat="46.434417724609375" lon="10.680366396903992">
				<ele>2574.0</ele>
				<time>2026-06-26T12:33:49Z</time>
			</trkpt>
			<trkpt lat="46.434399247169495" lon="10.680378079414368">
				<ele>2573.60009765625</ele>
				<time>2026-06-26T12:33:51Z</time>
			</trkpt>
			<trkpt lat="46.434388518333435" lon="10.680389046669006">
				<ele>2573.39990234375</ele>
				<time>2026-06-26T12:33:52Z</time>
			</trkpt>
			<trkpt lat="46.43437147140503" lon="10.680401802062988">
				<ele>2573.199951171875</ele>
				<time>2026-06-26T12:33:54Z</time>
			</trkpt>
			<trkpt lat="46.434231996536255" lon="10.680510759353638">
				<ele>2571.800048828125</ele>
				<time>2026-06-26T12:34:10Z</time>
			</trkpt>
			<trkpt lat="46.434139013290405" lon="10.680559039115906">
				<ele>2570.39990234375</ele>
				<time>2026-06-26T12:34:19Z</time>
			</trkpt>
			<trkpt lat="46.434128403663635" lon="10.680568218231201">
				<ele>2570.199951171875</ele>
				<time>2026-06-26T12:34:20Z</time>
			</trkpt>
			<trkpt lat="46.43402850627899" lon="10.680695414543152">
				<ele>2569.0</ele>
				<time>2026-06-26T12:34:33Z</time>
			</trkpt>
			<trkpt lat="46.434030532836914" lon="10.680708885192871">
				<ele>2568.800048828125</ele>
				<time>2026-06-26T12:34:34Z</time>
			</trkpt>
			<trkpt lat="46.434030175209045" lon="10.680724382400513">
				<ele>2568.60009765625</ele>
				<time>2026-06-26T12:34:35Z</time>
			</trkpt>
			<trkpt lat="46.434027314186096" lon="10.68074083328247">
				<ele>2568.60009765625</ele>
				<time>2026-06-26T12:34:36Z</time>
			</trkpt>
			<trkpt lat="46.434022068977356" lon="10.680756449699402">
				<ele>2568.39990234375</ele>
				<time>2026-06-26T12:34:37Z</time>
			</trkpt>
			<trkpt lat="46.43393421173096" lon="10.68086051940918">
				<ele>2568.199951171875</ele>
				<time>2026-06-26T12:34:47Z</time>
			</trkpt>
			<trkpt lat="46.43389141559601" lon="10.680864810943604">
				<ele>2567.199951171875</ele>
				<time>2026-06-26T12:35:00Z</time>
			</trkpt>
			<trkpt lat="46.43388497829437" lon="10.680865406990051">
				<ele>2565.800048828125</ele>
				<time>2026-06-26T12:35:37Z</time>
			</trkpt>
			<trkpt lat="46.43374764919281" lon="10.680906534194946">
				<ele>2565.39990234375</ele>
				<time>2026-06-26T12:36:22Z</time>
			</trkpt>
			<trkpt lat="46.43373477458954" lon="10.680908918380737">
				<ele>2565.39990234375</ele>
				<time>2026-06-26T12:36:23Z</time>
			</trkpt>
			<trkpt lat="46.4337215423584" lon="10.680913209915161">
				<ele>2565.199951171875</ele>
				<time>2026-06-26T12:36:24Z</time>
			</trkpt>
			<trkpt lat="46.43370842933655" lon="10.680918574333191">
				<ele>2565.0</ele>
				<time>2026-06-26T12:36:25Z</time>
			</trkpt>
			<trkpt lat="46.43369483947754" lon="10.680923223495483">
				<ele>2565.0</ele>
				<time>2026-06-26T12:36:26Z</time>
			</trkpt>
			<trkpt lat="46.43368077278137" lon="10.680925369262695">
				<ele>2564.800048828125</ele>
				<time>2026-06-26T12:36:27Z</time>
			</trkpt>
			<trkpt lat="46.43366825580597" lon="10.680924892425537">
				<ele>2564.60009765625</ele>
				<time>2026-06-26T12:36:28Z</time>
			</trkpt>
			<trkpt lat="46.4336553812027" lon="10.680925726890564">
				<ele>2564.39990234375</ele>
				<time>2026-06-26T12:36:29Z</time>
			</trkpt>
			<trkpt lat="46.433642506599426" lon="10.68092966079712">
				<ele>2564.39990234375</ele>
				<time>2026-06-26T12:36:30Z</time>
			</trkpt>
			<trkpt lat="46.43355965614319" lon="10.680941939353943">
				<ele>2562.800048828125</ele>
				<time>2026-06-26T12:36:38Z</time>
			</trkpt>
			<trkpt lat="46.433549642562866" lon="10.680944919586182">
				<ele>2562.39990234375</ele>
				<time>2026-06-26T12:36:39Z</time>
			</trkpt>
			<trkpt lat="46.43346869945526" lon="10.680961012840271">
				<ele>2560.0</ele>
				<time>2026-06-26T12:36:48Z</time>
			</trkpt>
			<trkpt lat="46.43345808982849" lon="10.680964708328247">
				<ele>2559.60009765625</ele>
				<time>2026-06-26T12:36:49Z</time>
			</trkpt>
			<trkpt lat="46.433446288108826" lon="10.680970072746277">
				<ele>2559.39990234375</ele>
				<time>2026-06-26T12:36:50Z</time>
			</trkpt>
			<trkpt lat="46.4334260225296" lon="10.68098247051239">
				<ele>2559.0</ele>
				<time>2026-06-26T12:36:52Z</time>
			</trkpt>
			<trkpt lat="46.43341612815857" lon="10.68098759651184">
				<ele>2558.60009765625</ele>
				<time>2026-06-26T12:36:53Z</time>
			</trkpt>
			<trkpt lat="46.43333399295807" lon="10.681037068367004">
				<ele>2556.60009765625</ele>
				<time>2026-06-26T12:37:02Z</time>
			</trkpt>
			<trkpt lat="46.433324337005615" lon="10.68104374408722">
				<ele>2556.199951171875</ele>
				<time>2026-06-26T12:37:03Z</time>
			</trkpt>
			<trkpt lat="46.4332218170166" lon="10.68106460571289">
				<ele>2553.60009765625</ele>
				<time>2026-06-26T12:37:17Z</time>
			</trkpt>
			<trkpt lat="46.433115124702454" lon="10.681097388267517">
				<ele>2551.199951171875</ele>
				<time>2026-06-26T12:37:30Z</time>
			</trkpt>
			<trkpt lat="46.432989835739136" lon="10.681129813194275">
				<ele>2549.199951171875</ele>
				<time>2026-06-26T12:37:42Z</time>
			</trkpt>
			<trkpt lat="46.43285846710205" lon="10.68116319179535">
				<ele>2547.199951171875</ele>
				<time>2026-06-26T12:37:56Z</time>
			</trkpt>
			<trkpt lat="46.432817816734314" lon="10.68118691444397">
				<ele>2546.60009765625</ele>
				<time>2026-06-26T12:38:01Z</time>
			</trkpt>
			<trkpt lat="46.43269920349121" lon="10.681209921836853">
				<ele>2544.39990234375</ele>
				<time>2026-06-26T12:38:15Z</time>
			</trkpt>
			<trkpt lat="46.432679653167725" lon="10.681213855743408">
				<ele>2544.0</ele>
				<time>2026-06-26T12:38:17Z</time>
			</trkpt>
			<trkpt lat="46.43266785144806" lon="10.681216597557068">
				<ele>2543.800048828125</ele>
				<time>2026-06-26T12:38:18Z</time>
			</trkpt>
			<trkpt lat="46.43265628814697" lon="10.68122136592865">
				<ele>2543.800048828125</ele>
				<time>2026-06-26T12:38:19Z</time>
			</trkpt>
			<trkpt lat="46.432644963264465" lon="10.681228160858154">
				<ele>2543.60009765625</ele>
				<time>2026-06-26T12:38:20Z</time>
			</trkpt>
			<trkpt lat="46.43260443210602" lon="10.681247234344482">
				<ele>2542.39990234375</ele>
				<time>2026-06-26T12:38:28Z</time>
			</trkpt>
			<trkpt lat="46.43259358406067" lon="10.681251049041748">
				<ele>2542.39990234375</ele>
				<time>2026-06-26T12:38:29Z</time>
			</trkpt>
			<trkpt lat="46.432562470436096" lon="10.68125855922699">
				<ele>2542.0</ele>
				<time>2026-06-26T12:38:32Z</time>
			</trkpt>
			<trkpt lat="46.4324471950531" lon="10.681288599967957">
				<ele>2541.0</ele>
				<time>2026-06-26T12:38:46Z</time>
			</trkpt>
			<trkpt lat="46.43239462375641" lon="10.68129825592041">
				<ele>2540.39990234375</ele>
				<time>2026-06-26T12:38:54Z</time>
			</trkpt>
			<trkpt lat="46.432350635528564" lon="10.681318759918213">
				<ele>2539.800048828125</ele>
				<time>2026-06-26T12:39:00Z</time>
			</trkpt>
			<trkpt lat="46.43231379985809" lon="10.681358814239502">
				<ele>2539.60009765625</ele>
				<time>2026-06-26T12:39:05Z</time>
			</trkpt>
			<trkpt lat="46.432244420051575" lon="10.681394815444946">
				<ele>2539.0</ele>
				<time>2026-06-26T12:39:12Z</time>
			</trkpt>
			<trkpt lat="46.432223200798035" lon="10.6813645362854">
				<ele>2537.800048828125</ele>
				<time>2026-06-26T12:39:25Z</time>
			</trkpt>
			<trkpt lat="46.43215191364288" lon="10.68128228187561">
				<ele>2537.60009765625</ele>
				<time>2026-06-26T12:39:42Z</time>
			</trkpt>
			<trkpt lat="46.432087898254395" lon="10.681211471557617">
				<ele>2535.199951171875</ele>
				<time>2026-06-26T12:39:59Z</time>
			</trkpt>
			<trkpt lat="46.43206572532654" lon="10.681191086769104">
				<ele>2534.60009765625</ele>
				<time>2026-06-26T12:40:02Z</time>
			</trkpt>
			<trkpt lat="46.4320570230484" lon="10.681182146072388">
				<ele>2534.39990234375</ele>
				<time>2026-06-26T12:40:03Z</time>
			</trkpt>
			<trkpt lat="46.432018518447876" lon="10.681133389472961">
				<ele>2533.39990234375</ele>
				<time>2026-06-26T12:40:08Z</time>
			</trkpt>
			<trkpt lat="46.43200087547302" lon="10.68111765384674">
				<ele>2533.0</ele>
				<time>2026-06-26T12:40:10Z</time>
			</trkpt>
			<trkpt lat="46.43189990520477" lon="10.681029915809631">
				<ele>2532.0</ele>
				<time>2026-06-26T12:40:23Z</time>
			</trkpt>
			<trkpt lat="46.43177342414856" lon="10.681000113487244">
				<ele>2530.60009765625</ele>
				<time>2026-06-26T12:40:37Z</time>
			</trkpt>
			<trkpt lat="46.431718707084656" lon="10.680993556976318">
				<ele>2530.199951171875</ele>
				<time>2026-06-26T12:40:43Z</time>
			</trkpt>
			<trkpt lat="46.43168091773987" lon="10.680980920791626">
				<ele>2530.0</ele>
				<time>2026-06-26T12:40:48Z</time>
			</trkpt>
			<trkpt lat="46.431671023368835" lon="10.680977582931519">
				<ele>2530.0</ele>
				<time>2026-06-26T12:40:49Z</time>
			</trkpt>
			<trkpt lat="46.431660532951355" lon="10.680970191955566">
				<ele>2530.0</ele>
				<time>2026-06-26T12:40:50Z</time>
			</trkpt>
			<trkpt lat="46.43156814575195" lon="10.680970907211304">
				<ele>2529.800048828125</ele>
				<time>2026-06-26T12:41:02Z</time>
			</trkpt>
			<trkpt lat="46.431549072265625" lon="10.680971622467041">
				<ele>2529.60009765625</ele>
				<time>2026-06-26T12:41:04Z</time>
			</trkpt>
			<trkpt lat="46.431538105010986" lon="10.680972576141357">
				<ele>2529.60009765625</ele>
				<time>2026-06-26T12:41:05Z</time>
			</trkpt>
			<trkpt lat="46.43140494823456" lon="10.68100357055664">
				<ele>2527.60009765625</ele>
				<time>2026-06-26T12:41:20Z</time>
			</trkpt>
			<trkpt lat="46.43136823177338" lon="10.681031703948975">
				<ele>2527.0</ele>
				<time>2026-06-26T12:41:25Z</time>
			</trkpt>
			<trkpt lat="46.431358098983765" lon="10.68103814125061">
				<ele>2527.0</ele>
				<time>2026-06-26T12:41:26Z</time>
			</trkpt>
			<trkpt lat="46.43134796619415" lon="10.681044578552246">
				<ele>2527.0</ele>
				<time>2026-06-26T12:41:27Z</time>
			</trkpt>
			<trkpt lat="46.43123733997345" lon="10.681139469146729">
				<ele>2526.60009765625</ele>
				<time>2026-06-26T12:41:41Z</time>
			</trkpt>
			<trkpt lat="46.43117892742157" lon="10.68122112751007">
				<ele>2526.0</ele>
				<time>2026-06-26T12:41:52Z</time>
			</trkpt>
			<trkpt lat="46.43115258216858" lon="10.681244730949402">
				<ele>2525.800048828125</ele>
				<time>2026-06-26T12:41:55Z</time>
			</trkpt>
			<trkpt lat="46.43114161491394" lon="10.681254148483276">
				<ele>2525.800048828125</ele>
				<time>2026-06-26T12:41:56Z</time>
			</trkpt>
			<trkpt lat="46.43111062049866" lon="10.681268453598022">
				<ele>2525.60009765625</ele>
				<time>2026-06-26T12:41:59Z</time>
			</trkpt>
			<trkpt lat="46.4310337305069" lon="10.68131172657013">
				<ele>2525.199951171875</ele>
				<time>2026-06-26T12:42:09Z</time>
			</trkpt>
			<trkpt lat="46.43101406097412" lon="10.681325316429138">
				<ele>2525.39990234375</ele>
				<time>2026-06-26T12:42:11Z</time>
			</trkpt>
			<trkpt lat="46.43097507953644" lon="10.681378960609436">
				<ele>2526.199951171875</ele>
				<time>2026-06-26T12:42:25Z</time>
			</trkpt>
			<trkpt lat="46.43096697330475" lon="10.681390523910522">
				<ele>2526.199951171875</ele>
				<time>2026-06-26T12:42:26Z</time>
			</trkpt>
			<trkpt lat="46.430957555770874" lon="10.681402087211609">
				<ele>2526.199951171875</ele>
				<time>2026-06-26T12:42:27Z</time>
			</trkpt>
			<trkpt lat="46.430948972702026" lon="10.681413650512695">
				<ele>2526.199951171875</ele>
				<time>2026-06-26T12:42:28Z</time>
			</trkpt>
			<trkpt lat="46.430941104888916" lon="10.681423783302307">
				<ele>2526.199951171875</ele>
				<time>2026-06-26T12:42:29Z</time>
			</trkpt>
			<trkpt lat="46.430933237075806" lon="10.68143343925476">
				<ele>2526.199951171875</ele>
				<time>2026-06-26T12:42:30Z</time>
			</trkpt>
			<trkpt lat="46.43086850643158" lon="10.68149471282959">
				<ele>2525.800048828125</ele>
				<time>2026-06-26T12:42:38Z</time>
			</trkpt>
			<trkpt lat="46.4308443069458" lon="10.681583762168884">
				<ele>2525.199951171875</ele>
				<time>2026-06-26T12:42:44Z</time>
			</trkpt>
			<trkpt lat="46.430784463882446" lon="10.681803464889526">
				<ele>2524.0</ele>
				<time>2026-06-26T12:42:59Z</time>
			</trkpt>
			<trkpt lat="46.4307599067688" lon="10.681868195533752">
				<ele>2523.60009765625</ele>
				<time>2026-06-26T12:43:04Z</time>
			</trkpt>
			<trkpt lat="46.43075919151306" lon="10.681883692741394">
				<ele>2523.60009765625</ele>
				<time>2026-06-26T12:43:05Z</time>
			</trkpt>
			<trkpt lat="46.43074369430542" lon="10.681924939155579">
				<ele>2523.39990234375</ele>
				<time>2026-06-26T12:43:09Z</time>
			</trkpt>
			<trkpt lat="46.430737137794495" lon="10.681963801383972">
				<ele>2523.39990234375</ele>
				<time>2026-06-26T12:43:12Z</time>
			</trkpt>
			<trkpt lat="46.43073391914368" lon="10.681979775428772">
				<ele>2523.39990234375</ele>
				<time>2026-06-26T12:43:13Z</time>
			</trkpt>
			<trkpt lat="46.43072736263275" lon="10.681995511054993">
				<ele>2523.199951171875</ele>
				<time>2026-06-26T12:43:14Z</time>
			</trkpt>
			<trkpt lat="46.43072009086609" lon="10.682009220123291">
				<ele>2523.199951171875</ele>
				<time>2026-06-26T12:43:15Z</time>
			</trkpt>
			<trkpt lat="46.43071258068085" lon="10.682022094726562">
				<ele>2523.199951171875</ele>
				<time>2026-06-26T12:43:16Z</time>
			</trkpt>
			<trkpt lat="46.43067467212677" lon="10.682096600532532">
				<ele>2522.39990234375</ele>
				<time>2026-06-26T12:43:23Z</time>
			</trkpt>
			<trkpt lat="46.430670619010925" lon="10.682109832763672">
				<ele>2522.39990234375</ele>
				<time>2026-06-26T12:43:24Z</time>
			</trkpt>
			<trkpt lat="46.43066418170929" lon="10.682123899459839">
				<ele>2522.199951171875</ele>
				<time>2026-06-26T12:43:25Z</time>
			</trkpt>
			<trkpt lat="46.43065690994263" lon="10.682135820388794">
				<ele>2522.0</ele>
				<time>2026-06-26T12:43:26Z</time>
			</trkpt>
			<trkpt lat="46.43064892292023" lon="10.682146310806274">
				<ele>2522.0</ele>
				<time>2026-06-26T12:43:27Z</time>
			</trkpt>
			<trkpt lat="46.43061363697052" lon="10.682237982749939">
				<ele>2521.0</ele>
				<time>2026-06-26T12:43:34Z</time>
			</trkpt>
			<trkpt lat="46.43060529232025" lon="10.682250738143921">
				<ele>2520.800048828125</ele>
				<time>2026-06-26T12:43:35Z</time>
			</trkpt>
			<trkpt lat="46.43059706687927" lon="10.682262420654297">
				<ele>2520.800048828125</ele>
				<time>2026-06-26T12:43:36Z</time>
			</trkpt>
			<trkpt lat="46.430569887161255" lon="10.682304620742798">
				<ele>2520.199951171875</ele>
				<time>2026-06-26T12:43:40Z</time>
			</trkpt>
			<trkpt lat="46.43044400215149" lon="10.68246614933014">
				<ele>2518.39990234375</ele>
				<time>2026-06-26T12:43:56Z</time>
			</trkpt>
			<trkpt lat="46.430362939834595" lon="10.682536363601685">
				<ele>2516.60009765625</ele>
				<time>2026-06-26T12:44:07Z</time>
			</trkpt>
			<trkpt lat="46.43035364151001" lon="10.682541131973267">
				<ele>2516.39990234375</ele>
				<time>2026-06-26T12:44:08Z</time>
			</trkpt>
			<trkpt lat="46.430344581604004" lon="10.682547569274902">
				<ele>2516.39990234375</ele>
				<time>2026-06-26T12:44:09Z</time>
			</trkpt>
			<trkpt lat="46.43032145500183" lon="10.682570457458496">
				<ele>2515.800048828125</ele>
				<time>2026-06-26T12:44:12Z</time>
			</trkpt>
			<trkpt lat="46.430309534072876" lon="10.682601928710938">
				<ele>2514.0</ele>
				<time>2026-06-26T12:44:29Z</time>
			</trkpt>
			<trkpt lat="46.43026411533356" lon="10.682665944099426">
				<ele>2513.60009765625</ele>
				<time>2026-06-26T12:44:38Z</time>
			</trkpt>
			<trkpt lat="46.43025493621826" lon="10.68267822265625">
				<ele>2513.39990234375</ele>
				<time>2026-06-26T12:44:39Z</time>
			</trkpt>
			<trkpt lat="46.430245757102966" lon="10.682687640190125">
				<ele>2513.39990234375</ele>
				<time>2026-06-26T12:44:40Z</time>
			</trkpt>
			<trkpt lat="46.43022537231445" lon="10.682690858840942">
				<ele>2511.800048828125</ele>
				<time>2026-06-26T12:44:57Z</time>
			</trkpt>
			<trkpt lat="46.43020451068878" lon="10.682703733444214">
				<ele>2511.800048828125</ele>
				<time>2026-06-26T12:44:59Z</time>
			</trkpt>
			<trkpt lat="46.43019378185272" lon="10.682706236839294">
				<ele>2511.800048828125</ele>
				<time>2026-06-26T12:45:00Z</time>
			</trkpt>
			<trkpt lat="46.430182218551636" lon="10.68271017074585">
				<ele>2511.800048828125</ele>
				<time>2026-06-26T12:45:01Z</time>
			</trkpt>
			<trkpt lat="46.43017077445984" lon="10.68271803855896">
				<ele>2511.60009765625</ele>
				<time>2026-06-26T12:45:02Z</time>
			</trkpt>
			<trkpt lat="46.43014585971832" lon="10.682716012001038">
				<ele>2511.39990234375</ele>
				<time>2026-06-26T12:45:05Z</time>
			</trkpt>
			<trkpt lat="46.4301198720932" lon="10.682708740234375">
				<ele>2511.199951171875</ele>
				<time>2026-06-26T12:45:08Z</time>
			</trkpt>
			<trkpt lat="46.43004870414734" lon="10.682742953300476">
				<ele>2510.39990234375</ele>
				<time>2026-06-26T12:45:15Z</time>
			</trkpt>
			<trkpt lat="46.43003833293915" lon="10.682737231254578">
				<ele>2510.39990234375</ele>
				<time>2026-06-26T12:45:16Z</time>
			</trkpt>
			<trkpt lat="46.42997133731842" lon="10.6827232837677">
				<ele>2510.39990234375</ele>
				<time>2026-06-26T12:45:23Z</time>
			</trkpt>
			<trkpt lat="46.42988610267639" lon="10.682773351669312">
				<ele>2510.39990234375</ele>
				<time>2026-06-26T12:45:37Z</time>
			</trkpt>
			<trkpt lat="46.42983043193817" lon="10.682804226875305">
				<ele>2510.199951171875</ele>
				<time>2026-06-26T12:45:52Z</time>
			</trkpt>
			<trkpt lat="46.429795145988464" lon="10.68284559249878">
				<ele>2510.60009765625</ele>
				<time>2026-06-26T12:46:03Z</time>
			</trkpt>
			<trkpt lat="46.42977833747864" lon="10.682900428771973">
				<ele>2510.60009765625</ele>
				<time>2026-06-26T12:46:08Z</time>
			</trkpt>
			<trkpt lat="46.42977833747864" lon="10.682915687561035">
				<ele>2510.60009765625</ele>
				<time>2026-06-26T12:46:09Z</time>
			</trkpt>
			<trkpt lat="46.429779171943665" lon="10.682944774627686">
				<ele>2510.60009765625</ele>
				<time>2026-06-26T12:46:11Z</time>
			</trkpt>
			<trkpt lat="46.42979717254639" lon="10.683184742927551">
				<ele>2511.0</ele>
				<time>2026-06-26T12:46:27Z</time>
			</trkpt>
			<trkpt lat="46.4298335313797" lon="10.683426260948181">
				<ele>2511.0</ele>
				<time>2026-06-26T12:46:45Z</time>
			</trkpt>
			<trkpt lat="46.429813861846924" lon="10.683487176895142">
				<ele>2510.0</ele>
				<time>2026-06-26T12:47:04Z</time>
			</trkpt>
			<trkpt lat="46.42980480194092" lon="10.683526754379272">
				<ele>2510.199951171875</ele>
				<time>2026-06-26T12:47:07Z</time>
			</trkpt>
			<trkpt lat="46.42979884147644" lon="10.683542132377625">
				<ele>2510.39990234375</ele>
				<time>2026-06-26T12:47:08Z</time>
			</trkpt>
			<trkpt lat="46.42979156970978" lon="10.683556079864502">
				<ele>2510.39990234375</ele>
				<time>2026-06-26T12:47:09Z</time>
			</trkpt>
			<trkpt lat="46.42978513240814" lon="10.683570265769958">
				<ele>2510.39990234375</ele>
				<time>2026-06-26T12:47:10Z</time>
			</trkpt>
			<trkpt lat="46.42977547645569" lon="10.683625102043152">
				<ele>2510.39990234375</ele>
				<time>2026-06-26T12:47:14Z</time>
			</trkpt>
			<trkpt lat="46.42977249622345" lon="10.683726787567139">
				<ele>2511.39990234375</ele>
				<time>2026-06-26T12:47:30Z</time>
			</trkpt>
			<trkpt lat="46.429763197898865" lon="10.68379545211792">
				<ele>2511.39990234375</ele>
				<time>2026-06-26T12:47:41Z</time>
			</trkpt>
			<trkpt lat="46.42975842952728" lon="10.683812141418457">
				<ele>2511.39990234375</ele>
				<time>2026-06-26T12:47:42Z</time>
			</trkpt>
			<trkpt lat="46.4297513961792" lon="10.68382978439331">
				<ele>2511.39990234375</ele>
				<time>2026-06-26T12:47:43Z</time>
			</trkpt>
			<trkpt lat="46.429744601249695" lon="10.68384563922882">
				<ele>2511.39990234375</ele>
				<time>2026-06-26T12:47:44Z</time>
			</trkpt>
			<trkpt lat="46.42974042892456" lon="10.683862090110779">
				<ele>2511.199951171875</ele>
				<time>2026-06-26T12:47:45Z</time>
			</trkpt>
			<trkpt lat="46.429739236831665" lon="10.683879375457764">
				<ele>2511.199951171875</ele>
				<time>2026-06-26T12:47:46Z</time>
			</trkpt>
			<trkpt lat="46.42973852157593" lon="10.683897018432617">
				<ele>2511.199951171875</ele>
				<time>2026-06-26T12:47:47Z</time>
			</trkpt>
			<trkpt lat="46.429736256599426" lon="10.683915376663208">
				<ele>2511.199951171875</ele>
				<time>2026-06-26T12:47:48Z</time>
			</trkpt>
			<trkpt lat="46.42973208427429" lon="10.683931827545166">
				<ele>2511.0</ele>
				<time>2026-06-26T12:47:49Z</time>
			</trkpt>
			<trkpt lat="46.42971658706665" lon="10.684002876281738">
				<ele>2511.0</ele>
				<time>2026-06-26T12:47:54Z</time>
			</trkpt>
			<trkpt lat="46.42971611022949" lon="10.684064149856567">
				<ele>2511.199951171875</ele>
				<time>2026-06-26T12:47:58Z</time>
			</trkpt>
			<trkpt lat="46.42964732646942" lon="10.684210062026978">
				<ele>2512.60009765625</ele>
				<time>2026-06-26T12:48:10Z</time>
			</trkpt>
			<trkpt lat="46.429607629776" lon="10.684404134750366">
				<ele>2514.0</ele>
				<time>2026-06-26T12:48:23Z</time>
			</trkpt>
			<trkpt lat="46.42955553531647" lon="10.684592843055725">
				<ele>2515.39990234375</ele>
				<time>2026-06-26T12:48:36Z</time>
			</trkpt>
			<trkpt lat="46.429550647735596" lon="10.684607982635498">
				<ele>2515.60009765625</ele>
				<time>2026-06-26T12:48:37Z</time>
			</trkpt>
			<trkpt lat="46.429484724998474" lon="10.684816837310791">
				<ele>2516.199951171875</ele>
				<time>2026-06-26T12:48:52Z</time>
			</trkpt>
			<trkpt lat="46.42945039272308" lon="10.6848623752594">
				<ele>2516.800048828125</ele>
				<time>2026-06-26T12:49:06Z</time>
			</trkpt>
			<trkpt lat="46.42945349216461" lon="10.684853911399841">
				<ele>2516.800048828125</ele>
				<time>2026-06-26T12:49:22Z</time>
			</trkpt>
			<trkpt lat="46.42945194244385" lon="10.684854865074158">
				<ele>2515.800048828125</ele>
				<time>2026-06-26T12:49:58Z</time>
			</trkpt>
			<trkpt lat="46.42941451072693" lon="10.684898018836975">
				<ele>2516.199951171875</ele>
				<time>2026-06-26T12:50:14Z</time>
			</trkpt>
			<trkpt lat="46.429381370544434" lon="10.684945225715637">
				<ele>2516.199951171875</ele>
				<time>2026-06-26T12:50:19Z</time>
			</trkpt>
			<trkpt lat="46.42922019958496" lon="10.685068488121033">
				<ele>2516.199951171875</ele>
				<time>2026-06-26T12:50:35Z</time>
			</trkpt>
			<trkpt lat="46.42918109893799" lon="10.685075283050537">
				<ele>2516.199951171875</ele>
				<time>2026-06-26T12:50:39Z</time>
			</trkpt>
			<trkpt lat="46.429086446762085" lon="10.685124278068542">
				<ele>2516.0</ele>
				<time>2026-06-26T12:50:49Z</time>
			</trkpt>
			<trkpt lat="46.429075479507446" lon="10.685125231742859">
				<ele>2516.0</ele>
				<time>2026-06-26T12:50:50Z</time>
			</trkpt>
			<trkpt lat="46.42888832092285" lon="10.685146450996399">
				<ele>2515.60009765625</ele>
				<time>2026-06-26T12:51:08Z</time>
			</trkpt>
			<trkpt lat="46.42887783050537" lon="10.685145735740662">
				<ele>2515.800048828125</ele>
				<time>2026-06-26T12:51:09Z</time>
			</trkpt>
			<trkpt lat="46.42886769771576" lon="10.685145378112793">
				<ele>2515.800048828125</ele>
				<time>2026-06-26T12:51:10Z</time>
			</trkpt>
			<trkpt lat="46.42873179912567" lon="10.68517518043518">
				<ele>2515.199951171875</ele>
				<time>2026-06-26T12:51:25Z</time>
			</trkpt>
			<trkpt lat="46.42858815193176" lon="10.685284972190857">
				<ele>2513.800048828125</ele>
				<time>2026-06-26T12:51:41Z</time>
			</trkpt>
			<trkpt lat="46.42848873138428" lon="10.685415744781494">
				<ele>2512.39990234375</ele>
				<time>2026-06-26T12:51:55Z</time>
			</trkpt>
			<trkpt lat="46.42848837375641" lon="10.685352444648743">
				<ele>2511.60009765625</ele>
				<time>2026-06-26T12:52:07Z</time>
			</trkpt>
			<trkpt lat="46.42838430404663" lon="10.685411214828491">
				<ele>2511.199951171875</ele>
				<time>2026-06-26T12:52:20Z</time>
			</trkpt>
			<trkpt lat="46.42822313308716" lon="10.685385942459106">
				<ele>2510.39990234375</ele>
				<time>2026-06-26T12:52:36Z</time>
			</trkpt>
			<trkpt lat="46.4281702041626" lon="10.685376167297363">
				<ele>2510.199951171875</ele>
				<time>2026-06-26T12:52:41Z</time>
			</trkpt>
			<trkpt lat="46.428094029426575" lon="10.685367465019226">
				<ele>2509.800048828125</ele>
				<time>2026-06-26T12:52:50Z</time>
			</trkpt>
			<trkpt lat="46.42808544635773" lon="10.68537712097168">
				<ele>2509.800048828125</ele>
				<time>2026-06-26T12:52:51Z</time>
			</trkpt>
			<trkpt lat="46.42806100845337" lon="10.685388565063477">
				<ele>2509.60009765625</ele>
				<time>2026-06-26T12:52:54Z</time>
			</trkpt>
			<trkpt lat="46.428035497665405" lon="10.685401439666748">
				<ele>2509.60009765625</ele>
				<time>2026-06-26T12:52:57Z</time>
			</trkpt>
			<trkpt lat="46.42788600921631" lon="10.685511350631714">
				<ele>2508.199951171875</ele>
				<time>2026-06-26T12:53:15Z</time>
			</trkpt>
			<trkpt lat="46.42784643173218" lon="10.685530066490173">
				<ele>2507.39990234375</ele>
				<time>2026-06-26T12:53:20Z</time>
			</trkpt>
			<trkpt lat="46.42783546447754" lon="10.68553626537323">
				<ele>2507.39990234375</ele>
				<time>2026-06-26T12:53:21Z</time>
			</trkpt>
			<trkpt lat="46.427825689315796" lon="10.685543060302734">
				<ele>2507.199951171875</ele>
				<time>2026-06-26T12:53:22Z</time>
			</trkpt>
			<trkpt lat="46.42775547504425" lon="10.685572743415833">
				<ele>2505.800048828125</ele>
				<time>2026-06-26T12:53:31Z</time>
			</trkpt>
			<trkpt lat="46.42772626876831" lon="10.685576438903809">
				<ele>2505.60009765625</ele>
				<time>2026-06-26T12:53:34Z</time>
			</trkpt>
			<trkpt lat="46.42761743068695" lon="10.685575246810913">
				<ele>2503.199951171875</ele>
				<time>2026-06-26T12:53:48Z</time>
			</trkpt>
			<trkpt lat="46.42750060558319" lon="10.685610175132751">
				<ele>2501.60009765625</ele>
				<time>2026-06-26T12:54:02Z</time>
			</trkpt>
			<trkpt lat="46.42742145061493" lon="10.68565046787262">
				<ele>2501.800048828125</ele>
				<time>2026-06-26T12:54:10Z</time>
			</trkpt>
			<trkpt lat="46.42732787132263" lon="10.685785174369812">
				<ele>2503.0</ele>
				<time>2026-06-26T12:54:22Z</time>
			</trkpt>
			<trkpt lat="46.42731237411499" lon="10.68580448627472">
				<ele>2503.0</ele>
				<time>2026-06-26T12:54:24Z</time>
			</trkpt>
			<trkpt lat="46.427302956581116" lon="10.68581223487854">
				<ele>2503.0</ele>
				<time>2026-06-26T12:54:25Z</time>
			</trkpt>
			<trkpt lat="46.4271684885025" lon="10.685927391052246">
				<ele>2502.39990234375</ele>
				<time>2026-06-26T12:54:41Z</time>
			</trkpt>
			<trkpt lat="46.42706322669983" lon="10.685959815979004">
				<ele>2501.39990234375</ele>
				<time>2026-06-26T12:54:55Z</time>
			</trkpt>
			<trkpt lat="46.427053332328796" lon="10.685961365699768">
				<ele>2501.199951171875</ele>
				<time>2026-06-26T12:54:56Z</time>
			</trkpt>
			<trkpt lat="46.4268981218338" lon="10.6859632730484">
				<ele>2499.199951171875</ele>
				<time>2026-06-26T12:55:12Z</time>
			</trkpt>
			<trkpt lat="46.42676091194153" lon="10.685969352722168">
				<ele>2498.199951171875</ele>
				<time>2026-06-26T12:55:28Z</time>
			</trkpt>
			<trkpt lat="46.4266574382782" lon="10.686017751693726">
				<ele>2495.800048828125</ele>
				<time>2026-06-26T12:55:44Z</time>
			</trkpt>
			<trkpt lat="46.426626086235046" lon="10.686047792434692">
				<ele>2495.199951171875</ele>
				<time>2026-06-26T12:55:48Z</time>
			</trkpt>
			<trkpt lat="46.4266175031662" lon="10.686058163642883">
				<ele>2495.0</ele>
				<time>2026-06-26T12:55:49Z</time>
			</trkpt>
			<trkpt lat="46.42661011219025" lon="10.686070799827576">
				<ele>2494.800048828125</ele>
				<time>2026-06-26T12:55:50Z</time>
			</trkpt>
			<trkpt lat="46.42655920982361" lon="10.68613088130951">
				<ele>2493.199951171875</ele>
				<time>2026-06-26T12:56:03Z</time>
			</trkpt>
			<trkpt lat="46.42645871639252" lon="10.686194777488708">
				<ele>2491.39990234375</ele>
				<time>2026-06-26T12:56:17Z</time>
			</trkpt>
			<trkpt lat="46.42635214328766" lon="10.686264991760254">
				<ele>2488.199951171875</ele>
				<time>2026-06-26T12:56:33Z</time>
			</trkpt>
			<trkpt lat="46.42628276348114" lon="10.68636405467987">
				<ele>2485.0</ele>
				<time>2026-06-26T12:56:47Z</time>
			</trkpt>
			<trkpt lat="46.42619860172272" lon="10.686449408531189">
				<ele>2482.199951171875</ele>
				<time>2026-06-26T12:57:01Z</time>
			</trkpt>
			<trkpt lat="46.426143288612366" lon="10.686480283737183">
				<ele>2480.0</ele>
				<time>2026-06-26T12:57:17Z</time>
			</trkpt>
			<trkpt lat="46.4261075258255" lon="10.686485528945923">
				<ele>2479.60009765625</ele>
				<time>2026-06-26T12:57:21Z</time>
			</trkpt>
			<trkpt lat="46.42609691619873" lon="10.686485290527344">
				<ele>2479.39990234375</ele>
				<time>2026-06-26T12:57:22Z</time>
			</trkpt>
			<trkpt lat="46.42597258090973" lon="10.686528325080872">
				<ele>2477.60009765625</ele>
				<time>2026-06-26T12:57:37Z</time>
			</trkpt>
			<trkpt lat="46.42594063282013" lon="10.686542510986328">
				<ele>2476.0</ele>
				<time>2026-06-26T12:57:55Z</time>
			</trkpt>
			<trkpt lat="46.425896644592285" lon="10.686577677726746">
				<ele>2474.0</ele>
				<time>2026-06-26T12:58:11Z</time>
			</trkpt>
			<trkpt lat="46.42590916156769" lon="10.686627507209778">
				<ele>2472.60009765625</ele>
				<time>2026-06-26T12:58:32Z</time>
			</trkpt>
			<trkpt lat="46.42587602138519" lon="10.686722993850708">
				<ele>2469.60009765625</ele>
				<time>2026-06-26T12:58:48Z</time>
			</trkpt>
			<trkpt lat="46.42577600479126" lon="10.686777234077454">
				<ele>2466.60009765625</ele>
				<time>2026-06-26T12:59:06Z</time>
			</trkpt>
			<trkpt lat="46.4257630109787" lon="10.686818599700928">
				<ele>2465.199951171875</ele>
				<time>2026-06-26T12:59:24Z</time>
			</trkpt>
			<trkpt lat="46.42574441432953" lon="10.686913847923279">
				<ele>2464.60009765625</ele>
				<time>2026-06-26T12:59:47Z</time>
			</trkpt>
			<trkpt lat="46.42574954032898" lon="10.686913013458252">
				<ele>2463.0</ele>
				<time>2026-06-26T13:00:04Z</time>
			</trkpt>
			<trkpt lat="46.42571675777435" lon="10.687032103538513">
				<ele>2463.0</ele>
				<time>2026-06-26T13:00:15Z</time>
			</trkpt>
			<trkpt lat="46.42571246623993" lon="10.687047481536865">
				<ele>2462.800048828125</ele>
				<time>2026-06-26T13:00:16Z</time>
			</trkpt>
			<trkpt lat="46.42569637298584" lon="10.687061548233032">
				<ele>2462.800048828125</ele>
				<time>2026-06-26T13:00:18Z</time>
			</trkpt>
			<trkpt lat="46.42567825317383" lon="10.687077283859253">
				<ele>2462.60009765625</ele>
				<time>2026-06-26T13:00:20Z</time>
			</trkpt>
			<trkpt lat="46.42556548118591" lon="10.687225222587585">
				<ele>2461.199951171875</ele>
				<time>2026-06-26T13:00:36Z</time>
			</trkpt>
			<trkpt lat="46.42552435398102" lon="10.687257885932922">
				<ele>2460.800048828125</ele>
				<time>2026-06-26T13:00:42Z</time>
			</trkpt>
			<trkpt lat="46.425485014915466" lon="10.687280654907227">
				<ele>2460.800048828125</ele>
				<time>2026-06-26T13:00:46Z</time>
			</trkpt>
			<trkpt lat="46.42548048496246" lon="10.687296271324158">
				<ele>2460.800048828125</ele>
				<time>2026-06-26T13:00:47Z</time>
			</trkpt>
			<trkpt lat="46.425424218177795" lon="10.68735647201538">
				<ele>2460.800048828125</ele>
				<time>2026-06-26T13:00:56Z</time>
			</trkpt>
			<trkpt lat="46.42536497116089" lon="10.687456727027893">
				<ele>2461.0</ele>
				<time>2026-06-26T13:01:09Z</time>
			</trkpt>
			<trkpt lat="46.42528820037842" lon="10.687530755996704">
				<ele>2461.0</ele>
				<time>2026-06-26T13:01:22Z</time>
			</trkpt>
			<trkpt lat="46.42527770996094" lon="10.687525391578674">
				<ele>2460.800048828125</ele>
				<time>2026-06-26T13:01:23Z</time>
			</trkpt>
			<trkpt lat="46.42525887489319" lon="10.687509655952454">
				<ele>2460.39990234375</ele>
				<time>2026-06-26T13:01:25Z</time>
			</trkpt>
			<trkpt lat="46.42515766620636" lon="10.687423348426819">
				<ele>2459.39990234375</ele>
				<time>2026-06-26T13:01:36Z</time>
			</trkpt>
			<trkpt lat="46.42512130737305" lon="10.687409162521362">
				<ele>2459.39990234375</ele>
				<time>2026-06-26T13:01:40Z</time>
			</trkpt>
			<trkpt lat="46.42510199546814" lon="10.687398195266724">
				<ele>2459.39990234375</ele>
				<time>2026-06-26T13:01:42Z</time>
			</trkpt>
			<trkpt lat="46.42509043216705" lon="10.687379240989685">
				<ele>2459.60009765625</ele>
				<time>2026-06-26T13:01:44Z</time>
			</trkpt>
			<trkpt lat="46.42507445812225" lon="10.687363028526306">
				<ele>2459.800048828125</ele>
				<time>2026-06-26T13:01:46Z</time>
			</trkpt>
			<trkpt lat="46.42506420612335" lon="10.68735647201538">
				<ele>2459.800048828125</ele>
				<time>2026-06-26T13:01:47Z</time>
			</trkpt>
			<trkpt lat="46.42490768432617" lon="10.687201023101807">
				<ele>2460.0</ele>
				<time>2026-06-26T13:02:05Z</time>
			</trkpt>
			<trkpt lat="46.424742221832275" lon="10.687070369720459">
				<ele>2459.60009765625</ele>
				<time>2026-06-26T13:02:22Z</time>
			</trkpt>
			<trkpt lat="46.42468082904816" lon="10.687058448791504">
				<ele>2460.60009765625</ele>
				<time>2026-06-26T13:02:39Z</time>
			</trkpt>
			<trkpt lat="46.424670934677124" lon="10.687057614326477">
				<ele>2460.60009765625</ele>
				<time>2026-06-26T13:02:40Z</time>
			</trkpt>
			<trkpt lat="46.42466127872467" lon="10.68705439567566">
				<ele>2460.60009765625</ele>
				<time>2026-06-26T13:02:41Z</time>
			</trkpt>
			<trkpt lat="46.42449760437012" lon="10.686973690986633">
				<ele>2458.800048828125</ele>
				<time>2026-06-26T13:02:59Z</time>
			</trkpt>
			<trkpt lat="46.42432153224945" lon="10.686954975128174">
				<ele>2456.0</ele>
				<time>2026-06-26T13:03:18Z</time>
			</trkpt>
			<trkpt lat="46.42430508136749" lon="10.686994791030884">
				<ele>2455.199951171875</ele>
				<time>2026-06-26T13:03:44Z</time>
			</trkpt>
			<trkpt lat="46.42430794239044" lon="10.687002778053284">
				<ele>2454.39990234375</ele>
				<time>2026-06-26T13:04:21Z</time>
			</trkpt>
			<trkpt lat="46.424309492111206" lon="10.687000513076782">
				<ele>2454.0</ele>
				<time>2026-06-26T13:04:50Z</time>
			</trkpt>
			<trkpt lat="46.42430031299591" lon="10.686982989311218">
				<ele>2452.199951171875</ele>
				<time>2026-06-26T13:06:37Z</time>
			</trkpt>
			<trkpt lat="46.42430222034454" lon="10.687002539634705">
				<ele>2451.39990234375</ele>
				<time>2026-06-26T13:07:52Z</time>
			</trkpt>
			<trkpt lat="46.42431199550629" lon="10.686986684799194">
				<ele>2452.800048828125</ele>
				<time>2026-06-26T13:09:06Z</time>
			</trkpt>
			<trkpt lat="46.424291491508484" lon="10.68696415424347">
				<ele>2453.800048828125</ele>
				<time>2026-06-26T13:09:24Z</time>
			</trkpt>
			<trkpt lat="46.42425298690796" lon="10.687011361122131">
				<ele>2453.800048828125</ele>
				<time>2026-06-26T13:09:40Z</time>
			</trkpt>
			<trkpt lat="46.42425584793091" lon="10.68704903125763">
				<ele>2453.199951171875</ele>
				<time>2026-06-26T13:10:03Z</time>
			</trkpt>
			<trkpt lat="46.4242684841156" lon="10.68716025352478">
				<ele>2452.60009765625</ele>
				<time>2026-06-26T13:10:32Z</time>
			</trkpt>
			<trkpt lat="46.42424738407135" lon="10.687254309654236">
				<ele>2449.39990234375</ele>
				<time>2026-06-26T13:10:46Z</time>
			</trkpt>
			<trkpt lat="46.42421853542328" lon="10.687390565872192">
				<ele>2446.39990234375</ele>
				<time>2026-06-26T13:10:59Z</time>
			</trkpt>
			<trkpt lat="46.4241977930069" lon="10.687550783157349">
				<ele>2443.199951171875</ele>
				<time>2026-06-26T13:11:14Z</time>
			</trkpt>
			<trkpt lat="46.42419183254242" lon="10.687565088272095">
				<ele>2442.800048828125</ele>
				<time>2026-06-26T13:11:15Z</time>
			</trkpt>
			<trkpt lat="46.42418825626373" lon="10.687579154968262">
				<ele>2442.60009765625</ele>
				<time>2026-06-26T13:11:16Z</time>
			</trkpt>
			<trkpt lat="46.42416799068451" lon="10.687667727470398">
				<ele>2440.800048828125</ele>
				<time>2026-06-26T13:11:23Z</time>
			</trkpt>
			<trkpt lat="46.42416787147522" lon="10.687682390213013">
				<ele>2440.60009765625</ele>
				<time>2026-06-26T13:11:24Z</time>
			</trkpt>
			<trkpt lat="46.42416763305664" lon="10.687697649002075">
				<ele>2440.39990234375</ele>
				<time>2026-06-26T13:11:25Z</time>
			</trkpt>
			<trkpt lat="46.42416858673096" lon="10.687712550163269">
				<ele>2440.0</ele>
				<time>2026-06-26T13:11:26Z</time>
			</trkpt>
			<trkpt lat="46.42416954040527" lon="10.687729001045227">
				<ele>2439.800048828125</ele>
				<time>2026-06-26T13:11:27Z</time>
			</trkpt>
			<trkpt lat="46.42416846752167" lon="10.687745094299316">
				<ele>2439.60009765625</ele>
				<time>2026-06-26T13:11:28Z</time>
			</trkpt>
			<trkpt lat="46.42416560649872" lon="10.687761306762695">
				<ele>2439.39990234375</ele>
				<time>2026-06-26T13:11:29Z</time>
			</trkpt>
			<trkpt lat="46.42416262626648" lon="10.687776684761047">
				<ele>2439.0</ele>
				<time>2026-06-26T13:11:30Z</time>
			</trkpt>
			<trkpt lat="46.42412519454956" lon="10.688000321388245">
				<ele>2436.0</ele>
				<time>2026-06-26T13:11:44Z</time>
			</trkpt>
			<trkpt lat="46.42414617538452" lon="10.688261985778809">
				<ele>2434.39990234375</ele>
				<time>2026-06-26T13:12:01Z</time>
			</trkpt>
			<trkpt lat="46.42415201663971" lon="10.688273906707764">
				<ele>2434.39990234375</ele>
				<time>2026-06-26T13:12:02Z</time>
			</trkpt>
			<trkpt lat="46.424245953559875" lon="10.68844485282898">
				<ele>2432.39990234375</ele>
				<time>2026-06-26T13:12:16Z</time>
			</trkpt>
			<trkpt lat="46.42426097393036" lon="10.688477993011475">
				<ele>2432.0</ele>
				<time>2026-06-26T13:12:19Z</time>
			</trkpt>
			<trkpt lat="46.42426335811615" lon="10.688493847846985">
				<ele>2431.800048828125</ele>
				<time>2026-06-26T13:12:20Z</time>
			</trkpt>
			<trkpt lat="46.424294114112854" lon="10.688658237457275">
				<ele>2429.0</ele>
				<time>2026-06-26T13:12:33Z</time>
			</trkpt>
			<trkpt lat="46.42415201663971" lon="10.688797950744629">
				<ele>2425.800048828125</ele>
				<time>2026-06-26T13:12:48Z</time>
			</trkpt>
			<trkpt lat="46.42403292655945" lon="10.6888929605484">
				<ele>2423.800048828125</ele>
				<time>2026-06-26T13:13:01Z</time>
			</trkpt>
			<trkpt lat="46.423964738845825" lon="10.688974738121033">
				<ele>2422.800048828125</ele>
				<time>2026-06-26T13:13:09Z</time>
			</trkpt>
			<trkpt lat="46.42393720149994" lon="10.688982248306274">
				<ele>2422.39990234375</ele>
				<time>2026-06-26T13:13:12Z</time>
			</trkpt>
			<trkpt lat="46.42391860485077" lon="10.689001679420471">
				<ele>2422.0</ele>
				<time>2026-06-26T13:13:14Z</time>
			</trkpt>
			<trkpt lat="46.42390775680542" lon="10.689003109931946">
				<ele>2422.0</ele>
				<time>2026-06-26T13:13:15Z</time>
			</trkpt>
			<trkpt lat="46.42389678955078" lon="10.689000129699707">
				<ele>2421.800048828125</ele>
				<time>2026-06-26T13:13:16Z</time>
			</trkpt>
			<trkpt lat="46.423792600631714" lon="10.689002633094788">
				<ele>2420.199951171875</ele>
				<time>2026-06-26T13:13:26Z</time>
			</trkpt>
			<trkpt lat="46.423781633377075" lon="10.689002275466919">
				<ele>2420.0</ele>
				<time>2026-06-26T13:13:27Z</time>
			</trkpt>
			<trkpt lat="46.42377007007599" lon="10.688999772071838">
				<ele>2419.800048828125</ele>
				<time>2026-06-26T13:13:28Z</time>
			</trkpt>
			<trkpt lat="46.42375910282135" lon="10.688998579978943">
				<ele>2419.800048828125</ele>
				<time>2026-06-26T13:13:29Z</time>
			</trkpt>
			<trkpt lat="46.423749566078186" lon="10.689004302024841">
				<ele>2419.60009765625</ele>
				<time>2026-06-26T13:13:30Z</time>
			</trkpt>
			<trkpt lat="46.423738956451416" lon="10.689009308815002">
				<ele>2419.60009765625</ele>
				<time>2026-06-26T13:13:31Z</time>
			</trkpt>
			<trkpt lat="46.423728227615356" lon="10.689012050628662">
				<ele>2419.39990234375</ele>
				<time>2026-06-26T13:13:32Z</time>
			</trkpt>
			<trkpt lat="46.423606157302856" lon="10.689144372940063">
				<ele>2417.60009765625</ele>
				<time>2026-06-26T13:13:46Z</time>
			</trkpt>
			<trkpt lat="46.42359948158264" lon="10.68915605545044">
				<ele>2417.60009765625</ele>
				<time>2026-06-26T13:13:47Z</time>
			</trkpt>
			<trkpt lat="46.42359471321106" lon="10.689169526100159">
				<ele>2417.39990234375</ele>
				<time>2026-06-26T13:13:48Z</time>
			</trkpt>
			<trkpt lat="46.423529505729675" lon="10.689271330833435">
				<ele>2415.60009765625</ele>
				<time>2026-06-26T13:14:03Z</time>
			</trkpt>
			<trkpt lat="46.423518776893616" lon="10.689279675483704">
				<ele>2415.60009765625</ele>
				<time>2026-06-26T13:14:04Z</time>
			</trkpt>
			<trkpt lat="46.42350518703461" lon="10.689279794692993">
				<ele>2415.39990234375</ele>
				<time>2026-06-26T13:14:05Z</time>
			</trkpt>
			<trkpt lat="46.42338442802429" lon="10.689324975013733">
				<ele>2414.0</ele>
				<time>2026-06-26T13:14:17Z</time>
			</trkpt>
			<trkpt lat="46.42337191104889" lon="10.68932843208313">
				<ele>2413.800048828125</ele>
				<time>2026-06-26T13:14:18Z</time>
			</trkpt>
			<trkpt lat="46.42336165904999" lon="10.689321637153625">
				<ele>2413.800048828125</ele>
				<time>2026-06-26T13:14:19Z</time>
			</trkpt>
			<trkpt lat="46.42335402965546" lon="10.689308643341064">
				<ele>2413.800048828125</ele>
				<time>2026-06-26T13:14:20Z</time>
			</trkpt>
			<trkpt lat="46.4233204126358" lon="10.689264059066772">
				<ele>2413.60009765625</ele>
				<time>2026-06-26T13:14:24Z</time>
			</trkpt>
			<trkpt lat="46.42330992221832" lon="10.689260840415955">
				<ele>2413.60009765625</ele>
				<time>2026-06-26T13:14:25Z</time>
			</trkpt>
			<trkpt lat="46.42329144477844" lon="10.689248204231262">
				<ele>2413.39990234375</ele>
				<time>2026-06-26T13:14:27Z</time>
			</trkpt>
			<trkpt lat="46.42320775985718" lon="10.68906056880951">
				<ele>2414.39990234375</ele>
				<time>2026-06-26T13:14:41Z</time>
			</trkpt>
			<trkpt lat="46.42319595813751" lon="10.689055919647217">
				<ele>2414.39990234375</ele>
				<time>2026-06-26T13:14:42Z</time>
			</trkpt>
			<trkpt lat="46.42318606376648" lon="10.689049243927002">
				<ele>2414.60009765625</ele>
				<time>2026-06-26T13:14:43Z</time>
			</trkpt>
			<trkpt lat="46.42317771911621" lon="10.689040303230286">
				<ele>2414.60009765625</ele>
				<time>2026-06-26T13:14:44Z</time>
			</trkpt>
			<trkpt lat="46.423144698143005" lon="10.689025163650513">
				<ele>2414.800048828125</ele>
				<time>2026-06-26T13:14:48Z</time>
			</trkpt>
			<trkpt lat="46.42307150363922" lon="10.688961386680603">
				<ele>2415.199951171875</ele>
				<time>2026-06-26T13:14:56Z</time>
			</trkpt>
			<trkpt lat="46.423006653785706" lon="10.68887209892273">
				<ele>2415.60009765625</ele>
				<time>2026-06-26T13:15:09Z</time>
			</trkpt>
			<trkpt lat="46.4229611158371" lon="10.688805103302002">
				<ele>2415.199951171875</ele>
				<time>2026-06-26T13:15:20Z</time>
			</trkpt>
			<trkpt lat="46.4229531288147" lon="10.688796401023865">
				<ele>2415.0</ele>
				<time>2026-06-26T13:15:21Z</time>
			</trkpt>
			<trkpt lat="46.42285430431366" lon="10.688577890396118">
				<ele>2412.0</ele>
				<time>2026-06-26T13:15:39Z</time>
			</trkpt>
			<trkpt lat="46.42284107208252" lon="10.688555836677551">
				<ele>2412.0</ele>
				<time>2026-06-26T13:15:41Z</time>
			</trkpt>
			<trkpt lat="46.42283380031586" lon="10.688541769981384">
				<ele>2412.0</ele>
				<time>2026-06-26T13:15:42Z</time>
			</trkpt>
			<trkpt lat="46.42282593250275" lon="10.688527941703796">
				<ele>2412.0</ele>
				<time>2026-06-26T13:15:43Z</time>
			</trkpt>
			<trkpt lat="46.4227831363678" lon="10.688315391540527">
				<ele>2412.0</ele>
				<time>2026-06-26T13:15:59Z</time>
			</trkpt>
			<trkpt lat="46.42278444766998" lon="10.688246726989746">
				<ele>2411.39990234375</ele>
				<time>2026-06-26T13:16:05Z</time>
			</trkpt>
			<trkpt lat="46.42279088497162" lon="10.688181757926941">
				<ele>2411.0</ele>
				<time>2026-06-26T13:16:10Z</time>
			</trkpt>
			<trkpt lat="46.42279374599457" lon="10.688166856765747">
				<ele>2411.0</ele>
				<time>2026-06-26T13:16:11Z</time>
			</trkpt>
			<trkpt lat="46.42286574840546" lon="10.687921047210693">
				<ele>2408.60009765625</ele>
				<time>2026-06-26T13:16:30Z</time>
			</trkpt>
			<trkpt lat="46.42289340496063" lon="10.68786895275116">
				<ele>2406.60009765625</ele>
				<time>2026-06-26T13:16:50Z</time>
			</trkpt>
			<trkpt lat="46.42291343212128" lon="10.687831401824951">
				<ele>2404.60009765625</ele>
				<time>2026-06-26T13:17:06Z</time>
			</trkpt>
			<trkpt lat="46.42294001579285" lon="10.687735080718994">
				<ele>2401.39990234375</ele>
				<time>2026-06-26T13:17:24Z</time>
			</trkpt>
			<trkpt lat="46.42293930053711" lon="10.687736868858337">
				<ele>2401.199951171875</ele>
				<time>2026-06-26T13:17:25Z</time>
			</trkpt>
			<trkpt lat="46.42298698425293" lon="10.6876779794693">
				<ele>2400.199951171875</ele>
				<time>2026-06-26T13:17:48Z</time>
			</trkpt>
			<trkpt lat="46.42305052280426" lon="10.6875559091568">
				<ele>2397.199951171875</ele>
				<time>2026-06-26T13:18:01Z</time>
			</trkpt>
			<trkpt lat="46.42311489582062" lon="10.68748414516449">
				<ele>2394.39990234375</ele>
				<time>2026-06-26T13:18:14Z</time>
			</trkpt>
			<trkpt lat="46.42317712306976" lon="10.687427639961243">
				<ele>2391.199951171875</ele>
				<time>2026-06-26T13:18:28Z</time>
			</trkpt>
			<trkpt lat="46.423256516456604" lon="10.687441229820251">
				<ele>2388.39990234375</ele>
				<time>2026-06-26T13:18:46Z</time>
			</trkpt>
			<trkpt lat="46.42323446273804" lon="10.687382817268372">
				<ele>2387.800048828125</ele>
				<time>2026-06-26T13:19:09Z</time>
			</trkpt>
			<trkpt lat="46.423198103904724" lon="10.687323927879333">
				<ele>2386.0</ele>
				<time>2026-06-26T13:19:24Z</time>
			</trkpt>
			<trkpt lat="46.42321586608887" lon="10.687254309654236">
				<ele>2383.0</ele>
				<time>2026-06-26T13:19:40Z</time>
			</trkpt>
			<trkpt lat="46.42327928543091" lon="10.687166452407837">
				<ele>2380.0</ele>
				<time>2026-06-26T13:19:55Z</time>
			</trkpt>
			<trkpt lat="46.42332196235657" lon="10.68713629245758">
				<ele>2378.800048828125</ele>
				<time>2026-06-26T13:20:00Z</time>
			</trkpt>
			<trkpt lat="46.423343896865845" lon="10.687130212783813">
				<ele>2378.39990234375</ele>
				<time>2026-06-26T13:20:02Z</time>
			</trkpt>
			<trkpt lat="46.423362374305725" lon="10.687102675437927">
				<ele>2377.800048828125</ele>
				<time>2026-06-26T13:20:05Z</time>
			</trkpt>
			<trkpt lat="46.42336821556091" lon="10.687088131904602">
				<ele>2377.60009765625</ele>
				<time>2026-06-26T13:20:06Z</time>
			</trkpt>
			<trkpt lat="46.42337679862976" lon="10.687076330184937">
				<ele>2377.199951171875</ele>
				<time>2026-06-26T13:20:07Z</time>
			</trkpt>
			<trkpt lat="46.42340588569641" lon="10.686999320983887">
				<ele>2375.60009765625</ele>
				<time>2026-06-26T13:20:14Z</time>
			</trkpt>
			<trkpt lat="46.42341768741608" lon="10.686917185783386">
				<ele>2373.39990234375</ele>
				<time>2026-06-26T13:20:30Z</time>
			</trkpt>
			<trkpt lat="46.42336332798004" lon="10.686806082725525">
				<ele>2372.39990234375</ele>
				<time>2026-06-26T13:20:45Z</time>
			</trkpt>
			<trkpt lat="46.423362493515015" lon="10.686790227890015">
				<ele>2372.199951171875</ele>
				<time>2026-06-26T13:20:46Z</time>
			</trkpt>
			<trkpt lat="46.42336320877075" lon="10.686773180961609">
				<ele>2372.0</ele>
				<time>2026-06-26T13:20:47Z</time>
			</trkpt>
			<trkpt lat="46.42336595058441" lon="10.686757683753967">
				<ele>2371.800048828125</ele>
				<time>2026-06-26T13:20:48Z</time>
			</trkpt>
			<trkpt lat="46.423370122909546" lon="10.68674385547638">
				<ele>2371.60009765625</ele>
				<time>2026-06-26T13:20:49Z</time>
			</trkpt>
			<trkpt lat="46.423410296440125" lon="10.686557054519653">
				<ele>2369.39990234375</ele>
				<time>2026-06-26T13:21:03Z</time>
			</trkpt>
			<trkpt lat="46.423436760902405" lon="10.686376810073853">
				<ele>2367.199951171875</ele>
				<time>2026-06-26T13:21:20Z</time>
			</trkpt>
			<trkpt lat="46.423444509506226" lon="10.686344027519226">
				<ele>2364.800048828125</ele>
				<time>2026-06-26T13:21:40Z</time>
			</trkpt>
			<trkpt lat="46.42347824573517" lon="10.6862154006958">
				<ele>2362.800048828125</ele>
				<time>2026-06-26T13:21:58Z</time>
			</trkpt>
			<trkpt lat="46.42346632480621" lon="10.686177015304565">
				<ele>2362.199951171875</ele>
				<time>2026-06-26T13:22:02Z</time>
			</trkpt>
			<trkpt lat="46.42346179485321" lon="10.68616795539856">
				<ele>2359.800048828125</ele>
				<time>2026-06-26T13:22:21Z</time>
			</trkpt>
			<trkpt lat="46.423468232154846" lon="10.686139822006226">
				<ele>2359.800048828125</ele>
				<time>2026-06-26T13:22:23Z</time>
			</trkpt>
			<trkpt lat="46.4234733581543" lon="10.68602728843689">
				<ele>2359.199951171875</ele>
				<time>2026-06-26T13:22:33Z</time>
			</trkpt>
			<trkpt lat="46.42348659038544" lon="10.685954689979553">
				<ele>2357.800048828125</ele>
				<time>2026-06-26T13:22:46Z</time>
			</trkpt>
			<trkpt lat="46.4234733581543" lon="10.685936212539673">
				<ele>2357.199951171875</ele>
				<time>2026-06-26T13:23:16Z</time>
			</trkpt>
			<trkpt lat="46.42347860336304" lon="10.68583333492279">
				<ele>2354.60009765625</ele>
				<time>2026-06-26T13:23:42Z</time>
			</trkpt>
			<trkpt lat="46.423463106155396" lon="10.685764193534851">
				<ele>2354.0</ele>
				<time>2026-06-26T13:24:01Z</time>
			</trkpt>
			<trkpt lat="46.423444509506226" lon="10.685657978057861">
				<ele>2352.800048828125</ele>
				<time>2026-06-26T13:24:17Z</time>
			</trkpt>
			<trkpt lat="46.42345869541168" lon="10.685587763786316">
				<ele>2351.39990234375</ele>
				<time>2026-06-26T13:24:30Z</time>
			</trkpt>
			<trkpt lat="46.42351794242859" lon="10.685512900352478">
				<ele>2351.0</ele>
				<time>2026-06-26T13:24:58Z</time>
			</trkpt>
			<trkpt lat="46.42355155944824" lon="10.68544089794159">
				<ele>2352.800048828125</ele>
				<time>2026-06-26T13:25:12Z</time>
			</trkpt>
			<trkpt lat="46.423537373542786" lon="10.685331583023071">
				<ele>2352.199951171875</ele>
				<time>2026-06-26T13:25:30Z</time>
			</trkpt>
			<trkpt lat="46.423543095588684" lon="10.685292363166809">
				<ele>2351.800048828125</ele>
				<time>2026-06-26T13:25:33Z</time>
			</trkpt>
			<trkpt lat="46.423548102378845" lon="10.685234069824219">
				<ele>2351.0</ele>
				<time>2026-06-26T13:25:37Z</time>
			</trkpt>
			<trkpt lat="46.423548221588135" lon="10.68521797657013">
				<ele>2350.800048828125</ele>
				<time>2026-06-26T13:25:38Z</time>
			</trkpt>
			<trkpt lat="46.42358195781708" lon="10.684955477714539">
				<ele>2348.800048828125</ele>
				<time>2026-06-26T13:25:55Z</time>
			</trkpt>
			<trkpt lat="46.42359721660614" lon="10.684885621070862">
				<ele>2348.60009765625</ele>
				<time>2026-06-26T13:26:01Z</time>
			</trkpt>
			<trkpt lat="46.42360055446625" lon="10.684871554374695">
				<ele>2348.60009765625</ele>
				<time>2026-06-26T13:26:02Z</time>
			</trkpt>
			<trkpt lat="46.42360472679138" lon="10.684809446334839">
				<ele>2348.0</ele>
				<time>2026-06-26T13:26:07Z</time>
			</trkpt>
			<trkpt lat="46.4236056804657" lon="10.684795141220093">
				<ele>2348.0</ele>
				<time>2026-06-26T13:26:08Z</time>
			</trkpt>
			<trkpt lat="46.42360830307007" lon="10.684680581092834">
				<ele>2346.60009765625</ele>
				<time>2026-06-26T13:26:17Z</time>
			</trkpt>
			<trkpt lat="46.42359375953674" lon="10.684625506401062">
				<ele>2346.0</ele>
				<time>2026-06-26T13:26:22Z</time>
			</trkpt>
			<trkpt lat="46.42357885837555" lon="10.68446969985962">
				<ele>2342.800048828125</ele>
				<time>2026-06-26T13:26:40Z</time>
			</trkpt>
			<trkpt lat="46.42356765270233" lon="10.684428095817566">
				<ele>2341.800048828125</ele>
				<time>2026-06-26T13:26:44Z</time>
			</trkpt>
			<trkpt lat="46.423569679260254" lon="10.684413194656372">
				<ele>2341.60009765625</ele>
				<time>2026-06-26T13:26:45Z</time>
			</trkpt>
			<trkpt lat="46.423564076423645" lon="10.684310913085938">
				<ele>2339.800048828125</ele>
				<time>2026-06-26T13:26:53Z</time>
			</trkpt>
			<trkpt lat="46.4235622882843" lon="10.684296011924744">
				<ele>2339.60009765625</ele>
				<time>2026-06-26T13:26:54Z</time>
			</trkpt>
			<trkpt lat="46.42356014251709" lon="10.684279799461365">
				<ele>2339.199951171875</ele>
				<time>2026-06-26T13:26:55Z</time>
			</trkpt>
			<trkpt lat="46.42355942726135" lon="10.684264421463013">
				<ele>2339.0</ele>
				<time>2026-06-26T13:26:56Z</time>
			</trkpt>
			<trkpt lat="46.4235577583313" lon="10.684248566627502">
				<ele>2338.800048828125</ele>
				<time>2026-06-26T13:26:57Z</time>
			</trkpt>
			<trkpt lat="46.42355704307556" lon="10.684231638908386">
				<ele>2338.60009765625</ele>
				<time>2026-06-26T13:26:58Z</time>
			</trkpt>
			<trkpt lat="46.4235565662384" lon="10.684214115142822">
				<ele>2338.60009765625</ele>
				<time>2026-06-26T13:26:59Z</time>
			</trkpt>
			<trkpt lat="46.423566699028015" lon="10.68409776687622">
				<ele>2337.39990234375</ele>
				<time>2026-06-26T13:27:08Z</time>
			</trkpt>
			<trkpt lat="46.423569440841675" lon="10.684082508087158">
				<ele>2337.199951171875</ele>
				<time>2026-06-26T13:27:09Z</time>
			</trkpt>
			<trkpt lat="46.42356789112091" lon="10.68397581577301">
				<ele>2336.60009765625</ele>
				<time>2026-06-26T13:27:22Z</time>
			</trkpt>
			<trkpt lat="46.423534870147705" lon="10.683818817138672">
				<ele>2333.60009765625</ele>
				<time>2026-06-26T13:27:36Z</time>
			</trkpt>
			<trkpt lat="46.42353880405426" lon="10.683802723884583">
				<ele>2333.39990234375</ele>
				<time>2026-06-26T13:27:37Z</time>
			</trkpt>
			<trkpt lat="46.42354416847229" lon="10.683787226676941">
				<ele>2333.199951171875</ele>
				<time>2026-06-26T13:27:38Z</time>
			</trkpt>
			<trkpt lat="46.42355120182037" lon="10.683772683143616">
				<ele>2333.0</ele>
				<time>2026-06-26T13:27:39Z</time>
			</trkpt>
			<trkpt lat="46.423558831214905" lon="10.683759331703186">
				<ele>2332.60009765625</ele>
				<time>2026-06-26T13:27:40Z</time>
			</trkpt>
			<trkpt lat="46.42356264591217" lon="10.683653473854065">
				<ele>2331.800048828125</ele>
				<time>2026-06-26T13:27:49Z</time>
			</trkpt>
			<trkpt lat="46.4235600233078" lon="10.683635592460632">
				<ele>2331.800048828125</ele>
				<time>2026-06-26T13:27:50Z</time>
			</trkpt>
			<trkpt lat="46.42356085777283" lon="10.683616399765015">
				<ele>2331.800048828125</ele>
				<time>2026-06-26T13:27:51Z</time>
			</trkpt>
			<trkpt lat="46.42356336116791" lon="10.683597564697266">
				<ele>2331.800048828125</ele>
				<time>2026-06-26T13:27:52Z</time>
			</trkpt>
			<trkpt lat="46.42356479167938" lon="10.68358027935028">
				<ele>2331.800048828125</ele>
				<time>2026-06-26T13:27:53Z</time>
			</trkpt>
			<trkpt lat="46.42356634140015" lon="10.683539748191833">
				<ele>2331.800048828125</ele>
				<time>2026-06-26T13:27:56Z</time>
			</trkpt>
			<trkpt lat="46.42356097698212" lon="10.683524131774902">
				<ele>2331.800048828125</ele>
				<time>2026-06-26T13:27:57Z</time>
			</trkpt>
			<trkpt lat="46.42352318763733" lon="10.683399558067322">
				<ele>2331.0</ele>
				<time>2026-06-26T13:28:09Z</time>
			</trkpt>
			<trkpt lat="46.42347455024719" lon="10.68322741985321">
				<ele>2328.0</ele>
				<time>2026-06-26T13:28:27Z</time>
			</trkpt>
			<trkpt lat="46.423471093177795" lon="10.68316376209259">
				<ele>2325.0</ele>
				<time>2026-06-26T13:28:41Z</time>
			</trkpt>
			<trkpt lat="46.42345833778381" lon="10.683153867721558">
				<ele>2323.60009765625</ele>
				<time>2026-06-26T13:29:03Z</time>
			</trkpt>
			<trkpt lat="46.423463106155396" lon="10.683150291442871">
				<ele>2322.199951171875</ele>
				<time>2026-06-26T13:29:32Z</time>
			</trkpt>
			<trkpt lat="46.423458099365234" lon="10.683152437210083">
				<ele>2322.199951171875</ele>
				<time>2026-06-26T13:30:02Z</time>
			</trkpt>
			<trkpt lat="46.42346012592316" lon="10.683155417442322">
				<ele>2321.800048828125</ele>
				<time>2026-06-26T13:30:27Z</time>
			</trkpt>
			<trkpt lat="46.423462986946106" lon="10.68316376209259">
				<ele>2318.60009765625</ele>
				<time>2026-06-26T13:30:41Z</time>
			</trkpt>
			<trkpt lat="46.42346370220184" lon="10.683164477348328">
				<ele>2317.800048828125</ele>
				<time>2026-06-26T13:30:43Z</time>
			</trkpt>
			<trkpt lat="46.42347979545593" lon="10.683164715766907">
				<ele>2321.0</ele>
				<time>2026-06-26T13:31:07Z</time>
			</trkpt>
			<trkpt lat="46.423481822013855" lon="10.683159470558167">
				<ele>2325.0</ele>
				<time>2026-06-26T13:31:21Z</time>
			</trkpt>
			<trkpt lat="46.42349112033844" lon="10.6831533908844">
				<ele>2321.39990234375</ele>
				<time>2026-06-26T13:31:29Z</time>
			</trkpt>
			<trkpt lat="46.4235018491745" lon="10.683144092559814">
				<ele>2323.60009765625</ele>
				<time>2026-06-26T13:31:51Z</time>
			</trkpt>
			<trkpt lat="46.42350614070892" lon="10.683143258094788">
				<ele>2320.800048828125</ele>
				<time>2026-06-26T13:32:33Z</time>
			</trkpt>
			<trkpt lat="46.42351746559143" lon="10.683152318000793">
				<ele>2321.39990234375</ele>
				<time>2026-06-26T13:33:13Z</time>
			</trkpt>
			<trkpt lat="46.4234756231308" lon="10.6830894947052">
				<ele>2320.60009765625</ele>
				<time>2026-06-26T13:33:33Z</time>
			</trkpt>
			<trkpt lat="46.42343091964722" lon="10.683045148849487">
				<ele>2319.0</ele>
				<time>2026-06-26T13:33:45Z</time>
			</trkpt>
			<trkpt lat="46.42342388629913" lon="10.682979345321655">
				<ele>2318.39990234375</ele>
				<time>2026-06-26T13:33:49Z</time>
			</trkpt>
			<trkpt lat="46.423423647880554" lon="10.682963609695435">
				<ele>2318.199951171875</ele>
				<time>2026-06-26T13:33:50Z</time>
			</trkpt>
			<trkpt lat="46.423385977745056" lon="10.682940244674683">
				<ele>2316.60009765625</ele>
				<time>2026-06-26T13:33:58Z</time>
			</trkpt>
			<trkpt lat="46.423344016075134" lon="10.6829252243042">
				<ele>2315.800048828125</ele>
				<time>2026-06-26T13:34:03Z</time>
			</trkpt>
			<trkpt lat="46.42330610752106" lon="10.682880878448486">
				<ele>2313.39990234375</ele>
				<time>2026-06-26T13:34:15Z</time>
			</trkpt>
			<trkpt lat="46.42330360412598" lon="10.682862877845764">
				<ele>2310.199951171875</ele>
				<time>2026-06-26T13:34:27Z</time>
			</trkpt>
			<trkpt lat="46.4233033657074" lon="10.682860016822815">
				<ele>2309.39990234375</ele>
				<time>2026-06-26T13:34:29Z</time>
			</trkpt>
			<trkpt lat="46.423300981521606" lon="10.682842493057251">
				<ele>2313.199951171875</ele>
				<time>2026-06-26T13:34:55Z</time>
			</trkpt>
			<trkpt lat="46.42330050468445" lon="10.682843089103699">
				<ele>2314.0</ele>
				<time>2026-06-26T13:34:57Z</time>
			</trkpt>
			<trkpt lat="46.42329680919647" lon="10.682840347290039">
				<ele>2310.800048828125</ele>
				<time>2026-06-26T13:35:04Z</time>
			</trkpt>
			<trkpt lat="46.42329549789429" lon="10.682840585708618">
				<ele>2310.39990234375</ele>
				<time>2026-06-26T13:35:05Z</time>
			</trkpt>
			<trkpt lat="46.42328202724457" lon="10.682817935943604">
				<ele>2311.0</ele>
				<time>2026-06-26T13:35:45Z</time>
			</trkpt>
			<trkpt lat="46.423261642456055" lon="10.682803630828857">
				<ele>2311.0</ele>
				<time>2026-06-26T13:35:47Z</time>
			</trkpt>
			<trkpt lat="46.42323577404022" lon="10.682796478271484">
				<ele>2311.199951171875</ele>
				<time>2026-06-26T13:35:49Z</time>
			</trkpt>
			<trkpt lat="46.42320370674133" lon="10.682780981063843">
				<ele>2309.800048828125</ele>
				<time>2026-06-26T13:36:07Z</time>
			</trkpt>
			<trkpt lat="46.42319476604462" lon="10.68276822566986">
				<ele>2310.199951171875</ele>
				<time>2026-06-26T13:36:11Z</time>
			</trkpt>
			<trkpt lat="46.42315661907196" lon="10.682733297348022">
				<ele>2310.60009765625</ele>
				<time>2026-06-26T13:36:16Z</time>
			</trkpt>
			<trkpt lat="46.4230979681015" lon="10.682716369628906">
				<ele>2314.39990234375</ele>
				<time>2026-06-26T13:36:22Z</time>
			</trkpt>
			<trkpt lat="46.423081159591675" lon="10.68271553516388">
				<ele>2316.0</ele>
				<time>2026-06-26T13:36:24Z</time>
			</trkpt>
			<trkpt lat="46.42302906513214" lon="10.68269169330597">
				<ele>2318.0</ele>
				<time>2026-06-26T13:36:29Z</time>
			</trkpt>
			<trkpt lat="46.42298150062561" lon="10.682661890983582">
				<ele>2322.39990234375</ele>
				<time>2026-06-26T13:36:33Z</time>
			</trkpt>
			<trkpt lat="46.42294251918793" lon="10.682647347450256">
				<ele>2325.800048828125</ele>
				<time>2026-06-26T13:36:36Z</time>
			</trkpt>
			<trkpt lat="46.42290461063385" lon="10.682643175125122">
				<ele>2329.0</ele>
				<time>2026-06-26T13:36:39Z</time>
			</trkpt>
			<trkpt lat="46.42285978794098" lon="10.682627439498901">
				<ele>2332.60009765625</ele>
				<time>2026-06-26T13:36:43Z</time>
			</trkpt>
			<trkpt lat="46.422831535339355" lon="10.682623982429504">
				<ele>2335.199951171875</ele>
				<time>2026-06-26T13:36:46Z</time>
			</trkpt>
			<trkpt lat="46.42279517650604" lon="10.6825932264328">
				<ele>2338.199951171875</ele>
				<time>2026-06-26T13:36:50Z</time>
			</trkpt>
			<trkpt lat="46.422752141952515" lon="10.682562112808228">
				<ele>2332.800048828125</ele>
				<time>2026-06-26T13:36:54Z</time>
			</trkpt>
			<trkpt lat="46.4227454662323" lon="10.682558178901672">
				<ele>2329.0</ele>
				<time>2026-06-26T13:36:55Z</time>
			</trkpt>
			<trkpt lat="46.422722578048706" lon="10.682580828666687">
				<ele>2323.60009765625</ele>
				<time>2026-06-26T13:36:59Z</time>
			</trkpt>
			<trkpt lat="46.422680497169495" lon="10.68256413936615">
				<ele>2326.800048828125</ele>
				<time>2026-06-26T13:37:05Z</time>
			</trkpt>
			<trkpt lat="46.42267179489136" lon="10.6825692653656">
				<ele>2327.800048828125</ele>
				<time>2026-06-26T13:37:06Z</time>
			</trkpt>
			<trkpt lat="46.42265021800995" lon="10.682560801506042">
				<ele>2331.39990234375</ele>
				<time>2026-06-26T13:37:10Z</time>
			</trkpt>
			<trkpt lat="46.42265868186951" lon="10.682519674301147">
				<ele>2335.0</ele>
				<time>2026-06-26T13:37:14Z</time>
			</trkpt>
			<trkpt lat="46.42266499996185" lon="10.682506918907166">
				<ele>2336.0</ele>
				<time>2026-06-26T13:37:15Z</time>
			</trkpt>
			<trkpt lat="46.42267370223999" lon="10.682494044303894">
				<ele>2336.800048828125</ele>
				<time>2026-06-26T13:37:16Z</time>
			</trkpt>
			<trkpt lat="46.422683000564575" lon="10.682482600212097">
				<ele>2337.800048828125</ele>
				<time>2026-06-26T13:37:17Z</time>
			</trkpt>
			<trkpt lat="46.42269229888916" lon="10.682470679283142">
				<ele>2338.800048828125</ele>
				<time>2026-06-26T13:37:18Z</time>
			</trkpt>
			<trkpt lat="46.42270028591156" lon="10.682456851005554">
				<ele>2339.60009765625</ele>
				<time>2026-06-26T13:37:19Z</time>
			</trkpt>
			<trkpt lat="46.422706723213196" lon="10.68244218826294">
				<ele>2340.39990234375</ele>
				<time>2026-06-26T13:37:20Z</time>
			</trkpt>
			<trkpt lat="46.42271387577057" lon="10.68242859840393">
				<ele>2341.39990234375</ele>
				<time>2026-06-26T13:37:21Z</time>
			</trkpt>
			<trkpt lat="46.42272067070007" lon="10.682414770126343">
				<ele>2342.39990234375</ele>
				<time>2026-06-26T13:37:22Z</time>
			</trkpt>
			<trkpt lat="46.42272651195526" lon="10.682398438453674">
				<ele>2343.199951171875</ele>
				<time>2026-06-26T13:37:23Z</time>
			</trkpt>
			<trkpt lat="46.42273271083832" lon="10.682384490966797">
				<ele>2344.199951171875</ele>
				<time>2026-06-26T13:37:24Z</time>
			</trkpt>
			<trkpt lat="46.42274069786072" lon="10.682372808456421">
				<ele>2345.0</ele>
				<time>2026-06-26T13:37:25Z</time>
			</trkpt>
			<trkpt lat="46.422757625579834" lon="10.68233847618103">
				<ele>2347.60009765625</ele>
				<time>2026-06-26T13:37:28Z</time>
			</trkpt>
			<trkpt lat="46.422765254974365" lon="10.682321310043335">
				<ele>2348.39990234375</ele>
				<time>2026-06-26T13:37:29Z</time>
			</trkpt>
			<trkpt lat="46.42277228832245" lon="10.682304620742798">
				<ele>2349.0</ele>
				<time>2026-06-26T13:37:30Z</time>
			</trkpt>
			<trkpt lat="46.422778367996216" lon="10.68229079246521">
				<ele>2349.800048828125</ele>
				<time>2026-06-26T13:37:31Z</time>
			</trkpt>
			<trkpt lat="46.422802448272705" lon="10.682227969169617">
				<ele>2353.39990234375</ele>
				<time>2026-06-26T13:37:36Z</time>
			</trkpt>
			<trkpt lat="46.42281663417816" lon="10.682148456573486">
				<ele>2357.0</ele>
				<time>2026-06-26T13:37:41Z</time>
			</trkpt>
			<trkpt lat="46.42282199859619" lon="10.682103633880615">
				<ele>2359.0</ele>
				<time>2026-06-26T13:37:44Z</time>
			</trkpt>
			<trkpt lat="46.42282056808472" lon="10.682087421417236">
				<ele>2359.60009765625</ele>
				<time>2026-06-26T13:37:45Z</time>
			</trkpt>
			<trkpt lat="46.422834277153015" lon="10.682019710540771">
				<ele>2363.0</ele>
				<time>2026-06-26T13:37:50Z</time>
			</trkpt>
			<trkpt lat="46.42284798622131" lon="10.681971549987793">
				<ele>2366.0</ele>
				<time>2026-06-26T13:37:54Z</time>
			</trkpt>
			<trkpt lat="46.42285335063934" lon="10.681958675384521">
				<ele>2366.60009765625</ele>
				<time>2026-06-26T13:37:55Z</time>
			</trkpt>
			<trkpt lat="46.42287826538086" lon="10.681896924972534">
				<ele>2370.0</ele>
				<time>2026-06-26T13:38:00Z</time>
			</trkpt>
			<trkpt lat="46.42288887500763" lon="10.681890964508057">
				<ele>2370.60009765625</ele>
				<time>2026-06-26T13:38:01Z</time>
			</trkpt>
			<trkpt lat="46.42292869091034" lon="10.681857228279114">
				<ele>2373.800048828125</ele>
				<time>2026-06-26T13:38:06Z</time>
			</trkpt>
			<trkpt lat="46.42294251918793" lon="10.681822419166565">
				<ele>2375.60009765625</ele>
				<time>2026-06-26T13:38:09Z</time>
			</trkpt>
			<trkpt lat="46.422948122024536" lon="10.681808948516846">
				<ele>2376.39990234375</ele>
				<time>2026-06-26T13:38:10Z</time>
			</trkpt>
			<trkpt lat="46.42298638820648" lon="10.681753516197205">
				<ele>2379.39990234375</ele>
				<time>2026-06-26T13:38:15Z</time>
			</trkpt>
			<trkpt lat="46.42296278476715" lon="10.681704759597778">
				<ele>2382.800048828125</ele>
				<time>2026-06-26T13:38:21Z</time>
			</trkpt>
			<trkpt lat="46.4229474067688" lon="10.681692004203796">
				<ele>2384.0</ele>
				<time>2026-06-26T13:38:23Z</time>
			</trkpt>
			<trkpt lat="46.422882318496704" lon="10.681642174720764">
				<ele>2387.199951171875</ele>
				<time>2026-06-26T13:38:29Z</time>
			</trkpt>
			<trkpt lat="46.42280673980713" lon="10.681609034538269">
				<ele>2390.800048828125</ele>
				<time>2026-06-26T13:38:35Z</time>
			</trkpt>
			<trkpt lat="46.422751903533936" lon="10.681597352027893">
				<ele>2394.0</ele>
				<time>2026-06-26T13:38:40Z</time>
			</trkpt>
			<trkpt lat="46.422706961631775" lon="10.681588292121887">
				<ele>2396.60009765625</ele>
				<time>2026-06-26T13:38:44Z</time>
			</trkpt>
			<trkpt lat="46.422707080841064" lon="10.681565165519714">
				<ele>2397.800048828125</ele>
				<time>2026-06-26T13:38:46Z</time>
			</trkpt>
			<trkpt lat="46.422714829444885" lon="10.681551456451416">
				<ele>2398.39990234375</ele>
				<time>2026-06-26T13:38:47Z</time>
			</trkpt>
			<trkpt lat="46.42272114753723" lon="10.681535840034485">
				<ele>2399.0</ele>
				<time>2026-06-26T13:38:48Z</time>
			</trkpt>
			<trkpt lat="46.42272675037384" lon="10.681522369384766">
				<ele>2399.800048828125</ele>
				<time>2026-06-26T13:38:49Z</time>
			</trkpt>
			<trkpt lat="46.422733306884766" lon="10.681509613990784">
				<ele>2400.39990234375</ele>
				<time>2026-06-26T13:38:50Z</time>
			</trkpt>
			<trkpt lat="46.42273962497711" lon="10.681497812271118">
				<ele>2401.0</ele>
				<time>2026-06-26T13:38:51Z</time>
			</trkpt>
			<trkpt lat="46.42274606227875" lon="10.681486964225769">
				<ele>2401.39990234375</ele>
				<time>2026-06-26T13:38:52Z</time>
			</trkpt>
			<trkpt lat="46.422762989997864" lon="10.681461572647095">
				<ele>2404.60009765625</ele>
				<time>2026-06-26T13:38:57Z</time>
			</trkpt>
			<trkpt lat="46.42276871204376" lon="10.681454300880432">
				<ele>2406.39990234375</ele>
				<time>2026-06-26T13:39:00Z</time>
			</trkpt>
			<trkpt lat="46.42277801036835" lon="10.681439518928528">
				<ele>2407.0</ele>
				<time>2026-06-26T13:39:01Z</time>
			</trkpt>
			<trkpt lat="46.42278873920441" lon="10.681426882743835">
				<ele>2407.800048828125</ele>
				<time>2026-06-26T13:39:02Z</time>
			</trkpt>
			<trkpt lat="46.42280054092407" lon="10.681414246559143">
				<ele>2408.39990234375</ele>
				<time>2026-06-26T13:39:03Z</time>
			</trkpt>
			<trkpt lat="46.42281234264374" lon="10.681402325630188">
				<ele>2409.0</ele>
				<time>2026-06-26T13:39:04Z</time>
			</trkpt>
			<trkpt lat="46.42287027835846" lon="10.681334614753723">
				<ele>2412.60009765625</ele>
				<time>2026-06-26T13:39:10Z</time>
			</trkpt>
			<trkpt lat="46.422927498817444" lon="10.681254744529724">
				<ele>2416.199951171875</ele>
				<time>2026-06-26T13:39:16Z</time>
			</trkpt>
			<trkpt lat="46.422950863838196" lon="10.681219935417175">
				<ele>2418.0</ele>
				<time>2026-06-26T13:39:19Z</time>
			</trkpt>
			<trkpt lat="46.422953844070435" lon="10.681201577186584">
				<ele>2418.39990234375</ele>
				<time>2026-06-26T13:39:20Z</time>
			</trkpt>
			<trkpt lat="46.42295444011688" lon="10.681182384490967">
				<ele>2419.0</ele>
				<time>2026-06-26T13:39:21Z</time>
			</trkpt>
			<trkpt lat="46.42295169830322" lon="10.681164979934692">
				<ele>2419.60009765625</ele>
				<time>2026-06-26T13:39:22Z</time>
			</trkpt>
			<trkpt lat="46.42294085025787" lon="10.681140542030334">
				<ele>2420.60009765625</ele>
				<time>2026-06-26T13:39:24Z</time>
			</trkpt>
			<trkpt lat="46.42293107509613" lon="10.681128025054932">
				<ele>2421.0</ele>
				<time>2026-06-26T13:39:25Z</time>
			</trkpt>
			<trkpt lat="46.422908782958984" lon="10.681114673614502">
				<ele>2422.0</ele>
				<time>2026-06-26T13:39:27Z</time>
			</trkpt>
			<trkpt lat="46.42286133766174" lon="10.681115508079529">
				<ele>2424.800048828125</ele>
				<time>2026-06-26T13:39:32Z</time>
			</trkpt>
			<trkpt lat="46.422850489616394" lon="10.681119084358215">
				<ele>2425.39990234375</ele>
				<time>2026-06-26T13:39:33Z</time>
			</trkpt>
			<trkpt lat="46.42283892631531" lon="10.68112051486969">
				<ele>2425.800048828125</ele>
				<time>2026-06-26T13:39:34Z</time>
			</trkpt>
			<trkpt lat="46.422784209251404" lon="10.681120038032532">
				<ele>2429.0</ele>
				<time>2026-06-26T13:39:40Z</time>
			</trkpt>
			<trkpt lat="46.4227374792099" lon="10.681119441986084">
				<ele>2432.39990234375</ele>
				<time>2026-06-26T13:39:46Z</time>
			</trkpt>
			<trkpt lat="46.42272770404816" lon="10.681115984916687">
				<ele>2432.800048828125</ele>
				<time>2026-06-26T13:39:47Z</time>
			</trkpt>
			<trkpt lat="46.422717213630676" lon="10.681111812591553">
				<ele>2433.39990234375</ele>
				<time>2026-06-26T13:39:48Z</time>
			</trkpt>
			<trkpt lat="46.42265748977661" lon="10.681077122688293">
				<ele>2436.60009765625</ele>
				<time>2026-06-26T13:39:54Z</time>
			</trkpt>
			<trkpt lat="46.42260956764221" lon="10.681058764457703">
				<ele>2438.800048828125</ele>
				<time>2026-06-26T13:39:58Z</time>
			</trkpt>
			<trkpt lat="46.4225378036499" lon="10.681081056594849">
				<ele>2442.199951171875</ele>
				<time>2026-06-26T13:40:04Z</time>
			</trkpt>
			<trkpt lat="46.4224648475647" lon="10.681089162826538">
				<ele>2445.39990234375</ele>
				<time>2026-06-26T13:40:10Z</time>
			</trkpt>
			<trkpt lat="46.422385931015015" lon="10.681135773658752">
				<ele>2448.60009765625</ele>
				<time>2026-06-26T13:40:16Z</time>
			</trkpt>
			<trkpt lat="46.422318816185" lon="10.681169986724854">
				<ele>2452.0</ele>
				<time>2026-06-26T13:40:22Z</time>
			</trkpt>
			<trkpt lat="46.422234296798706" lon="10.681236982345581">
				<ele>2455.39990234375</ele>
				<time>2026-06-26T13:40:29Z</time>
			</trkpt>
			<trkpt lat="46.42218267917633" lon="10.68128490447998">
				<ele>2458.0</ele>
				<time>2026-06-26T13:40:34Z</time>
			</trkpt>
			<trkpt lat="46.42216157913208" lon="10.6812983751297">
				<ele>2459.0</ele>
				<time>2026-06-26T13:40:36Z</time>
			</trkpt>
			<trkpt lat="46.42214775085449" lon="10.681304693222046">
				<ele>2459.60009765625</ele>
				<time>2026-06-26T13:40:37Z</time>
			</trkpt>
			<trkpt lat="46.422133922576904" lon="10.681311130523682">
				<ele>2460.0</ele>
				<time>2026-06-26T13:40:38Z</time>
			</trkpt>
			<trkpt lat="46.422069668769836" lon="10.681339740753174">
				<ele>2462.39990234375</ele>
				<time>2026-06-26T13:40:43Z</time>
			</trkpt>
			<trkpt lat="46.42201054096222" lon="10.681407451629639">
				<ele>2465.60009765625</ele>
				<time>2026-06-26T13:40:49Z</time>
			</trkpt>
			<trkpt lat="46.42193806171417" lon="10.681475043296814">
				<ele>2468.800048828125</ele>
				<time>2026-06-26T13:40:55Z</time>
			</trkpt>
			<trkpt lat="46.421892523765564" lon="10.68156099319458">
				<ele>2471.800048828125</ele>
				<time>2026-06-26T13:41:01Z</time>
			</trkpt>
			<trkpt lat="46.42186915874481" lon="10.681641101837158">
				<ele>2475.199951171875</ele>
				<time>2026-06-26T13:41:08Z</time>
			</trkpt>
			<trkpt lat="46.42187023162842" lon="10.681698560714722">
				<ele>2478.800048828125</ele>
				<time>2026-06-26T13:41:15Z</time>
			</trkpt>
			<trkpt lat="46.421849846839905" lon="10.681734681129456">
				<ele>2482.199951171875</ele>
				<time>2026-06-26T13:41:22Z</time>
			</trkpt>
			<trkpt lat="46.4218430519104" lon="10.681743860244751">
				<ele>2485.39990234375</ele>
				<time>2026-06-26T13:41:29Z</time>
			</trkpt>
			<trkpt lat="46.42181169986725" lon="10.681786894798279">
				<ele>2488.60009765625</ele>
				<time>2026-06-26T13:41:36Z</time>
			</trkpt>
			<trkpt lat="46.42178988456726" lon="10.68179976940155">
				<ele>2489.800048828125</ele>
				<time>2026-06-26T13:41:39Z</time>
			</trkpt>
			<trkpt lat="46.42177224159241" lon="10.681806087493896">
				<ele>2490.60009765625</ele>
				<time>2026-06-26T13:41:41Z</time>
			</trkpt>
			<trkpt lat="46.42174172401428" lon="10.681824445724487">
				<ele>2491.60009765625</ele>
				<time>2026-06-26T13:41:44Z</time>
			</trkpt>
			<trkpt lat="46.421666383743286" lon="10.6818687915802">
				<ele>2494.39990234375</ele>
				<time>2026-06-26T13:41:51Z</time>
			</trkpt>
			<trkpt lat="46.4216570854187" lon="10.681878089904785">
				<ele>2494.800048828125</ele>
				<time>2026-06-26T13:41:52Z</time>
			</trkpt>
			<trkpt lat="46.42164719104767" lon="10.681886076927185">
				<ele>2495.199951171875</ele>
				<time>2026-06-26T13:41:53Z</time>
			</trkpt>
			<trkpt lat="46.42157995700836" lon="10.681965827941895">
				<ele>2498.199951171875</ele>
				<time>2026-06-26T13:42:01Z</time>
			</trkpt>
			<trkpt lat="46.42157447338104" lon="10.681979179382324">
				<ele>2498.60009765625</ele>
				<time>2026-06-26T13:42:02Z</time>
			</trkpt>
			<trkpt lat="46.42156362533569" lon="10.68200159072876">
				<ele>2499.39990234375</ele>
				<time>2026-06-26T13:42:04Z</time>
			</trkpt>
			<trkpt lat="46.42155361175537" lon="10.682005763053894">
				<ele>2499.60009765625</ele>
				<time>2026-06-26T13:42:05Z</time>
			</trkpt>
			<trkpt lat="46.42146563529968" lon="10.682029366493225">
				<ele>2502.60009765625</ele>
				<time>2026-06-26T13:42:13Z</time>
			</trkpt>
			<trkpt lat="46.42145228385925" lon="10.682031750679016">
				<ele>2502.800048828125</ele>
				<time>2026-06-26T13:42:14Z</time>
			</trkpt>
			<trkpt lat="46.42143952846527" lon="10.682036995887756">
				<ele>2503.199951171875</ele>
				<time>2026-06-26T13:42:15Z</time>
			</trkpt>
			<trkpt lat="46.421428084373474" lon="10.682041764259338">
				<ele>2503.39990234375</ele>
				<time>2026-06-26T13:42:16Z</time>
			</trkpt>
			<trkpt lat="46.42141771316528" lon="10.682046890258789">
				<ele>2503.800048828125</ele>
				<time>2026-06-26T13:42:17Z</time>
			</trkpt>
			<trkpt lat="46.42132115364075" lon="10.682114481925964">
				<ele>2506.800048828125</ele>
				<time>2026-06-26T13:42:27Z</time>
			</trkpt>
			<trkpt lat="46.42122137546539" lon="10.68223750591278">
				<ele>2510.199951171875</ele>
				<time>2026-06-26T13:42:38Z</time>
			</trkpt>
			<trkpt lat="46.42108738422394" lon="10.68231737613678">
				<ele>2513.199951171875</ele>
				<time>2026-06-26T13:42:49Z</time>
			</trkpt>
			<trkpt lat="46.42096567153931" lon="10.682331323623657">
				<ele>2515.800048828125</ele>
				<time>2026-06-26T13:42:59Z</time>
			</trkpt>
			<trkpt lat="46.42095363140106" lon="10.682328462600708">
				<ele>2516.0</ele>
				<time>2026-06-26T13:43:00Z</time>
			</trkpt>
			<trkpt lat="46.420942187309265" lon="10.682330965995789">
				<ele>2516.39990234375</ele>
				<time>2026-06-26T13:43:01Z</time>
			</trkpt>
			<trkpt lat="46.42093086242676" lon="10.682335138320923">
				<ele>2516.60009765625</ele>
				<time>2026-06-26T13:43:02Z</time>
			</trkpt>
			<trkpt lat="46.42091929912567" lon="10.682339668273926">
				<ele>2516.800048828125</ele>
				<time>2026-06-26T13:43:03Z</time>
			</trkpt>
			<trkpt lat="46.420886397361755" lon="10.682467579841614">
				<ele>2520.199951171875</ele>
				<time>2026-06-26T13:43:16Z</time>
			</trkpt>
			<trkpt lat="46.4208790063858" lon="10.682588696479797">
				<ele>2523.199951171875</ele>
				<time>2026-06-26T13:43:29Z</time>
			</trkpt>
			<trkpt lat="46.42082440853119" lon="10.682585000991821">
				<ele>2526.0</ele>
				<time>2026-06-26T13:43:43Z</time>
			</trkpt>
			<trkpt lat="46.42079484462738" lon="10.68267822265625">
				<ele>2529.0</ele>
				<time>2026-06-26T13:43:57Z</time>
			</trkpt>
			<trkpt lat="46.420761466026306" lon="10.682694911956787">
				<ele>2530.199951171875</ele>
				<time>2026-06-26T13:44:03Z</time>
			</trkpt>
			<trkpt lat="46.42075490951538" lon="10.682705879211426">
				<ele>2530.199951171875</ele>
				<time>2026-06-26T13:44:04Z</time>
			</trkpt>
			<trkpt lat="46.420766949653625" lon="10.68276309967041">
				<ele>2532.60009765625</ele>
				<time>2026-06-26T13:44:16Z</time>
			</trkpt>
			<trkpt lat="46.42081391811371" lon="10.682886719703674">
				<ele>2535.0</ele>
				<time>2026-06-26T13:44:29Z</time>
			</trkpt>
			<trkpt lat="46.420817852020264" lon="10.682901859283447">
				<ele>2535.199951171875</ele>
				<time>2026-06-26T13:44:30Z</time>
			</trkpt>
			<trkpt lat="46.420820474624634" lon="10.682917594909668">
				<ele>2535.39990234375</ele>
				<time>2026-06-26T13:44:31Z</time>
			</trkpt>
			<trkpt lat="46.420830845832825" lon="10.682960510253906">
				<ele>2536.0</ele>
				<time>2026-06-26T13:44:34Z</time>
			</trkpt>
			<trkpt lat="46.42083156108856" lon="10.682976245880127">
				<ele>2536.0</ele>
				<time>2026-06-26T13:44:35Z</time>
			</trkpt>
			<trkpt lat="46.4208322763443" lon="10.682990789413452">
				<ele>2536.199951171875</ele>
				<time>2026-06-26T13:44:36Z</time>
			</trkpt>
			<trkpt lat="46.420846462249756" lon="10.683037281036377">
				<ele>2537.0</ele>
				<time>2026-06-26T13:44:40Z</time>
			</trkpt>
			<trkpt lat="46.42085301876068" lon="10.683048725128174">
				<ele>2537.0</ele>
				<time>2026-06-26T13:44:41Z</time>
			</trkpt>
			<trkpt lat="46.420902967453" lon="10.683208703994751">
				<ele>2540.0</ele>
				<time>2026-06-26T13:44:56Z</time>
			</trkpt>
			<trkpt lat="46.42091989517212" lon="10.68324077129364">
				<ele>2540.39990234375</ele>
				<time>2026-06-26T13:44:59Z</time>
			</trkpt>
			<trkpt lat="46.42094051837921" lon="10.683275699615479">
				<ele>2541.0</ele>
				<time>2026-06-26T13:45:02Z</time>
			</trkpt>
			<trkpt lat="46.420949816703796" lon="10.683302164077759">
				<ele>2541.39990234375</ele>
				<time>2026-06-26T13:45:04Z</time>
			</trkpt>
			<trkpt lat="46.42096269130707" lon="10.68332588672638">
				<ele>2541.800048828125</ele>
				<time>2026-06-26T13:45:06Z</time>
			</trkpt>
			<trkpt lat="46.42097210884094" lon="10.683334708213806">
				<ele>2542.0</ele>
				<time>2026-06-26T13:45:07Z</time>
			</trkpt>
			<trkpt lat="46.42097473144531" lon="10.683374881744385">
				<ele>2542.60009765625</ele>
				<time>2026-06-26T13:45:10Z</time>
			</trkpt>
			<trkpt lat="46.42096936702728" lon="10.683390498161316">
				<ele>2542.800048828125</ele>
				<time>2026-06-26T13:45:11Z</time>
			</trkpt>
			<trkpt lat="46.4209623336792" lon="10.683407545089722">
				<ele>2543.0</ele>
				<time>2026-06-26T13:45:12Z</time>
			</trkpt>
			<trkpt lat="46.4208744764328" lon="10.683555126190186">
				<ele>2546.0</ele>
				<time>2026-06-26T13:45:28Z</time>
			</trkpt>
			<trkpt lat="46.42085862159729" lon="10.683659553527832">
				<ele>2547.39990234375</ele>
				<time>2026-06-26T13:45:38Z</time>
			</trkpt>
			<trkpt lat="46.42085838317871" lon="10.683676838874817">
				<ele>2547.800048828125</ele>
				<time>2026-06-26T13:45:39Z</time>
			</trkpt>
			<trkpt lat="46.420835971832275" lon="10.683724164962769">
				<ele>2548.39990234375</ele>
				<time>2026-06-26T13:45:43Z</time>
			</trkpt>
			<trkpt lat="46.42082488536835" lon="10.68372905254364">
				<ele>2548.60009765625</ele>
				<time>2026-06-26T13:45:44Z</time>
			</trkpt>
			<trkpt lat="46.420793890953064" lon="10.683727979660034">
				<ele>2549.199951171875</ele>
				<time>2026-06-26T13:45:47Z</time>
			</trkpt>
			<trkpt lat="46.420737862586975" lon="10.683683037757874">
				<ele>2550.199951171875</ele>
				<time>2026-06-26T13:45:54Z</time>
			</trkpt>
			<trkpt lat="46.42070186138153" lon="10.683738112449646">
				<ele>2551.39990234375</ele>
				<time>2026-06-26T13:46:02Z</time>
			</trkpt>
			<trkpt lat="46.42070162296295" lon="10.683753490447998">
				<ele>2551.60009765625</ele>
				<time>2026-06-26T13:46:03Z</time>
			</trkpt>
			<trkpt lat="46.42070972919464" lon="10.683877944946289">
				<ele>2552.800048828125</ele>
				<time>2026-06-26T13:46:12Z</time>
			</trkpt>
			<trkpt lat="46.42069149017334" lon="10.683993339538574">
				<ele>2554.199951171875</ele>
				<time>2026-06-26T13:46:23Z</time>
			</trkpt>
			<trkpt lat="46.420682072639465" lon="10.683994770050049">
				<ele>2554.39990234375</ele>
				<time>2026-06-26T13:46:24Z</time>
			</trkpt>
			<trkpt lat="46.42067277431488" lon="10.683987975120544">
				<ele>2554.60009765625</ele>
				<time>2026-06-26T13:46:25Z</time>
			</trkpt>
			<trkpt lat="46.42066490650177" lon="10.683976292610168">
				<ele>2554.800048828125</ele>
				<time>2026-06-26T13:46:26Z</time>
			</trkpt>
			<trkpt lat="46.4205846786499" lon="10.683915376663208">
				<ele>2557.0</ele>
				<time>2026-06-26T13:46:41Z</time>
			</trkpt>
			<trkpt lat="46.42047417163849" lon="10.683873772621155">
				<ele>2559.0</ele>
				<time>2026-06-26T13:46:56Z</time>
			</trkpt>
			<trkpt lat="46.42044806480408" lon="10.683854103088379">
				<ele>2560.800048828125</ele>
				<time>2026-06-26T13:47:11Z</time>
			</trkpt>
			<trkpt lat="46.420443534851074" lon="10.683848977088928">
				<ele>2563.199951171875</ele>
				<time>2026-06-26T13:47:45Z</time>
			</trkpt>
			<trkpt lat="46.42046499252319" lon="10.683839440345764">
				<ele>2559.199951171875</ele>
				<time>2026-06-26T13:48:29Z</time>
			</trkpt>
			<trkpt lat="46.42046558856964" lon="10.683839201927185">
				<ele>2553.0</ele>
				<time>2026-06-26T13:48:31Z</time>
			</trkpt>
			<trkpt lat="46.4204660654068" lon="10.683839797973633">
				<ele>2549.60009765625</ele>
				<time>2026-06-26T13:48:33Z</time>
			</trkpt>
			<trkpt lat="46.42046511173248" lon="10.683837652206421">
				<ele>2546.39990234375</ele>
				<time>2026-06-26T13:48:38Z</time>
			</trkpt>
			<trkpt lat="46.42046642303467" lon="10.683838725090027">
				<ele>2543.39990234375</ele>
				<time>2026-06-26T13:48:46Z</time>
			</trkpt>
			<trkpt lat="46.420467019081116" lon="10.683842301368713">
				<ele>2540.39990234375</ele>
				<time>2026-06-26T13:48:57Z</time>
			</trkpt>
			<trkpt lat="46.42046582698822" lon="10.68384313583374">
				<ele>2537.199951171875</ele>
				<time>2026-06-26T13:49:20Z</time>
			</trkpt>
			<trkpt lat="46.420459628105164" lon="10.68384325504303">
				<ele>2534.199951171875</ele>
				<time>2026-06-26T13:49:58Z</time>
			</trkpt>
			<trkpt lat="46.42045080661774" lon="10.68386435508728">
				<ele>2531.199951171875</ele>
				<time>2026-06-26T13:50:31Z</time>
			</trkpt>
			<trkpt lat="46.420440554618835" lon="10.683898448944092">
				<ele>2531.0</ele>
				<time>2026-06-26T13:50:33Z</time>
			</trkpt>
			<trkpt lat="46.420433044433594" lon="10.683916568756104">
				<ele>2531.0</ele>
				<time>2026-06-26T13:50:34Z</time>
			</trkpt>
			<trkpt lat="46.42042338848114" lon="10.68393063545227">
				<ele>2530.800048828125</ele>
				<time>2026-06-26T13:50:35Z</time>
			</trkpt>
			<trkpt lat="46.420382261276245" lon="10.683983206748962">
				<ele>2530.0</ele>
				<time>2026-06-26T13:50:41Z</time>
			</trkpt>
			<trkpt lat="46.42035484313965" lon="10.684030890464783">
				<ele>2529.60009765625</ele>
				<time>2026-06-26T13:50:46Z</time>
			</trkpt>
			<trkpt lat="46.42034900188446" lon="10.68404221534729">
				<ele>2529.39990234375</ele>
				<time>2026-06-26T13:50:47Z</time>
			</trkpt>
			<trkpt lat="46.4203017950058" lon="10.684081435203552">
				<ele>2529.199951171875</ele>
				<time>2026-06-26T13:50:54Z</time>
			</trkpt>
			<trkpt lat="46.42024254798889" lon="10.684070110321045">
				<ele>2529.199951171875</ele>
				<time>2026-06-26T13:51:07Z</time>
			</trkpt>
			<trkpt lat="46.42023408412933" lon="10.684062480926514">
				<ele>2529.199951171875</ele>
				<time>2026-06-26T13:51:08Z</time>
			</trkpt>
			<trkpt lat="46.42022502422333" lon="10.684058785438538">
				<ele>2529.199951171875</ele>
				<time>2026-06-26T13:51:09Z</time>
			</trkpt>
			<trkpt lat="46.42019820213318" lon="10.684051275253296">
				<ele>2529.199951171875</ele>
				<time>2026-06-26T13:51:12Z</time>
			</trkpt>
			<trkpt lat="46.42018795013428" lon="10.684043169021606">
				<ele>2529.199951171875</ele>
				<time>2026-06-26T13:51:13Z</time>
			</trkpt>
			<trkpt lat="46.4201797246933" lon="10.684033155441284">
				<ele>2529.199951171875</ele>
				<time>2026-06-26T13:51:14Z</time>
			</trkpt>
			<trkpt lat="46.42015087604523" lon="10.68400490283966">
				<ele>2529.39990234375</ele>
				<time>2026-06-26T13:51:18Z</time>
			</trkpt>
			<trkpt lat="46.42013919353485" lon="10.684003949165344">
				<ele>2529.39990234375</ele>
				<time>2026-06-26T13:51:19Z</time>
			</trkpt>
			<trkpt lat="46.42009711265564" lon="10.684025049209595">
				<ele>2529.60009765625</ele>
				<time>2026-06-26T13:51:24Z</time>
			</trkpt>
			<trkpt lat="46.42008638381958" lon="10.684030771255493">
				<ele>2529.800048828125</ele>
				<time>2026-06-26T13:51:25Z</time>
			</trkpt>
			<trkpt lat="46.42006242275238" lon="10.684033989906311">
				<ele>2530.0</ele>
				<time>2026-06-26T13:51:28Z</time>
			</trkpt>
			<trkpt lat="46.42005383968353" lon="10.684025287628174">
				<ele>2530.199951171875</ele>
				<time>2026-06-26T13:51:29Z</time>
			</trkpt>
			<trkpt lat="46.420016407966614" lon="10.684027791023254">
				<ele>2531.0</ele>
				<time>2026-06-26T13:51:42Z</time>
			</trkpt>
			<trkpt lat="46.41997790336609" lon="10.68407666683197">
				<ele>2533.199951171875</ele>
				<time>2026-06-26T13:52:04Z</time>
			</trkpt>
			<trkpt lat="46.41995823383331" lon="10.684089303016663">
				<ele>2533.60009765625</ele>
				<time>2026-06-26T13:52:07Z</time>
			</trkpt>
			<trkpt lat="46.419944286346436" lon="10.684041619300842">
				<ele>2534.199951171875</ele>
				<time>2026-06-26T13:52:12Z</time>
			</trkpt>
			<trkpt lat="46.41994833946228" lon="10.684022903442383">
				<ele>2534.199951171875</ele>
				<time>2026-06-26T13:52:13Z</time>
			</trkpt>
			<trkpt lat="46.4199492931366" lon="10.68400490283966">
				<ele>2534.39990234375</ele>
				<time>2026-06-26T13:52:14Z</time>
			</trkpt>
			<trkpt lat="46.41994261741638" lon="10.683871150016785">
				<ele>2534.800048828125</ele>
				<time>2026-06-26T13:52:22Z</time>
			</trkpt>
			<trkpt lat="46.41992115974426" lon="10.683815479278564">
				<ele>2535.199951171875</ele>
				<time>2026-06-26T13:52:26Z</time>
			</trkpt>
			<trkpt lat="46.4199116230011" lon="10.68380320072174">
				<ele>2535.199951171875</ele>
				<time>2026-06-26T13:52:27Z</time>
			</trkpt>
			<trkpt lat="46.41990613937378" lon="10.68378746509552">
				<ele>2535.39990234375</ele>
				<time>2026-06-26T13:52:28Z</time>
			</trkpt>
			<trkpt lat="46.41990792751312" lon="10.683770895004272">
				<ele>2535.39990234375</ele>
				<time>2026-06-26T13:52:29Z</time>
			</trkpt>
			<trkpt lat="46.41991209983826" lon="10.683756709098816">
				<ele>2535.60009765625</ele>
				<time>2026-06-26T13:52:30Z</time>
			</trkpt>
			<trkpt lat="46.41991639137268" lon="10.683741688728333">
				<ele>2535.60009765625</ele>
				<time>2026-06-26T13:52:31Z</time>
			</trkpt>
			<trkpt lat="46.419920921325684" lon="10.68372642993927">
				<ele>2535.800048828125</ele>
				<time>2026-06-26T13:52:32Z</time>
			</trkpt>
			<trkpt lat="46.41992473602295" lon="10.683711886405945">
				<ele>2535.800048828125</ele>
				<time>2026-06-26T13:52:33Z</time>
			</trkpt>
			<trkpt lat="46.419930815696716" lon="10.683697938919067">
				<ele>2536.0</ele>
				<time>2026-06-26T13:52:34Z</time>
			</trkpt>
			<trkpt lat="46.41993999481201" lon="10.68368673324585">
				<ele>2536.0</ele>
				<time>2026-06-26T13:52:35Z</time>
			</trkpt>
			<trkpt lat="46.4199515581131" lon="10.683680534362793">
				<ele>2536.199951171875</ele>
				<time>2026-06-26T13:52:36Z</time>
			</trkpt>
			<trkpt lat="46.419963240623474" lon="10.6836758852005">
				<ele>2536.199951171875</ele>
				<time>2026-06-26T13:52:37Z</time>
			</trkpt>
			<trkpt lat="46.41997539997101" lon="10.68367087841034">
				<ele>2536.199951171875</ele>
				<time>2026-06-26T13:52:38Z</time>
			</trkpt>
			<trkpt lat="46.41999304294586" lon="10.683656692504883">
				<ele>2536.39990234375</ele>
				<time>2026-06-26T13:52:40Z</time>
			</trkpt>
			<trkpt lat="46.42006182670593" lon="10.683562874794006">
				<ele>2537.800048828125</ele>
				<time>2026-06-26T13:52:53Z</time>
			</trkpt>
			<trkpt lat="46.42006254196167" lon="10.683547377586365">
				<ele>2538.39990234375</ele>
				<time>2026-06-26T13:52:57Z</time>
			</trkpt>
			<trkpt lat="46.42003607749939" lon="10.683481574058533">
				<ele>2539.39990234375</ele>
				<time>2026-06-26T13:53:11Z</time>
			</trkpt>
			<trkpt lat="46.42004895210266" lon="10.683364510536194">
				<ele>2540.39990234375</ele>
				<time>2026-06-26T13:53:26Z</time>
			</trkpt>
			<trkpt lat="46.42008721828461" lon="10.683239579200745">
				<ele>2541.39990234375</ele>
				<time>2026-06-26T13:53:40Z</time>
			</trkpt>
			<trkpt lat="46.4201545715332" lon="10.683099627494812">
				<ele>2542.60009765625</ele>
				<time>2026-06-26T13:53:59Z</time>
			</trkpt>
			<trkpt lat="46.420167088508606" lon="10.682965755462646">
				<ele>2543.199951171875</ele>
				<time>2026-06-26T13:54:10Z</time>
			</trkpt>
			<trkpt lat="46.42017471790314" lon="10.68291449546814">
				<ele>2543.39990234375</ele>
				<time>2026-06-26T13:54:14Z</time>
			</trkpt>
			<trkpt lat="46.4201819896698" lon="10.682900667190552">
				<ele>2543.39990234375</ele>
				<time>2026-06-26T13:54:15Z</time>
			</trkpt>
			<trkpt lat="46.420188426971436" lon="10.68288767337799">
				<ele>2543.39990234375</ele>
				<time>2026-06-26T13:54:16Z</time>
			</trkpt>
			<trkpt lat="46.42020404338837" lon="10.682818055152893">
				<ele>2543.60009765625</ele>
				<time>2026-06-26T13:54:21Z</time>
			</trkpt>
			<trkpt lat="46.42021703720093" lon="10.682762384414673">
				<ele>2543.60009765625</ele>
				<time>2026-06-26T13:54:25Z</time>
			</trkpt>
			<trkpt lat="46.42022144794464" lon="10.682732105255127">
				<ele>2543.60009765625</ele>
				<time>2026-06-26T13:54:27Z</time>
			</trkpt>
			<trkpt lat="46.420222997665405" lon="10.682716131210327">
				<ele>2543.800048828125</ele>
				<time>2026-06-26T13:54:28Z</time>
			</trkpt>
			<trkpt lat="46.42021954059601" lon="10.682588696479797">
				<ele>2544.39990234375</ele>
				<time>2026-06-26T13:54:39Z</time>
			</trkpt>
			<trkpt lat="46.42021894454956" lon="10.68257200717926">
				<ele>2544.39990234375</ele>
				<time>2026-06-26T13:54:40Z</time>
			</trkpt>
			<trkpt lat="46.42021882534027" lon="10.682555437088013">
				<ele>2544.39990234375</ele>
				<time>2026-06-26T13:54:41Z</time>
			</trkpt>
			<trkpt lat="46.42021131515503" lon="10.682514548301697">
				<ele>2544.60009765625</ele>
				<time>2026-06-26T13:54:44Z</time>
			</trkpt>
			<trkpt lat="46.420196175575256" lon="10.682467579841614">
				<ele>2544.800048828125</ele>
				<time>2026-06-26T13:54:48Z</time>
			</trkpt>
			<trkpt lat="46.42019546031952" lon="10.682419776916504">
				<ele>2545.0</ele>
				<time>2026-06-26T13:54:52Z</time>
			</trkpt>
			<trkpt lat="46.42020034790039" lon="10.682406663894653">
				<ele>2545.0</ele>
				<time>2026-06-26T13:54:53Z</time>
			</trkpt>
			<trkpt lat="46.42024278640747" lon="10.682294845581055">
				<ele>2546.199951171875</ele>
				<time>2026-06-26T13:55:08Z</time>
			</trkpt>
			<trkpt lat="46.420260310173035" lon="10.682177782058716">
				<ele>2547.39990234375</ele>
				<time>2026-06-26T13:55:21Z</time>
			</trkpt>
			<trkpt lat="46.420347809791565" lon="10.68199872970581">
				<ele>2548.60009765625</ele>
				<time>2026-06-26T13:55:37Z</time>
			</trkpt>
			<trkpt lat="46.42042779922485" lon="10.681833982467651">
				<ele>2549.60009765625</ele>
				<time>2026-06-26T13:55:53Z</time>
			</trkpt>
			<trkpt lat="46.42049849033356" lon="10.681720852851868">
				<ele>2550.39990234375</ele>
				<time>2026-06-26T13:56:04Z</time>
			</trkpt>
			<trkpt lat="46.420504212379456" lon="10.681707501411438">
				<ele>2550.60009765625</ele>
				<time>2026-06-26T13:56:05Z</time>
			</trkpt>
			<trkpt lat="46.42059636116028" lon="10.681483387947083">
				<ele>2551.39990234375</ele>
				<time>2026-06-26T13:56:22Z</time>
			</trkpt>
			<trkpt lat="46.42067563533783" lon="10.681233525276184">
				<ele>2552.0</ele>
				<time>2026-06-26T13:56:38Z</time>
			</trkpt>
			<trkpt lat="46.420676589012146" lon="10.681109547615051">
				<ele>2552.39990234375</ele>
				<time>2026-06-26T13:56:45Z</time>
			</trkpt>
			<trkpt lat="46.42068064212799" lon="10.681089758872986">
				<ele>2552.39990234375</ele>
				<time>2026-06-26T13:56:46Z</time>
			</trkpt>
			<trkpt lat="46.420692563056946" lon="10.680989265441895">
				<ele>2552.800048828125</ele>
				<time>2026-06-26T13:56:53Z</time>
			</trkpt>
			<trkpt lat="46.42073690891266" lon="10.680876016616821">
				<ele>2553.60009765625</ele>
				<time>2026-06-26T13:57:08Z</time>
			</trkpt>
			<trkpt lat="46.42079842090607" lon="10.680683493614197">
				<ele>2554.199951171875</ele>
				<time>2026-06-26T13:57:24Z</time>
			</trkpt>
			<trkpt lat="46.42075574398041" lon="10.68066668510437">
				<ele>2554.39990234375</ele>
				<time>2026-06-26T13:57:37Z</time>
			</trkpt>
			<trkpt lat="46.42065763473511" lon="10.680728912353516">
				<ele>2554.800048828125</ele>
				<time>2026-06-26T13:57:52Z</time>
			</trkpt>
			<trkpt lat="46.420623660087585" lon="10.680742979049683">
				<ele>2554.800048828125</ele>
				<time>2026-06-26T13:57:56Z</time>
			</trkpt>
			<trkpt lat="46.4205025434494" lon="10.680832028388977">
				<ele>2554.60009765625</ele>
				<time>2026-06-26T13:58:11Z</time>
			</trkpt>
			<trkpt lat="46.42038702964783" lon="10.680887937545776">
				<ele>2554.39990234375</ele>
				<time>2026-06-26T13:58:31Z</time>
			</trkpt>
			<trkpt lat="46.42038679122925" lon="10.680745601654053">
				<ele>2554.39990234375</ele>
				<time>2026-06-26T13:58:45Z</time>
			</trkpt>
			<trkpt lat="46.42037606239319" lon="10.680651307106018">
				<ele>2554.60009765625</ele>
				<time>2026-06-26T13:59:07Z</time>
			</trkpt>
			<trkpt lat="46.42033541202545" lon="10.68060553073883">
				<ele>2554.60009765625</ele>
				<time>2026-06-26T13:59:25Z</time>
			</trkpt>
			<trkpt lat="46.42031967639923" lon="10.680603981018066">
				<ele>2554.199951171875</ele>
				<time>2026-06-26T13:59:41Z</time>
			</trkpt>
			<trkpt lat="46.4203325510025" lon="10.68057930469513">
				<ele>2553.199951171875</ele>
				<time>2026-06-26T14:00:16Z</time>
			</trkpt>
			<trkpt lat="46.42033779621124" lon="10.680580496788025">
				<ele>2551.60009765625</ele>
				<time>2026-06-26T14:00:44Z</time>
			</trkpt>
			<trkpt lat="46.420379281044006" lon="10.680596828460693">
				<ele>2549.39990234375</ele>
				<time>2026-06-26T14:01:27Z</time>
			</trkpt>
			<trkpt lat="46.42037117481232" lon="10.6805979013443">
				<ele>2548.60009765625</ele>
				<time>2026-06-26T14:02:05Z</time>
			</trkpt>
			<trkpt lat="46.420366168022156" lon="10.680591106414795">
				<ele>2548.800048828125</ele>
				<time>2026-06-26T14:02:31Z</time>
			</trkpt>
			<trkpt lat="46.420363545417786" lon="10.680564403533936">
				<ele>2549.0</ele>
				<time>2026-06-26T14:03:00Z</time>
			</trkpt>
			<trkpt lat="46.420366287231445" lon="10.680537819862366">
				<ele>2550.0</ele>
				<time>2026-06-26T14:03:27Z</time>
			</trkpt>
			<trkpt lat="46.42036437988281" lon="10.680511593818665">
				<ele>2551.0</ele>
				<time>2026-06-26T14:03:55Z</time>
			</trkpt>
			<trkpt lat="46.42036724090576" lon="10.680496215820312">
				<ele>2550.800048828125</ele>
				<time>2026-06-26T14:04:11Z</time>
			</trkpt>
			<trkpt lat="46.42037236690521" lon="10.680468916893005">
				<ele>2550.39990234375</ele>
				<time>2026-06-26T14:04:42Z</time>
			</trkpt>
			<trkpt lat="46.42037546634674" lon="10.68045961856842">
				<ele>2549.60009765625</ele>
				<time>2026-06-26T14:05:09Z</time>
			</trkpt>
			<trkpt lat="46.42037284374237" lon="10.680473685264587">
				<ele>2546.60009765625</ele>
				<time>2026-06-26T14:05:49Z</time>
			</trkpt>
			<trkpt lat="46.42037034034729" lon="10.680481553077698">
				<ele>2543.39990234375</ele>
				<time>2026-06-26T14:06:17Z</time>
			</trkpt>
			<trkpt lat="46.42036557197571" lon="10.680492162704468">
				<ele>2540.39990234375</ele>
				<time>2026-06-26T14:06:39Z</time>
			</trkpt>
			<trkpt lat="46.420361042022705" lon="10.680498242378235">
				<ele>2537.39990234375</ele>
				<time>2026-06-26T14:06:57Z</time>
			</trkpt>
			<trkpt lat="46.42035627365112" lon="10.680506706237793">
				<ele>2534.199951171875</ele>
				<time>2026-06-26T14:07:15Z</time>
			</trkpt>
			<trkpt lat="46.42035353183746" lon="10.680492281913757">
				<ele>2531.0</ele>
				<time>2026-06-26T14:07:33Z</time>
			</trkpt>
			<trkpt lat="46.420350074768066" lon="10.68048644065857">
				<ele>2528.0</ele>
				<time>2026-06-26T14:07:52Z</time>
			</trkpt>
			<trkpt lat="46.42035365104675" lon="10.680479407310486">
				<ele>2525.0</ele>
				<time>2026-06-26T14:08:11Z</time>
			</trkpt>
			<trkpt lat="46.420360803604126" lon="10.68048357963562">
				<ele>2521.800048828125</ele>
				<time>2026-06-26T14:08:31Z</time>
			</trkpt>
			<trkpt lat="46.42036056518555" lon="10.68049705028534">
				<ele>2518.800048828125</ele>
				<time>2026-06-26T14:08:57Z</time>
			</trkpt>
			<trkpt lat="46.42036187648773" lon="10.680500507354736">
				<ele>2515.60009765625</ele>
				<time>2026-06-26T14:09:08Z</time>
			</trkpt>
			<trkpt lat="46.42036247253418" lon="10.68050217628479">
				<ele>2512.199951171875</ele>
				<time>2026-06-26T14:09:13Z</time>
			</trkpt>
			<trkpt lat="46.42035913467407" lon="10.680516839027405">
				<ele>2509.199951171875</ele>
				<time>2026-06-26T14:09:36Z</time>
			</trkpt>
			<trkpt lat="46.420355558395386" lon="10.680526852607727">
				<ele>2505.199951171875</ele>
				<time>2026-06-26T14:09:39Z</time>
			</trkpt>
			<trkpt lat="46.42035961151123" lon="10.680541515350342">
				<ele>2502.60009765625</ele>
				<time>2026-06-26T14:09:43Z</time>
			</trkpt>
			<trkpt lat="46.420347809791565" lon="10.680487036705017">
				<ele>2499.39990234375</ele>
				<time>2026-06-26T14:09:58Z</time>
			</trkpt>
			<trkpt lat="46.42033290863037" lon="10.680458664894104">
				<ele>2499.0</ele>
				<time>2026-06-26T14:10:01Z</time>
			</trkpt>
			<trkpt lat="46.42032492160797" lon="10.680450320243835">
				<ele>2498.800048828125</ele>
				<time>2026-06-26T14:10:02Z</time>
			</trkpt>
			<trkpt lat="46.4203085899353" lon="10.680397510528564">
				<ele>2498.39990234375</ele>
				<time>2026-06-26T14:10:07Z</time>
			</trkpt>
			<trkpt lat="46.42023682594299" lon="10.680291891098022">
				<ele>2497.800048828125</ele>
				<time>2026-06-26T14:10:22Z</time>
			</trkpt>
			<trkpt lat="46.42023742198944" lon="10.680267095565796">
				<ele>2497.800048828125</ele>
				<time>2026-06-26T14:10:24Z</time>
			</trkpt>
			<trkpt lat="46.420207500457764" lon="10.680119156837463">
				<ele>2498.0</ele>
				<time>2026-06-26T14:10:42Z</time>
			</trkpt>
			<trkpt lat="46.42021560668945" lon="10.680104732513428">
				<ele>2498.0</ele>
				<time>2026-06-26T14:10:45Z</time>
			</trkpt>
			<trkpt lat="46.4202241897583" lon="10.68009066581726">
				<ele>2498.0</ele>
				<time>2026-06-26T14:10:46Z</time>
			</trkpt>
			<trkpt lat="46.420241355895996" lon="10.680071949958801">
				<ele>2498.0</ele>
				<time>2026-06-26T14:10:48Z</time>
			</trkpt>
			<trkpt lat="46.42025101184845" lon="10.680064082145691">
				<ele>2498.0</ele>
				<time>2026-06-26T14:10:49Z</time>
			</trkpt>
			<trkpt lat="46.420302629470825" lon="10.679978013038635">
				<ele>2498.39990234375</ele>
				<time>2026-06-26T14:10:56Z</time>
			</trkpt>
			<trkpt lat="46.42030727863312" lon="10.679961323738098">
				<ele>2498.39990234375</ele>
				<time>2026-06-26T14:10:57Z</time>
			</trkpt>
			<trkpt lat="46.42031192779541" lon="10.679941773414612">
				<ele>2498.39990234375</ele>
				<time>2026-06-26T14:10:58Z</time>
			</trkpt>
			<trkpt lat="46.42031908035278" lon="10.679922342300415">
				<ele>2498.39990234375</ele>
				<time>2026-06-26T14:10:59Z</time>
			</trkpt>
			<trkpt lat="46.42032527923584" lon="10.679907321929932">
				<ele>2498.60009765625</ele>
				<time>2026-06-26T14:11:00Z</time>
			</trkpt>
			<trkpt lat="46.4203622341156" lon="10.679798483848572">
				<ele>2499.39990234375</ele>
				<time>2026-06-26T14:11:09Z</time>
			</trkpt>
			<trkpt lat="46.42037808895111" lon="10.679754376411438">
				<ele>2500.0</ele>
				<time>2026-06-26T14:11:13Z</time>
			</trkpt>
			<trkpt lat="46.4203839302063" lon="10.67974078655243">
				<ele>2500.0</ele>
				<time>2026-06-26T14:11:14Z</time>
			</trkpt>
			<trkpt lat="46.4203907251358" lon="10.67972457408905">
				<ele>2500.199951171875</ele>
				<time>2026-06-26T14:11:15Z</time>
			</trkpt>
			<trkpt lat="46.420395851135254" lon="10.679712295532227">
				<ele>2500.199951171875</ele>
				<time>2026-06-26T14:11:16Z</time>
			</trkpt>
			<trkpt lat="46.42039978504181" lon="10.679695010185242">
				<ele>2500.39990234375</ele>
				<time>2026-06-26T14:11:17Z</time>
			</trkpt>
			<trkpt lat="46.42044544219971" lon="10.679556131362915">
				<ele>2501.39990234375</ele>
				<time>2026-06-26T14:11:26Z</time>
			</trkpt>
			<trkpt lat="46.42038714885712" lon="10.679484724998474">
				<ele>2502.60009765625</ele>
				<time>2026-06-26T14:11:35Z</time>
			</trkpt>
			<trkpt lat="46.420302748680115" lon="10.679446935653687">
				<ele>2504.39990234375</ele>
				<time>2026-06-26T14:11:49Z</time>
			</trkpt>
			<trkpt lat="46.420299649238586" lon="10.67948830127716">
				<ele>2504.60009765625</ele>
				<time>2026-06-26T14:11:52Z</time>
			</trkpt>
			<trkpt lat="46.420297145843506" lon="10.679504156112671">
				<ele>2504.800048828125</ele>
				<time>2026-06-26T14:11:53Z</time>
			</trkpt>
			<trkpt lat="46.4202184677124" lon="10.67969560623169">
				<ele>2506.0</ele>
				<time>2026-06-26T14:12:09Z</time>
			</trkpt>
			<trkpt lat="46.4200884103775" lon="10.67981469631195">
				<ele>2507.800048828125</ele>
				<time>2026-06-26T14:12:28Z</time>
			</trkpt>
			<trkpt lat="46.41997218132019" lon="10.679880857467651">
				<ele>2508.800048828125</ele>
				<time>2026-06-26T14:12:40Z</time>
			</trkpt>
			<trkpt lat="46.419899463653564" lon="10.679960250854492">
				<ele>2510.0</ele>
				<time>2026-06-26T14:12:53Z</time>
			</trkpt>
			<trkpt lat="46.41988980770111" lon="10.679973125457764">
				<ele>2510.0</ele>
				<time>2026-06-26T14:12:54Z</time>
			</trkpt>
			<trkpt lat="46.419883608818054" lon="10.679985523223877">
				<ele>2510.0</ele>
				<time>2026-06-26T14:12:55Z</time>
			</trkpt>
			<trkpt lat="46.4198784828186" lon="10.680071353912354">
				<ele>2510.39990234375</ele>
				<time>2026-06-26T14:13:01Z</time>
			</trkpt>
			<trkpt lat="46.41988158226013" lon="10.680087804794312">
				<ele>2510.60009765625</ele>
				<time>2026-06-26T14:13:02Z</time>
			</trkpt>
			<trkpt lat="46.41986882686615" lon="10.680213689804077">
				<ele>2511.39990234375</ele>
				<time>2026-06-26T14:13:12Z</time>
			</trkpt>
			<trkpt lat="46.4197998046875" lon="10.680397629737854">
				<ele>2512.60009765625</ele>
				<time>2026-06-26T14:13:28Z</time>
			</trkpt>
			<trkpt lat="46.41977846622467" lon="10.680427312850952">
				<ele>2512.60009765625</ele>
				<time>2026-06-26T14:13:31Z</time>
			</trkpt>
			<trkpt lat="46.41968381404877" lon="10.680541038513184">
				<ele>2513.800048828125</ele>
				<time>2026-06-26T14:13:48Z</time>
			</trkpt>
			<trkpt lat="46.41963493824005" lon="10.680571436882019">
				<ele>2515.60009765625</ele>
				<time>2026-06-26T14:14:03Z</time>
			</trkpt>
			<trkpt lat="46.41962683200836" lon="10.680564165115356">
				<ele>2518.0</ele>
				<time>2026-06-26T14:14:27Z</time>
			</trkpt>
			<trkpt lat="46.41956806182861" lon="10.680632948875427">
				<ele>2519.0</ele>
				<time>2026-06-26T14:14:45Z</time>
			</trkpt>
			<trkpt lat="46.41949713230133" lon="10.680699825286865">
				<ele>2520.0</ele>
				<time>2026-06-26T14:15:00Z</time>
			</trkpt>
			<trkpt lat="46.41948986053467" lon="10.68071174621582">
				<ele>2520.0</ele>
				<time>2026-06-26T14:15:01Z</time>
			</trkpt>
			<trkpt lat="46.41948676109314" lon="10.680729508399963">
				<ele>2520.0</ele>
				<time>2026-06-26T14:15:02Z</time>
			</trkpt>
			<trkpt lat="46.419402956962585" lon="10.680793642997742">
				<ele>2520.60009765625</ele>
				<time>2026-06-26T14:15:13Z</time>
			</trkpt>
			<trkpt lat="46.419302463531494" lon="10.680858373641968">
				<ele>2521.60009765625</ele>
				<time>2026-06-26T14:15:28Z</time>
			</trkpt>
			<trkpt lat="46.41916620731354" lon="10.680955052375793">
				<ele>2522.60009765625</ele>
				<time>2026-06-26T14:15:44Z</time>
			</trkpt>
			<trkpt lat="46.419116616249084" lon="10.680750131607056">
				<ele>2523.60009765625</ele>
				<time>2026-06-26T14:16:00Z</time>
			</trkpt>
			<trkpt lat="46.41911435127258" lon="10.680733680725098">
				<ele>2523.800048828125</ele>
				<time>2026-06-26T14:16:01Z</time>
			</trkpt>
			<trkpt lat="46.41900944709778" lon="10.680732607841492">
				<ele>2524.39990234375</ele>
				<time>2026-06-26T14:16:17Z</time>
			</trkpt>
			<trkpt lat="46.41893017292023" lon="10.680799961090088">
				<ele>2524.800048828125</ele>
				<time>2026-06-26T14:16:29Z</time>
			</trkpt>
			<trkpt lat="46.418866991996765" lon="10.680888533592224">
				<ele>2525.0</ele>
				<time>2026-06-26T14:16:40Z</time>
			</trkpt>
			<trkpt lat="46.41886794567108" lon="10.681009292602539">
				<ele>2525.199951171875</ele>
				<time>2026-06-26T14:16:49Z</time>
			</trkpt>
			<trkpt lat="46.418872237205505" lon="10.681026935577393">
				<ele>2525.199951171875</ele>
				<time>2026-06-26T14:16:50Z</time>
			</trkpt>
			<trkpt lat="46.418877363204956" lon="10.681043863296509">
				<ele>2525.199951171875</ele>
				<time>2026-06-26T14:16:51Z</time>
			</trkpt>
			<trkpt lat="46.41888964176178" lon="10.681109070777893">
				<ele>2525.39990234375</ele>
				<time>2026-06-26T14:16:56Z</time>
			</trkpt>
			<trkpt lat="46.41889572143555" lon="10.68127179145813">
				<ele>2525.60009765625</ele>
				<time>2026-06-26T14:17:09Z</time>
			</trkpt>
			<trkpt lat="46.41888475418091" lon="10.681297302246094">
				<ele>2525.800048828125</ele>
				<time>2026-06-26T14:17:11Z</time>
			</trkpt>
			<trkpt lat="46.41884398460388" lon="10.681180357933044">
				<ele>2526.39990234375</ele>
				<time>2026-06-26T14:17:23Z</time>
			</trkpt>
			<trkpt lat="46.41883838176727" lon="10.68116807937622">
				<ele>2526.39990234375</ele>
				<time>2026-06-26T14:17:24Z</time>
			</trkpt>
			<trkpt lat="46.41882824897766" lon="10.681156039237976">
				<ele>2526.39990234375</ele>
				<time>2026-06-26T14:17:25Z</time>
			</trkpt>
			<trkpt lat="46.4187593460083" lon="10.681060433387756">
				<ele>2527.199951171875</ele>
				<time>2026-06-26T14:17:40Z</time>
			</trkpt>
			<trkpt lat="46.41874957084656" lon="10.681051135063171">
				<ele>2527.199951171875</ele>
				<time>2026-06-26T14:17:41Z</time>
			</trkpt>
			<trkpt lat="46.41872847080231" lon="10.681033253669739">
				<ele>2527.39990234375</ele>
				<time>2026-06-26T14:17:43Z</time>
			</trkpt>
			<trkpt lat="46.41862106323242" lon="10.680914998054504">
				<ele>2527.60009765625</ele>
				<time>2026-06-26T14:17:59Z</time>
			</trkpt>
			<trkpt lat="46.418588638305664" lon="10.68091356754303">
				<ele>2527.60009765625</ele>
				<time>2026-06-26T14:18:02Z</time>
			</trkpt>
			<trkpt lat="46.4184535741806" lon="10.680852055549622">
				<ele>2527.800048828125</ele>
				<time>2026-06-26T14:18:21Z</time>
			</trkpt>
			<trkpt lat="46.41838526725769" lon="10.68082594871521">
				<ele>2527.800048828125</ele>
				<time>2026-06-26T14:18:29Z</time>
			</trkpt>
			<trkpt lat="46.41833698749542" lon="10.680789709091187">
				<ele>2527.60009765625</ele>
				<time>2026-06-26T14:18:35Z</time>
			</trkpt>
			<trkpt lat="46.41832709312439" lon="10.68078076839447">
				<ele>2527.60009765625</ele>
				<time>2026-06-26T14:18:36Z</time>
			</trkpt>
			<trkpt lat="46.41822099685669" lon="10.680664896965027">
				<ele>2527.39990234375</ele>
				<time>2026-06-26T14:18:48Z</time>
			</trkpt>
			<trkpt lat="46.418209075927734" lon="10.680655121803284">
				<ele>2527.39990234375</ele>
				<time>2026-06-26T14:18:49Z</time>
			</trkpt>
			<trkpt lat="46.41816461086273" lon="10.680583834648132">
				<ele>2527.199951171875</ele>
				<time>2026-06-26T14:18:56Z</time>
			</trkpt>
			<trkpt lat="46.41815626621246" lon="10.68057370185852">
				<ele>2527.199951171875</ele>
				<time>2026-06-26T14:18:57Z</time>
			</trkpt>
			<trkpt lat="46.418041706085205" lon="10.68064284324646">
				<ele>2526.800048828125</ele>
				<time>2026-06-26T14:19:11Z</time>
			</trkpt>
			<trkpt lat="46.41799569129944" lon="10.680683851242065">
				<ele>2526.60009765625</ele>
				<time>2026-06-26T14:19:17Z</time>
			</trkpt>
			<trkpt lat="46.417989015579224" lon="10.680713653564453">
				<ele>2526.39990234375</ele>
				<time>2026-06-26T14:19:19Z</time>
			</trkpt>
			<trkpt lat="46.418041706085205" lon="10.680946111679077">
				<ele>2525.800048828125</ele>
				<time>2026-06-26T14:19:36Z</time>
			</trkpt>
			<trkpt lat="46.4180965423584" lon="10.681227922439575">
				<ele>2525.0</ele>
				<time>2026-06-26T14:19:54Z</time>
			</trkpt>
			<trkpt lat="46.41808879375458" lon="10.681268692016602">
				<ele>2524.800048828125</ele>
				<time>2026-06-26T14:19:57Z</time>
			</trkpt>
			<trkpt lat="46.41808211803436" lon="10.681281566619873">
				<ele>2524.800048828125</ele>
				<time>2026-06-26T14:19:58Z</time>
			</trkpt>
			<trkpt lat="46.41805040836334" lon="10.681333065032959">
				<ele>2524.800048828125</ele>
				<time>2026-06-26T14:20:02Z</time>
			</trkpt>
			<trkpt lat="46.41794037818909" lon="10.68142020702362">
				<ele>2524.39990234375</ele>
				<time>2026-06-26T14:20:13Z</time>
			</trkpt>
			<trkpt lat="46.417808175086975" lon="10.681233406066895">
				<ele>2524.0</ele>
				<time>2026-06-26T14:20:31Z</time>
			</trkpt>
			<trkpt lat="46.417688965797424" lon="10.681226134300232">
				<ele>2523.60009765625</ele>
				<time>2026-06-26T14:20:42Z</time>
			</trkpt>
			<trkpt lat="46.417614221572876" lon="10.681325793266296">
				<ele>2522.800048828125</ele>
				<time>2026-06-26T14:20:52Z</time>
			</trkpt>
			<trkpt lat="46.4175900220871" lon="10.68135154247284">
				<ele>2522.800048828125</ele>
				<time>2026-06-26T14:20:55Z</time>
			</trkpt>
			<trkpt lat="46.41757833957672" lon="10.681358814239502">
				<ele>2522.60009765625</ele>
				<time>2026-06-26T14:20:56Z</time>
			</trkpt>
			<trkpt lat="46.41751992702484" lon="10.68137013912201">
				<ele>2522.39990234375</ele>
				<time>2026-06-26T14:21:02Z</time>
			</trkpt>
			<trkpt lat="46.417508125305176" lon="10.681365370750427">
				<ele>2522.39990234375</ele>
				<time>2026-06-26T14:21:03Z</time>
			</trkpt>
			<trkpt lat="46.41749560832977" lon="10.681360840797424">
				<ele>2522.39990234375</ele>
				<time>2026-06-26T14:21:04Z</time>
			</trkpt>
			<trkpt lat="46.4174839258194" lon="10.68135678768158">
				<ele>2522.39990234375</ele>
				<time>2026-06-26T14:21:05Z</time>
			</trkpt>
			<trkpt lat="46.41747307777405" lon="10.681352734565735">
				<ele>2522.39990234375</ele>
				<time>2026-06-26T14:21:06Z</time>
			</trkpt>
			<trkpt lat="46.41746270656586" lon="10.681350350379944">
				<ele>2522.199951171875</ele>
				<time>2026-06-26T14:21:07Z</time>
			</trkpt>
			<trkpt lat="46.417452335357666" lon="10.68134891986847">
				<ele>2522.199951171875</ele>
				<time>2026-06-26T14:21:08Z</time>
			</trkpt>
			<trkpt lat="46.41729176044464" lon="10.681349277496338">
				<ele>2521.800048828125</ele>
				<time>2026-06-26T14:21:24Z</time>
			</trkpt>
			<trkpt lat="46.41716527938843" lon="10.681310772895813">
				<ele>2521.199951171875</ele>
				<time>2026-06-26T14:21:37Z</time>
			</trkpt>
			<trkpt lat="46.41714131832123" lon="10.68128490447998">
				<ele>2521.199951171875</ele>
				<time>2026-06-26T14:21:40Z</time>
			</trkpt>
			<trkpt lat="46.41704714298248" lon="10.681177020072937">
				<ele>2520.199951171875</ele>
				<time>2026-06-26T14:21:57Z</time>
			</trkpt>
			<trkpt lat="46.416996359825134" lon="10.68115782737732">
				<ele>2519.800048828125</ele>
				<time>2026-06-26T14:22:07Z</time>
			</trkpt>
			<trkpt lat="46.416929483413696" lon="10.681143760681152">
				<ele>2518.800048828125</ele>
				<time>2026-06-26T14:22:25Z</time>
			</trkpt>
			<trkpt lat="46.416927099227905" lon="10.681121110916138">
				<ele>2515.800048828125</ele>
				<time>2026-06-26T14:23:09Z</time>
			</trkpt>
			<trkpt lat="46.41694164276123" lon="10.681143641471863">
				<ele>2512.60009765625</ele>
				<time>2026-06-26T14:23:41Z</time>
			</trkpt>
			<trkpt lat="46.41693723201752" lon="10.681142568588257">
				<ele>2509.60009765625</ele>
				<time>2026-06-26T14:24:05Z</time>
			</trkpt>
			<trkpt lat="46.41693568229675" lon="10.681129097938538">
				<ele>2506.60009765625</ele>
				<time>2026-06-26T14:24:34Z</time>
			</trkpt>
			<trkpt lat="46.416932702064514" lon="10.68114149570465">
				<ele>2504.39990234375</ele>
				<time>2026-06-26T14:24:55Z</time>
			</trkpt>
			<trkpt lat="46.41692340373993" lon="10.681149363517761">
				<ele>2504.39990234375</ele>
				<time>2026-06-26T14:24:56Z</time>
			</trkpt>
			<trkpt lat="46.416913866996765" lon="10.681156635284424">
				<ele>2504.199951171875</ele>
				<time>2026-06-26T14:24:57Z</time>
			</trkpt>
			<trkpt lat="46.41675806045532" lon="10.68129825592041">
				<ele>2502.199951171875</ele>
				<time>2026-06-26T14:25:16Z</time>
			</trkpt>
			<trkpt lat="46.41658878326416" lon="10.681363582611084">
				<ele>2500.800048828125</ele>
				<time>2026-06-26T14:25:32Z</time>
			</trkpt>
			<trkpt lat="46.41641569137573" lon="10.681478023529053">
				<ele>2499.60009765625</ele>
				<time>2026-06-26T14:25:49Z</time>
			</trkpt>
			<trkpt lat="46.41639697551727" lon="10.681483626365662">
				<ele>2499.39990234375</ele>
				<time>2026-06-26T14:25:51Z</time>
			</trkpt>
			<trkpt lat="46.416210651397705" lon="10.681378483772278">
				<ele>2498.800048828125</ele>
				<time>2026-06-26T14:26:07Z</time>
			</trkpt>
			<trkpt lat="46.41603708267212" lon="10.681225776672363">
				<ele>2498.39990234375</ele>
				<time>2026-06-26T14:26:24Z</time>
			</trkpt>
			<trkpt lat="46.41585385799408" lon="10.681310057640076">
				<ele>2498.39990234375</ele>
				<time>2026-06-26T14:26:41Z</time>
			</trkpt>
			<trkpt lat="46.41579008102417" lon="10.681333184242249">
				<ele>2498.39990234375</ele>
				<time>2026-06-26T14:26:47Z</time>
			</trkpt>
			<trkpt lat="46.415608406066895" lon="10.68124544620514">
				<ele>2498.39990234375</ele>
				<time>2026-06-26T14:27:04Z</time>
			</trkpt>
			<trkpt lat="46.41546142101288" lon="10.681086778640747">
				<ele>2498.199951171875</ele>
				<time>2026-06-26T14:27:19Z</time>
			</trkpt>
			<trkpt lat="46.41536569595337" lon="10.681068181991577">
				<ele>2498.39990234375</ele>
				<time>2026-06-26T14:27:29Z</time>
			</trkpt>
			<trkpt lat="46.4153516292572" lon="10.681066870689392">
				<ele>2498.39990234375</ele>
				<time>2026-06-26T14:27:30Z</time>
			</trkpt>
			<trkpt lat="46.41533923149109" lon="10.681065797805786">
				<ele>2498.39990234375</ele>
				<time>2026-06-26T14:27:31Z</time>
			</trkpt>
			<trkpt lat="46.415327310562134" lon="10.681063532829285">
				<ele>2498.39990234375</ele>
				<time>2026-06-26T14:27:32Z</time>
			</trkpt>
			<trkpt lat="46.415316581726074" lon="10.68105947971344">
				<ele>2498.39990234375</ele>
				<time>2026-06-26T14:27:33Z</time>
			</trkpt>
			<trkpt lat="46.41530668735504" lon="10.681055068969727">
				<ele>2498.39990234375</ele>
				<time>2026-06-26T14:27:34Z</time>
			</trkpt>
			<trkpt lat="46.415087819099426" lon="10.68096923828125">
				<ele>2498.0</ele>
				<time>2026-06-26T14:27:54Z</time>
			</trkpt>
			<trkpt lat="46.414990186691284" lon="10.680964231491089">
				<ele>2498.0</ele>
				<time>2026-06-26T14:28:02Z</time>
			</trkpt>
			<trkpt lat="46.41490662097931" lon="10.681050658226013">
				<ele>2498.0</ele>
				<time>2026-06-26T14:28:11Z</time>
			</trkpt>
			<trkpt lat="46.41489601135254" lon="10.681061029434204">
				<ele>2498.0</ele>
				<time>2026-06-26T14:28:12Z</time>
			</trkpt>
			<trkpt lat="46.41488313674927" lon="10.681065678596497">
				<ele>2498.0</ele>
				<time>2026-06-26T14:28:13Z</time>
			</trkpt>
			<trkpt lat="46.41487014293671" lon="10.681059122085571">
				<ele>2498.0</ele>
				<time>2026-06-26T14:28:14Z</time>
			</trkpt>
			<trkpt lat="46.414862513542175" lon="10.681043028831482">
				<ele>2498.0</ele>
				<time>2026-06-26T14:28:15Z</time>
			</trkpt>
			<trkpt lat="46.41485857963562" lon="10.681010842323303">
				<ele>2498.0</ele>
				<time>2026-06-26T14:28:17Z</time>
			</trkpt>
			<trkpt lat="46.41486060619354" lon="10.680991649627686">
				<ele>2497.800048828125</ele>
				<time>2026-06-26T14:28:18Z</time>
			</trkpt>
			<trkpt lat="46.41486358642578" lon="10.680970907211304">
				<ele>2497.800048828125</ele>
				<time>2026-06-26T14:28:19Z</time>
			</trkpt>
			<trkpt lat="46.41491174697876" lon="10.680766820907593">
				<ele>2497.39990234375</ele>
				<time>2026-06-26T14:28:32Z</time>
			</trkpt>
			<trkpt lat="46.41491365432739" lon="10.680752754211426">
				<ele>2497.39990234375</ele>
				<time>2026-06-26T14:28:33Z</time>
			</trkpt>
			<trkpt lat="46.41492021083832" lon="10.68074083328247">
				<ele>2497.39990234375</ele>
				<time>2026-06-26T14:28:34Z</time>
			</trkpt>
			<trkpt lat="46.41498625278473" lon="10.680498003959656">
				<ele>2497.60009765625</ele>
				<time>2026-06-26T14:28:48Z</time>
			</trkpt>
			<trkpt lat="46.415008783340454" lon="10.680420875549316">
				<ele>2497.60009765625</ele>
				<time>2026-06-26T14:28:53Z</time>
			</trkpt>
			<trkpt lat="46.41511058807373" lon="10.680225014686584">
				<ele>2498.0</ele>
				<time>2026-06-26T14:29:08Z</time>
			</trkpt>
			<trkpt lat="46.41514015197754" lon="10.680017232894897">
				<ele>2498.199951171875</ele>
				<time>2026-06-26T14:29:21Z</time>
			</trkpt>
			<trkpt lat="46.41510605812073" lon="10.679975390434265">
				<ele>2498.39990234375</ele>
				<time>2026-06-26T14:29:26Z</time>
			</trkpt>
			<trkpt lat="46.41504156589508" lon="10.679919362068176">
				<ele>2498.39990234375</ele>
				<time>2026-06-26T14:29:33Z</time>
			</trkpt>
			<trkpt lat="46.41503643989563" lon="10.679905891418457">
				<ele>2498.39990234375</ele>
				<time>2026-06-26T14:29:34Z</time>
			</trkpt>
			<trkpt lat="46.415024638175964" lon="10.679857850074768">
				<ele>2498.60009765625</ele>
				<time>2026-06-26T14:29:37Z</time>
			</trkpt>
			<trkpt lat="46.41501533985138" lon="10.67984926700592">
				<ele>2498.60009765625</ele>
				<time>2026-06-26T14:29:38Z</time>
			</trkpt>
			<trkpt lat="46.414944648742676" lon="10.679864287376404">
				<ele>2499.0</ele>
				<time>2026-06-26T14:29:46Z</time>
			</trkpt>
			<trkpt lat="46.41493010520935" lon="10.679876446723938">
				<ele>2499.199951171875</ele>
				<time>2026-06-26T14:29:47Z</time>
			</trkpt>
			<trkpt lat="46.41491901874542" lon="10.679883122444153">
				<ele>2499.199951171875</ele>
				<time>2026-06-26T14:29:48Z</time>
			</trkpt>
			<trkpt lat="46.41480243206024" lon="10.67999517917633">
				<ele>2500.60009765625</ele>
				<time>2026-06-26T14:30:02Z</time>
			</trkpt>
			<trkpt lat="46.41475319862366" lon="10.680022597312927">
				<ele>2501.0</ele>
				<time>2026-06-26T14:30:07Z</time>
			</trkpt>
			<trkpt lat="46.414687395095825" lon="10.680075287818909">
				<ele>2501.60009765625</ele>
				<time>2026-06-26T14:30:14Z</time>
			</trkpt>
			<trkpt lat="46.414679169654846" lon="10.6800856590271">
				<ele>2501.800048828125</ele>
				<time>2026-06-26T14:30:15Z</time>
			</trkpt>
			<trkpt lat="46.41458249092102" lon="10.680273175239563">
				<ele>2502.800048828125</ele>
				<time>2026-06-26T14:30:29Z</time>
			</trkpt>
			<trkpt lat="46.41453170776367" lon="10.680361866950989">
				<ele>2503.199951171875</ele>
				<time>2026-06-26T14:30:36Z</time>
			</trkpt>
			<trkpt lat="46.414356112480164" lon="10.68042540550232">
				<ele>2504.199951171875</ele>
				<time>2026-06-26T14:30:52Z</time>
			</trkpt>
			<trkpt lat="46.41428864002228" lon="10.680399894714355">
				<ele>2504.39990234375</ele>
				<time>2026-06-26T14:30:59Z</time>
			</trkpt>
			<trkpt lat="46.41412138938904" lon="10.680355548858643">
				<ele>2504.800048828125</ele>
				<time>2026-06-26T14:31:13Z</time>
			</trkpt>
			<trkpt lat="46.41398298740387" lon="10.680212020874023">
				<ele>2505.199951171875</ele>
				<time>2026-06-26T14:31:28Z</time>
			</trkpt>
			<trkpt lat="46.41386616230011" lon="10.68010413646698">
				<ele>2505.60009765625</ele>
				<time>2026-06-26T14:31:40Z</time>
			</trkpt>
			<trkpt lat="46.41373097896576" lon="10.680017113685608">
				<ele>2506.60009765625</ele>
				<time>2026-06-26T14:31:53Z</time>
			</trkpt>
			<trkpt lat="46.41357398033142" lon="10.680041074752808">
				<ele>2507.60009765625</ele>
				<time>2026-06-26T14:32:06Z</time>
			</trkpt>
			<trkpt lat="46.41356289386749" lon="10.680050253868103">
				<ele>2507.800048828125</ele>
				<time>2026-06-26T14:32:07Z</time>
			</trkpt>
			<trkpt lat="46.41355276107788" lon="10.680061936378479">
				<ele>2507.800048828125</ele>
				<time>2026-06-26T14:32:08Z</time>
			</trkpt>
			<trkpt lat="46.41354429721832" lon="10.680075883865356">
				<ele>2507.800048828125</ele>
				<time>2026-06-26T14:32:09Z</time>
			</trkpt>
			<trkpt lat="46.41353416442871" lon="10.680088758468628">
				<ele>2508.0</ele>
				<time>2026-06-26T14:32:10Z</time>
			</trkpt>
			<trkpt lat="46.41352343559265" lon="10.680103063583374">
				<ele>2508.0</ele>
				<time>2026-06-26T14:32:11Z</time>
			</trkpt>
			<trkpt lat="46.413512229919434" lon="10.680118918418884">
				<ele>2508.0</ele>
				<time>2026-06-26T14:32:12Z</time>
			</trkpt>
			<trkpt lat="46.41350340843201" lon="10.680131196975708">
				<ele>2508.199951171875</ele>
				<time>2026-06-26T14:32:13Z</time>
			</trkpt>
			<trkpt lat="46.413447976112366" lon="10.680176138877869">
				<ele>2508.39990234375</ele>
				<time>2026-06-26T14:32:18Z</time>
			</trkpt>
			<trkpt lat="46.41343879699707" lon="10.680187106132507">
				<ele>2508.60009765625</ele>
				<time>2026-06-26T14:32:19Z</time>
			</trkpt>
			<trkpt lat="46.413429379463196" lon="10.680195569992065">
				<ele>2508.60009765625</ele>
				<time>2026-06-26T14:32:20Z</time>
			</trkpt>
			<trkpt lat="46.413328766822815" lon="10.680236339569092">
				<ele>2509.199951171875</ele>
				<time>2026-06-26T14:32:28Z</time>
			</trkpt>
			<trkpt lat="46.41331589221954" lon="10.680235385894775">
				<ele>2509.199951171875</ele>
				<time>2026-06-26T14:32:29Z</time>
			</trkpt>
			<trkpt lat="46.413302183151245" lon="10.680243611335754">
				<ele>2509.39990234375</ele>
				<time>2026-06-26T14:32:30Z</time>
			</trkpt>
			<trkpt lat="46.41328954696655" lon="10.680253028869629">
				<ele>2509.39990234375</ele>
				<time>2026-06-26T14:32:31Z</time>
			</trkpt>
			<trkpt lat="46.41328001022339" lon="10.68026316165924">
				<ele>2509.39990234375</ele>
				<time>2026-06-26T14:32:32Z</time>
			</trkpt>
			<trkpt lat="46.41326987743378" lon="10.680272936820984">
				<ele>2509.60009765625</ele>
				<time>2026-06-26T14:32:33Z</time>
			</trkpt>
			<trkpt lat="46.413259744644165" lon="10.680280089378357">
				<ele>2509.60009765625</ele>
				<time>2026-06-26T14:32:34Z</time>
			</trkpt>
			<trkpt lat="46.41311538219452" lon="10.680423259735107">
				<ele>2510.60009765625</ele>
				<time>2026-06-26T14:32:49Z</time>
			</trkpt>
			<trkpt lat="46.413015246391296" lon="10.680554151535034">
				<ele>2511.199951171875</ele>
				<time>2026-06-26T14:33:06Z</time>
			</trkpt>
			<trkpt lat="46.41302251815796" lon="10.680681943893433">
				<ele>2511.800048828125</ele>
				<time>2026-06-26T14:33:18Z</time>
			</trkpt>
			<trkpt lat="46.413015842437744" lon="10.68072247505188">
				<ele>2512.199951171875</ele>
				<time>2026-06-26T14:33:27Z</time>
			</trkpt>
			<trkpt lat="46.413007378578186" lon="10.680734276771545">
				<ele>2512.199951171875</ele>
				<time>2026-06-26T14:33:28Z</time>
			</trkpt>
			<trkpt lat="46.41299903392792" lon="10.680747628211975">
				<ele>2512.199951171875</ele>
				<time>2026-06-26T14:33:29Z</time>
			</trkpt>
			<trkpt lat="46.41296458244324" lon="10.680750370025635">
				<ele>2512.60009765625</ele>
				<time>2026-06-26T14:33:33Z</time>
			</trkpt>
			<trkpt lat="46.412954449653625" lon="10.680746793746948">
				<ele>2512.60009765625</ele>
				<time>2026-06-26T14:33:34Z</time>
			</trkpt>
			<trkpt lat="46.412943601608276" lon="10.680747151374817">
				<ele>2512.800048828125</ele>
				<time>2026-06-26T14:33:35Z</time>
			</trkpt>
			<trkpt lat="46.41290521621704" lon="10.680842757225037">
				<ele>2513.39990234375</ele>
				<time>2026-06-26T14:33:48Z</time>
			</trkpt>
			<trkpt lat="46.412901401519775" lon="10.6808842420578">
				<ele>2513.60009765625</ele>
				<time>2026-06-26T14:33:52Z</time>
			</trkpt>
			<trkpt lat="46.412890553474426" lon="10.680885314941406">
				<ele>2513.800048828125</ele>
				<time>2026-06-26T14:33:53Z</time>
			</trkpt>
			<trkpt lat="46.4128782749176" lon="10.6808922290802">
				<ele>2513.800048828125</ele>
				<time>2026-06-26T14:33:54Z</time>
			</trkpt>
			<trkpt lat="46.41272842884064" lon="10.680950284004211">
				<ele>2514.800048828125</ele>
				<time>2026-06-26T14:34:10Z</time>
			</trkpt>
			<trkpt lat="46.412697434425354" lon="10.680955648422241">
				<ele>2515.0</ele>
				<time>2026-06-26T14:34:13Z</time>
			</trkpt>
			<trkpt lat="46.41252958774567" lon="10.680942058563232">
				<ele>2516.0</ele>
				<time>2026-06-26T14:34:28Z</time>
			</trkpt>
			<trkpt lat="46.412487745285034" lon="10.680908560752869">
				<ele>2516.199951171875</ele>
				<time>2026-06-26T14:34:33Z</time>
			</trkpt>
			<trkpt lat="46.412476539611816" lon="10.68090283870697">
				<ele>2516.199951171875</ele>
				<time>2026-06-26T14:34:34Z</time>
			</trkpt>
			<trkpt lat="46.41238510608673" lon="10.680800080299377">
				<ele>2517.199951171875</ele>
				<time>2026-06-26T14:34:51Z</time>
			</trkpt>
			<trkpt lat="46.41230750083923" lon="10.680780291557312">
				<ele>2517.60009765625</ele>
				<time>2026-06-26T14:35:00Z</time>
			</trkpt>
			<trkpt lat="46.41229748725891" lon="10.680766344070435">
				<ele>2517.800048828125</ele>
				<time>2026-06-26T14:35:01Z</time>
			</trkpt>
			<trkpt lat="46.412192702293396" lon="10.68069863319397">
				<ele>2518.39990234375</ele>
				<time>2026-06-26T14:35:12Z</time>
			</trkpt>
			<trkpt lat="46.41205883026123" lon="10.68070101737976">
				<ele>2519.0</ele>
				<time>2026-06-26T14:35:27Z</time>
			</trkpt>
			<trkpt lat="46.41202092170715" lon="10.680724859237671">
				<ele>2519.199951171875</ele>
				<time>2026-06-26T14:35:32Z</time>
			</trkpt>
			<trkpt lat="46.412009596824646" lon="10.680729866027832">
				<ele>2519.39990234375</ele>
				<time>2026-06-26T14:35:33Z</time>
			</trkpt>
			<trkpt lat="46.41197681427002" lon="10.680743098258972">
				<ele>2519.39990234375</ele>
				<time>2026-06-26T14:35:36Z</time>
			</trkpt>
			<trkpt lat="46.411946415901184" lon="10.680764079093933">
				<ele>2519.60009765625</ele>
				<time>2026-06-26T14:35:44Z</time>
			</trkpt>
			<trkpt lat="46.41193222999573" lon="10.680765867233276">
				<ele>2519.60009765625</ele>
				<time>2026-06-26T14:35:45Z</time>
			</trkpt>
			<trkpt lat="46.41191875934601" lon="10.680768489837646">
				<ele>2519.60009765625</ele>
				<time>2026-06-26T14:35:46Z</time>
			</trkpt>
			<trkpt lat="46.41189646720886" lon="10.680773854255676">
				<ele>2519.60009765625</ele>
				<time>2026-06-26T14:35:48Z</time>
			</trkpt>
			<trkpt lat="46.411885499954224" lon="10.680781364440918">
				<ele>2519.39990234375</ele>
				<time>2026-06-26T14:35:49Z</time>
			</trkpt>
			<trkpt lat="46.411874771118164" lon="10.680784463882446">
				<ele>2519.39990234375</ele>
				<time>2026-06-26T14:35:50Z</time>
			</trkpt>
			<trkpt lat="46.411818981170654" lon="10.680790305137634">
				<ele>2519.39990234375</ele>
				<time>2026-06-26T14:35:55Z</time>
			</trkpt>
			<trkpt lat="46.41180765628815" lon="10.680794358253479">
				<ele>2519.39990234375</ele>
				<time>2026-06-26T14:35:56Z</time>
			</trkpt>
			<trkpt lat="46.41174268722534" lon="10.680817604064941">
				<ele>2519.199951171875</ele>
				<time>2026-06-26T14:36:12Z</time>
			</trkpt>
			<trkpt lat="46.4116815328598" lon="10.680841326713562">
				<ele>2519.0</ele>
				<time>2026-06-26T14:36:30Z</time>
			</trkpt>
			<trkpt lat="46.41156029701233" lon="10.680946111679077">
				<ele>2519.0</ele>
				<time>2026-06-26T14:36:46Z</time>
			</trkpt>
			<trkpt lat="46.4114944934845" lon="10.681029438972473">
				<ele>2518.800048828125</ele>
				<time>2026-06-26T14:36:56Z</time>
			</trkpt>
			<trkpt lat="46.411394238471985" lon="10.68114984035492">
				<ele>2518.60009765625</ele>
				<time>2026-06-26T14:37:12Z</time>
			</trkpt>
			<trkpt lat="46.411373257637024" lon="10.681258082389832">
				<ele>2518.60009765625</ele>
				<time>2026-06-26T14:37:30Z</time>
			</trkpt>
			<trkpt lat="46.41133105754852" lon="10.681376457214355">
				<ele>2518.39990234375</ele>
				<time>2026-06-26T14:37:44Z</time>
			</trkpt>
			<trkpt lat="46.4113689661026" lon="10.681395530700684">
				<ele>2518.0</ele>
				<time>2026-06-26T14:38:04Z</time>
			</trkpt>
			<trkpt lat="46.41143178939819" lon="10.681363463401794">
				<ele>2517.39990234375</ele>
				<time>2026-06-26T14:38:27Z</time>
			</trkpt>
			<trkpt lat="46.411497592926025" lon="10.681371927261353">
				<ele>2517.0</ele>
				<time>2026-06-26T14:38:47Z</time>
			</trkpt>
			<trkpt lat="46.41158664226532" lon="10.681401252746582">
				<ele>2516.60009765625</ele>
				<time>2026-06-26T14:39:09Z</time>
			</trkpt>
			<trkpt lat="46.41165041923523" lon="10.68143105506897">
				<ele>2516.60009765625</ele>
				<time>2026-06-26T14:39:33Z</time>
			</trkpt>
			<trkpt lat="46.41170620918274" lon="10.681440830230713">
				<ele>2516.800048828125</ele>
				<time>2026-06-26T14:39:54Z</time>
			</trkpt>
			<trkpt lat="46.411754846572876" lon="10.68146002292633">
				<ele>2517.0</ele>
				<time>2026-06-26T14:40:15Z</time>
			</trkpt>
			<trkpt lat="46.41179406642914" lon="10.681541442871094">
				<ele>2517.199951171875</ele>
				<time>2026-06-26T14:40:40Z</time>
			</trkpt>
			<trkpt lat="46.411802649497986" lon="10.681584596633911">
				<ele>2517.199951171875</ele>
				<time>2026-06-26T14:41:12Z</time>
			</trkpt>
			<trkpt lat="46.41180217266083" lon="10.68157970905304">
				<ele>2516.199951171875</ele>
				<time>2026-06-26T14:41:35Z</time>
			</trkpt>
			<trkpt lat="46.41180074214935" lon="10.68159008026123">
				<ele>2514.0</ele>
				<time>2026-06-26T14:42:03Z</time>
			</trkpt>
			<trkpt lat="46.41181206703186" lon="10.681610465049744">
				<ele>2511.0</ele>
				<time>2026-06-26T14:42:34Z</time>
			</trkpt>
			<trkpt lat="46.4118070602417" lon="10.681618928909302">
				<ele>2508.199951171875</ele>
				<time>2026-06-26T14:43:01Z</time>
			</trkpt>
			<trkpt lat="46.41185188293457" lon="10.68169355392456">
				<ele>2506.199951171875</ele>
				<time>2026-06-26T14:43:18Z</time>
			</trkpt>
			<trkpt lat="46.411874175071716" lon="10.681824564933777">
				<ele>2505.199951171875</ele>
				<time>2026-06-26T14:43:41Z</time>
			</trkpt>
			<trkpt lat="46.41185534000397" lon="10.681918859481812">
				<ele>2505.0</ele>
				<time>2026-06-26T14:44:01Z</time>
			</trkpt>
			<trkpt lat="46.41182613372803" lon="10.6819988489151">
				<ele>2505.0</ele>
				<time>2026-06-26T14:44:17Z</time>
			</trkpt>
			<trkpt lat="46.411800026893616" lon="10.68208372592926">
				<ele>2505.199951171875</ele>
				<time>2026-06-26T14:44:33Z</time>
			</trkpt>
			<trkpt lat="46.41180145740509" lon="10.682215094566345">
				<ele>2505.39990234375</ele>
				<time>2026-06-26T14:44:55Z</time>
			</trkpt>
			<trkpt lat="46.411781668663025" lon="10.682321071624756">
				<ele>2505.199951171875</ele>
				<time>2026-06-26T14:45:12Z</time>
			</trkpt>
			<trkpt lat="46.41175353527069" lon="10.682462096214294">
				<ele>2505.199951171875</ele>
				<time>2026-06-26T14:45:32Z</time>
			</trkpt>
			<trkpt lat="46.4117317199707" lon="10.682551741600037">
				<ele>2505.199951171875</ele>
				<time>2026-06-26T14:45:52Z</time>
			</trkpt>
			<trkpt lat="46.41175055503845" lon="10.682683825492859">
				<ele>2505.0</ele>
				<time>2026-06-26T14:46:13Z</time>
			</trkpt>
			<trkpt lat="46.411744117736816" lon="10.682719469070435">
				<ele>2505.199951171875</ele>
				<time>2026-06-26T14:46:30Z</time>
			</trkpt>
			<trkpt lat="46.411736249923706" lon="10.682717680931091">
				<ele>2505.39990234375</ele>
				<time>2026-06-26T14:47:00Z</time>
			</trkpt>
			<trkpt lat="46.41179037094116" lon="10.682896494865417">
				<ele>2505.199951171875</ele>
				<time>2026-06-26T14:47:21Z</time>
			</trkpt>
			<trkpt lat="46.41173326969147" lon="10.682992339134216">
				<ele>2505.0</ele>
				<time>2026-06-26T14:47:36Z</time>
			</trkpt>
			<trkpt lat="46.411722898483276" lon="10.6831134557724">
				<ele>2505.0</ele>
				<time>2026-06-26T14:47:51Z</time>
			</trkpt>
			<trkpt lat="46.41171705722809" lon="10.683164834976196">
				<ele>2505.0</ele>
				<time>2026-06-26T14:48:01Z</time>
			</trkpt>
			<trkpt lat="46.41171455383301" lon="10.683180928230286">
				<ele>2505.0</ele>
				<time>2026-06-26T14:48:02Z</time>
			</trkpt>
			<trkpt lat="46.41166400909424" lon="10.683272004127502">
				<ele>2504.800048828125</ele>
				<time>2026-06-26T14:48:15Z</time>
			</trkpt>
			<trkpt lat="46.411611676216125" lon="10.683348536491394">
				<ele>2504.800048828125</ele>
				<time>2026-06-26T14:48:33Z</time>
			</trkpt>
			<trkpt lat="46.4115526676178" lon="10.683501362800598">
				<ele>2504.60009765625</ele>
				<time>2026-06-26T14:48:53Z</time>
			</trkpt>
			<trkpt lat="46.411476731300354" lon="10.683672547340393">
				<ele>2504.60009765625</ele>
				<time>2026-06-26T14:49:13Z</time>
			</trkpt>
			<trkpt lat="46.411452412605286" lon="10.683698058128357">
				<ele>2504.60009765625</ele>
				<time>2026-06-26T14:49:20Z</time>
			</trkpt>
			<trkpt lat="46.411439657211304" lon="10.683722019195557">
				<ele>2504.60009765625</ele>
				<time>2026-06-26T14:49:22Z</time>
			</trkpt>
			<trkpt lat="46.411426186561584" lon="10.683746337890625">
				<ele>2504.60009765625</ele>
				<time>2026-06-26T14:49:24Z</time>
			</trkpt>
			<trkpt lat="46.41139805316925" lon="10.683802723884583">
				<ele>2504.60009765625</ele>
				<time>2026-06-26T14:49:29Z</time>
			</trkpt>
			<trkpt lat="46.41124999523163" lon="10.683962941169739">
				<ele>2504.60009765625</ele>
				<time>2026-06-26T14:49:46Z</time>
			</trkpt>
			<trkpt lat="46.411094307899475" lon="10.684107661247253">
				<ele>2504.39990234375</ele>
				<time>2026-06-26T14:50:06Z</time>
			</trkpt>
			<trkpt lat="46.41093420982361" lon="10.68422257900238">
				<ele>2504.0</ele>
				<time>2026-06-26T14:50:23Z</time>
			</trkpt>
			<trkpt lat="46.410860896110535" lon="10.684367537498474">
				<ele>2503.60009765625</ele>
				<time>2026-06-26T14:50:37Z</time>
			</trkpt>
			<trkpt lat="46.41075599193573" lon="10.684510588645935">
				<ele>2503.199951171875</ele>
				<time>2026-06-26T14:50:50Z</time>
			</trkpt>
			<trkpt lat="46.41075527667999" lon="10.684523940086365">
				<ele>2503.199951171875</ele>
				<time>2026-06-26T14:50:51Z</time>
			</trkpt>
			<trkpt lat="46.41074049472809" lon="10.684704065322876">
				<ele>2502.60009765625</ele>
				<time>2026-06-26T14:51:08Z</time>
			</trkpt>
			<trkpt lat="46.41066360473633" lon="10.684856414794922">
				<ele>2501.800048828125</ele>
				<time>2026-06-26T14:51:24Z</time>
			</trkpt>
			<trkpt lat="46.41060662269592" lon="10.684925317764282">
				<ele>2501.60009765625</ele>
				<time>2026-06-26T14:51:33Z</time>
			</trkpt>
			<trkpt lat="46.410603165626526" lon="10.684946537017822">
				<ele>2501.60009765625</ele>
				<time>2026-06-26T14:51:34Z</time>
			</trkpt>
			<trkpt lat="46.410598397254944" lon="10.684964537620544">
				<ele>2501.39990234375</ele>
				<time>2026-06-26T14:51:35Z</time>
			</trkpt>
			<trkpt lat="46.4105007648468" lon="10.685077786445618">
				<ele>2501.0</ele>
				<time>2026-06-26T14:51:49Z</time>
			</trkpt>
			<trkpt lat="46.41044592857361" lon="10.685114741325378">
				<ele>2500.800048828125</ele>
				<time>2026-06-26T14:51:55Z</time>
			</trkpt>
			<trkpt lat="46.41039526462555" lon="10.685177564620972">
				<ele>2500.60009765625</ele>
				<time>2026-06-26T14:52:01Z</time>
			</trkpt>
			<trkpt lat="46.41038477420807" lon="10.68518579006195">
				<ele>2500.60009765625</ele>
				<time>2026-06-26T14:52:02Z</time>
			</trkpt>
			<trkpt lat="46.41033327579498" lon="10.685270071029663">
				<ele>2500.199951171875</ele>
				<time>2026-06-26T14:52:16Z</time>
			</trkpt>
			<trkpt lat="46.41032087802887" lon="10.685291767120361">
				<ele>2500.199951171875</ele>
				<time>2026-06-26T14:52:28Z</time>
			</trkpt>
			<trkpt lat="46.410311818122864" lon="10.685300469398499">
				<ele>2500.199951171875</ele>
				<time>2026-06-26T14:52:29Z</time>
			</trkpt>
			<trkpt lat="46.41030168533325" lon="10.685310125350952">
				<ele>2500.199951171875</ele>
				<time>2026-06-26T14:52:30Z</time>
			</trkpt>
			<trkpt lat="46.41029131412506" lon="10.685317635536194">
				<ele>2500.199951171875</ele>
				<time>2026-06-26T14:52:31Z</time>
			</trkpt>
			<trkpt lat="46.4102783203125" lon="10.68532907962799">
				<ele>2500.199951171875</ele>
				<time>2026-06-26T14:52:32Z</time>
			</trkpt>
			<trkpt lat="46.4102680683136" lon="10.685338973999023">
				<ele>2500.199951171875</ele>
				<time>2026-06-26T14:52:33Z</time>
			</trkpt>
			<trkpt lat="46.4101402759552" lon="10.685486435890198">
				<ele>2499.800048828125</ele>
				<time>2026-06-26T14:52:48Z</time>
			</trkpt>
			<trkpt lat="46.40998649597168" lon="10.685626149177551">
				<ele>2499.39990234375</ele>
				<time>2026-06-26T14:53:07Z</time>
			</trkpt>
			<trkpt lat="46.41000986099243" lon="10.685758471488953">
				<ele>2499.39990234375</ele>
				<time>2026-06-26T14:53:21Z</time>
			</trkpt>
			<trkpt lat="46.41001117229462" lon="10.685866951942444">
				<ele>2499.199951171875</ele>
				<time>2026-06-26T14:53:30Z</time>
			</trkpt>
			<trkpt lat="46.40997767448425" lon="10.686072945594788">
				<ele>2498.60009765625</ele>
				<time>2026-06-26T14:53:48Z</time>
			</trkpt>
			<trkpt lat="46.409891843795776" lon="10.686292290687561">
				<ele>2497.60009765625</ele>
				<time>2026-06-26T14:54:06Z</time>
			</trkpt>
			<trkpt lat="46.4098699092865" lon="10.686322331428528">
				<ele>2497.39990234375</ele>
				<time>2026-06-26T14:54:09Z</time>
			</trkpt>
			<trkpt lat="46.40985679626465" lon="10.686345934867859">
				<ele>2497.199951171875</ele>
				<time>2026-06-26T14:54:11Z</time>
			</trkpt>
			<trkpt lat="46.40983867645264" lon="10.686381578445435">
				<ele>2496.800048828125</ele>
				<time>2026-06-26T14:54:26Z</time>
			</trkpt>
			<trkpt lat="46.40983712673187" lon="10.686386942863464">
				<ele>2496.199951171875</ele>
				<time>2026-06-26T14:54:54Z</time>
			</trkpt>
			<trkpt lat="46.40973353385925" lon="10.686503887176514">
				<ele>2495.60009765625</ele>
				<time>2026-06-26T14:55:08Z</time>
			</trkpt>
			<trkpt lat="46.4096462726593" lon="10.686608910560608">
				<ele>2495.0</ele>
				<time>2026-06-26T14:55:22Z</time>
			</trkpt>
			<trkpt lat="46.409640431404114" lon="10.686619877815247">
				<ele>2495.0</ele>
				<time>2026-06-26T14:55:23Z</time>
			</trkpt>
			<trkpt lat="46.40963399410248" lon="10.686630845069885">
				<ele>2494.800048828125</ele>
				<time>2026-06-26T14:55:24Z</time>
			</trkpt>
			<trkpt lat="46.409629702568054" lon="10.686694741249084">
				<ele>2494.800048828125</ele>
				<time>2026-06-26T14:55:29Z</time>
			</trkpt>
			<trkpt lat="46.40961158275604" lon="10.68690836429596">
				<ele>2494.60009765625</ele>
				<time>2026-06-26T14:55:44Z</time>
			</trkpt>
			<trkpt lat="46.4094672203064" lon="10.687060594558716">
				<ele>2494.39990234375</ele>
				<time>2026-06-26T14:55:59Z</time>
			</trkpt>
			<trkpt lat="46.40938484668732" lon="10.687233686447144">
				<ele>2494.199951171875</ele>
				<time>2026-06-26T14:56:13Z</time>
			</trkpt>
			<trkpt lat="46.409372329711914" lon="10.687243103981018">
				<ele>2494.199951171875</ele>
				<time>2026-06-26T14:56:14Z</time>
			</trkpt>
			<trkpt lat="46.409260749816895" lon="10.687389373779297">
				<ele>2494.199951171875</ele>
				<time>2026-06-26T14:56:27Z</time>
			</trkpt>
			<trkpt lat="46.40925586223602" lon="10.68740439414978">
				<ele>2494.39990234375</ele>
				<time>2026-06-26T14:56:28Z</time>
			</trkpt>
			<trkpt lat="46.40927278995514" lon="10.687646627426147">
				<ele>2494.0</ele>
				<time>2026-06-26T14:56:43Z</time>
			</trkpt>
			<trkpt lat="46.40927278995514" lon="10.687662482261658">
				<ele>2494.0</ele>
				<time>2026-06-26T14:56:44Z</time>
			</trkpt>
			<trkpt lat="46.40929102897644" lon="10.687860250473022">
				<ele>2494.39990234375</ele>
				<time>2026-06-26T14:56:57Z</time>
			</trkpt>
			<trkpt lat="46.409289479255676" lon="10.687909126281738">
				<ele>2494.199951171875</ele>
				<time>2026-06-26T14:57:00Z</time>
			</trkpt>
			<trkpt lat="46.40928566455841" lon="10.687941908836365">
				<ele>2494.199951171875</ele>
				<time>2026-06-26T14:57:02Z</time>
			</trkpt>
			<trkpt lat="46.409284830093384" lon="10.687957882881165">
				<ele>2494.199951171875</ele>
				<time>2026-06-26T14:57:03Z</time>
			</trkpt>
			<trkpt lat="46.40928387641907" lon="10.687975525856018">
				<ele>2494.199951171875</ele>
				<time>2026-06-26T14:57:04Z</time>
			</trkpt>
			<trkpt lat="46.40928304195404" lon="10.687994241714478">
				<ele>2494.199951171875</ele>
				<time>2026-06-26T14:57:05Z</time>
			</trkpt>
			<trkpt lat="46.40928328037262" lon="10.688011050224304">
				<ele>2494.199951171875</ele>
				<time>2026-06-26T14:57:06Z</time>
			</trkpt>
			<trkpt lat="46.40928089618683" lon="10.688028573989868">
				<ele>2494.199951171875</ele>
				<time>2026-06-26T14:57:07Z</time>
			</trkpt>
			<trkpt lat="46.40927815437317" lon="10.688043713569641">
				<ele>2494.199951171875</ele>
				<time>2026-06-26T14:57:08Z</time>
			</trkpt>
			<trkpt lat="46.409197211265564" lon="10.688298463821411">
				<ele>2493.800048828125</ele>
				<time>2026-06-26T14:57:24Z</time>
			</trkpt>
			<trkpt lat="46.40908885002136" lon="10.688559889793396">
				<ele>2493.39990234375</ele>
				<time>2026-06-26T14:57:41Z</time>
			</trkpt>
			<trkpt lat="46.40893030166626" lon="10.688728213310242">
				<ele>2493.199951171875</ele>
				<time>2026-06-26T14:57:57Z</time>
			</trkpt>
			<trkpt lat="46.408817410469055" lon="10.688929080963135">
				<ele>2493.39990234375</ele>
				<time>2026-06-26T14:58:14Z</time>
			</trkpt>
			<trkpt lat="46.40880501270294" lon="10.689129114151001">
				<ele>2493.60009765625</ele>
				<time>2026-06-26T14:58:26Z</time>
			</trkpt>
			<trkpt lat="46.40880787372589" lon="10.68925416469574">
				<ele>2493.800048828125</ele>
				<time>2026-06-26T14:58:35Z</time>
			</trkpt>
			<trkpt lat="46.408803939819336" lon="10.689270496368408">
				<ele>2493.800048828125</ele>
				<time>2026-06-26T14:58:36Z</time>
			</trkpt>
			<trkpt lat="46.40880215167999" lon="10.689286708831787">
				<ele>2493.800048828125</ele>
				<time>2026-06-26T14:58:37Z</time>
			</trkpt>
			<trkpt lat="46.40880072116852" lon="10.689354062080383">
				<ele>2493.800048828125</ele>
				<time>2026-06-26T14:58:41Z</time>
			</trkpt>
			<trkpt lat="46.40880024433136" lon="10.689369320869446">
				<ele>2493.800048828125</ele>
				<time>2026-06-26T14:58:42Z</time>
			</trkpt>
			<trkpt lat="46.40880239009857" lon="10.689382910728455">
				<ele>2493.800048828125</ele>
				<time>2026-06-26T14:58:43Z</time>
			</trkpt>
			<trkpt lat="46.40881097316742" lon="10.689426302909851">
				<ele>2493.800048828125</ele>
				<time>2026-06-26T14:58:46Z</time>
			</trkpt>
			<trkpt lat="46.40881407260895" lon="10.689443588256836">
				<ele>2493.800048828125</ele>
				<time>2026-06-26T14:58:47Z</time>
			</trkpt>
			<trkpt lat="46.408817172050476" lon="10.689461350440979">
				<ele>2493.800048828125</ele>
				<time>2026-06-26T14:58:48Z</time>
			</trkpt>
			<trkpt lat="46.4088180065155" lon="10.689477801322937">
				<ele>2493.800048828125</ele>
				<time>2026-06-26T14:58:49Z</time>
			</trkpt>
			<trkpt lat="46.40881526470184" lon="10.68949544429779">
				<ele>2493.800048828125</ele>
				<time>2026-06-26T14:58:50Z</time>
			</trkpt>
			<trkpt lat="46.40881323814392" lon="10.689511775970459">
				<ele>2493.800048828125</ele>
				<time>2026-06-26T14:58:51Z</time>
			</trkpt>
			<trkpt lat="46.408801913261414" lon="10.689558386802673">
				<ele>2494.0</ele>
				<time>2026-06-26T14:58:54Z</time>
			</trkpt>
			<trkpt lat="46.408801555633545" lon="10.689575672149658">
				<ele>2494.0</ele>
				<time>2026-06-26T14:58:55Z</time>
			</trkpt>
			<trkpt lat="46.40879988670349" lon="10.68959379196167">
				<ele>2494.0</ele>
				<time>2026-06-26T14:58:56Z</time>
			</trkpt>
			<trkpt lat="46.40879821777344" lon="10.689609408378601">
				<ele>2494.0</ele>
				<time>2026-06-26T14:58:57Z</time>
			</trkpt>
			<trkpt lat="46.40880024433136" lon="10.689625144004822">
				<ele>2494.0</ele>
				<time>2026-06-26T14:58:58Z</time>
			</trkpt>
			<trkpt lat="46.40878438949585" lon="10.689674139022827">
				<ele>2494.0</ele>
				<time>2026-06-26T14:59:02Z</time>
			</trkpt>
			<trkpt lat="46.40876483917236" lon="10.689757823944092">
				<ele>2494.199951171875</ele>
				<time>2026-06-26T14:59:08Z</time>
			</trkpt>
			<trkpt lat="46.40876090526581" lon="10.689774751663208">
				<ele>2494.199951171875</ele>
				<time>2026-06-26T14:59:09Z</time>
			</trkpt>
			<trkpt lat="46.40874266624451" lon="10.689879775047302">
				<ele>2494.39990234375</ele>
				<time>2026-06-26T14:59:16Z</time>
			</trkpt>
			<trkpt lat="46.408743262290955" lon="10.68989622592926">
				<ele>2494.39990234375</ele>
				<time>2026-06-26T14:59:17Z</time>
			</trkpt>
			<trkpt lat="46.40873467922211" lon="10.68997573852539">
				<ele>2494.39990234375</ele>
				<time>2026-06-26T14:59:23Z</time>
			</trkpt>
			<trkpt lat="46.40871250629425" lon="10.690137505531311">
				<ele>2494.800048828125</ele>
				<time>2026-06-26T14:59:34Z</time>
			</trkpt>
			<trkpt lat="46.40870761871338" lon="10.690151691436768">
				<ele>2494.800048828125</ele>
				<time>2026-06-26T14:59:35Z</time>
			</trkpt>
			<trkpt lat="46.40869903564453" lon="10.69016695022583">
				<ele>2494.800048828125</ele>
				<time>2026-06-26T14:59:36Z</time>
			</trkpt>
			<trkpt lat="46.40869343280792" lon="10.690181016921997">
				<ele>2494.800048828125</ele>
				<time>2026-06-26T14:59:37Z</time>
			</trkpt>
			<trkpt lat="46.40868663787842" lon="10.690199255943298">
				<ele>2494.800048828125</ele>
				<time>2026-06-26T14:59:38Z</time>
			</trkpt>
			<trkpt lat="46.40863287448883" lon="10.690430760383606">
				<ele>2495.199951171875</ele>
				<time>2026-06-26T14:59:53Z</time>
			</trkpt>
			<trkpt lat="46.40857434272766" lon="10.690667152404785">
				<ele>2495.60009765625</ele>
				<time>2026-06-26T15:00:09Z</time>
			</trkpt>
			<trkpt lat="46.408549070358276" lon="10.690877318382263">
				<ele>2496.0</ele>
				<time>2026-06-26T15:00:23Z</time>
			</trkpt>
			<trkpt lat="46.408538818359375" lon="10.691045045852661">
				<ele>2496.39990234375</ele>
				<time>2026-06-26T15:00:35Z</time>
			</trkpt>
			<trkpt lat="46.40853667259216" lon="10.69131863117218">
				<ele>2496.800048828125</ele>
				<time>2026-06-26T15:00:53Z</time>
			</trkpt>
			<trkpt lat="46.4085351228714" lon="10.691349148750305">
				<ele>2496.800048828125</ele>
				<time>2026-06-26T15:00:55Z</time>
			</trkpt>
			<trkpt lat="46.40853250026703" lon="10.691365361213684">
				<ele>2496.800048828125</ele>
				<time>2026-06-26T15:00:56Z</time>
			</trkpt>
			<trkpt lat="46.408461809158325" lon="10.691467046737671">
				<ele>2497.199951171875</ele>
				<time>2026-06-26T15:01:10Z</time>
			</trkpt>
			<trkpt lat="46.40844964981079" lon="10.691462635993958">
				<ele>2497.199951171875</ele>
				<time>2026-06-26T15:01:11Z</time>
			</trkpt>
			<trkpt lat="46.4084210395813" lon="10.691500306129456">
				<ele>2497.199951171875</ele>
				<time>2026-06-26T15:01:15Z</time>
			</trkpt>
			<trkpt lat="46.408408641815186" lon="10.691542506217957">
				<ele>2497.199951171875</ele>
				<time>2026-06-26T15:01:18Z</time>
			</trkpt>
			<trkpt lat="46.40834903717041" lon="10.691805005073547">
				<ele>2497.60009765625</ele>
				<time>2026-06-26T15:01:36Z</time>
			</trkpt>
			<trkpt lat="46.40828561782837" lon="10.692021131515503">
				<ele>2497.60009765625</ele>
				<time>2026-06-26T15:01:51Z</time>
			</trkpt>
			<trkpt lat="46.408247232437134" lon="10.692293524742126">
				<ele>2497.39990234375</ele>
				<time>2026-06-26T15:02:08Z</time>
			</trkpt>
			<trkpt lat="46.408243060112" lon="10.692540526390076">
				<ele>2497.199951171875</ele>
				<time>2026-06-26T15:02:24Z</time>
			</trkpt>
			<trkpt lat="46.40824794769287" lon="10.692770600318909">
				<ele>2497.0</ele>
				<time>2026-06-26T15:02:41Z</time>
			</trkpt>
			<trkpt lat="46.40823483467102" lon="10.692803144454956">
				<ele>2496.800048828125</ele>
				<time>2026-06-26T15:02:44Z</time>
			</trkpt>
			<trkpt lat="46.4082270860672" lon="10.692816257476807">
				<ele>2496.800048828125</ele>
				<time>2026-06-26T15:02:45Z</time>
			</trkpt>
			<trkpt lat="46.40821659564972" lon="10.692845344543457">
				<ele>2496.800048828125</ele>
				<time>2026-06-26T15:02:50Z</time>
			</trkpt>
		</trkseg>
	</trk>
</gpx>
